2026-07-01 13:11:52 | INFO | Setting up catalog project for: https://nossaenergia.petrobras.com.br/
2026-07-01 13:11:52 | INFO | Project root: /workspace
2026-07-01 13:11:52 | INFO | Creating catalog folder: /workspace/catalog
2026-07-01 13:11:52 | INFO | Plugin root: /home/node/.excat-marketplaces/excat-marketplace/excat
2026-07-01 13:11:52 | INFO | Config file created: /workspace/catalog/.catalog-config.json
2026-07-01 13:11:52 | INFO | Log file initialized: /workspace/catalog/catalog.log
2026-07-01 13:11:52 | INFO | Session initialized: DISCOVERY
2026-07-01 13:11:52 | INFO | Catalog project setup complete
2026-07-01 13:11:52 | INFO | Catalog folder: /workspace/catalog
2026-07-01 13:11:52 | INFO | Config file: /workspace/catalog/.catalog-config.json
2026-07-01 13:11:52 | INFO | Log file: /workspace/catalog/catalog.log
2026-07-01 13:11:52 | INFO | Session: /workspace/catalog/.catalog_session (DISCOVERY)
2026-07-01 13:11:52 | INFO | Creating sample URLs...
2026-07-01 13:11:52 | INFO | Total URLs in grouped data: 190
2026-07-01 13:11:52 | INFO | Total URLs (190) <= 1000, using ALL URLs
2026-07-01 13:11:52 | INFO | Created urls-sample.json with 190 URLs
2026-07-01 13:11:52 | INFO | Validating urls-sample.json against schema...
✅ VALIDATION PASSED: urls-sample.json matches schema
2026-07-01 13:11:52 | INFO | Schema validation passed
2026-07-01 13:11:52 | INFO | Sample creation complete - urls-sample.json with 190 URLs
2026-07-01 13:11:52 | INFO | Checklist not found, looking for URLs source file...
2026-07-01 13:11:52 | INFO | Validating urls-sample.json against urls-sample.schema.json...
✅ VALIDATION PASSED: urls-sample.json matches schema
2026-07-01 13:11:52 | INFO | Creating checklist from: /workspace/catalog/urls-sample.json
2026-07-01 13:11:52 | INFO | Created urls-checklist.json with 190 URLs
2026-07-01 13:11:52 | INFO | Session state: ANALYZING
2026-07-01 13:11:52 | INFO | ================================================================================
2026-07-01 13:11:52 | INFO | BATCH ANALYSIS STARTED
2026-07-01 13:11:52 | INFO | Catalog: /workspace/catalog
2026-07-01 13:11:52 | INFO | Delay: 2000ms between requests
2026-07-01 13:11:52 | INFO | Workers: 4
2026-07-01 13:11:52 | INFO | Identity profiles: 13 available (workers cycle through them deterministically)
2026-07-01 13:11:52 | INFO | Scheduling: shared queue; each worker pulls the next pending URL as soon as it finishes.
2026-07-01 13:11:52 | INFO | Adaptive backoff: enabled (bot/WAF detection reduces active workers before aborting)
2026-07-01 13:11:52 | INFO | ================================================================================
2026-07-01 13:11:52 | INFO | Found 190 URLs to process (4 workers)
2026-07-01 13:11:52 | INFO | AGENT_RELAY: Share ETA and PROGRESS/HEARTBEAT lines with the user at least every 60 seconds.
2026-07-01 13:11:52 | INFO | Created .pages directory: /workspace/catalog/.pages
2026-07-01 13:11:52 | INFO | Pages to analyze: 190
2026-07-01 13:11:52 | INFO | Processing speed baseline: ~40 pages/minute (4 workers)
2026-07-01 13:11:52 | INFO | Estimated analysis time: ~5 min
2026-07-01 13:11:52 | INFO | Worker 0 started (profile 0: Windows)
2026-07-01 13:11:52 | INFO | Launching stealth browser...
2026-07-01 13:11:52 | INFO | [1/190] Processing: https://nossaenergia.petrobras.com.br/
2026-07-01 13:11:52 | INFO | Generated slug: nossaenergia_petrobras_com_br--6fe37d71
2026-07-01 13:11:52 | INFO | Starting analysis: https://nossaenergia.petrobras.com.br/ -> /workspace/catalog/.pages/nossaenergia_petrobras_com_br--6fe37d71
2026-07-01 13:11:52 | INFO | Loading: https://nossaenergia.petrobras.com.br/
2026-07-01 13:11:54 | INFO | Worker 1 started (profile 1: Windows)
2026-07-01 13:11:54 | INFO | Launching stealth browser...
2026-07-01 13:11:54 | INFO | [2/190] Processing: https://nossaenergia.petrobras.com.br/w/biocombustiveis-no-brasil-transicao-energetica-justa
2026-07-01 13:11:54 | INFO | Generated slug: nossaenergia_petrobras_com_br_w_biocombustiveis-no-brasil-transicao-energetica-justa--33f2d06b
2026-07-01 13:11:54 | INFO | Starting analysis: https://nossaenergia.petrobras.com.br/w/biocombustiveis-no-brasil-transicao-energetica-justa -> /workspace/catalog/.pages/nossaenergia_petrobras_com_br_w_biocombustiveis-no-brasil-transicao-energetica-justa--33f2d06b
2026-07-01 13:11:54 | INFO | Loading: https://nossaenergia.petrobras.com.br/w/biocombustiveis-no-brasil-transicao-energetica-justa
2026-07-01 13:11:55 | INFO | Worker 2 started (profile 2: Windows)
2026-07-01 13:11:55 | INFO | Launching stealth browser...
2026-07-01 13:11:55 | INFO | [3/190] Processing: https://nossaenergia.petrobras.com.br/w/cartola-feminino-mais-espa%C3%A7o-e-visibilidade-para-o-futebol-das-nossas-craques
2026-07-01 13:11:55 | INFO | Generated slug: nossaenergia_petrobras_com_br_w_cartola-feminino-mais-espa_C3_A7o-e-visibilidade-para-o-futebol-das-nossas-craques--fabb5701
2026-07-01 13:11:55 | INFO | Starting analysis: https://nossaenergia.petrobras.com.br/w/cartola-feminino-mais-espa%C3%A7o-e-visibilidade-para-o-futebol-das-nossas-craques -> /workspace/catalog/.pages/nossaenergia_petrobras_com_br_w_cartola-feminino-mais-espa_C3_A7o-e-visibilidade-para-o-futebol-das-nossas-craques--fabb5701
2026-07-01 13:11:55 | INFO | Loading: https://nossaenergia.petrobras.com.br/w/cartola-feminino-mais-espa%C3%A7o-e-visibilidade-para-o-futebol-das-nossas-craques
2026-07-01 13:11:57 | INFO | Worker 3 started (profile 3: Windows)
2026-07-01 13:11:57 | INFO | Launching stealth browser...
2026-07-01 13:11:57 | INFO | [4/190] Processing: https://nossaenergia.petrobras.com.br/w/como-minidrones-serao-aliados-em-atividades-submarinas-1
2026-07-01 13:11:57 | INFO | Generated slug: nossaenergia_petrobras_com_br_w_como-minidrones-serao-aliados-em-atividades-submarinas-1--ede1f2b2
2026-07-01 13:11:57 | INFO | Starting analysis: https://nossaenergia.petrobras.com.br/w/como-minidrones-serao-aliados-em-atividades-submarinas-1 -> /workspace/catalog/.pages/nossaenergia_petrobras_com_br_w_como-minidrones-serao-aliados-em-atividades-submarinas-1--ede1f2b2
2026-07-01 13:11:57 | INFO | Loading: https://nossaenergia.petrobras.com.br/w/como-minidrones-serao-aliados-em-atividades-submarinas-1
2026-07-01 13:12:06 | INFO | Phase 0A: Triggering lazy-loaded content...
2026-07-01 13:12:07 | INFO | Phase 0A: Triggering lazy-loaded content...
2026-07-01 13:12:07 | INFO | Phase 0A: Triggering lazy-loaded content...
2026-07-01 13:12:09 | INFO | Lazy-load scroll complete
2026-07-01 13:12:09 | INFO | Phase 0B: Cleaning up overlays...
2026-07-01 13:12:09 | INFO | Lazy-load scroll complete
2026-07-01 13:12:09 | INFO | Phase 0B: Cleaning up overlays...
2026-07-01 13:12:10 | INFO | Lazy-load scroll complete
2026-07-01 13:12:10 | INFO | Phase 0B: Cleaning up overlays...
2026-07-01 13:12:20 | INFO | Phase 0A: Triggering lazy-loaded content...
2026-07-01 13:12:22 | INFO | Lazy-load scroll complete
2026-07-01 13:12:22 | INFO | Phase 0B: Cleaning up overlays...
2026-07-01 13:12:40 | INFO | Removed 32 elements: overlay, popup
📐 Detecting header/footer for this page...
   ✅ Saved global header: div.lfr-layout-structure-item-top-menu.lfr-layout-structure-item-2f7c3dfd-cf97-2692-16e5-37c4fc17c0b1
   ✅ Saved global footer: #fragment_86435
2026-07-01 13:12:40 | INFO | Header: moderate complexity, 2 features
2026-07-01 13:12:40 | INFO | Footer: moderate complexity, 2 features
2026-07-01 13:12:40 | INFO | Phase 2: Identifying main content area...
2026-07-01 13:12:40 | INFO | Main content: #main-content
2026-07-01 13:12:41 | INFO | Removed 5 elements: overlay, popup
📐 Detecting header/footer for this page...
2026-07-01 13:12:41 | INFO | Template - Reused saved header selector on current page
2026-07-01 13:12:41 | INFO | Phase 3: Detecting blocks...
2026-07-01 13:12:41 | INFO | Template - Reused saved footer selector on current page
2026-07-01 13:12:41 | INFO | Header: moderate complexity, 2 features
2026-07-01 13:12:41 | INFO | Footer: moderate complexity, 2 features
2026-07-01 13:12:41 | INFO | Phase 2: Identifying main content area...
2026-07-01 13:12:41 | INFO | Main content: #main-content
2026-07-01 13:12:41 | INFO | Phase 4: Capturing block screenshots...
2026-07-01 13:12:41 | INFO | Phase 3: Detecting blocks...
2026-07-01 13:12:41 | INFO | Phase 4: Capturing block screenshots...
2026-07-01 13:12:41 | INFO | Removed 5 elements: overlay, popup
📐 Detecting header/footer for this page...
2026-07-01 13:12:41 | INFO | Template - Reused saved header selector on current page
2026-07-01 13:12:41 | INFO | Template - Reused saved footer selector on current page
2026-07-01 13:12:41 | INFO | Header: moderate complexity, 2 features
2026-07-01 13:12:41 | INFO | Footer: moderate complexity, 2 features
2026-07-01 13:12:41 | INFO | Phase 2: Identifying main content area...
2026-07-01 13:12:41 | INFO | Main content: #main-content
2026-07-01 13:12:41 | INFO | Phase 3: Detecting blocks...
2026-07-01 13:12:42 | WARNING | Blocks - 67% of blocks are unknown - site uses non-EDS patterns
2026-07-01 13:12:42 | INFO | Phase 4: Capturing block screenshots...
2026-07-01 13:12:42 | INFO | Captured 11 block screenshots
2026-07-01 13:12:42 | INFO | Detected 11 blocks
2026-07-01 13:12:42 | INFO | Generating fingerprints for template discovery...
2026-07-01 13:12:43 | INFO | Captured 1 block screenshots
2026-07-01 13:12:43 | INFO | Detected 1 blocks
2026-07-01 13:12:43 | INFO | Generating fingerprints for template discovery...
2026-07-01 13:12:43 | INFO | Captured 9 block screenshots
2026-07-01 13:12:43 | INFO | Detected 9 blocks
2026-07-01 13:12:43 | INFO | Generating fingerprints for template discovery...
2026-07-01 13:12:45 | INFO |    Top-section: 16 rows via title+container
2026-07-01 13:12:45 | INFO |    Body start: y=400 (start row 16 via below-title+container)
2026-07-01 13:12:45 | INFO | URL Pattern: /w/biocombustiveis-no-brasil-transicao-energetica-justa
2026-07-01 13:12:45 | INFO | Page catalog complete: /workspace/catalog/.pages/nossaenergia_petrobras_com_br_w_biocombustiveis-no-brasil-transicao-energetica-justa--33f2d06b/page-catalog.json
2026-07-01 13:12:45 | INFO | SUCCESS: https://nossaenergia.petrobras.com.br/w/biocombustiveis-no-brasil-transicao-energetica-justa
2026-07-01 13:12:45 | INFO | Created header-global metadata (selector: div.lfr-layout-structure-item-top-menu.lfr-layout-structure-item-2f7c3dfd-cf97-2692-16e5-37c4fc17c0b1)
2026-07-01 13:12:45 | INFO | Created footer-global metadata (selector: #fragment_86435)
2026-07-01 13:12:45 | INFO |    Top-section: 5 rows via title+container
2026-07-01 13:12:45 | INFO |    Body start: y=125 (start row 5 via below-title+container)
2026-07-01 13:12:45 | INFO | URL Pattern: /
2026-07-01 13:12:45 | INFO | Page catalog complete: /workspace/catalog/.pages/nossaenergia_petrobras_com_br--6fe37d71/page-catalog.json
2026-07-01 13:12:45 | INFO | SUCCESS: https://nossaenergia.petrobras.com.br/
2026-07-01 13:12:45 | INFO |    Top-section: 17 rows via title+container
2026-07-01 13:12:45 | INFO |    Body start: y=425 (start row 17 via below-title+container)
2026-07-01 13:12:45 | INFO | URL Pattern: /w/cartola-feminino-mais-espa%C3%A7o-e-visibilidade-para-o-futebol-das-nossas-craques
2026-07-01 13:12:45 | INFO | Page catalog complete: /workspace/catalog/.pages/nossaenergia_petrobras_com_br_w_cartola-feminino-mais-espa_C3_A7o-e-visibilidade-para-o-futebol-das-nossas-craques--fabb5701/page-catalog.json
2026-07-01 13:12:45 | INFO | SUCCESS: https://nossaenergia.petrobras.com.br/w/cartola-feminino-mais-espa%C3%A7o-e-visibilidade-para-o-futebol-das-nossas-craques
2026-07-01 13:12:47 | INFO | [5/190] Processing: https://nossaenergia.petrobras.com.br/w/desvende-o-que-e-inteligencia-artificial-e-seu-uso-na-petrobras-1
2026-07-01 13:12:47 | INFO | Generated slug: nossaenergia_petrobras_com_br_w_desvende-o-que-e-inteligencia-artificial-e-seu-uso-na-petrobras-1--68b7c4dd
2026-07-01 13:12:47 | INFO | Starting analysis: https://nossaenergia.petrobras.com.br/w/desvende-o-que-e-inteligencia-artificial-e-seu-uso-na-petrobras-1 -> /workspace/catalog/.pages/nossaenergia_petrobras_com_br_w_desvende-o-que-e-inteligencia-artificial-e-seu-uso-na-petrobras-1--68b7c4dd
2026-07-01 13:12:47 | INFO | Loading: https://nossaenergia.petrobras.com.br/w/desvende-o-que-e-inteligencia-artificial-e-seu-uso-na-petrobras-1
2026-07-01 13:12:47 | INFO | [6/190] Processing: https://nossaenergia.petrobras.com.br/w/nossos-cientistas-desenvolvem-robo-para-inspecoes-em-dutos-submarinos
2026-07-01 13:12:47 | INFO | Generated slug: nossaenergia_petrobras_com_br_w_nossos-cientistas-desenvolvem-robo-para-inspecoes-em-dutos-submarinos--26135e6c
2026-07-01 13:12:47 | INFO | Starting analysis: https://nossaenergia.petrobras.com.br/w/nossos-cientistas-desenvolvem-robo-para-inspecoes-em-dutos-submarinos -> /workspace/catalog/.pages/nossaenergia_petrobras_com_br_w_nossos-cientistas-desenvolvem-robo-para-inspecoes-em-dutos-submarinos--26135e6c
2026-07-01 13:12:47 | INFO | Loading: https://nossaenergia.petrobras.com.br/w/nossos-cientistas-desenvolvem-robo-para-inspecoes-em-dutos-submarinos
2026-07-01 13:12:47 | INFO | [7/190] Processing: https://nossaenergia.petrobras.com.br/w/transicao-energetica-justa-e-transicao-energetica-entenda-a-diferenca-1
2026-07-01 13:12:47 | INFO | Generated slug: nossaenergia_petrobras_com_br_w_transicao-energetica-justa-e-transicao-energetica-entenda-a-diferenca-1--64b7cce2
2026-07-01 13:12:47 | INFO | Starting analysis: https://nossaenergia.petrobras.com.br/w/transicao-energetica-justa-e-transicao-energetica-entenda-a-diferenca-1 -> /workspace/catalog/.pages/nossaenergia_petrobras_com_br_w_transicao-energetica-justa-e-transicao-energetica-entenda-a-diferenca-1--64b7cce2
2026-07-01 13:12:47 | INFO | Loading: https://nossaenergia.petrobras.com.br/w/transicao-energetica-justa-e-transicao-energetica-entenda-a-diferenca-1
2026-07-01 13:12:51 | INFO | Phase 0A: Triggering lazy-loaded content...
2026-07-01 13:12:51 | INFO | Phase 0A: Triggering lazy-loaded content...
2026-07-01 13:12:51 | INFO | Phase 0A: Triggering lazy-loaded content...
2026-07-01 13:12:53 | INFO | Lazy-load scroll complete
2026-07-01 13:12:53 | INFO | Phase 0B: Cleaning up overlays...
2026-07-01 13:12:53 | INFO | Lazy-load scroll complete
2026-07-01 13:12:53 | INFO | Phase 0B: Cleaning up overlays...
2026-07-01 13:12:55 | INFO | Lazy-load scroll complete
2026-07-01 13:12:55 | INFO | Phase 0B: Cleaning up overlays...
2026-07-01 13:13:23 | INFO | Removed 5 elements: overlay, popup
📐 Detecting header/footer for this page...
2026-07-01 13:13:23 | INFO | Template - Reused saved header selector on current page
2026-07-01 13:13:23 | INFO | Template - Reused saved footer selector on current page
2026-07-01 13:13:23 | INFO | Header: moderate complexity, 2 features
2026-07-01 13:13:23 | INFO | Footer: moderate complexity, 2 features
2026-07-01 13:13:23 | INFO | Phase 2: Identifying main content area...
2026-07-01 13:13:23 | INFO | Main content: #main-content
2026-07-01 13:13:23 | INFO | Phase 3: Detecting blocks...
2026-07-01 13:13:23 | WARNING | Blocks - 50% of blocks are unknown - site uses non-EDS patterns
2026-07-01 13:13:23 | INFO | Phase 4: Capturing block screenshots...
2026-07-01 13:13:24 | INFO | Captured 6 block screenshots
2026-07-01 13:13:24 | INFO | Detected 6 blocks
2026-07-01 13:13:24 | INFO | Generating fingerprints for template discovery...
2026-07-01 13:13:27 | INFO |    Top-section: 17 rows via title+container
2026-07-01 13:13:27 | INFO |    Body start: y=404 (start row 16 via below-title+container)
2026-07-01 13:13:27 | INFO | URL Pattern: /w/como-minidrones-serao-aliados-em-atividades-submarinas-1
2026-07-01 13:13:27 | INFO | Page catalog complete: /workspace/catalog/.pages/nossaenergia_petrobras_com_br_w_como-minidrones-serao-aliados-em-atividades-submarinas-1--ede1f2b2/page-catalog.json
2026-07-01 13:13:27 | INFO | SUCCESS: https://nossaenergia.petrobras.com.br/w/como-minidrones-serao-aliados-em-atividades-submarinas-1
2026-07-01 13:13:29 | INFO | [8/190] Processing: https://nossaenergia.petrobras.com.br/w/inovacao/10-filmes-sobre-tecnologia-e-inovacao
2026-07-01 13:13:29 | INFO | Generated slug: nossaenergia_petrobras_com_br_w_inovacao_10-filmes-sobre-tecnologia-e-inovacao--d4b38c62
2026-07-01 13:13:29 | INFO | Starting analysis: https://nossaenergia.petrobras.com.br/w/inovacao/10-filmes-sobre-tecnologia-e-inovacao -> /workspace/catalog/.pages/nossaenergia_petrobras_com_br_w_inovacao_10-filmes-sobre-tecnologia-e-inovacao--d4b38c62
2026-07-01 13:13:29 | INFO | Loading: https://nossaenergia.petrobras.com.br/w/inovacao/10-filmes-sobre-tecnologia-e-inovacao
2026-07-01 13:13:33 | INFO | Phase 0A: Triggering lazy-loaded content...
2026-07-01 13:13:35 | INFO | Lazy-load scroll complete
2026-07-01 13:13:35 | INFO | Phase 0B: Cleaning up overlays...
2026-07-01 13:13:54 | INFO | Removed 5 elements: overlay, popup
📐 Detecting header/footer for this page...
2026-07-01 13:13:54 | INFO | Template - Reused saved header selector on current page
2026-07-01 13:13:54 | INFO | Template - Reused saved footer selector on current page
2026-07-01 13:13:54 | INFO | Header: moderate complexity, 2 features
2026-07-01 13:13:54 | INFO | Footer: moderate complexity, 2 features
2026-07-01 13:13:54 | INFO | Phase 2: Identifying main content area...
2026-07-01 13:13:54 | INFO | Main content: #main-content
2026-07-01 13:13:54 | INFO | Removed 5 elements: overlay, popup
📐 Detecting header/footer for this page...
2026-07-01 13:13:54 | INFO | Template - Reused saved header selector on current page
2026-07-01 13:13:54 | INFO | Template - Reused saved footer selector on current page
2026-07-01 13:13:54 | INFO | Header: moderate complexity, 2 features
2026-07-01 13:13:54 | INFO | Footer: moderate complexity, 2 features
2026-07-01 13:13:54 | INFO | Phase 2: Identifying main content area...
2026-07-01 13:13:54 | INFO | Main content: #main-content
2026-07-01 13:13:54 | INFO | Phase 3: Detecting blocks...
2026-07-01 13:13:54 | WARNING | Blocks - 63% of blocks are unknown - site uses non-EDS patterns
2026-07-01 13:13:54 | INFO | Phase 4: Capturing block screenshots...
2026-07-01 13:13:54 | INFO | Phase 3: Detecting blocks...
2026-07-01 13:13:54 | WARNING | Blocks - 57% of blocks are unknown - site uses non-EDS patterns
2026-07-01 13:13:54 | INFO | Phase 4: Capturing block screenshots...
2026-07-01 13:13:55 | INFO | Captured 7 block screenshots
2026-07-01 13:13:55 | INFO | Detected 7 blocks
2026-07-01 13:13:55 | INFO | Generating fingerprints for template discovery...
2026-07-01 13:13:55 | INFO | Captured 8 block screenshots
2026-07-01 13:13:55 | INFO | Detected 8 blocks
2026-07-01 13:13:55 | INFO | Generating fingerprints for template discovery...
2026-07-01 13:13:56 | INFO | Removed 5 elements: overlay, popup
📐 Detecting header/footer for this page...
2026-07-01 13:13:56 | INFO | Template - Reused saved header selector on current page
2026-07-01 13:13:56 | INFO | Template - Reused saved footer selector on current page
2026-07-01 13:13:56 | INFO | Header: moderate complexity, 2 features
2026-07-01 13:13:56 | INFO | Footer: moderate complexity, 2 features
2026-07-01 13:13:56 | INFO | Phase 2: Identifying main content area...
2026-07-01 13:13:56 | INFO | Main content: #main-content
2026-07-01 13:13:56 | INFO | Phase 3: Detecting blocks...
2026-07-01 13:13:56 | INFO | Phase 4: Capturing block screenshots...
2026-07-01 13:13:58 | INFO | Captured 10 block screenshots
2026-07-01 13:13:58 | INFO | Detected 10 blocks
2026-07-01 13:13:58 | INFO | Generating fingerprints for template discovery...
2026-07-01 13:13:58 | INFO |    Top-section: 16 rows via title+container
2026-07-01 13:13:58 | INFO |    Body start: y=400 (start row 16 via below-title+container)
2026-07-01 13:13:58 | INFO | URL Pattern: /w/nossos-cientistas-desenvolvem-robo-para-inspecoes-em-dutos-submarinos
2026-07-01 13:13:58 | INFO | Page catalog complete: /workspace/catalog/.pages/nossaenergia_petrobras_com_br_w_nossos-cientistas-desenvolvem-robo-para-inspecoes-em-dutos-submarinos--26135e6c/page-catalog.json
2026-07-01 13:13:58 | INFO | SUCCESS: https://nossaenergia.petrobras.com.br/w/nossos-cientistas-desenvolvem-robo-para-inspecoes-em-dutos-submarinos
2026-07-01 13:13:58 | INFO | PROGRESS: 5/190 analyzed (3% checklist complete) | 5 ok, 0 failed, 0 skipped | ~78 min remaining
2026-07-01 13:13:58 | INFO |    Top-section: 16 rows via title+container
2026-07-01 13:13:58 | INFO |    Body start: y=400 (start row 16 via below-title+container)
2026-07-01 13:13:58 | INFO | URL Pattern: /w/desvende-o-que-e-inteligencia-artificial-e-seu-uso-na-petrobras-1
2026-07-01 13:13:58 | INFO | Page catalog complete: /workspace/catalog/.pages/nossaenergia_petrobras_com_br_w_desvende-o-que-e-inteligencia-artificial-e-seu-uso-na-petrobras-1--68b7c4dd/page-catalog.json
2026-07-01 13:13:58 | INFO | SUCCESS: https://nossaenergia.petrobras.com.br/w/desvende-o-que-e-inteligencia-artificial-e-seu-uso-na-petrobras-1
2026-07-01 13:14:00 | INFO | [9/190] Processing: https://nossaenergia.petrobras.com.br/w/inovacao/10-tipos-de-robos-usados-pela-petrobras
2026-07-01 13:14:00 | INFO | Generated slug: nossaenergia_petrobras_com_br_w_inovacao_10-tipos-de-robos-usados-pela-petrobras--a3567a5a
2026-07-01 13:14:00 | INFO | Starting analysis: https://nossaenergia.petrobras.com.br/w/inovacao/10-tipos-de-robos-usados-pela-petrobras -> /workspace/catalog/.pages/nossaenergia_petrobras_com_br_w_inovacao_10-tipos-de-robos-usados-pela-petrobras--a3567a5a
2026-07-01 13:14:00 | INFO | Loading: https://nossaenergia.petrobras.com.br/w/inovacao/10-tipos-de-robos-usados-pela-petrobras
2026-07-01 13:14:00 | INFO | [10/190] Processing: https://nossaenergia.petrobras.com.br/w/inovacao/6-tecnologias-inovadoras-para-produzir-petroleo
2026-07-01 13:14:00 | INFO | Generated slug: nossaenergia_petrobras_com_br_w_inovacao_6-tecnologias-inovadoras-para-produzir-petroleo--56339661
2026-07-01 13:14:00 | INFO | Starting analysis: https://nossaenergia.petrobras.com.br/w/inovacao/6-tecnologias-inovadoras-para-produzir-petroleo -> /workspace/catalog/.pages/nossaenergia_petrobras_com_br_w_inovacao_6-tecnologias-inovadoras-para-produzir-petroleo--56339661
2026-07-01 13:14:00 | INFO | Loading: https://nossaenergia.petrobras.com.br/w/inovacao/6-tecnologias-inovadoras-para-produzir-petroleo
2026-07-01 13:14:00 | INFO |    Top-section: 16 rows via title+container
2026-07-01 13:14:00 | INFO |    Body start: y=400 (start row 16 via below-title+container)
2026-07-01 13:14:00 | INFO | URL Pattern: /w/transicao-energetica-justa-e-transicao-energetica-entenda-a-diferenca-1
2026-07-01 13:14:00 | INFO | Page catalog complete: /workspace/catalog/.pages/nossaenergia_petrobras_com_br_w_transicao-energetica-justa-e-transicao-energetica-entenda-a-diferenca-1--64b7cce2/page-catalog.json
2026-07-01 13:14:00 | INFO | SUCCESS: https://nossaenergia.petrobras.com.br/w/transicao-energetica-justa-e-transicao-energetica-entenda-a-diferenca-1
2026-07-01 13:14:02 | INFO | [11/190] Processing: https://nossaenergia.petrobras.com.br/w/inovacao/7-tipos-de-robos-que-nos-temos-e-voce-precisa-conhecer
2026-07-01 13:14:02 | INFO | Generated slug: nossaenergia_petrobras_com_br_w_inovacao_7-tipos-de-robos-que-nos-temos-e-voce-precisa-conhecer--e6a94006
2026-07-01 13:14:02 | INFO | Starting analysis: https://nossaenergia.petrobras.com.br/w/inovacao/7-tipos-de-robos-que-nos-temos-e-voce-precisa-conhecer -> /workspace/catalog/.pages/nossaenergia_petrobras_com_br_w_inovacao_7-tipos-de-robos-que-nos-temos-e-voce-precisa-conhecer--e6a94006
2026-07-01 13:14:02 | INFO | Loading: https://nossaenergia.petrobras.com.br/w/inovacao/7-tipos-de-robos-que-nos-temos-e-voce-precisa-conhecer
2026-07-01 13:14:05 | INFO | Phase 0A: Triggering lazy-loaded content...
2026-07-01 13:14:07 | INFO | Phase 0A: Triggering lazy-loaded content...
2026-07-01 13:14:07 | INFO | Lazy-load scroll complete
2026-07-01 13:14:07 | INFO | Phase 0B: Cleaning up overlays...
2026-07-01 13:14:08 | INFO | Phase 0A: Triggering lazy-loaded content...
2026-07-01 13:14:10 | INFO | Lazy-load scroll complete
2026-07-01 13:14:10 | INFO | Phase 0B: Cleaning up overlays...
2026-07-01 13:14:10 | INFO | Lazy-load scroll complete
2026-07-01 13:14:10 | INFO | Phase 0B: Cleaning up overlays...
2026-07-01 13:14:36 | INFO | Removed 5 elements: overlay, popup
📐 Detecting header/footer for this page...
2026-07-01 13:14:36 | INFO | Template - Reused saved header selector on current page
2026-07-01 13:14:36 | INFO | Template - Reused saved footer selector on current page
2026-07-01 13:14:36 | INFO | Header: moderate complexity, 2 features
2026-07-01 13:14:36 | INFO | Footer: moderate complexity, 2 features
2026-07-01 13:14:36 | INFO | Phase 2: Identifying main content area...
2026-07-01 13:14:36 | INFO | Main content: #main-content
2026-07-01 13:14:36 | INFO | Phase 3: Detecting blocks...
2026-07-01 13:14:36 | WARNING | Blocks - 57% of blocks are unknown - site uses non-EDS patterns
2026-07-01 13:14:36 | INFO | Phase 4: Capturing block screenshots...
2026-07-01 13:14:37 | INFO | Captured 7 block screenshots
2026-07-01 13:14:37 | INFO | Detected 7 blocks
2026-07-01 13:14:37 | INFO | Generating fingerprints for template discovery...
2026-07-01 13:14:40 | INFO |    Top-section: 14 rows via title+container
2026-07-01 13:14:40 | INFO |    Body start: y=350 (start row 14 via below-title+container)
2026-07-01 13:14:40 | INFO | URL Pattern: /w/inovacao/10-filmes-sobre-tecnologia-e-inovacao
2026-07-01 13:14:40 | INFO | Page catalog complete: /workspace/catalog/.pages/nossaenergia_petrobras_com_br_w_inovacao_10-filmes-sobre-tecnologia-e-inovacao--d4b38c62/page-catalog.json
2026-07-01 13:14:40 | INFO | SUCCESS: https://nossaenergia.petrobras.com.br/w/inovacao/10-filmes-sobre-tecnologia-e-inovacao
2026-07-01 13:14:42 | INFO | [12/190] Processing: https://nossaenergia.petrobras.com.br/w/inovacao/como-a-robotica-esta-moldando-o-nosso-futuro
2026-07-01 13:14:42 | INFO | Generated slug: nossaenergia_petrobras_com_br_w_inovacao_como-a-robotica-esta-moldando-o-nosso-futuro--5dfe873d
2026-07-01 13:14:42 | INFO | Starting analysis: https://nossaenergia.petrobras.com.br/w/inovacao/como-a-robotica-esta-moldando-o-nosso-futuro -> /workspace/catalog/.pages/nossaenergia_petrobras_com_br_w_inovacao_como-a-robotica-esta-moldando-o-nosso-futuro--5dfe873d
2026-07-01 13:14:42 | INFO | Loading: https://nossaenergia.petrobras.com.br/w/inovacao/como-a-robotica-esta-moldando-o-nosso-futuro
2026-07-01 13:14:46 | INFO | Phase 0A: Triggering lazy-loaded content...
2026-07-01 13:14:49 | INFO | Lazy-load scroll complete
2026-07-01 13:14:49 | INFO | Phase 0B: Cleaning up overlays...
2026-07-01 13:15:09 | INFO | Removed 5 elements: overlay, popup
📐 Detecting header/footer for this page...
2026-07-01 13:15:09 | INFO | Template - Reused saved header selector on current page
2026-07-01 13:15:09 | INFO | Template - Reused saved footer selector on current page
2026-07-01 13:15:09 | INFO | Header: moderate complexity, 2 features
2026-07-01 13:15:09 | INFO | Footer: moderate complexity, 2 features
2026-07-01 13:15:09 | INFO | Phase 2: Identifying main content area...
2026-07-01 13:15:09 | INFO | Main content: #main-content
2026-07-01 13:15:09 | INFO | Phase 3: Detecting blocks...
2026-07-01 13:15:09 | WARNING | Blocks - 50% of blocks are unknown - site uses non-EDS patterns
2026-07-01 13:15:09 | INFO | Phase 4: Capturing block screenshots...
2026-07-01 13:15:10 | INFO | Captured 10 block screenshots
2026-07-01 13:15:10 | INFO | Detected 10 blocks
2026-07-01 13:15:10 | INFO | Generating fingerprints for template discovery...
2026-07-01 13:15:11 | INFO | Removed 5 elements: overlay, popup
📐 Detecting header/footer for this page...
2026-07-01 13:15:11 | INFO | Template - Reused saved header selector on current page
2026-07-01 13:15:11 | INFO | Template - Reused saved footer selector on current page
2026-07-01 13:15:11 | INFO | Header: moderate complexity, 2 features
2026-07-01 13:15:11 | INFO | Footer: moderate complexity, 2 features
2026-07-01 13:15:11 | INFO | Phase 2: Identifying main content area...
2026-07-01 13:15:11 | INFO | Main content: #main-content
2026-07-01 13:15:11 | INFO | Phase 3: Detecting blocks...
2026-07-01 13:15:11 | WARNING | Blocks - 60% of blocks are unknown - site uses non-EDS patterns
2026-07-01 13:15:11 | INFO | Phase 4: Capturing block screenshots...
2026-07-01 13:15:12 | INFO | Removed 5 elements: overlay, popup
📐 Detecting header/footer for this page...
2026-07-01 13:15:12 | INFO | Template - Reused saved header selector on current page
2026-07-01 13:15:12 | INFO | Template - Reused saved footer selector on current page
2026-07-01 13:15:12 | INFO | Header: moderate complexity, 2 features
2026-07-01 13:15:12 | INFO | Footer: moderate complexity, 2 features
2026-07-01 13:15:12 | INFO | Phase 2: Identifying main content area...
2026-07-01 13:15:12 | INFO | Main content: #main-content
2026-07-01 13:15:12 | INFO | Phase 3: Detecting blocks...
2026-07-01 13:15:12 | WARNING | Blocks - 50% of blocks are unknown - site uses non-EDS patterns
2026-07-01 13:15:12 | INFO | Phase 4: Capturing block screenshots...
2026-07-01 13:15:13 | INFO | Captured 10 block screenshots
2026-07-01 13:15:13 | INFO | Detected 10 blocks
2026-07-01 13:15:13 | INFO | Generating fingerprints for template discovery...
2026-07-01 13:15:13 | INFO |    Top-section: 16 rows via title+container
2026-07-01 13:15:13 | INFO |    Body start: y=400 (start row 16 via below-title+container)
2026-07-01 13:15:13 | INFO | URL Pattern: /w/inovacao/10-tipos-de-robos-usados-pela-petrobras
2026-07-01 13:15:13 | INFO | Page catalog complete: /workspace/catalog/.pages/nossaenergia_petrobras_com_br_w_inovacao_10-tipos-de-robos-usados-pela-petrobras--a3567a5a/page-catalog.json
2026-07-01 13:15:13 | INFO | SUCCESS: https://nossaenergia.petrobras.com.br/w/inovacao/10-tipos-de-robos-usados-pela-petrobras
2026-07-01 13:15:13 | INFO | Captured 10 block screenshots
2026-07-01 13:15:13 | INFO | Detected 10 blocks
2026-07-01 13:15:13 | INFO | Generating fingerprints for template discovery...
2026-07-01 13:15:15 | INFO | [13/190] Processing: https://nossaenergia.petrobras.com.br/w/inovacao/como-minidrones-serao-aliados-em-atividades-submarinas
2026-07-01 13:15:15 | INFO | Generated slug: nossaenergia_petrobras_com_br_w_inovacao_como-minidrones-serao-aliados-em-atividades-submarinas--7d3cdb05
2026-07-01 13:15:15 | INFO | Starting analysis: https://nossaenergia.petrobras.com.br/w/inovacao/como-minidrones-serao-aliados-em-atividades-submarinas -> /workspace/catalog/.pages/nossaenergia_petrobras_com_br_w_inovacao_como-minidrones-serao-aliados-em-atividades-submarinas--7d3cdb05
2026-07-01 13:15:15 | INFO | Loading: https://nossaenergia.petrobras.com.br/w/inovacao/como-minidrones-serao-aliados-em-atividades-submarinas
2026-07-01 13:15:15 | INFO |    Top-section: 17 rows via title+container
2026-07-01 13:15:15 | INFO |    Body start: y=425 (start row 17 via below-title+container)
2026-07-01 13:15:15 | INFO | URL Pattern: /w/inovacao/6-tecnologias-inovadoras-para-produzir-petroleo
2026-07-01 13:15:15 | INFO | Page catalog complete: /workspace/catalog/.pages/nossaenergia_petrobras_com_br_w_inovacao_6-tecnologias-inovadoras-para-produzir-petroleo--56339661/page-catalog.json
2026-07-01 13:15:15 | INFO | SUCCESS: https://nossaenergia.petrobras.com.br/w/inovacao/6-tecnologias-inovadoras-para-produzir-petroleo
2026-07-01 13:15:15 | INFO | PROGRESS: 10/190 analyzed (5% checklist complete) | 10 ok, 0 failed, 0 skipped | ~61 min remaining
2026-07-01 13:15:16 | INFO |    Top-section: 16 rows via title+container
2026-07-01 13:15:16 | INFO |    Body start: y=400 (start row 16 via below-title+container)
2026-07-01 13:15:16 | INFO | URL Pattern: /w/inovacao/7-tipos-de-robos-que-nos-temos-e-voce-precisa-conhecer
2026-07-01 13:15:16 | INFO | Page catalog complete: /workspace/catalog/.pages/nossaenergia_petrobras_com_br_w_inovacao_7-tipos-de-robos-que-nos-temos-e-voce-precisa-conhecer--e6a94006/page-catalog.json
2026-07-01 13:15:16 | INFO | SUCCESS: https://nossaenergia.petrobras.com.br/w/inovacao/7-tipos-de-robos-que-nos-temos-e-voce-precisa-conhecer
2026-07-01 13:15:17 | INFO | [14/190] Processing: https://nossaenergia.petrobras.com.br/w/inovacao/conheca-a-1-operacao-submarina-100-remota-nas-americas
2026-07-01 13:15:17 | INFO | Generated slug: nossaenergia_petrobras_com_br_w_inovacao_conheca-a-1-operacao-submarina-100-remota-nas-americas--fe123e0d
2026-07-01 13:15:17 | INFO | Starting analysis: https://nossaenergia.petrobras.com.br/w/inovacao/conheca-a-1-operacao-submarina-100-remota-nas-americas -> /workspace/catalog/.pages/nossaenergia_petrobras_com_br_w_inovacao_conheca-a-1-operacao-submarina-100-remota-nas-americas--fe123e0d
2026-07-01 13:15:17 | INFO | Loading: https://nossaenergia.petrobras.com.br/w/inovacao/conheca-a-1-operacao-submarina-100-remota-nas-americas
2026-07-01 13:15:18 | INFO | [15/190] Processing: https://nossaenergia.petrobras.com.br/w/inovacao/conheca-seis-equipamentos-submarinos-da-petrobras-o-que-sao-e-para-que-servem
2026-07-01 13:15:18 | INFO | Generated slug: nossaenergia_petrobras_com_br_w_inovacao_conheca-seis-equipamentos-submarinos-da-petrobras-o-que-sao-e-para-que-servem--a3989ffb
2026-07-01 13:15:18 | INFO | Starting analysis: https://nossaenergia.petrobras.com.br/w/inovacao/conheca-seis-equipamentos-submarinos-da-petrobras-o-que-sao-e-para-que-servem -> /workspace/catalog/.pages/nossaenergia_petrobras_com_br_w_inovacao_conheca-seis-equipamentos-submarinos-da-petrobras-o-que-sao-e-para-que-servem--a3989ffb
2026-07-01 13:15:18 | INFO | Loading: https://nossaenergia.petrobras.com.br/w/inovacao/conheca-seis-equipamentos-submarinos-da-petrobras-o-que-sao-e-para-que-servem
2026-07-01 13:15:18 | INFO | Phase 0A: Triggering lazy-loaded content...
2026-07-01 13:15:20 | INFO | Lazy-load scroll complete
2026-07-01 13:15:20 | INFO | Phase 0B: Cleaning up overlays...
2026-07-01 13:15:21 | INFO | Phase 0A: Triggering lazy-loaded content...
2026-07-01 13:15:22 | INFO | Phase 0A: Triggering lazy-loaded content...
2026-07-01 13:15:23 | INFO | Lazy-load scroll complete
2026-07-01 13:15:23 | INFO | Phase 0B: Cleaning up overlays...
2026-07-01 13:15:25 | INFO | Lazy-load scroll complete
2026-07-01 13:15:25 | INFO | Phase 0B: Cleaning up overlays...
2026-07-01 13:15:50 | INFO | Removed 5 elements: overlay, popup
📐 Detecting header/footer for this page...
2026-07-01 13:15:50 | INFO | Template - Reused saved header selector on current page
2026-07-01 13:15:50 | INFO | Template - Reused saved footer selector on current page
2026-07-01 13:15:50 | INFO | Header: moderate complexity, 2 features
2026-07-01 13:15:50 | INFO | Footer: moderate complexity, 2 features
2026-07-01 13:15:50 | INFO | Phase 2: Identifying main content area...
2026-07-01 13:15:50 | INFO | Main content: #main-content
2026-07-01 13:15:50 | INFO | Phase 3: Detecting blocks...
2026-07-01 13:15:50 | WARNING | Blocks - 63% of blocks are unknown - site uses non-EDS patterns
2026-07-01 13:15:50 | INFO | Phase 4: Capturing block screenshots...
2026-07-01 13:15:51 | INFO | Captured 8 block screenshots
2026-07-01 13:15:51 | INFO | Detected 8 blocks
2026-07-01 13:15:51 | INFO | Generating fingerprints for template discovery...
2026-07-01 13:15:54 | INFO |    Top-section: 14 rows via title+container
2026-07-01 13:15:54 | INFO |    Body start: y=350 (start row 14 via below-title+container)
2026-07-01 13:15:54 | INFO | URL Pattern: /w/inovacao/como-a-robotica-esta-moldando-o-nosso-futuro
2026-07-01 13:15:54 | INFO | Page catalog complete: /workspace/catalog/.pages/nossaenergia_petrobras_com_br_w_inovacao_como-a-robotica-esta-moldando-o-nosso-futuro--5dfe873d/page-catalog.json
2026-07-01 13:15:54 | INFO | SUCCESS: https://nossaenergia.petrobras.com.br/w/inovacao/como-a-robotica-esta-moldando-o-nosso-futuro
2026-07-01 13:15:56 | INFO | [16/190] Processing: https://nossaenergia.petrobras.com.br/w/inovacao/cooperacao-e-inovacao-nunca-saem-de-moda
2026-07-01 13:15:56 | INFO | Generated slug: nossaenergia_petrobras_com_br_w_inovacao_cooperacao-e-inovacao-nunca-saem-de-moda--a28787f7
2026-07-01 13:15:56 | INFO | Starting analysis: https://nossaenergia.petrobras.com.br/w/inovacao/cooperacao-e-inovacao-nunca-saem-de-moda -> /workspace/catalog/.pages/nossaenergia_petrobras_com_br_w_inovacao_cooperacao-e-inovacao-nunca-saem-de-moda--a28787f7
2026-07-01 13:15:56 | INFO | Loading: https://nossaenergia.petrobras.com.br/w/inovacao/cooperacao-e-inovacao-nunca-saem-de-moda
2026-07-01 13:16:00 | INFO | Phase 0A: Triggering lazy-loaded content...
2026-07-01 13:16:02 | INFO | Lazy-load scroll complete
2026-07-01 13:16:02 | INFO | Phase 0B: Cleaning up overlays...
2026-07-01 13:16:22 | INFO | Removed 5 elements: overlay, popup
📐 Detecting header/footer for this page...
2026-07-01 13:16:22 | INFO | Template - Reused saved header selector on current page
2026-07-01 13:16:22 | INFO | Template - Reused saved footer selector on current page
2026-07-01 13:16:22 | INFO | Header: moderate complexity, 2 features
2026-07-01 13:16:22 | INFO | Footer: moderate complexity, 2 features
2026-07-01 13:16:22 | INFO | Phase 2: Identifying main content area...
2026-07-01 13:16:22 | INFO | Main content: #main-content
2026-07-01 13:16:22 | INFO | Phase 3: Detecting blocks...
2026-07-01 13:16:22 | WARNING | Blocks - 50% of blocks are unknown - site uses non-EDS patterns
2026-07-01 13:16:22 | INFO | Phase 4: Capturing block screenshots...
2026-07-01 13:16:23 | INFO | Captured 6 block screenshots
2026-07-01 13:16:23 | INFO | Detected 6 blocks
2026-07-01 13:16:23 | INFO | Generating fingerprints for template discovery...
2026-07-01 13:16:24 | INFO | Removed 5 elements: overlay, popup
📐 Detecting header/footer for this page...
2026-07-01 13:16:24 | INFO | Template - Reused saved header selector on current page
2026-07-01 13:16:24 | INFO | Template - Reused saved footer selector on current page
2026-07-01 13:16:24 | INFO | Header: moderate complexity, 2 features
2026-07-01 13:16:24 | INFO | Footer: moderate complexity, 2 features
2026-07-01 13:16:24 | INFO | Phase 2: Identifying main content area...
2026-07-01 13:16:24 | INFO | Main content: #main-content
2026-07-01 13:16:24 | INFO | Phase 3: Detecting blocks...
2026-07-01 13:16:24 | WARNING | Blocks - 67% of blocks are unknown - site uses non-EDS patterns
2026-07-01 13:16:24 | INFO | Phase 4: Capturing block screenshots...
2026-07-01 13:16:25 | INFO |    Top-section: 17 rows via title+container
2026-07-01 13:16:25 | INFO |    Body start: y=404 (start row 16 via below-title+container)
2026-07-01 13:16:25 | INFO | URL Pattern: /w/inovacao/como-minidrones-serao-aliados-em-atividades-submarinas
2026-07-01 13:16:25 | INFO | Page catalog complete: /workspace/catalog/.pages/nossaenergia_petrobras_com_br_w_inovacao_como-minidrones-serao-aliados-em-atividades-submarinas--7d3cdb05/page-catalog.json
2026-07-01 13:16:25 | INFO | SUCCESS: https://nossaenergia.petrobras.com.br/w/inovacao/como-minidrones-serao-aliados-em-atividades-submarinas
2026-07-01 13:16:26 | INFO | Captured 9 block screenshots
2026-07-01 13:16:26 | INFO | Detected 9 blocks
2026-07-01 13:16:26 | INFO | Generating fingerprints for template discovery...
2026-07-01 13:16:26 | INFO | Removed 5 elements: overlay, popup
📐 Detecting header/footer for this page...
2026-07-01 13:16:26 | INFO | Template - Reused saved header selector on current page
2026-07-01 13:16:26 | INFO | Template - Reused saved footer selector on current page
2026-07-01 13:16:26 | INFO | Header: moderate complexity, 2 features
2026-07-01 13:16:26 | INFO | Footer: moderate complexity, 2 features
2026-07-01 13:16:26 | INFO | Phase 2: Identifying main content area...
2026-07-01 13:16:26 | INFO | Main content: #main-content
2026-07-01 13:16:26 | INFO | Phase 3: Detecting blocks...
2026-07-01 13:16:27 | WARNING | Blocks - 77% of blocks are unknown - site uses non-EDS patterns
2026-07-01 13:16:27 | INFO | Phase 4: Capturing block screenshots...
2026-07-01 13:16:27 | INFO | [17/190] Processing: https://nossaenergia.petrobras.com.br/w/inovacao/desvende-o-que-e-inteligencia-artificial-e-seu-uso-na-petrobras-1
2026-07-01 13:16:27 | INFO | Generated slug: nossaenergia_petrobras_com_br_w_inovacao_desvende-o-que-e-inteligencia-artificial-e-seu-uso-na-petrobras-1--015b14c3
2026-07-01 13:16:27 | INFO | Starting analysis: https://nossaenergia.petrobras.com.br/w/inovacao/desvende-o-que-e-inteligencia-artificial-e-seu-uso-na-petrobras-1 -> /workspace/catalog/.pages/nossaenergia_petrobras_com_br_w_inovacao_desvende-o-que-e-inteligencia-artificial-e-seu-uso-na-petrobras-1--015b14c3
2026-07-01 13:16:27 | INFO | Loading: https://nossaenergia.petrobras.com.br/w/inovacao/desvende-o-que-e-inteligencia-artificial-e-seu-uso-na-petrobras-1
2026-07-01 13:16:28 | INFO |    Top-section: 16 rows via title+container
2026-07-01 13:16:28 | INFO |    Body start: y=400 (start row 16 via below-title+container)
2026-07-01 13:16:28 | INFO | URL Pattern: /w/inovacao/conheca-a-1-operacao-submarina-100-remota-nas-americas
2026-07-01 13:16:28 | INFO | Page catalog complete: /workspace/catalog/.pages/nossaenergia_petrobras_com_br_w_inovacao_conheca-a-1-operacao-submarina-100-remota-nas-americas--fe123e0d/page-catalog.json
2026-07-01 13:16:28 | INFO | SUCCESS: https://nossaenergia.petrobras.com.br/w/inovacao/conheca-a-1-operacao-submarina-100-remota-nas-americas
2026-07-01 13:16:28 | INFO | Captured 13 block screenshots
2026-07-01 13:16:28 | INFO | Detected 13 blocks
2026-07-01 13:16:28 | INFO | Generating fingerprints for template discovery...
2026-07-01 13:16:30 | INFO | [18/190] Processing: https://nossaenergia.petrobras.com.br/w/inovacao/digital-twins-na-petrobras-impulsionam-eficiencia-operacional-1-1
2026-07-01 13:16:30 | INFO | Generated slug: nossaenergia_petrobras_com_br_w_inovacao_digital-twins-na-petrobras-impulsionam-eficiencia-operacional-1-1--659d421e
2026-07-01 13:16:30 | INFO | Starting analysis: https://nossaenergia.petrobras.com.br/w/inovacao/digital-twins-na-petrobras-impulsionam-eficiencia-operacional-1-1 -> /workspace/catalog/.pages/nossaenergia_petrobras_com_br_w_inovacao_digital-twins-na-petrobras-impulsionam-eficiencia-operacional-1-1--659d421e
2026-07-01 13:16:30 | INFO | Loading: https://nossaenergia.petrobras.com.br/w/inovacao/digital-twins-na-petrobras-impulsionam-eficiencia-operacional-1-1
2026-07-01 13:16:31 | INFO |    Top-section: 17 rows via title+container
2026-07-01 13:16:31 | INFO |    Body start: y=404 (start row 16 via below-title+container)
2026-07-01 13:16:31 | INFO | URL Pattern: /w/inovacao/conheca-seis-equipamentos-submarinos-da-petrobras-o-que-sao-e-para-que-servem
2026-07-01 13:16:31 | INFO | Page catalog complete: /workspace/catalog/.pages/nossaenergia_petrobras_com_br_w_inovacao_conheca-seis-equipamentos-submarinos-da-petrobras-o-que-sao-e-para-que-servem--a3989ffb/page-catalog.json
2026-07-01 13:16:31 | INFO | SUCCESS: https://nossaenergia.petrobras.com.br/w/inovacao/conheca-seis-equipamentos-submarinos-da-petrobras-o-que-sao-e-para-que-servem
2026-07-01 13:16:31 | INFO | PROGRESS: 15/190 analyzed (8% checklist complete) | 15 ok, 0 failed, 0 skipped | ~55 min remaining
2026-07-01 13:16:32 | INFO | Phase 0A: Triggering lazy-loaded content...
2026-07-01 13:16:33 | INFO | [19/190] Processing: https://nossaenergia.petrobras.com.br/w/inovacao/fpso
2026-07-01 13:16:33 | INFO | Generated slug: nossaenergia_petrobras_com_br_w_inovacao_fpso--e6328a31
2026-07-01 13:16:33 | INFO | Starting analysis: https://nossaenergia.petrobras.com.br/w/inovacao/fpso -> /workspace/catalog/.pages/nossaenergia_petrobras_com_br_w_inovacao_fpso--e6328a31
2026-07-01 13:16:33 | INFO | Loading: https://nossaenergia.petrobras.com.br/w/inovacao/fpso
2026-07-01 13:16:34 | INFO | Phase 0A: Triggering lazy-loaded content...
2026-07-01 13:16:34 | INFO | Lazy-load scroll complete
2026-07-01 13:16:34 | INFO | Phase 0B: Cleaning up overlays...
2026-07-01 13:16:37 | INFO | Phase 0A: Triggering lazy-loaded content...
2026-07-01 13:16:37 | INFO | Lazy-load scroll complete
2026-07-01 13:16:37 | INFO | Phase 0B: Cleaning up overlays...
2026-07-01 13:16:39 | INFO | Lazy-load scroll complete
2026-07-01 13:16:39 | INFO | Phase 0B: Cleaning up overlays...
2026-07-01 13:17:03 | INFO | Removed 5 elements: overlay, popup
📐 Detecting header/footer for this page...
2026-07-01 13:17:03 | INFO | Template - Reused saved header selector on current page
2026-07-01 13:17:03 | INFO | Template - Reused saved footer selector on current page
2026-07-01 13:17:03 | INFO | Header: moderate complexity, 2 features
2026-07-01 13:17:03 | INFO | Footer: moderate complexity, 2 features
2026-07-01 13:17:03 | INFO | Phase 2: Identifying main content area...
2026-07-01 13:17:03 | INFO | Main content: #main-content
2026-07-01 13:17:03 | INFO | Phase 3: Detecting blocks...
2026-07-01 13:17:03 | WARNING | Blocks - 57% of blocks are unknown - site uses non-EDS patterns
2026-07-01 13:17:03 | INFO | Phase 4: Capturing block screenshots...
2026-07-01 13:17:04 | INFO | Captured 7 block screenshots
2026-07-01 13:17:04 | INFO | Detected 7 blocks
2026-07-01 13:17:04 | INFO | Generating fingerprints for template discovery...
2026-07-01 13:17:07 | INFO |    Top-section: 14 rows via title+container
2026-07-01 13:17:07 | INFO |    Body start: y=350 (start row 14 via below-title+container)
2026-07-01 13:17:07 | INFO | URL Pattern: /w/inovacao/cooperacao-e-inovacao-nunca-saem-de-moda
2026-07-01 13:17:07 | INFO | Page catalog complete: /workspace/catalog/.pages/nossaenergia_petrobras_com_br_w_inovacao_cooperacao-e-inovacao-nunca-saem-de-moda--a28787f7/page-catalog.json
2026-07-01 13:17:07 | INFO | SUCCESS: https://nossaenergia.petrobras.com.br/w/inovacao/cooperacao-e-inovacao-nunca-saem-de-moda
2026-07-01 13:17:09 | INFO | [20/190] Processing: https://nossaenergia.petrobras.com.br/w/inovacao/ia-generativa-qual-sua-importancia
2026-07-01 13:17:09 | INFO | Generated slug: nossaenergia_petrobras_com_br_w_inovacao_ia-generativa-qual-sua-importancia--111d6090
2026-07-01 13:17:09 | INFO | Starting analysis: https://nossaenergia.petrobras.com.br/w/inovacao/ia-generativa-qual-sua-importancia -> /workspace/catalog/.pages/nossaenergia_petrobras_com_br_w_inovacao_ia-generativa-qual-sua-importancia--111d6090
2026-07-01 13:17:09 | INFO | Loading: https://nossaenergia.petrobras.com.br/w/inovacao/ia-generativa-qual-sua-importancia
2026-07-01 13:17:13 | INFO | Phase 0A: Triggering lazy-loaded content...
2026-07-01 13:17:15 | INFO | Lazy-load scroll complete
2026-07-01 13:17:15 | INFO | Phase 0B: Cleaning up overlays...
2026-07-01 13:17:36 | INFO | Removed 5 elements: overlay, popup
📐 Detecting header/footer for this page...
2026-07-01 13:17:36 | INFO | Template - Reused saved header selector on current page
2026-07-01 13:17:36 | INFO | Template - Reused saved footer selector on current page
2026-07-01 13:17:36 | INFO | Header: moderate complexity, 2 features
2026-07-01 13:17:36 | INFO | Footer: moderate complexity, 2 features
2026-07-01 13:17:36 | INFO | Phase 2: Identifying main content area...
2026-07-01 13:17:36 | INFO | Main content: #main-content
2026-07-01 13:17:36 | INFO | Phase 3: Detecting blocks...
2026-07-01 13:17:36 | WARNING | Blocks - 63% of blocks are unknown - site uses non-EDS patterns
2026-07-01 13:17:36 | INFO | Phase 4: Capturing block screenshots...
2026-07-01 13:17:37 | INFO | Captured 8 block screenshots
2026-07-01 13:17:37 | INFO | Detected 8 blocks
2026-07-01 13:17:37 | INFO | Generating fingerprints for template discovery...
2026-07-01 13:17:39 | INFO | Removed 5 elements: overlay, popup
📐 Detecting header/footer for this page...
2026-07-01 13:17:39 | INFO | Template - Reused saved header selector on current page
2026-07-01 13:17:39 | INFO | Template - Reused saved footer selector on current page
2026-07-01 13:17:39 | INFO | Header: moderate complexity, 2 features
2026-07-01 13:17:39 | INFO | Footer: moderate complexity, 2 features
2026-07-01 13:17:39 | INFO | Phase 2: Identifying main content area...
2026-07-01 13:17:39 | INFO | Main content: #main-content
2026-07-01 13:17:39 | INFO | Phase 3: Detecting blocks...
2026-07-01 13:17:39 | WARNING | Blocks - 63% of blocks are unknown - site uses non-EDS patterns
2026-07-01 13:17:39 | INFO | Phase 4: Capturing block screenshots...
2026-07-01 13:17:40 | INFO |    Top-section: 16 rows via title+container
2026-07-01 13:17:40 | INFO |    Body start: y=400 (start row 16 via below-title+container)
2026-07-01 13:17:40 | INFO | URL Pattern: /w/inovacao/desvende-o-que-e-inteligencia-artificial-e-seu-uso-na-petrobras-1
2026-07-01 13:17:40 | INFO | Page catalog complete: /workspace/catalog/.pages/nossaenergia_petrobras_com_br_w_inovacao_desvende-o-que-e-inteligencia-artificial-e-seu-uso-na-petrobras-1--015b14c3/page-catalog.json
2026-07-01 13:17:40 | INFO | SUCCESS: https://nossaenergia.petrobras.com.br/w/inovacao/desvende-o-que-e-inteligencia-artificial-e-seu-uso-na-petrobras-1
2026-07-01 13:17:40 | INFO | Captured 8 block screenshots
2026-07-01 13:17:40 | INFO | Detected 8 blocks
2026-07-01 13:17:40 | INFO | Generating fingerprints for template discovery...
2026-07-01 13:17:41 | INFO | Removed 5 elements: overlay, popup
📐 Detecting header/footer for this page...
2026-07-01 13:17:41 | INFO | Template - Reused saved header selector on current page
2026-07-01 13:17:41 | INFO | Template - Reused saved footer selector on current page
2026-07-01 13:17:41 | INFO | Header: moderate complexity, 2 features
2026-07-01 13:17:41 | INFO | Footer: moderate complexity, 2 features
2026-07-01 13:17:41 | INFO | Phase 2: Identifying main content area...
2026-07-01 13:17:41 | INFO | Main content: #main-content
2026-07-01 13:17:41 | INFO | Phase 3: Detecting blocks...
2026-07-01 13:17:41 | WARNING | Blocks - 70% of blocks are unknown - site uses non-EDS patterns
2026-07-01 13:17:41 | INFO | Phase 4: Capturing block screenshots...
2026-07-01 13:17:42 | INFO | [21/190] Processing: https://nossaenergia.petrobras.com.br/w/inovacao/inovacao-aberta-e-o-futuro.-mas-voce-sabe-o-que-e
2026-07-01 13:17:42 | INFO | Generated slug: nossaenergia_petrobras_com_br_w_inovacao_inovacao-aberta-e-o-futuro_-mas-voce-sabe-o-que-e--723e96ea
2026-07-01 13:17:42 | INFO | Starting analysis: https://nossaenergia.petrobras.com.br/w/inovacao/inovacao-aberta-e-o-futuro.-mas-voce-sabe-o-que-e -> /workspace/catalog/.pages/nossaenergia_petrobras_com_br_w_inovacao_inovacao-aberta-e-o-futuro_-mas-voce-sabe-o-que-e--723e96ea
2026-07-01 13:17:42 | INFO | Loading: https://nossaenergia.petrobras.com.br/w/inovacao/inovacao-aberta-e-o-futuro.-mas-voce-sabe-o-que-e
2026-07-01 13:17:42 | INFO | Captured 10 block screenshots
2026-07-01 13:17:42 | INFO | Detected 10 blocks
2026-07-01 13:17:42 | INFO | Generating fingerprints for template discovery...
2026-07-01 13:17:42 | INFO |    Top-section: 17 rows via title+container
2026-07-01 13:17:42 | INFO |    Body start: y=425 (start row 17 via below-title+container)
2026-07-01 13:17:42 | INFO | URL Pattern: /w/inovacao/digital-twins-na-petrobras-impulsionam-eficiencia-operacional-1-1
2026-07-01 13:17:42 | INFO | Page catalog complete: /workspace/catalog/.pages/nossaenergia_petrobras_com_br_w_inovacao_digital-twins-na-petrobras-impulsionam-eficiencia-operacional-1-1--659d421e/page-catalog.json
2026-07-01 13:17:42 | INFO | SUCCESS: https://nossaenergia.petrobras.com.br/w/inovacao/digital-twins-na-petrobras-impulsionam-eficiencia-operacional-1-1
2026-07-01 13:17:44 | INFO | [22/190] Processing: https://nossaenergia.petrobras.com.br/w/inovacao/internet-das-coisas-em-favor-da-seguranca
2026-07-01 13:17:44 | INFO | Generated slug: nossaenergia_petrobras_com_br_w_inovacao_internet-das-coisas-em-favor-da-seguranca--96227756
2026-07-01 13:17:44 | INFO | Starting analysis: https://nossaenergia.petrobras.com.br/w/inovacao/internet-das-coisas-em-favor-da-seguranca -> /workspace/catalog/.pages/nossaenergia_petrobras_com_br_w_inovacao_internet-das-coisas-em-favor-da-seguranca--96227756
2026-07-01 13:17:45 | INFO | Loading: https://nossaenergia.petrobras.com.br/w/inovacao/internet-das-coisas-em-favor-da-seguranca
2026-07-01 13:17:45 | INFO |    Top-section: 17 rows via title+container
2026-07-01 13:17:45 | INFO |    Body start: y=425 (start row 17 via below-title+container)
2026-07-01 13:17:45 | INFO | URL Pattern: /w/inovacao/fpso
2026-07-01 13:17:45 | INFO | Page catalog complete: /workspace/catalog/.pages/nossaenergia_petrobras_com_br_w_inovacao_fpso--e6328a31/page-catalog.json
2026-07-01 13:17:45 | INFO | SUCCESS: https://nossaenergia.petrobras.com.br/w/inovacao/fpso
2026-07-01 13:17:45 | INFO | Phase 0A: Triggering lazy-loaded content...
2026-07-01 13:17:47 | INFO | [23/190] Processing: https://nossaenergia.petrobras.com.br/w/inovacao/natureza-como-inspiracao
2026-07-01 13:17:47 | INFO | Generated slug: nossaenergia_petrobras_com_br_w_inovacao_natureza-como-inspiracao--8ad8ed6c
2026-07-01 13:17:47 | INFO | Starting analysis: https://nossaenergia.petrobras.com.br/w/inovacao/natureza-como-inspiracao -> /workspace/catalog/.pages/nossaenergia_petrobras_com_br_w_inovacao_natureza-como-inspiracao--8ad8ed6c
2026-07-01 13:17:47 | INFO | Loading: https://nossaenergia.petrobras.com.br/w/inovacao/natureza-como-inspiracao
2026-07-01 13:17:47 | INFO | Lazy-load scroll complete
2026-07-01 13:17:47 | INFO | Phase 0B: Cleaning up overlays...
2026-07-01 13:17:48 | INFO | Phase 0A: Triggering lazy-loaded content...
2026-07-01 13:17:50 | INFO | Lazy-load scroll complete
2026-07-01 13:17:50 | INFO | Phase 0B: Cleaning up overlays...
2026-07-01 13:17:50 | INFO | Phase 0A: Triggering lazy-loaded content...
2026-07-01 13:17:52 | INFO | Lazy-load scroll complete
2026-07-01 13:17:52 | INFO | Phase 0B: Cleaning up overlays...
2026-07-01 13:18:16 | INFO | Removed 5 elements: overlay, popup
📐 Detecting header/footer for this page...
2026-07-01 13:18:16 | INFO | Template - Reused saved header selector on current page
2026-07-01 13:18:16 | INFO | Template - Reused saved footer selector on current page
2026-07-01 13:18:16 | INFO | Header: moderate complexity, 2 features
2026-07-01 13:18:16 | INFO | Footer: moderate complexity, 2 features
2026-07-01 13:18:16 | INFO | Phase 2: Identifying main content area...
2026-07-01 13:18:16 | INFO | Main content: #main-content
2026-07-01 13:18:16 | INFO | Phase 3: Detecting blocks...
2026-07-01 13:18:16 | WARNING | Blocks - 57% of blocks are unknown - site uses non-EDS patterns
2026-07-01 13:18:16 | INFO | Phase 4: Capturing block screenshots...
2026-07-01 13:18:18 | INFO | Captured 7 block screenshots
2026-07-01 13:18:18 | INFO | Detected 7 blocks
2026-07-01 13:18:18 | INFO | Generating fingerprints for template discovery...
2026-07-01 13:18:20 | INFO |    Top-section: 16 rows via title+container
2026-07-01 13:18:20 | INFO |    Body start: y=400 (start row 16 via below-title+container)
2026-07-01 13:18:20 | INFO | URL Pattern: /w/inovacao/ia-generativa-qual-sua-importancia
2026-07-01 13:18:20 | INFO | Page catalog complete: /workspace/catalog/.pages/nossaenergia_petrobras_com_br_w_inovacao_ia-generativa-qual-sua-importancia--111d6090/page-catalog.json
2026-07-01 13:18:20 | INFO | SUCCESS: https://nossaenergia.petrobras.com.br/w/inovacao/ia-generativa-qual-sua-importancia
2026-07-01 13:18:20 | INFO | PROGRESS: 20/190 analyzed (11% checklist complete) | 20 ok, 0 failed, 0 skipped | ~55 min remaining
2026-07-01 13:18:22 | INFO | [24/190] Processing: https://nossaenergia.petrobras.com.br/w/inovacao/nossos-cientistas-desenvolvem-robo-para-inspecoes-em-dutos-submarinos
2026-07-01 13:18:22 | INFO | Generated slug: nossaenergia_petrobras_com_br_w_inovacao_nossos-cientistas-desenvolvem-robo-para-inspecoes-em-dutos-submarinos--b25ae322
2026-07-01 13:18:22 | INFO | Starting analysis: https://nossaenergia.petrobras.com.br/w/inovacao/nossos-cientistas-desenvolvem-robo-para-inspecoes-em-dutos-submarinos -> /workspace/catalog/.pages/nossaenergia_petrobras_com_br_w_inovacao_nossos-cientistas-desenvolvem-robo-para-inspecoes-em-dutos-submarinos--b25ae322
2026-07-01 13:18:22 | INFO | Loading: https://nossaenergia.petrobras.com.br/w/inovacao/nossos-cientistas-desenvolvem-robo-para-inspecoes-em-dutos-submarinos
2026-07-01 13:18:29 | INFO | Phase 0A: Triggering lazy-loaded content...
2026-07-01 13:18:31 | INFO | Lazy-load scroll complete
2026-07-01 13:18:31 | INFO | Phase 0B: Cleaning up overlays...
2026-07-01 13:18:49 | INFO | Removed 5 elements: overlay, popup
📐 Detecting header/footer for this page...
2026-07-01 13:18:49 | INFO | Template - Reused saved header selector on current page
2026-07-01 13:18:49 | INFO | Template - Reused saved footer selector on current page
2026-07-01 13:18:49 | INFO | Header: moderate complexity, 2 features
2026-07-01 13:18:49 | INFO | Footer: moderate complexity, 2 features
2026-07-01 13:18:49 | INFO | Phase 2: Identifying main content area...
2026-07-01 13:18:49 | INFO | Main content: #main-content
2026-07-01 13:18:49 | INFO | Phase 3: Detecting blocks...
2026-07-01 13:18:49 | WARNING | Blocks - 50% of blocks are unknown - site uses non-EDS patterns
2026-07-01 13:18:49 | INFO | Phase 4: Capturing block screenshots...
2026-07-01 13:18:50 | INFO | Captured 8 block screenshots
2026-07-01 13:18:50 | INFO | Detected 8 blocks
2026-07-01 13:18:50 | INFO | Generating fingerprints for template discovery...
2026-07-01 13:18:52 | INFO | Removed 5 elements: overlay, popup
📐 Detecting header/footer for this page...
2026-07-01 13:18:52 | INFO | Template - Reused saved header selector on current page
2026-07-01 13:18:52 | INFO | Template - Reused saved footer selector on current page
2026-07-01 13:18:52 | INFO | Header: moderate complexity, 2 features
2026-07-01 13:18:52 | INFO | Footer: moderate complexity, 2 features
2026-07-01 13:18:52 | INFO | Phase 2: Identifying main content area...
2026-07-01 13:18:52 | INFO | Main content: #main-content
2026-07-01 13:18:52 | INFO | Phase 3: Detecting blocks...
2026-07-01 13:18:52 | WARNING | Blocks - 50% of blocks are unknown - site uses non-EDS patterns
2026-07-01 13:18:52 | INFO | Phase 4: Capturing block screenshots...
2026-07-01 13:18:53 | INFO |    Top-section: 16 rows via title+container
2026-07-01 13:18:53 | INFO |    Body start: y=400 (start row 16 via below-title+container)
2026-07-01 13:18:53 | INFO | URL Pattern: /w/inovacao/inovacao-aberta-e-o-futuro.-mas-voce-sabe-o-que-e
2026-07-01 13:18:53 | INFO | Page catalog complete: /workspace/catalog/.pages/nossaenergia_petrobras_com_br_w_inovacao_inovacao-aberta-e-o-futuro_-mas-voce-sabe-o-que-e--723e96ea/page-catalog.json
2026-07-01 13:18:53 | INFO | SUCCESS: https://nossaenergia.petrobras.com.br/w/inovacao/inovacao-aberta-e-o-futuro.-mas-voce-sabe-o-que-e
2026-07-01 13:18:53 | INFO | Captured 8 block screenshots
2026-07-01 13:18:53 | INFO | Detected 8 blocks
2026-07-01 13:18:53 | INFO | Generating fingerprints for template discovery...
2026-07-01 13:18:54 | INFO | Removed 5 elements: overlay, popup
📐 Detecting header/footer for this page...
2026-07-01 13:18:54 | INFO | Template - Reused saved header selector on current page
2026-07-01 13:18:54 | INFO | Template - Reused saved footer selector on current page
2026-07-01 13:18:54 | INFO | Header: moderate complexity, 2 features
2026-07-01 13:18:54 | INFO | Footer: moderate complexity, 2 features
2026-07-01 13:18:54 | INFO | Phase 2: Identifying main content area...
2026-07-01 13:18:54 | INFO | Main content: #main-content
2026-07-01 13:18:54 | INFO | Phase 3: Detecting blocks...
2026-07-01 13:18:54 | WARNING | Blocks - 57% of blocks are unknown - site uses non-EDS patterns
2026-07-01 13:18:54 | INFO | Phase 4: Capturing block screenshots...
2026-07-01 13:18:55 | INFO | [25/190] Processing: https://nossaenergia.petrobras.com.br/w/inovacao/novos-supercomputadores-veja-como-unimos-lideranca-tecnologica-com-ecoeficiencia
2026-07-01 13:18:55 | INFO | Generated slug: nossaenergia_petrobras_com_br_w_inovacao_novos-supercomputadores-veja-como-unimos-lideranca-tecnologica-com-ecoeficiencia--8c2e4e8d
2026-07-01 13:18:55 | INFO | Starting analysis: https://nossaenergia.petrobras.com.br/w/inovacao/novos-supercomputadores-veja-como-unimos-lideranca-tecnologica-com-ecoeficiencia -> /workspace/catalog/.pages/nossaenergia_petrobras_com_br_w_inovacao_novos-supercomputadores-veja-como-unimos-lideranca-tecnologica-com-ecoeficiencia--8c2e4e8d
2026-07-01 13:18:55 | INFO | Loading: https://nossaenergia.petrobras.com.br/w/inovacao/novos-supercomputadores-veja-como-unimos-lideranca-tecnologica-com-ecoeficiencia
2026-07-01 13:18:55 | INFO | Captured 7 block screenshots
2026-07-01 13:18:55 | INFO | Detected 7 blocks
2026-07-01 13:18:55 | INFO | Generating fingerprints for template discovery...
2026-07-01 13:18:55 | INFO |    Top-section: 14 rows via title+container
2026-07-01 13:18:55 | INFO |    Body start: y=350 (start row 14 via below-title+container)
2026-07-01 13:18:55 | INFO | URL Pattern: /w/inovacao/internet-das-coisas-em-favor-da-seguranca
2026-07-01 13:18:55 | INFO | Page catalog complete: /workspace/catalog/.pages/nossaenergia_petrobras_com_br_w_inovacao_internet-das-coisas-em-favor-da-seguranca--96227756/page-catalog.json
2026-07-01 13:18:55 | INFO | SUCCESS: https://nossaenergia.petrobras.com.br/w/inovacao/internet-das-coisas-em-favor-da-seguranca
2026-07-01 13:18:57 | INFO | [26/190] Processing: https://nossaenergia.petrobras.com.br/w/inovacao/onde-o-homem-nao-chega-conheca-o-robo-que-opera-em-temperaturas-de-ate-120-c
2026-07-01 13:18:57 | INFO | Generated slug: nossaenergia_petrobras_com_br_w_inovacao_onde-o-homem-nao-chega-conheca-o-robo-que-opera-em-temperaturas-de-ate-120-c--301bb3bc
2026-07-01 13:18:57 | INFO | Starting analysis: https://nossaenergia.petrobras.com.br/w/inovacao/onde-o-homem-nao-chega-conheca-o-robo-que-opera-em-temperaturas-de-ate-120-c -> /workspace/catalog/.pages/nossaenergia_petrobras_com_br_w_inovacao_onde-o-homem-nao-chega-conheca-o-robo-que-opera-em-temperaturas-de-ate-120-c--301bb3bc
2026-07-01 13:18:58 | INFO | Loading: https://nossaenergia.petrobras.com.br/w/inovacao/onde-o-homem-nao-chega-conheca-o-robo-que-opera-em-temperaturas-de-ate-120-c
2026-07-01 13:18:58 | INFO |    Top-section: 14 rows via title+container
2026-07-01 13:18:58 | INFO |    Body start: y=350 (start row 14 via below-title+container)
2026-07-01 13:18:58 | INFO | URL Pattern: /w/inovacao/natureza-como-inspiracao
2026-07-01 13:18:58 | INFO | Page catalog complete: /workspace/catalog/.pages/nossaenergia_petrobras_com_br_w_inovacao_natureza-como-inspiracao--8ad8ed6c/page-catalog.json
2026-07-01 13:18:58 | INFO | SUCCESS: https://nossaenergia.petrobras.com.br/w/inovacao/natureza-como-inspiracao
2026-07-01 13:19:00 | INFO | [27/190] Processing: https://nossaenergia.petrobras.com.br/w/inovacao/parceiros-do-ecossistema-de-inovacao
2026-07-01 13:19:00 | INFO | Generated slug: nossaenergia_petrobras_com_br_w_inovacao_parceiros-do-ecossistema-de-inovacao--dff389c4
2026-07-01 13:19:00 | INFO | Starting analysis: https://nossaenergia.petrobras.com.br/w/inovacao/parceiros-do-ecossistema-de-inovacao -> /workspace/catalog/.pages/nossaenergia_petrobras_com_br_w_inovacao_parceiros-do-ecossistema-de-inovacao--dff389c4
2026-07-01 13:19:00 | INFO | Loading: https://nossaenergia.petrobras.com.br/w/inovacao/parceiros-do-ecossistema-de-inovacao
2026-07-01 13:19:00 | INFO | Phase 0A: Triggering lazy-loaded content...
2026-07-01 13:19:02 | INFO | Lazy-load scroll complete
2026-07-01 13:19:02 | INFO | Phase 0B: Cleaning up overlays...
2026-07-01 13:19:03 | INFO | Phase 0A: Triggering lazy-loaded content...
2026-07-01 13:19:05 | INFO | Lazy-load scroll complete
2026-07-01 13:19:05 | INFO | Phase 0B: Cleaning up overlays...
2026-07-01 13:19:05 | INFO | Phase 0A: Triggering lazy-loaded content...
2026-07-01 13:19:08 | INFO | Lazy-load scroll complete
2026-07-01 13:19:08 | INFO | Phase 0B: Cleaning up overlays...
2026-07-01 13:19:33 | INFO | Removed 5 elements: overlay, popup
📐 Detecting header/footer for this page...
2026-07-01 13:19:33 | INFO | Template - Reused saved header selector on current page
2026-07-01 13:19:33 | INFO | Template - Reused saved footer selector on current page
2026-07-01 13:19:33 | INFO | Header: moderate complexity, 2 features
2026-07-01 13:19:33 | INFO | Footer: moderate complexity, 2 features
2026-07-01 13:19:33 | INFO | Phase 2: Identifying main content area...
2026-07-01 13:19:33 | INFO | Main content: #main-content
2026-07-01 13:19:33 | INFO | Phase 3: Detecting blocks...
2026-07-01 13:19:33 | WARNING | Blocks - 57% of blocks are unknown - site uses non-EDS patterns
2026-07-01 13:19:33 | INFO | Phase 4: Capturing block screenshots...
2026-07-01 13:19:34 | INFO | Captured 7 block screenshots
2026-07-01 13:19:34 | INFO | Detected 7 blocks
2026-07-01 13:19:34 | INFO | Generating fingerprints for template discovery...
2026-07-01 13:19:37 | INFO |    Top-section: 16 rows via title+container
2026-07-01 13:19:37 | INFO |    Body start: y=400 (start row 16 via below-title+container)
2026-07-01 13:19:37 | INFO | URL Pattern: /w/inovacao/nossos-cientistas-desenvolvem-robo-para-inspecoes-em-dutos-submarinos
2026-07-01 13:19:37 | INFO | Page catalog complete: /workspace/catalog/.pages/nossaenergia_petrobras_com_br_w_inovacao_nossos-cientistas-desenvolvem-robo-para-inspecoes-em-dutos-submarinos--b25ae322/page-catalog.json
2026-07-01 13:19:37 | INFO | SUCCESS: https://nossaenergia.petrobras.com.br/w/inovacao/nossos-cientistas-desenvolvem-robo-para-inspecoes-em-dutos-submarinos
2026-07-01 13:19:39 | INFO | [28/190] Processing: https://nossaenergia.petrobras.com.br/w/inovacao/primeira-peca-de-aco-impressa-em-3d
2026-07-01 13:19:39 | INFO | Generated slug: nossaenergia_petrobras_com_br_w_inovacao_primeira-peca-de-aco-impressa-em-3d--92f452ed
2026-07-01 13:19:39 | INFO | Starting analysis: https://nossaenergia.petrobras.com.br/w/inovacao/primeira-peca-de-aco-impressa-em-3d -> /workspace/catalog/.pages/nossaenergia_petrobras_com_br_w_inovacao_primeira-peca-de-aco-impressa-em-3d--92f452ed
2026-07-01 13:19:39 | INFO | Loading: https://nossaenergia.petrobras.com.br/w/inovacao/primeira-peca-de-aco-impressa-em-3d
2026-07-01 13:19:43 | INFO | Phase 0A: Triggering lazy-loaded content...
2026-07-01 13:19:45 | INFO | Lazy-load scroll complete
2026-07-01 13:19:45 | INFO | Phase 0B: Cleaning up overlays...
2026-07-01 13:20:04 | INFO | Removed 5 elements: overlay, popup
📐 Detecting header/footer for this page...
2026-07-01 13:20:04 | INFO | Template - Reused saved header selector on current page
2026-07-01 13:20:04 | INFO | Template - Reused saved footer selector on current page
2026-07-01 13:20:04 | INFO | Header: moderate complexity, 2 features
2026-07-01 13:20:04 | INFO | Footer: moderate complexity, 2 features
2026-07-01 13:20:04 | INFO | Phase 2: Identifying main content area...
2026-07-01 13:20:04 | INFO | Main content: #main-content
2026-07-01 13:20:04 | INFO | Phase 3: Detecting blocks...
2026-07-01 13:20:04 | WARNING | Blocks - 57% of blocks are unknown - site uses non-EDS patterns
2026-07-01 13:20:04 | INFO | Phase 4: Capturing block screenshots...
2026-07-01 13:20:05 | INFO | Captured 7 block screenshots
2026-07-01 13:20:05 | INFO | Detected 7 blocks
2026-07-01 13:20:05 | INFO | Generating fingerprints for template discovery...
2026-07-01 13:20:06 | INFO | Removed 5 elements: overlay, popup
📐 Detecting header/footer for this page...
2026-07-01 13:20:06 | INFO | Template - Reused saved header selector on current page
2026-07-01 13:20:06 | INFO | Template - Reused saved footer selector on current page
2026-07-01 13:20:06 | INFO | Header: moderate complexity, 2 features
2026-07-01 13:20:06 | INFO | Footer: moderate complexity, 2 features
2026-07-01 13:20:06 | INFO | Phase 2: Identifying main content area...
2026-07-01 13:20:06 | INFO | Main content: #main-content
2026-07-01 13:20:06 | INFO | Phase 3: Detecting blocks...
2026-07-01 13:20:06 | WARNING | Blocks - 50% of blocks are unknown - site uses non-EDS patterns
2026-07-01 13:20:06 | INFO | Phase 4: Capturing block screenshots...
2026-07-01 13:20:07 | INFO |    Top-section: 16 rows via title+container
2026-07-01 13:20:07 | INFO |    Body start: y=400 (start row 16 via below-title+container)
2026-07-01 13:20:07 | INFO | URL Pattern: /w/inovacao/novos-supercomputadores-veja-como-unimos-lideranca-tecnologica-com-ecoeficiencia
2026-07-01 13:20:07 | INFO | Page catalog complete: /workspace/catalog/.pages/nossaenergia_petrobras_com_br_w_inovacao_novos-supercomputadores-veja-como-unimos-lideranca-tecnologica-com-ecoeficiencia--8c2e4e8d/page-catalog.json
2026-07-01 13:20:07 | INFO | SUCCESS: https://nossaenergia.petrobras.com.br/w/inovacao/novos-supercomputadores-veja-como-unimos-lideranca-tecnologica-com-ecoeficiencia
2026-07-01 13:20:07 | INFO | PROGRESS: 25/190 analyzed (13% checklist complete) | 25 ok, 0 failed, 0 skipped | ~55 min remaining
2026-07-01 13:20:07 | INFO | Captured 8 block screenshots
2026-07-01 13:20:07 | INFO | Detected 8 blocks
2026-07-01 13:20:07 | INFO | Generating fingerprints for template discovery...
2026-07-01 13:20:09 | INFO | Removed 5 elements: overlay, popup
📐 Detecting header/footer for this page...
2026-07-01 13:20:09 | INFO | [29/190] Processing: https://nossaenergia.petrobras.com.br/w/inovacao/projeto-3w-mais-pessoas-pensando-juntas-para-resolver-grandes-quebra-cabe%C3%A7as
2026-07-01 13:20:09 | INFO | Generated slug: nossaenergia_petrobras_com_br_w_inovacao_projeto-3w-mais-pessoas-pensando-juntas-para-resolver-grandes-quebra-cabe_C3_A7as--110b9a85
2026-07-01 13:20:09 | INFO | Starting analysis: https://nossaenergia.petrobras.com.br/w/inovacao/projeto-3w-mais-pessoas-pensando-juntas-para-resolver-grandes-quebra-cabe%C3%A7as -> /workspace/catalog/.pages/nossaenergia_petrobras_com_br_w_inovacao_projeto-3w-mais-pessoas-pensando-juntas-para-resolver-grandes-quebra-cabe_C3_A7as--110b9a85
2026-07-01 13:20:09 | INFO | Template - Reused saved header selector on current page
2026-07-01 13:20:09 | INFO | Template - Reused saved footer selector on current page
2026-07-01 13:20:09 | INFO | Header: moderate complexity, 2 features
2026-07-01 13:20:09 | INFO | Footer: moderate complexity, 2 features
2026-07-01 13:20:09 | INFO | Phase 2: Identifying main content area...
2026-07-01 13:20:09 | INFO | Main content: #main-content
2026-07-01 13:20:09 | INFO | Loading: https://nossaenergia.petrobras.com.br/w/inovacao/projeto-3w-mais-pessoas-pensando-juntas-para-resolver-grandes-quebra-cabe%C3%A7as
2026-07-01 13:20:09 | INFO | Phase 3: Detecting blocks...
2026-07-01 13:20:09 | WARNING | Blocks - 78% of blocks are unknown - site uses non-EDS patterns
2026-07-01 13:20:09 | INFO | Phase 4: Capturing block screenshots...
2026-07-01 13:20:10 | INFO |    Top-section: 17 rows via title+container
2026-07-01 13:20:10 | INFO |    Body start: y=404 (start row 16 via below-title+container)
2026-07-01 13:20:10 | INFO | URL Pattern: /w/inovacao/onde-o-homem-nao-chega-conheca-o-robo-que-opera-em-temperaturas-de-ate-120-c
2026-07-01 13:20:10 | INFO | Page catalog complete: /workspace/catalog/.pages/nossaenergia_petrobras_com_br_w_inovacao_onde-o-homem-nao-chega-conheca-o-robo-que-opera-em-temperaturas-de-ate-120-c--301bb3bc/page-catalog.json
2026-07-01 13:20:10 | INFO | SUCCESS: https://nossaenergia.petrobras.com.br/w/inovacao/onde-o-homem-nao-chega-conheca-o-robo-que-opera-em-temperaturas-de-ate-120-c
2026-07-01 13:20:11 | INFO | Captured 9 block screenshots
2026-07-01 13:20:11 | INFO | Detected 9 blocks
2026-07-01 13:20:11 | INFO | Generating fingerprints for template discovery...
2026-07-01 13:20:12 | INFO | [30/190] Processing: https://nossaenergia.petrobras.com.br/w/inovacao/realidade-aumentada
2026-07-01 13:20:12 | INFO | Generated slug: nossaenergia_petrobras_com_br_w_inovacao_realidade-aumentada--f36b1330
2026-07-01 13:20:12 | INFO | Starting analysis: https://nossaenergia.petrobras.com.br/w/inovacao/realidade-aumentada -> /workspace/catalog/.pages/nossaenergia_petrobras_com_br_w_inovacao_realidade-aumentada--f36b1330
2026-07-01 13:20:12 | INFO | Loading: https://nossaenergia.petrobras.com.br/w/inovacao/realidade-aumentada
2026-07-01 13:20:13 | INFO | Phase 0A: Triggering lazy-loaded content...
2026-07-01 13:20:13 | INFO |    Top-section: 17 rows via title+container
2026-07-01 13:20:13 | INFO |    Body start: y=425 (start row 17 via below-title+container)
2026-07-01 13:20:13 | INFO | URL Pattern: /w/inovacao/parceiros-do-ecossistema-de-inovacao
2026-07-01 13:20:13 | INFO | Page catalog complete: /workspace/catalog/.pages/nossaenergia_petrobras_com_br_w_inovacao_parceiros-do-ecossistema-de-inovacao--dff389c4/page-catalog.json
2026-07-01 13:20:13 | INFO | SUCCESS: https://nossaenergia.petrobras.com.br/w/inovacao/parceiros-do-ecossistema-de-inovacao
2026-07-01 13:20:15 | INFO | Lazy-load scroll complete
2026-07-01 13:20:15 | INFO | Phase 0B: Cleaning up overlays...
2026-07-01 13:20:15 | INFO | [31/190] Processing: https://nossaenergia.petrobras.com.br/w/inovacao/robo-bombeiro
2026-07-01 13:20:15 | INFO | Generated slug: nossaenergia_petrobras_com_br_w_inovacao_robo-bombeiro--ccdb92a4
2026-07-01 13:20:15 | INFO | Starting analysis: https://nossaenergia.petrobras.com.br/w/inovacao/robo-bombeiro -> /workspace/catalog/.pages/nossaenergia_petrobras_com_br_w_inovacao_robo-bombeiro--ccdb92a4
2026-07-01 13:20:15 | INFO | Loading: https://nossaenergia.petrobras.com.br/w/inovacao/robo-bombeiro
2026-07-01 13:20:16 | INFO | Phase 0A: Triggering lazy-loaded content...
2026-07-01 13:20:18 | INFO | Lazy-load scroll complete
2026-07-01 13:20:18 | INFO | Phase 0B: Cleaning up overlays...
2026-07-01 13:20:19 | INFO | Phase 0A: Triggering lazy-loaded content...
2026-07-01 13:20:21 | INFO | Lazy-load scroll complete
2026-07-01 13:20:21 | INFO | Phase 0B: Cleaning up overlays...
2026-07-01 13:20:46 | INFO | Removed 5 elements: overlay, popup
📐 Detecting header/footer for this page...
2026-07-01 13:20:47 | INFO | Template - Reused saved header selector on current page
2026-07-01 13:20:47 | INFO | Template - Reused saved footer selector on current page
2026-07-01 13:20:47 | INFO | Header: moderate complexity, 2 features
2026-07-01 13:20:47 | INFO | Footer: moderate complexity, 2 features
2026-07-01 13:20:47 | INFO | Phase 2: Identifying main content area...
2026-07-01 13:20:47 | INFO | Main content: #main-content
2026-07-01 13:20:47 | INFO | Phase 3: Detecting blocks...
2026-07-01 13:20:47 | WARNING | Blocks - 63% of blocks are unknown - site uses non-EDS patterns
2026-07-01 13:20:47 | INFO | Phase 4: Capturing block screenshots...
2026-07-01 13:20:48 | INFO | Captured 8 block screenshots
2026-07-01 13:20:48 | INFO | Detected 8 blocks
2026-07-01 13:20:48 | INFO | Generating fingerprints for template discovery...
2026-07-01 13:20:51 | INFO |    Top-section: 16 rows via title+container
2026-07-01 13:20:51 | INFO |    Body start: y=400 (start row 16 via below-title+container)
2026-07-01 13:20:51 | INFO | URL Pattern: /w/inovacao/primeira-peca-de-aco-impressa-em-3d
2026-07-01 13:20:51 | INFO | Page catalog complete: /workspace/catalog/.pages/nossaenergia_petrobras_com_br_w_inovacao_primeira-peca-de-aco-impressa-em-3d--92f452ed/page-catalog.json
2026-07-01 13:20:51 | INFO | SUCCESS: https://nossaenergia.petrobras.com.br/w/inovacao/primeira-peca-de-aco-impressa-em-3d
2026-07-01 13:20:53 | INFO | [32/190] Processing: https://nossaenergia.petrobras.com.br/w/inovacao/sismica-4d
2026-07-01 13:20:53 | INFO | Generated slug: nossaenergia_petrobras_com_br_w_inovacao_sismica-4d--2848991e
2026-07-01 13:20:53 | INFO | Starting analysis: https://nossaenergia.petrobras.com.br/w/inovacao/sismica-4d -> /workspace/catalog/.pages/nossaenergia_petrobras_com_br_w_inovacao_sismica-4d--2848991e
2026-07-01 13:20:53 | INFO | Loading: https://nossaenergia.petrobras.com.br/w/inovacao/sismica-4d
2026-07-01 13:20:58 | INFO | Phase 0A: Triggering lazy-loaded content...
2026-07-01 13:21:00 | INFO | Lazy-load scroll complete
2026-07-01 13:21:00 | INFO | Phase 0B: Cleaning up overlays...
2026-07-01 13:21:16 | INFO | Removed 5 elements: overlay, popup
📐 Detecting header/footer for this page...
2026-07-01 13:21:16 | INFO | Template - Reused saved header selector on current page
2026-07-01 13:21:16 | INFO | Template - Reused saved footer selector on current page
2026-07-01 13:21:16 | INFO | Header: moderate complexity, 2 features
2026-07-01 13:21:16 | INFO | Footer: moderate complexity, 2 features
2026-07-01 13:21:16 | INFO | Phase 2: Identifying main content area...
2026-07-01 13:21:16 | INFO | Main content: #main-content
2026-07-01 13:21:17 | INFO | Phase 3: Detecting blocks...
2026-07-01 13:21:17 | WARNING | Blocks - 57% of blocks are unknown - site uses non-EDS patterns
2026-07-01 13:21:17 | INFO | Phase 4: Capturing block screenshots...
2026-07-01 13:21:18 | INFO | Captured 7 block screenshots
2026-07-01 13:21:18 | INFO | Detected 7 blocks
2026-07-01 13:21:18 | INFO | Generating fingerprints for template discovery...
2026-07-01 13:21:19 | INFO | Removed 5 elements: overlay, popup
📐 Detecting header/footer for this page...
2026-07-01 13:21:19 | INFO | Template - Reused saved header selector on current page
2026-07-01 13:21:19 | INFO | Template - Reused saved footer selector on current page
2026-07-01 13:21:19 | INFO | Header: moderate complexity, 2 features
2026-07-01 13:21:19 | INFO | Footer: moderate complexity, 2 features
2026-07-01 13:21:19 | INFO | Phase 2: Identifying main content area...
2026-07-01 13:21:19 | INFO | Main content: #main-content
2026-07-01 13:21:19 | INFO | Phase 3: Detecting blocks...
2026-07-01 13:21:19 | WARNING | Blocks - 50% of blocks are unknown - site uses non-EDS patterns
2026-07-01 13:21:19 | INFO | Phase 4: Capturing block screenshots...
2026-07-01 13:21:20 | INFO |    Top-section: 17 rows via title+container
2026-07-01 13:21:20 | INFO |    Body start: y=404 (start row 16 via below-title+container)
2026-07-01 13:21:20 | INFO | URL Pattern: /w/inovacao/projeto-3w-mais-pessoas-pensando-juntas-para-resolver-grandes-quebra-cabe%C3%A7as
2026-07-01 13:21:20 | INFO | Page catalog complete: /workspace/catalog/.pages/nossaenergia_petrobras_com_br_w_inovacao_projeto-3w-mais-pessoas-pensando-juntas-para-resolver-grandes-quebra-cabe_C3_A7as--110b9a85/page-catalog.json
2026-07-01 13:21:20 | INFO | SUCCESS: https://nossaenergia.petrobras.com.br/w/inovacao/projeto-3w-mais-pessoas-pensando-juntas-para-resolver-grandes-quebra-cabe%C3%A7as
2026-07-01 13:21:20 | INFO | Captured 8 block screenshots
2026-07-01 13:21:20 | INFO | Detected 8 blocks
2026-07-01 13:21:20 | INFO | Generating fingerprints for template discovery...
2026-07-01 13:21:22 | INFO | [33/190] Processing: https://nossaenergia.petrobras.com.br/w/inovacao/somos-penta-pela-quinta-vez-fomos-reconhecidos-globalmente-com-o-premio-distinguished-achievement-award-da-otc
2026-07-01 13:21:22 | INFO | Generated slug: nossaenergia_petrobras_com_br_w_inovacao_somos-penta-pela-quinta-vez-fomos-reconhecidos-globalmente-com-o-premio-distinguished-achievement-award-da-otc--5dc65e28
2026-07-01 13:21:22 | INFO | Starting analysis: https://nossaenergia.petrobras.com.br/w/inovacao/somos-penta-pela-quinta-vez-fomos-reconhecidos-globalmente-com-o-premio-distinguished-achievement-award-da-otc -> /workspace/catalog/.pages/nossaenergia_petrobras_com_br_w_inovacao_somos-penta-pela-quinta-vez-fomos-reconhecidos-globalmente-com-o-premio-distinguished-achievement-award-da-otc--5dc65e28
2026-07-01 13:21:22 | INFO | Loading: https://nossaenergia.petrobras.com.br/w/inovacao/somos-penta-pela-quinta-vez-fomos-reconhecidos-globalmente-com-o-premio-distinguished-achievement-award-da-otc
2026-07-01 13:21:22 | INFO | Removed 5 elements: overlay, popup
📐 Detecting header/footer for this page...
2026-07-01 13:21:22 | INFO | Template - Reused saved header selector on current page
2026-07-01 13:21:22 | INFO | Template - Reused saved footer selector on current page
2026-07-01 13:21:22 | INFO | Header: moderate complexity, 2 features
2026-07-01 13:21:22 | INFO | Footer: moderate complexity, 2 features
2026-07-01 13:21:22 | INFO | Phase 2: Identifying main content area...
2026-07-01 13:21:22 | INFO | Main content: #main-content
2026-07-01 13:21:23 | INFO | Phase 3: Detecting blocks...
2026-07-01 13:21:23 | WARNING | Blocks - 57% of blocks are unknown - site uses non-EDS patterns
2026-07-01 13:21:23 | INFO | Phase 4: Capturing block screenshots...
2026-07-01 13:21:23 | INFO |    Top-section: 16 rows via title+container
2026-07-01 13:21:23 | INFO |    Body start: y=400 (start row 16 via below-title+container)
2026-07-01 13:21:23 | INFO | URL Pattern: /w/inovacao/realidade-aumentada
2026-07-01 13:21:23 | INFO | Page catalog complete: /workspace/catalog/.pages/nossaenergia_petrobras_com_br_w_inovacao_realidade-aumentada--f36b1330/page-catalog.json
2026-07-01 13:21:23 | INFO | SUCCESS: https://nossaenergia.petrobras.com.br/w/inovacao/realidade-aumentada
2026-07-01 13:21:23 | INFO | PROGRESS: 30/190 analyzed (16% checklist complete) | 30 ok, 0 failed, 0 skipped | ~51 min remaining
2026-07-01 13:21:24 | INFO | Captured 7 block screenshots
2026-07-01 13:21:24 | INFO | Detected 7 blocks
2026-07-01 13:21:24 | INFO | Generating fingerprints for template discovery...
2026-07-01 13:21:25 | INFO | [34/190] Processing: https://nossaenergia.petrobras.com.br/w/inovacao/somos-penta-premio-otc
2026-07-01 13:21:25 | INFO | Generated slug: nossaenergia_petrobras_com_br_w_inovacao_somos-penta-premio-otc--9b946a8e
2026-07-01 13:21:25 | INFO | Starting analysis: https://nossaenergia.petrobras.com.br/w/inovacao/somos-penta-premio-otc -> /workspace/catalog/.pages/nossaenergia_petrobras_com_br_w_inovacao_somos-penta-premio-otc--9b946a8e
2026-07-01 13:21:25 | INFO | Loading: https://nossaenergia.petrobras.com.br/w/inovacao/somos-penta-premio-otc
2026-07-01 13:21:26 | INFO |    Top-section: 17 rows via title+container
2026-07-01 13:21:26 | INFO |    Body start: y=404 (start row 16 via below-title+container)
2026-07-01 13:21:26 | INFO | URL Pattern: /w/inovacao/robo-bombeiro
2026-07-01 13:21:26 | INFO | Page catalog complete: /workspace/catalog/.pages/nossaenergia_petrobras_com_br_w_inovacao_robo-bombeiro--ccdb92a4/page-catalog.json
2026-07-01 13:21:26 | INFO | SUCCESS: https://nossaenergia.petrobras.com.br/w/inovacao/robo-bombeiro
2026-07-01 13:21:27 | INFO | Phase 0A: Triggering lazy-loaded content...
2026-07-01 13:21:27 | INFO | Phase 0A: Triggering lazy-loaded content...
2026-07-01 13:21:28 | INFO | [35/190] Processing: https://nossaenergia.petrobras.com.br/w/inovacao/supercomputadores-quem-sao-onde-habitam-e-para-que-servem
2026-07-01 13:21:28 | INFO | Generated slug: nossaenergia_petrobras_com_br_w_inovacao_supercomputadores-quem-sao-onde-habitam-e-para-que-servem--0340d20e
2026-07-01 13:21:28 | INFO | Starting analysis: https://nossaenergia.petrobras.com.br/w/inovacao/supercomputadores-quem-sao-onde-habitam-e-para-que-servem -> /workspace/catalog/.pages/nossaenergia_petrobras_com_br_w_inovacao_supercomputadores-quem-sao-onde-habitam-e-para-que-servem--0340d20e
2026-07-01 13:21:28 | INFO | Loading: https://nossaenergia.petrobras.com.br/w/inovacao/supercomputadores-quem-sao-onde-habitam-e-para-que-servem
2026-07-01 13:21:28 | INFO | Lazy-load scroll complete
2026-07-01 13:21:28 | INFO | Phase 0B: Cleaning up overlays...
2026-07-01 13:21:29 | INFO | Lazy-load scroll complete
2026-07-01 13:21:29 | INFO | Phase 0B: Cleaning up overlays...
2026-07-01 13:21:32 | INFO | Phase 0A: Triggering lazy-loaded content...
2026-07-01 13:21:34 | INFO | Lazy-load scroll complete
2026-07-01 13:21:34 | INFO | Phase 0B: Cleaning up overlays...
2026-07-01 13:22:02 | INFO | Removed 5 elements: overlay, popup
📐 Detecting header/footer for this page...
2026-07-01 13:22:02 | INFO | Template - Reused saved header selector on current page
2026-07-01 13:22:02 | INFO | Template - Reused saved footer selector on current page
2026-07-01 13:22:02 | INFO | Header: moderate complexity, 2 features
2026-07-01 13:22:02 | INFO | Footer: moderate complexity, 2 features
2026-07-01 13:22:02 | INFO | Phase 2: Identifying main content area...
2026-07-01 13:22:02 | INFO | Main content: #main-content
2026-07-01 13:22:02 | INFO | Phase 3: Detecting blocks...
2026-07-01 13:22:02 | WARNING | Blocks - 64% of blocks are unknown - site uses non-EDS patterns
2026-07-01 13:22:02 | INFO | Phase 4: Capturing block screenshots...
2026-07-01 13:22:03 | INFO | Captured 11 block screenshots
2026-07-01 13:22:03 | INFO | Detected 11 blocks
2026-07-01 13:22:03 | INFO | Generating fingerprints for template discovery...
2026-07-01 13:22:06 | INFO |    Top-section: 16 rows via title+container
2026-07-01 13:22:06 | INFO |    Body start: y=400 (start row 16 via below-title+container)
2026-07-01 13:22:06 | INFO | URL Pattern: /w/inovacao/sismica-4d
2026-07-01 13:22:06 | INFO | Page catalog complete: /workspace/catalog/.pages/nossaenergia_petrobras_com_br_w_inovacao_sismica-4d--2848991e/page-catalog.json
2026-07-01 13:22:06 | INFO | SUCCESS: https://nossaenergia.petrobras.com.br/w/inovacao/sismica-4d
2026-07-01 13:22:08 | INFO | [36/190] Processing: https://nossaenergia.petrobras.com.br/w/inovacao/tecnologias-sustentaveis
2026-07-01 13:22:08 | INFO | Generated slug: nossaenergia_petrobras_com_br_w_inovacao_tecnologias-sustentaveis--43311f6c
2026-07-01 13:22:08 | INFO | Starting analysis: https://nossaenergia.petrobras.com.br/w/inovacao/tecnologias-sustentaveis -> /workspace/catalog/.pages/nossaenergia_petrobras_com_br_w_inovacao_tecnologias-sustentaveis--43311f6c
2026-07-01 13:22:08 | INFO | Loading: https://nossaenergia.petrobras.com.br/w/inovacao/tecnologias-sustentaveis
2026-07-01 13:22:12 | INFO | Phase 0A: Triggering lazy-loaded content...
2026-07-01 13:22:15 | INFO | Lazy-load scroll complete
2026-07-01 13:22:15 | INFO | Phase 0B: Cleaning up overlays...
2026-07-01 13:22:30 | INFO | Removed 5 elements: overlay, popup
📐 Detecting header/footer for this page...
2026-07-01 13:22:30 | INFO | Template - Reused saved header selector on current page
2026-07-01 13:22:30 | INFO | Template - Reused saved footer selector on current page
2026-07-01 13:22:30 | INFO | Header: moderate complexity, 2 features
2026-07-01 13:22:30 | INFO | Footer: moderate complexity, 2 features
2026-07-01 13:22:30 | INFO | Phase 2: Identifying main content area...
2026-07-01 13:22:30 | INFO | Main content: #main-content
2026-07-01 13:22:30 | INFO | Phase 3: Detecting blocks...
2026-07-01 13:22:30 | WARNING | Blocks - 75% of blocks are unknown - site uses non-EDS patterns
2026-07-01 13:22:30 | INFO | Phase 4: Capturing block screenshots...
2026-07-01 13:22:31 | INFO | Removed 5 elements: overlay, popup
📐 Detecting header/footer for this page...
2026-07-01 13:22:31 | INFO | Template - Reused saved header selector on current page
2026-07-01 13:22:31 | INFO | Template - Reused saved footer selector on current page
2026-07-01 13:22:31 | INFO | Header: moderate complexity, 2 features
2026-07-01 13:22:31 | INFO | Footer: moderate complexity, 2 features
2026-07-01 13:22:31 | INFO | Phase 2: Identifying main content area...
2026-07-01 13:22:31 | INFO | Main content: #main-content
2026-07-01 13:22:31 | INFO | Phase 3: Detecting blocks...
2026-07-01 13:22:31 | WARNING | Blocks - 75% of blocks are unknown - site uses non-EDS patterns
2026-07-01 13:22:31 | INFO | Phase 4: Capturing block screenshots...
2026-07-01 13:22:31 | INFO | Captured 8 block screenshots
2026-07-01 13:22:31 | INFO | Detected 8 blocks
2026-07-01 13:22:31 | INFO | Generating fingerprints for template discovery...
2026-07-01 13:22:32 | INFO | Captured 8 block screenshots
2026-07-01 13:22:32 | INFO | Detected 8 blocks
2026-07-01 13:22:32 | INFO | Generating fingerprints for template discovery...
2026-07-01 13:22:34 | INFO |    Top-section: 17 rows via title+container
2026-07-01 13:22:34 | INFO |    Body start: y=425 (start row 17 via below-title+container)
2026-07-01 13:22:34 | INFO | URL Pattern: /w/inovacao/somos-penta-pela-quinta-vez-fomos-reconhecidos-globalmente-com-o-premio-distinguished-achievement-award-da-otc
2026-07-01 13:22:34 | INFO | Page catalog complete: /workspace/catalog/.pages/nossaenergia_petrobras_com_br_w_inovacao_somos-penta-pela-quinta-vez-fomos-reconhecidos-globalmente-com-o-premio-distinguished-achievement-award-da-otc--5dc65e28/page-catalog.json
2026-07-01 13:22:34 | INFO | SUCCESS: https://nossaenergia.petrobras.com.br/w/inovacao/somos-penta-pela-quinta-vez-fomos-reconhecidos-globalmente-com-o-premio-distinguished-achievement-award-da-otc
2026-07-01 13:22:35 | INFO |    Top-section: 17 rows via title+container
2026-07-01 13:22:35 | INFO |    Body start: y=425 (start row 17 via below-title+container)
2026-07-01 13:22:35 | INFO | URL Pattern: /w/inovacao/somos-penta-premio-otc
2026-07-01 13:22:35 | INFO | Page catalog complete: /workspace/catalog/.pages/nossaenergia_petrobras_com_br_w_inovacao_somos-penta-premio-otc--9b946a8e/page-catalog.json
2026-07-01 13:22:35 | INFO | SUCCESS: https://nossaenergia.petrobras.com.br/w/inovacao/somos-penta-premio-otc
2026-07-01 13:22:36 | INFO | Removed 5 elements: overlay, popup
📐 Detecting header/footer for this page...
2026-07-01 13:22:36 | INFO | Template - Reused saved header selector on current page
2026-07-01 13:22:36 | INFO | Template - Reused saved footer selector on current page
2026-07-01 13:22:36 | INFO | Header: moderate complexity, 2 features
2026-07-01 13:22:36 | INFO | Footer: moderate complexity, 2 features
2026-07-01 13:22:36 | INFO | Phase 2: Identifying main content area...
2026-07-01 13:22:36 | INFO | Main content: #main-content
2026-07-01 13:22:36 | INFO | Phase 3: Detecting blocks...
2026-07-01 13:22:36 | WARNING | Blocks - 56% of blocks are unknown - site uses non-EDS patterns
2026-07-01 13:22:36 | INFO | Phase 4: Capturing block screenshots...
2026-07-01 13:22:36 | INFO | [37/190] Processing: https://nossaenergia.petrobras.com.br/w/inovacao/tipos-de-navio
2026-07-01 13:22:36 | INFO | Generated slug: nossaenergia_petrobras_com_br_w_inovacao_tipos-de-navio--27d88cef
2026-07-01 13:22:36 | INFO | Starting analysis: https://nossaenergia.petrobras.com.br/w/inovacao/tipos-de-navio -> /workspace/catalog/.pages/nossaenergia_petrobras_com_br_w_inovacao_tipos-de-navio--27d88cef
2026-07-01 13:22:36 | INFO | Loading: https://nossaenergia.petrobras.com.br/w/inovacao/tipos-de-navio
2026-07-01 13:22:37 | INFO | [38/190] Processing: https://nossaenergia.petrobras.com.br/w/nossas-atividades/10-duvidas-sobre-exploracao-na-margem-equatorial
2026-07-01 13:22:37 | INFO | Generated slug: nossaenergia_petrobras_com_br_w_nossas-atividades_10-duvidas-sobre-exploracao-na-margem-equatorial--9c5f9d6c
2026-07-01 13:22:37 | INFO | Starting analysis: https://nossaenergia.petrobras.com.br/w/nossas-atividades/10-duvidas-sobre-exploracao-na-margem-equatorial -> /workspace/catalog/.pages/nossaenergia_petrobras_com_br_w_nossas-atividades_10-duvidas-sobre-exploracao-na-margem-equatorial--9c5f9d6c
2026-07-01 13:22:37 | INFO | Loading: https://nossaenergia.petrobras.com.br/w/nossas-atividades/10-duvidas-sobre-exploracao-na-margem-equatorial
2026-07-01 13:22:37 | INFO | Captured 9 block screenshots
2026-07-01 13:22:37 | INFO | Detected 9 blocks
2026-07-01 13:22:37 | INFO | Generating fingerprints for template discovery...
2026-07-01 13:22:40 | INFO |    Top-section: 16 rows via title+container
2026-07-01 13:22:40 | INFO |    Body start: y=400 (start row 16 via below-title+container)
2026-07-01 13:22:40 | INFO | URL Pattern: /w/inovacao/supercomputadores-quem-sao-onde-habitam-e-para-que-servem
2026-07-01 13:22:40 | INFO | Page catalog complete: /workspace/catalog/.pages/nossaenergia_petrobras_com_br_w_inovacao_supercomputadores-quem-sao-onde-habitam-e-para-que-servem--0340d20e/page-catalog.json
2026-07-01 13:22:40 | INFO | SUCCESS: https://nossaenergia.petrobras.com.br/w/inovacao/supercomputadores-quem-sao-onde-habitam-e-para-que-servem
2026-07-01 13:22:40 | INFO | PROGRESS: 35/190 analyzed (18% checklist complete) | 35 ok, 0 failed, 0 skipped | ~48 min remaining
2026-07-01 13:22:41 | INFO | Phase 0A: Triggering lazy-loaded content...
2026-07-01 13:22:41 | INFO | Phase 0A: Triggering lazy-loaded content...
2026-07-01 13:22:42 | INFO | [39/190] Processing: https://nossaenergia.petrobras.com.br/w/nossas-atividades/a-bacia-de-campos-ja-fez-historia-e-ainda-tem-muita-historia-pra-contar
2026-07-01 13:22:42 | INFO | Generated slug: nossaenergia_petrobras_com_br_w_nossas-atividades_a-bacia-de-campos-ja-fez-historia-e-ainda-tem-muita-historia-pra-contar--7a616e99
2026-07-01 13:22:42 | INFO | Starting analysis: https://nossaenergia.petrobras.com.br/w/nossas-atividades/a-bacia-de-campos-ja-fez-historia-e-ainda-tem-muita-historia-pra-contar -> /workspace/catalog/.pages/nossaenergia_petrobras_com_br_w_nossas-atividades_a-bacia-de-campos-ja-fez-historia-e-ainda-tem-muita-historia-pra-contar--7a616e99
2026-07-01 13:22:42 | INFO | Loading: https://nossaenergia.petrobras.com.br/w/nossas-atividades/a-bacia-de-campos-ja-fez-historia-e-ainda-tem-muita-historia-pra-contar
2026-07-01 13:22:44 | INFO | Lazy-load scroll complete
2026-07-01 13:22:44 | INFO | Phase 0B: Cleaning up overlays...
2026-07-01 13:22:44 | INFO | Lazy-load scroll complete
2026-07-01 13:22:44 | INFO | Phase 0B: Cleaning up overlays...
2026-07-01 13:22:46 | INFO | Phase 0A: Triggering lazy-loaded content...
2026-07-01 13:22:48 | INFO | Lazy-load scroll complete
2026-07-01 13:22:48 | INFO | Phase 0B: Cleaning up overlays...
2026-07-01 13:23:16 | INFO | Removed 5 elements: overlay, popup
📐 Detecting header/footer for this page...
2026-07-01 13:23:16 | INFO | Template - Reused saved header selector on current page
2026-07-01 13:23:16 | INFO | Template - Reused saved footer selector on current page
2026-07-01 13:23:16 | INFO | Header: moderate complexity, 2 features
2026-07-01 13:23:16 | INFO | Footer: moderate complexity, 2 features
2026-07-01 13:23:16 | INFO | Phase 2: Identifying main content area...
2026-07-01 13:23:16 | INFO | Main content: #main-content
2026-07-01 13:23:16 | INFO | Phase 3: Detecting blocks...
2026-07-01 13:23:16 | WARNING | Blocks - 50% of blocks are unknown - site uses non-EDS patterns
2026-07-01 13:23:16 | INFO | Phase 4: Capturing block screenshots...
2026-07-01 13:23:18 | INFO | Captured 10 block screenshots
2026-07-01 13:23:18 | INFO | Detected 10 blocks
2026-07-01 13:23:18 | INFO | Generating fingerprints for template discovery...
2026-07-01 13:23:21 | INFO |    Top-section: 16 rows via title+container
2026-07-01 13:23:21 | INFO |    Body start: y=400 (start row 16 via below-title+container)
2026-07-01 13:23:21 | INFO | URL Pattern: /w/inovacao/tecnologias-sustentaveis
2026-07-01 13:23:21 | INFO | Page catalog complete: /workspace/catalog/.pages/nossaenergia_petrobras_com_br_w_inovacao_tecnologias-sustentaveis--43311f6c/page-catalog.json
2026-07-01 13:23:21 | INFO | SUCCESS: https://nossaenergia.petrobras.com.br/w/inovacao/tecnologias-sustentaveis
2026-07-01 13:23:23 | INFO | [40/190] Processing: https://nossaenergia.petrobras.com.br/w/nossas-atividades/agua-reutilizando-hoje-para-poder-usar-sempre
2026-07-01 13:23:23 | INFO | Generated slug: nossaenergia_petrobras_com_br_w_nossas-atividades_agua-reutilizando-hoje-para-poder-usar-sempre--c59806bf
2026-07-01 13:23:23 | INFO | Starting analysis: https://nossaenergia.petrobras.com.br/w/nossas-atividades/agua-reutilizando-hoje-para-poder-usar-sempre -> /workspace/catalog/.pages/nossaenergia_petrobras_com_br_w_nossas-atividades_agua-reutilizando-hoje-para-poder-usar-sempre--c59806bf
2026-07-01 13:23:23 | INFO | Loading: https://nossaenergia.petrobras.com.br/w/nossas-atividades/agua-reutilizando-hoje-para-poder-usar-sempre
2026-07-01 13:23:27 | INFO | Phase 0A: Triggering lazy-loaded content...
2026-07-01 13:23:29 | INFO | Lazy-load scroll complete
2026-07-01 13:23:29 | INFO | Phase 0B: Cleaning up overlays...
2026-07-01 13:23:45 | INFO | Removed 5 elements: overlay, popup
📐 Detecting header/footer for this page...
2026-07-01 13:23:45 | INFO | Template - Reused saved header selector on current page
2026-07-01 13:23:45 | INFO | Template - Reused saved footer selector on current page
2026-07-01 13:23:45 | INFO | Header: moderate complexity, 2 features
2026-07-01 13:23:45 | INFO | Footer: moderate complexity, 2 features
2026-07-01 13:23:45 | INFO | Phase 2: Identifying main content area...
2026-07-01 13:23:45 | INFO | Main content: #main-content
2026-07-01 13:23:45 | INFO | Phase 3: Detecting blocks...
2026-07-01 13:23:45 | WARNING | Blocks - 79% of blocks are unknown - site uses non-EDS patterns
2026-07-01 13:23:45 | INFO | Phase 4: Capturing block screenshots...
2026-07-01 13:23:46 | INFO | Removed 5 elements: overlay, popup
📐 Detecting header/footer for this page...
2026-07-01 13:23:46 | INFO | Template - Reused saved header selector on current page
2026-07-01 13:23:46 | INFO | Template - Reused saved footer selector on current page
2026-07-01 13:23:46 | INFO | Header: moderate complexity, 2 features
2026-07-01 13:23:46 | INFO | Footer: moderate complexity, 2 features
2026-07-01 13:23:46 | INFO | Phase 2: Identifying main content area...
2026-07-01 13:23:46 | INFO | Main content: #main-content
2026-07-01 13:23:46 | INFO | Phase 3: Detecting blocks...
2026-07-01 13:23:46 | WARNING | Blocks - 58% of blocks are unknown - site uses non-EDS patterns
2026-07-01 13:23:46 | INFO | Phase 4: Capturing block screenshots...
2026-07-01 13:23:47 | INFO | Captured 14 block screenshots
2026-07-01 13:23:47 | INFO | Detected 14 blocks
2026-07-01 13:23:47 | INFO | Generating fingerprints for template discovery...
2026-07-01 13:23:47 | INFO | Captured 12 block screenshots
2026-07-01 13:23:47 | INFO | Detected 12 blocks
2026-07-01 13:23:47 | INFO | Generating fingerprints for template discovery...
2026-07-01 13:23:49 | INFO |    Top-section: 16 rows via title+container
2026-07-01 13:23:49 | INFO |    Body start: y=400 (start row 16 via below-title+container)
2026-07-01 13:23:49 | INFO | URL Pattern: /w/inovacao/tipos-de-navio
2026-07-01 13:23:49 | INFO | Page catalog complete: /workspace/catalog/.pages/nossaenergia_petrobras_com_br_w_inovacao_tipos-de-navio--27d88cef/page-catalog.json
2026-07-01 13:23:49 | INFO | SUCCESS: https://nossaenergia.petrobras.com.br/w/inovacao/tipos-de-navio
2026-07-01 13:23:50 | INFO | Removed 5 elements: overlay, popup
📐 Detecting header/footer for this page...
2026-07-01 13:23:50 | INFO | Template - Reused saved header selector on current page
2026-07-01 13:23:50 | INFO | Template - Reused saved footer selector on current page
2026-07-01 13:23:50 | INFO | Header: moderate complexity, 2 features
2026-07-01 13:23:50 | INFO | Footer: moderate complexity, 2 features
2026-07-01 13:23:50 | INFO | Phase 2: Identifying main content area...
2026-07-01 13:23:50 | INFO | Main content: #main-content
2026-07-01 13:23:50 | INFO | Phase 3: Detecting blocks...
2026-07-01 13:23:50 | WARNING | Blocks - 57% of blocks are unknown - site uses non-EDS patterns
2026-07-01 13:23:50 | INFO | Phase 4: Capturing block screenshots...
2026-07-01 13:23:50 | INFO |    Top-section: 17 rows via title+container
2026-07-01 13:23:50 | INFO |    Body start: y=425 (start row 17 via below-title+container)
2026-07-01 13:23:50 | INFO | URL Pattern: /w/nossas-atividades/10-duvidas-sobre-exploracao-na-margem-equatorial
2026-07-01 13:23:50 | INFO | Page catalog complete: /workspace/catalog/.pages/nossaenergia_petrobras_com_br_w_nossas-atividades_10-duvidas-sobre-exploracao-na-margem-equatorial--9c5f9d6c/page-catalog.json
2026-07-01 13:23:50 | INFO | SUCCESS: https://nossaenergia.petrobras.com.br/w/nossas-atividades/10-duvidas-sobre-exploracao-na-margem-equatorial
2026-07-01 13:23:51 | INFO | Captured 7 block screenshots
2026-07-01 13:23:51 | INFO | Detected 7 blocks
2026-07-01 13:23:51 | INFO | Generating fingerprints for template discovery...
2026-07-01 13:23:51 | INFO | [41/190] Processing: https://nossaenergia.petrobras.com.br/w/nossas-atividades/autonomia-e-renda-um-programa-para-desenvolver-pessoas-e-gerar-oportunidades
2026-07-01 13:23:51 | INFO | Generated slug: nossaenergia_petrobras_com_br_w_nossas-atividades_autonomia-e-renda-um-programa-para-desenvolver-pessoas-e-gerar-oportunidades--8e4e5570
2026-07-01 13:23:51 | INFO | Starting analysis: https://nossaenergia.petrobras.com.br/w/nossas-atividades/autonomia-e-renda-um-programa-para-desenvolver-pessoas-e-gerar-oportunidades -> /workspace/catalog/.pages/nossaenergia_petrobras_com_br_w_nossas-atividades_autonomia-e-renda-um-programa-para-desenvolver-pessoas-e-gerar-oportunidades--8e4e5570
2026-07-01 13:23:51 | INFO | Loading: https://nossaenergia.petrobras.com.br/w/nossas-atividades/autonomia-e-renda-um-programa-para-desenvolver-pessoas-e-gerar-oportunidades
2026-07-01 13:23:52 | INFO | [42/190] Processing: https://nossaenergia.petrobras.com.br/w/nossas-atividades/bacia-de-santos-da-inviabilidade-de-producao-aos-destaques-no-pre-sal
2026-07-01 13:23:52 | INFO | Generated slug: nossaenergia_petrobras_com_br_w_nossas-atividades_bacia-de-santos-da-inviabilidade-de-producao-aos-destaques-no-pre-sal--6b94c92a
2026-07-01 13:23:52 | INFO | Starting analysis: https://nossaenergia.petrobras.com.br/w/nossas-atividades/bacia-de-santos-da-inviabilidade-de-producao-aos-destaques-no-pre-sal -> /workspace/catalog/.pages/nossaenergia_petrobras_com_br_w_nossas-atividades_bacia-de-santos-da-inviabilidade-de-producao-aos-destaques-no-pre-sal--6b94c92a
2026-07-01 13:23:52 | INFO | Loading: https://nossaenergia.petrobras.com.br/w/nossas-atividades/bacia-de-santos-da-inviabilidade-de-producao-aos-destaques-no-pre-sal
2026-07-01 13:23:53 | INFO |    Top-section: 16 rows via title+container
2026-07-01 13:23:53 | INFO |    Body start: y=400 (start row 16 via below-title+container)
2026-07-01 13:23:53 | INFO | URL Pattern: /w/nossas-atividades/a-bacia-de-campos-ja-fez-historia-e-ainda-tem-muita-historia-pra-contar
2026-07-01 13:23:53 | INFO | Page catalog complete: /workspace/catalog/.pages/nossaenergia_petrobras_com_br_w_nossas-atividades_a-bacia-de-campos-ja-fez-historia-e-ainda-tem-muita-historia-pra-contar--7a616e99/page-catalog.json
2026-07-01 13:23:53 | INFO | SUCCESS: https://nossaenergia.petrobras.com.br/w/nossas-atividades/a-bacia-de-campos-ja-fez-historia-e-ainda-tem-muita-historia-pra-contar
2026-07-01 13:23:55 | INFO | [43/190] Processing: https://nossaenergia.petrobras.com.br/w/nossas-atividades/bacia-sergipe-alagoas-conheca-as-oportunidades
2026-07-01 13:23:55 | INFO | Generated slug: nossaenergia_petrobras_com_br_w_nossas-atividades_bacia-sergipe-alagoas-conheca-as-oportunidades--62d027f1
2026-07-01 13:23:55 | INFO | Starting analysis: https://nossaenergia.petrobras.com.br/w/nossas-atividades/bacia-sergipe-alagoas-conheca-as-oportunidades -> /workspace/catalog/.pages/nossaenergia_petrobras_com_br_w_nossas-atividades_bacia-sergipe-alagoas-conheca-as-oportunidades--62d027f1
2026-07-01 13:23:55 | INFO | Loading: https://nossaenergia.petrobras.com.br/w/nossas-atividades/bacia-sergipe-alagoas-conheca-as-oportunidades
2026-07-01 13:23:57 | INFO | Phase 0A: Triggering lazy-loaded content...
2026-07-01 13:23:57 | INFO | Phase 0A: Triggering lazy-loaded content...
2026-07-01 13:23:59 | INFO | Phase 0A: Triggering lazy-loaded content...
2026-07-01 13:24:00 | INFO | Lazy-load scroll complete
2026-07-01 13:24:00 | INFO | Phase 0B: Cleaning up overlays...
2026-07-01 13:24:00 | INFO | Lazy-load scroll complete
2026-07-01 13:24:00 | INFO | Phase 0B: Cleaning up overlays...
2026-07-01 13:24:02 | INFO | Lazy-load scroll complete
2026-07-01 13:24:02 | INFO | Phase 0B: Cleaning up overlays...
2026-07-01 13:24:30 | INFO | Removed 5 elements: overlay, popup
📐 Detecting header/footer for this page...
2026-07-01 13:24:30 | INFO | Template - Reused saved header selector on current page
2026-07-01 13:24:30 | INFO | Template - Reused saved footer selector on current page
2026-07-01 13:24:30 | INFO | Header: moderate complexity, 2 features
2026-07-01 13:24:30 | INFO | Footer: moderate complexity, 2 features
2026-07-01 13:24:30 | INFO | Phase 2: Identifying main content area...
2026-07-01 13:24:30 | INFO | Main content: #main-content
2026-07-01 13:24:30 | INFO | Phase 3: Detecting blocks...
2026-07-01 13:24:30 | WARNING | Blocks - 57% of blocks are unknown - site uses non-EDS patterns
2026-07-01 13:24:30 | INFO | Phase 4: Capturing block screenshots...
2026-07-01 13:24:31 | INFO | Captured 7 block screenshots
2026-07-01 13:24:31 | INFO | Detected 7 blocks
2026-07-01 13:24:31 | INFO | Generating fingerprints for template discovery...
2026-07-01 13:24:34 | INFO |    Top-section: 14 rows via title+container
2026-07-01 13:24:34 | INFO |    Body start: y=350 (start row 14 via below-title+container)
2026-07-01 13:24:34 | INFO | URL Pattern: /w/nossas-atividades/agua-reutilizando-hoje-para-poder-usar-sempre
2026-07-01 13:24:34 | INFO | Page catalog complete: /workspace/catalog/.pages/nossaenergia_petrobras_com_br_w_nossas-atividades_agua-reutilizando-hoje-para-poder-usar-sempre--c59806bf/page-catalog.json
2026-07-01 13:24:34 | INFO | SUCCESS: https://nossaenergia.petrobras.com.br/w/nossas-atividades/agua-reutilizando-hoje-para-poder-usar-sempre
2026-07-01 13:24:34 | INFO | PROGRESS: 40/190 analyzed (21% checklist complete) | 40 ok, 0 failed, 0 skipped | ~48 min remaining
2026-07-01 13:24:36 | INFO | [44/190] Processing: https://nossaenergia.petrobras.com.br/w/nossas-atividades/ccs-sao-tome-conheca-o-grande-laboratorio-de-captura-e-armazenamento-de-co2-da-petrobras
2026-07-01 13:24:36 | INFO | Generated slug: nossaenergia_petrobras_com_br_w_nossas-atividades_ccs-sao-tome-conheca-o-grande-laboratorio-de-captura-e-armazenamento-de-co2-da-petrobras--4edbba93
2026-07-01 13:24:36 | INFO | Starting analysis: https://nossaenergia.petrobras.com.br/w/nossas-atividades/ccs-sao-tome-conheca-o-grande-laboratorio-de-captura-e-armazenamento-de-co2-da-petrobras -> /workspace/catalog/.pages/nossaenergia_petrobras_com_br_w_nossas-atividades_ccs-sao-tome-conheca-o-grande-laboratorio-de-captura-e-armazenamento-de-co2-da-petrobras--4edbba93
2026-07-01 13:24:36 | INFO | Loading: https://nossaenergia.petrobras.com.br/w/nossas-atividades/ccs-sao-tome-conheca-o-grande-laboratorio-de-captura-e-armazenamento-de-co2-da-petrobras
2026-07-01 13:24:41 | INFO | Phase 0A: Triggering lazy-loaded content...
2026-07-01 13:24:43 | INFO | Lazy-load scroll complete
2026-07-01 13:24:43 | INFO | Phase 0B: Cleaning up overlays...
2026-07-01 13:25:01 | INFO | Removed 5 elements: overlay, popup
📐 Detecting header/footer for this page...
2026-07-01 13:25:01 | INFO | Template - Reused saved header selector on current page
2026-07-01 13:25:01 | INFO | Template - Reused saved footer selector on current page
2026-07-01 13:25:01 | INFO | Header: moderate complexity, 2 features
2026-07-01 13:25:01 | INFO | Footer: moderate complexity, 2 features
2026-07-01 13:25:01 | INFO | Phase 2: Identifying main content area...
2026-07-01 13:25:01 | INFO | Main content: #main-content
2026-07-01 13:25:01 | INFO | Phase 3: Detecting blocks...
2026-07-01 13:25:01 | INFO | Phase 4: Capturing block screenshots...
2026-07-01 13:25:01 | INFO | Removed 5 elements: overlay, popup
📐 Detecting header/footer for this page...
2026-07-01 13:25:01 | INFO | Template - Reused saved header selector on current page
2026-07-01 13:25:01 | INFO | Template - Reused saved footer selector on current page
2026-07-01 13:25:01 | INFO | Header: moderate complexity, 2 features
2026-07-01 13:25:01 | INFO | Footer: moderate complexity, 2 features
2026-07-01 13:25:01 | INFO | Phase 2: Identifying main content area...
2026-07-01 13:25:01 | INFO | Main content: #main-content
2026-07-01 13:25:01 | INFO | Phase 3: Detecting blocks...
2026-07-01 13:25:01 | WARNING | Blocks - 63% of blocks are unknown - site uses non-EDS patterns
2026-07-01 13:25:01 | INFO | Phase 4: Capturing block screenshots...
2026-07-01 13:25:02 | INFO | Captured 9 block screenshots
2026-07-01 13:25:02 | INFO | Detected 9 blocks
2026-07-01 13:25:02 | INFO | Generating fingerprints for template discovery...
2026-07-01 13:25:03 | INFO | Captured 8 block screenshots
2026-07-01 13:25:03 | INFO | Detected 8 blocks
2026-07-01 13:25:03 | INFO | Generating fingerprints for template discovery...
2026-07-01 13:25:03 | INFO | Removed 5 elements: overlay, popup
📐 Detecting header/footer for this page...
2026-07-01 13:25:03 | INFO | Template - Reused saved header selector on current page
2026-07-01 13:25:03 | INFO | Template - Reused saved footer selector on current page
2026-07-01 13:25:03 | INFO | Header: moderate complexity, 2 features
2026-07-01 13:25:03 | INFO | Footer: moderate complexity, 2 features
2026-07-01 13:25:03 | INFO | Phase 2: Identifying main content area...
2026-07-01 13:25:03 | INFO | Main content: #main-content
2026-07-01 13:25:03 | INFO | Phase 3: Detecting blocks...
2026-07-01 13:25:03 | WARNING | Blocks - 78% of blocks are unknown - site uses non-EDS patterns
2026-07-01 13:25:03 | INFO | Phase 4: Capturing block screenshots...
2026-07-01 13:25:05 | INFO | Captured 9 block screenshots
2026-07-01 13:25:05 | INFO | Detected 9 blocks
2026-07-01 13:25:05 | INFO | Generating fingerprints for template discovery...
2026-07-01 13:25:05 | INFO |    Top-section: 16 rows via title+container
2026-07-01 13:25:05 | INFO |    Body start: y=400 (start row 16 via below-title+container)
2026-07-01 13:25:05 | INFO | URL Pattern: /w/nossas-atividades/bacia-de-santos-da-inviabilidade-de-producao-aos-destaques-no-pre-sal
2026-07-01 13:25:05 | INFO | Page catalog complete: /workspace/catalog/.pages/nossaenergia_petrobras_com_br_w_nossas-atividades_bacia-de-santos-da-inviabilidade-de-producao-aos-destaques-no-pre-sal--6b94c92a/page-catalog.json
2026-07-01 13:25:05 | INFO | SUCCESS: https://nossaenergia.petrobras.com.br/w/nossas-atividades/bacia-de-santos-da-inviabilidade-de-producao-aos-destaques-no-pre-sal
2026-07-01 13:25:05 | INFO |    Top-section: 16 rows via title+container
2026-07-01 13:25:05 | INFO |    Body start: y=400 (start row 16 via below-title+container)
2026-07-01 13:25:05 | INFO | URL Pattern: /w/nossas-atividades/autonomia-e-renda-um-programa-para-desenvolver-pessoas-e-gerar-oportunidades
2026-07-01 13:25:05 | INFO | Page catalog complete: /workspace/catalog/.pages/nossaenergia_petrobras_com_br_w_nossas-atividades_autonomia-e-renda-um-programa-para-desenvolver-pessoas-e-gerar-oportunidades--8e4e5570/page-catalog.json
2026-07-01 13:25:05 | INFO | SUCCESS: https://nossaenergia.petrobras.com.br/w/nossas-atividades/autonomia-e-renda-um-programa-para-desenvolver-pessoas-e-gerar-oportunidades
2026-07-01 13:25:07 | INFO | [45/190] Processing: https://nossaenergia.petrobras.com.br/w/nossas-atividades/cinco-tecnologias-que-parecem-futuristas-mas-ja-sao-reais-na-petrobras
2026-07-01 13:25:07 | INFO | Generated slug: nossaenergia_petrobras_com_br_w_nossas-atividades_cinco-tecnologias-que-parecem-futuristas-mas-ja-sao-reais-na-petrobras--785a8db1
2026-07-01 13:25:07 | INFO | Starting analysis: https://nossaenergia.petrobras.com.br/w/nossas-atividades/cinco-tecnologias-que-parecem-futuristas-mas-ja-sao-reais-na-petrobras -> /workspace/catalog/.pages/nossaenergia_petrobras_com_br_w_nossas-atividades_cinco-tecnologias-que-parecem-futuristas-mas-ja-sao-reais-na-petrobras--785a8db1
2026-07-01 13:25:07 | INFO | Loading: https://nossaenergia.petrobras.com.br/w/nossas-atividades/cinco-tecnologias-que-parecem-futuristas-mas-ja-sao-reais-na-petrobras
2026-07-01 13:25:07 | INFO |    Top-section: 17 rows via title+container
2026-07-01 13:25:07 | INFO |    Body start: y=425 (start row 17 via below-title+container)
2026-07-01 13:25:07 | INFO | URL Pattern: /w/nossas-atividades/bacia-sergipe-alagoas-conheca-as-oportunidades
2026-07-01 13:25:07 | INFO | Page catalog complete: /workspace/catalog/.pages/nossaenergia_petrobras_com_br_w_nossas-atividades_bacia-sergipe-alagoas-conheca-as-oportunidades--62d027f1/page-catalog.json
2026-07-01 13:25:07 | INFO | SUCCESS: https://nossaenergia.petrobras.com.br/w/nossas-atividades/bacia-sergipe-alagoas-conheca-as-oportunidades
2026-07-01 13:25:07 | INFO | [46/190] Processing: https://nossaenergia.petrobras.com.br/w/nossas-atividades/d%C3%BAvidas-sobre-o-pre%C3%A7o-dos-combust%C3%ADveis-por-que-os-pre%C3%A7os-podem-variar
2026-07-01 13:25:07 | INFO | Generated slug: nossaenergia_petrobras_com_br_w_nossas-atividades_d_C3_BAvidas-sobre-o-pre_C3_A7o-dos-combust_C3_ADveis-por-que-os-pre_C3_A7os-podem-variar--0cc13fe3
2026-07-01 13:25:07 | INFO | Starting analysis: https://nossaenergia.petrobras.com.br/w/nossas-atividades/d%C3%BAvidas-sobre-o-pre%C3%A7o-dos-combust%C3%ADveis-por-que-os-pre%C3%A7os-podem-variar -> /workspace/catalog/.pages/nossaenergia_petrobras_com_br_w_nossas-atividades_d_C3_BAvidas-sobre-o-pre_C3_A7o-dos-combust_C3_ADveis-por-que-os-pre_C3_A7os-podem-variar--0cc13fe3
2026-07-01 13:25:07 | INFO | Loading: https://nossaenergia.petrobras.com.br/w/nossas-atividades/d%C3%BAvidas-sobre-o-pre%C3%A7o-dos-combust%C3%ADveis-por-que-os-pre%C3%A7os-podem-variar
2026-07-01 13:25:09 | INFO | [47/190] Processing: https://nossaenergia.petrobras.com.br/w/nossas-atividades/de-onde-vem-a-gasolina
2026-07-01 13:25:09 | INFO | Generated slug: nossaenergia_petrobras_com_br_w_nossas-atividades_de-onde-vem-a-gasolina--56143f24
2026-07-01 13:25:09 | INFO | Starting analysis: https://nossaenergia.petrobras.com.br/w/nossas-atividades/de-onde-vem-a-gasolina -> /workspace/catalog/.pages/nossaenergia_petrobras_com_br_w_nossas-atividades_de-onde-vem-a-gasolina--56143f24
2026-07-01 13:25:09 | INFO | Loading: https://nossaenergia.petrobras.com.br/w/nossas-atividades/de-onde-vem-a-gasolina
2026-07-01 13:25:11 | INFO | Phase 0A: Triggering lazy-loaded content...
2026-07-01 13:25:11 | INFO | Phase 0A: Triggering lazy-loaded content...
2026-07-01 13:25:13 | INFO | Phase 0A: Triggering lazy-loaded content...
2026-07-01 13:25:13 | INFO | Lazy-load scroll complete
2026-07-01 13:25:13 | INFO | Phase 0B: Cleaning up overlays...
2026-07-01 13:25:14 | INFO | Lazy-load scroll complete
2026-07-01 13:25:14 | INFO | Phase 0B: Cleaning up overlays...
2026-07-01 13:25:15 | INFO | Lazy-load scroll complete
2026-07-01 13:25:15 | INFO | Phase 0B: Cleaning up overlays...
2026-07-01 13:25:44 | INFO | Removed 5 elements: overlay, popup
📐 Detecting header/footer for this page...
2026-07-01 13:25:44 | INFO | Template - Reused saved header selector on current page
2026-07-01 13:25:44 | INFO | Template - Reused saved footer selector on current page
2026-07-01 13:25:44 | INFO | Header: moderate complexity, 2 features
2026-07-01 13:25:44 | INFO | Footer: moderate complexity, 2 features
2026-07-01 13:25:44 | INFO | Phase 2: Identifying main content area...
2026-07-01 13:25:44 | INFO | Main content: #main-content
2026-07-01 13:25:45 | INFO | Phase 3: Detecting blocks...
2026-07-01 13:25:45 | WARNING | Blocks - 56% of blocks are unknown - site uses non-EDS patterns
2026-07-01 13:25:45 | INFO | Phase 4: Capturing block screenshots...
2026-07-01 13:25:46 | INFO | Captured 9 block screenshots
2026-07-01 13:25:46 | INFO | Detected 9 blocks
2026-07-01 13:25:46 | INFO | Generating fingerprints for template discovery...
2026-07-01 13:25:48 | INFO |    Top-section: 16 rows via title+container
2026-07-01 13:25:48 | INFO |    Body start: y=400 (start row 16 via below-title+container)
2026-07-01 13:25:48 | INFO | URL Pattern: /w/nossas-atividades/ccs-sao-tome-conheca-o-grande-laboratorio-de-captura-e-armazenamento-de-co2-da-petrobras
2026-07-01 13:25:48 | INFO | Page catalog complete: /workspace/catalog/.pages/nossaenergia_petrobras_com_br_w_nossas-atividades_ccs-sao-tome-conheca-o-grande-laboratorio-de-captura-e-armazenamento-de-co2-da-petrobras--4edbba93/page-catalog.json
2026-07-01 13:25:48 | INFO | SUCCESS: https://nossaenergia.petrobras.com.br/w/nossas-atividades/ccs-sao-tome-conheca-o-grande-laboratorio-de-captura-e-armazenamento-de-co2-da-petrobras
2026-07-01 13:25:50 | INFO | [48/190] Processing: https://nossaenergia.petrobras.com.br/w/nossas-atividades/descoberta-de-campos-de-petroleo
2026-07-01 13:25:50 | INFO | Generated slug: nossaenergia_petrobras_com_br_w_nossas-atividades_descoberta-de-campos-de-petroleo--2fbb8eb3
2026-07-01 13:25:50 | INFO | Starting analysis: https://nossaenergia.petrobras.com.br/w/nossas-atividades/descoberta-de-campos-de-petroleo -> /workspace/catalog/.pages/nossaenergia_petrobras_com_br_w_nossas-atividades_descoberta-de-campos-de-petroleo--2fbb8eb3
2026-07-01 13:25:51 | INFO | Loading: https://nossaenergia.petrobras.com.br/w/nossas-atividades/descoberta-de-campos-de-petroleo
2026-07-01 13:25:55 | INFO | Phase 0A: Triggering lazy-loaded content...
2026-07-01 13:25:57 | INFO | Lazy-load scroll complete
2026-07-01 13:25:57 | INFO | Phase 0B: Cleaning up overlays...
2026-07-01 13:26:14 | INFO | Removed 5 elements: overlay, popup
📐 Detecting header/footer for this page...
2026-07-01 13:26:14 | INFO | Template - Reused saved header selector on current page
2026-07-01 13:26:14 | INFO | Template - Reused saved footer selector on current page
2026-07-01 13:26:14 | INFO | Header: moderate complexity, 2 features
2026-07-01 13:26:14 | INFO | Footer: moderate complexity, 2 features
2026-07-01 13:26:14 | INFO | Phase 2: Identifying main content area...
2026-07-01 13:26:14 | INFO | Main content: #main-content
2026-07-01 13:26:15 | INFO | Phase 3: Detecting blocks...
2026-07-01 13:26:15 | WARNING | Blocks - 50% of blocks are unknown - site uses non-EDS patterns
2026-07-01 13:26:15 | INFO | Phase 4: Capturing block screenshots...
2026-07-01 13:26:15 | INFO | Removed 5 elements: overlay, popup
📐 Detecting header/footer for this page...
2026-07-01 13:26:15 | INFO | Template - Reused saved header selector on current page
2026-07-01 13:26:15 | INFO | Template - Reused saved footer selector on current page
2026-07-01 13:26:15 | INFO | Header: moderate complexity, 2 features
2026-07-01 13:26:15 | INFO | Footer: moderate complexity, 2 features
2026-07-01 13:26:15 | INFO | Phase 2: Identifying main content area...
2026-07-01 13:26:15 | INFO | Main content: #main-content
2026-07-01 13:26:15 | INFO | Phase 3: Detecting blocks...
2026-07-01 13:26:15 | WARNING | Blocks - 50% of blocks are unknown - site uses non-EDS patterns
2026-07-01 13:26:15 | INFO | Phase 4: Capturing block screenshots...
2026-07-01 13:26:16 | INFO | Removed 5 elements: overlay, popup
📐 Detecting header/footer for this page...
2026-07-01 13:26:16 | INFO | Template - Reused saved header selector on current page
2026-07-01 13:26:16 | INFO | Template - Reused saved footer selector on current page
2026-07-01 13:26:16 | INFO | Header: moderate complexity, 2 features
2026-07-01 13:26:16 | INFO | Footer: moderate complexity, 2 features
2026-07-01 13:26:16 | INFO | Phase 2: Identifying main content area...
2026-07-01 13:26:16 | INFO | Main content: #main-content
2026-07-01 13:26:16 | INFO | Phase 3: Detecting blocks...
2026-07-01 13:26:16 | WARNING | Blocks - 50% of blocks are unknown - site uses non-EDS patterns
2026-07-01 13:26:16 | INFO | Phase 4: Capturing block screenshots...
2026-07-01 13:26:16 | INFO | Captured 10 block screenshots
2026-07-01 13:26:16 | INFO | Detected 10 blocks
2026-07-01 13:26:16 | INFO | Generating fingerprints for template discovery...
2026-07-01 13:26:17 | INFO | Captured 10 block screenshots
2026-07-01 13:26:17 | INFO | Detected 10 blocks
2026-07-01 13:26:17 | INFO | Generating fingerprints for template discovery...
2026-07-01 13:26:17 | INFO | Captured 8 block screenshots
2026-07-01 13:26:17 | INFO | Detected 8 blocks
2026-07-01 13:26:17 | INFO | Generating fingerprints for template discovery...
2026-07-01 13:26:18 | INFO |    Top-section: 16 rows via title+container
2026-07-01 13:26:18 | INFO |    Body start: y=400 (start row 16 via below-title+container)
2026-07-01 13:26:18 | INFO | URL Pattern: /w/nossas-atividades/d%C3%BAvidas-sobre-o-pre%C3%A7o-dos-combust%C3%ADveis-por-que-os-pre%C3%A7os-podem-variar
2026-07-01 13:26:18 | INFO | Page catalog complete: /workspace/catalog/.pages/nossaenergia_petrobras_com_br_w_nossas-atividades_d_C3_BAvidas-sobre-o-pre_C3_A7o-dos-combust_C3_ADveis-por-que-os-pre_C3_A7os-podem-variar--0cc13fe3/page-catalog.json
2026-07-01 13:26:18 | INFO | SUCCESS: https://nossaenergia.petrobras.com.br/w/nossas-atividades/d%C3%BAvidas-sobre-o-pre%C3%A7o-dos-combust%C3%ADveis-por-que-os-pre%C3%A7os-podem-variar
2026-07-01 13:26:18 | INFO | PROGRESS: 45/190 analyzed (24% checklist complete) | 45 ok, 0 failed, 0 skipped | ~47 min remaining
2026-07-01 13:26:19 | INFO |    Top-section: 16 rows via title+container
2026-07-01 13:26:19 | INFO |    Body start: y=400 (start row 16 via below-title+container)
2026-07-01 13:26:19 | INFO | URL Pattern: /w/nossas-atividades/cinco-tecnologias-que-parecem-futuristas-mas-ja-sao-reais-na-petrobras
2026-07-01 13:26:19 | INFO | Page catalog complete: /workspace/catalog/.pages/nossaenergia_petrobras_com_br_w_nossas-atividades_cinco-tecnologias-que-parecem-futuristas-mas-ja-sao-reais-na-petrobras--785a8db1/page-catalog.json
2026-07-01 13:26:19 | INFO | SUCCESS: https://nossaenergia.petrobras.com.br/w/nossas-atividades/cinco-tecnologias-que-parecem-futuristas-mas-ja-sao-reais-na-petrobras
2026-07-01 13:26:20 | INFO |    Top-section: 14 rows via title+container
2026-07-01 13:26:20 | INFO |    Body start: y=350 (start row 14 via below-title+container)
2026-07-01 13:26:20 | INFO | URL Pattern: /w/nossas-atividades/de-onde-vem-a-gasolina
2026-07-01 13:26:20 | INFO | Page catalog complete: /workspace/catalog/.pages/nossaenergia_petrobras_com_br_w_nossas-atividades_de-onde-vem-a-gasolina--56143f24/page-catalog.json
2026-07-01 13:26:20 | INFO | SUCCESS: https://nossaenergia.petrobras.com.br/w/nossas-atividades/de-onde-vem-a-gasolina
2026-07-01 13:26:20 | INFO | [49/190] Processing: https://nossaenergia.petrobras.com.br/w/nossas-atividades/desvende-os-segredos-do-campo-de-buzios
2026-07-01 13:26:20 | INFO | Generated slug: nossaenergia_petrobras_com_br_w_nossas-atividades_desvende-os-segredos-do-campo-de-buzios--6d886780
2026-07-01 13:26:20 | INFO | Starting analysis: https://nossaenergia.petrobras.com.br/w/nossas-atividades/desvende-os-segredos-do-campo-de-buzios -> /workspace/catalog/.pages/nossaenergia_petrobras_com_br_w_nossas-atividades_desvende-os-segredos-do-campo-de-buzios--6d886780
2026-07-01 13:26:21 | INFO | Loading: https://nossaenergia.petrobras.com.br/w/nossas-atividades/desvende-os-segredos-do-campo-de-buzios
2026-07-01 13:26:21 | INFO | [50/190] Processing: https://nossaenergia.petrobras.com.br/w/nossas-atividades/diesel-verana
2026-07-01 13:26:21 | INFO | Generated slug: nossaenergia_petrobras_com_br_w_nossas-atividades_diesel-verana--39cf45d4
2026-07-01 13:26:21 | INFO | Starting analysis: https://nossaenergia.petrobras.com.br/w/nossas-atividades/diesel-verana -> /workspace/catalog/.pages/nossaenergia_petrobras_com_br_w_nossas-atividades_diesel-verana--39cf45d4
2026-07-01 13:26:21 | INFO | Loading: https://nossaenergia.petrobras.com.br/w/nossas-atividades/diesel-verana
2026-07-01 13:26:22 | INFO | [51/190] Processing: https://nossaenergia.petrobras.com.br/w/nossas-atividades/diversidade-e-o-direito-de-cada-um-de-ser-quem-e
2026-07-01 13:26:22 | INFO | Generated slug: nossaenergia_petrobras_com_br_w_nossas-atividades_diversidade-e-o-direito-de-cada-um-de-ser-quem-e--1dc7df6f
2026-07-01 13:26:22 | INFO | Starting analysis: https://nossaenergia.petrobras.com.br/w/nossas-atividades/diversidade-e-o-direito-de-cada-um-de-ser-quem-e -> /workspace/catalog/.pages/nossaenergia_petrobras_com_br_w_nossas-atividades_diversidade-e-o-direito-de-cada-um-de-ser-quem-e--1dc7df6f
2026-07-01 13:26:22 | INFO | Loading: https://nossaenergia.petrobras.com.br/w/nossas-atividades/diversidade-e-o-direito-de-cada-um-de-ser-quem-e
2026-07-01 13:26:24 | INFO | Phase 0A: Triggering lazy-loaded content...
2026-07-01 13:26:25 | INFO | Phase 0A: Triggering lazy-loaded content...
2026-07-01 13:26:27 | INFO | Lazy-load scroll complete
2026-07-01 13:26:27 | INFO | Phase 0B: Cleaning up overlays...
2026-07-01 13:26:27 | INFO | Phase 0A: Triggering lazy-loaded content...
2026-07-01 13:26:28 | INFO | Lazy-load scroll complete
2026-07-01 13:26:28 | INFO | Phase 0B: Cleaning up overlays...
2026-07-01 13:26:29 | INFO | Lazy-load scroll complete
2026-07-01 13:26:29 | INFO | Phase 0B: Cleaning up overlays...
2026-07-01 13:26:59 | INFO | Removed 5 elements: overlay, popup
📐 Detecting header/footer for this page...
2026-07-01 13:26:59 | INFO | Template - Reused saved header selector on current page
2026-07-01 13:26:59 | INFO | Template - Reused saved footer selector on current page
2026-07-01 13:26:59 | INFO | Header: moderate complexity, 2 features
2026-07-01 13:26:59 | INFO | Footer: moderate complexity, 2 features
2026-07-01 13:26:59 | INFO | Phase 2: Identifying main content area...
2026-07-01 13:26:59 | INFO | Main content: #main-content
2026-07-01 13:26:59 | INFO | Phase 3: Detecting blocks...
2026-07-01 13:26:59 | WARNING | Blocks - 63% of blocks are unknown - site uses non-EDS patterns
2026-07-01 13:26:59 | INFO | Phase 4: Capturing block screenshots...
2026-07-01 13:27:00 | INFO | Captured 8 block screenshots
2026-07-01 13:27:00 | INFO | Detected 8 blocks
2026-07-01 13:27:00 | INFO | Generating fingerprints for template discovery...
2026-07-01 13:27:03 | INFO |    Top-section: 16 rows via title+container
2026-07-01 13:27:03 | INFO |    Body start: y=400 (start row 16 via below-title+container)
2026-07-01 13:27:03 | INFO | URL Pattern: /w/nossas-atividades/descoberta-de-campos-de-petroleo
2026-07-01 13:27:03 | INFO | Page catalog complete: /workspace/catalog/.pages/nossaenergia_petrobras_com_br_w_nossas-atividades_descoberta-de-campos-de-petroleo--2fbb8eb3/page-catalog.json
2026-07-01 13:27:03 | INFO | SUCCESS: https://nossaenergia.petrobras.com.br/w/nossas-atividades/descoberta-de-campos-de-petroleo
2026-07-01 13:27:05 | INFO | [52/190] Processing: https://nossaenergia.petrobras.com.br/w/nossas-atividades/eficiencia-operacional
2026-07-01 13:27:05 | INFO | Generated slug: nossaenergia_petrobras_com_br_w_nossas-atividades_eficiencia-operacional--cbf4f9b2
2026-07-01 13:27:05 | INFO | Starting analysis: https://nossaenergia.petrobras.com.br/w/nossas-atividades/eficiencia-operacional -> /workspace/catalog/.pages/nossaenergia_petrobras_com_br_w_nossas-atividades_eficiencia-operacional--cbf4f9b2
2026-07-01 13:27:05 | INFO | Loading: https://nossaenergia.petrobras.com.br/w/nossas-atividades/eficiencia-operacional
2026-07-01 13:27:09 | INFO | Phase 0A: Triggering lazy-loaded content...
2026-07-01 13:27:11 | INFO | Lazy-load scroll complete
2026-07-01 13:27:11 | INFO | Phase 0B: Cleaning up overlays...
2026-07-01 13:27:28 | INFO | Removed 5 elements: overlay, popup
📐 Detecting header/footer for this page...
2026-07-01 13:27:28 | INFO | Template - Reused saved header selector on current page
2026-07-01 13:27:28 | INFO | Template - Reused saved footer selector on current page
2026-07-01 13:27:28 | INFO | Header: moderate complexity, 2 features
2026-07-01 13:27:28 | INFO | Footer: moderate complexity, 2 features
2026-07-01 13:27:28 | INFO | Phase 2: Identifying main content area...
2026-07-01 13:27:28 | INFO | Main content: #main-content
2026-07-01 13:27:28 | INFO | Phase 3: Detecting blocks...
2026-07-01 13:27:28 | WARNING | Blocks - 63% of blocks are unknown - site uses non-EDS patterns
2026-07-01 13:27:28 | INFO | Phase 4: Capturing block screenshots...
2026-07-01 13:27:29 | INFO | Removed 5 elements: overlay, popup
📐 Detecting header/footer for this page...
2026-07-01 13:27:29 | INFO | Template - Reused saved header selector on current page
2026-07-01 13:27:29 | INFO | Template - Reused saved footer selector on current page
2026-07-01 13:27:29 | INFO | Header: moderate complexity, 2 features
2026-07-01 13:27:29 | INFO | Footer: moderate complexity, 2 features
2026-07-01 13:27:29 | INFO | Phase 2: Identifying main content area...
2026-07-01 13:27:29 | INFO | Main content: #main-content
2026-07-01 13:27:29 | INFO | Phase 3: Detecting blocks...
2026-07-01 13:27:29 | WARNING | Blocks - 63% of blocks are unknown - site uses non-EDS patterns
2026-07-01 13:27:29 | INFO | Phase 4: Capturing block screenshots...
2026-07-01 13:27:30 | INFO | Captured 8 block screenshots
2026-07-01 13:27:30 | INFO | Detected 8 blocks
2026-07-01 13:27:30 | INFO | Generating fingerprints for template discovery...
2026-07-01 13:27:30 | INFO | Captured 8 block screenshots
2026-07-01 13:27:30 | INFO | Detected 8 blocks
2026-07-01 13:27:30 | INFO | Generating fingerprints for template discovery...
2026-07-01 13:27:30 | INFO | Removed 5 elements: overlay, popup
📐 Detecting header/footer for this page...
2026-07-01 13:27:30 | INFO | Template - Reused saved header selector on current page
2026-07-01 13:27:30 | INFO | Template - Reused saved footer selector on current page
2026-07-01 13:27:30 | INFO | Header: moderate complexity, 2 features
2026-07-01 13:27:30 | INFO | Footer: moderate complexity, 2 features
2026-07-01 13:27:30 | INFO | Phase 2: Identifying main content area...
2026-07-01 13:27:30 | INFO | Main content: #main-content
2026-07-01 13:27:30 | INFO | Phase 3: Detecting blocks...
2026-07-01 13:27:31 | WARNING | Blocks - 57% of blocks are unknown - site uses non-EDS patterns
2026-07-01 13:27:31 | INFO | Phase 4: Capturing block screenshots...
2026-07-01 13:27:32 | INFO | Captured 7 block screenshots
2026-07-01 13:27:32 | INFO | Detected 7 blocks
2026-07-01 13:27:32 | INFO | Generating fingerprints for template discovery...
2026-07-01 13:27:32 | INFO |    Top-section: 16 rows via title+container
2026-07-01 13:27:32 | INFO |    Body start: y=400 (start row 16 via below-title+container)
2026-07-01 13:27:32 | INFO | URL Pattern: /w/nossas-atividades/desvende-os-segredos-do-campo-de-buzios
2026-07-01 13:27:32 | INFO | Page catalog complete: /workspace/catalog/.pages/nossaenergia_petrobras_com_br_w_nossas-atividades_desvende-os-segredos-do-campo-de-buzios--6d886780/page-catalog.json
2026-07-01 13:27:32 | INFO | SUCCESS: https://nossaenergia.petrobras.com.br/w/nossas-atividades/desvende-os-segredos-do-campo-de-buzios
2026-07-01 13:27:33 | INFO |    Top-section: 16 rows via title+container
2026-07-01 13:27:33 | INFO |    Body start: y=400 (start row 16 via below-title+container)
2026-07-01 13:27:33 | INFO | URL Pattern: /w/nossas-atividades/diesel-verana
2026-07-01 13:27:33 | INFO | Page catalog complete: /workspace/catalog/.pages/nossaenergia_petrobras_com_br_w_nossas-atividades_diesel-verana--39cf45d4/page-catalog.json
2026-07-01 13:27:33 | INFO | SUCCESS: https://nossaenergia.petrobras.com.br/w/nossas-atividades/diesel-verana
2026-07-01 13:27:33 | INFO | PROGRESS: 50/190 analyzed (26% checklist complete) | 50 ok, 0 failed, 0 skipped | ~44 min remaining
2026-07-01 13:27:34 | INFO |    Top-section: 14 rows via title+container
2026-07-01 13:27:34 | INFO |    Body start: y=350 (start row 14 via below-title+container)
2026-07-01 13:27:34 | INFO | URL Pattern: /w/nossas-atividades/diversidade-e-o-direito-de-cada-um-de-ser-quem-e
2026-07-01 13:27:34 | INFO | Page catalog complete: /workspace/catalog/.pages/nossaenergia_petrobras_com_br_w_nossas-atividades_diversidade-e-o-direito-de-cada-um-de-ser-quem-e--1dc7df6f/page-catalog.json
2026-07-01 13:27:34 | INFO | SUCCESS: https://nossaenergia.petrobras.com.br/w/nossas-atividades/diversidade-e-o-direito-de-cada-um-de-ser-quem-e
2026-07-01 13:27:34 | INFO | [53/190] Processing: https://nossaenergia.petrobras.com.br/w/nossas-atividades/fpso
2026-07-01 13:27:34 | INFO | Generated slug: nossaenergia_petrobras_com_br_w_nossas-atividades_fpso--11e55b27
2026-07-01 13:27:34 | INFO | Starting analysis: https://nossaenergia.petrobras.com.br/w/nossas-atividades/fpso -> /workspace/catalog/.pages/nossaenergia_petrobras_com_br_w_nossas-atividades_fpso--11e55b27
2026-07-01 13:27:34 | INFO | Loading: https://nossaenergia.petrobras.com.br/w/nossas-atividades/fpso
2026-07-01 13:27:35 | INFO | [54/190] Processing: https://nossaenergia.petrobras.com.br/w/nossas-atividades/industria-naval-impulsiona-o-crescimento-do-brasil
2026-07-01 13:27:35 | INFO | Generated slug: nossaenergia_petrobras_com_br_w_nossas-atividades_industria-naval-impulsiona-o-crescimento-do-brasil--dc14d51f
2026-07-01 13:27:35 | INFO | Starting analysis: https://nossaenergia.petrobras.com.br/w/nossas-atividades/industria-naval-impulsiona-o-crescimento-do-brasil -> /workspace/catalog/.pages/nossaenergia_petrobras_com_br_w_nossas-atividades_industria-naval-impulsiona-o-crescimento-do-brasil--dc14d51f
2026-07-01 13:27:35 | INFO | Loading: https://nossaenergia.petrobras.com.br/w/nossas-atividades/industria-naval-impulsiona-o-crescimento-do-brasil
2026-07-01 13:27:36 | INFO | [55/190] Processing: https://nossaenergia.petrobras.com.br/w/nossas-atividades/margem-equatorial
2026-07-01 13:27:36 | INFO | Generated slug: nossaenergia_petrobras_com_br_w_nossas-atividades_margem-equatorial--f097aa30
2026-07-01 13:27:36 | INFO | Starting analysis: https://nossaenergia.petrobras.com.br/w/nossas-atividades/margem-equatorial -> /workspace/catalog/.pages/nossaenergia_petrobras_com_br_w_nossas-atividades_margem-equatorial--f097aa30
2026-07-01 13:27:36 | INFO | Loading: https://nossaenergia.petrobras.com.br/w/nossas-atividades/margem-equatorial
2026-07-01 13:27:38 | INFO | Phase 0A: Triggering lazy-loaded content...
2026-07-01 13:27:39 | INFO | Phase 0A: Triggering lazy-loaded content...
2026-07-01 13:27:40 | INFO | Phase 0A: Triggering lazy-loaded content...
2026-07-01 13:27:40 | INFO | Lazy-load scroll complete
2026-07-01 13:27:40 | INFO | Phase 0B: Cleaning up overlays...
2026-07-01 13:27:41 | INFO | Lazy-load scroll complete
2026-07-01 13:27:41 | INFO | Phase 0B: Cleaning up overlays...
2026-07-01 13:27:42 | INFO | Lazy-load scroll complete
2026-07-01 13:27:42 | INFO | Phase 0B: Cleaning up overlays...
2026-07-01 13:28:13 | INFO | Removed 5 elements: overlay, popup
📐 Detecting header/footer for this page...
2026-07-01 13:28:13 | INFO | Template - Reused saved header selector on current page
2026-07-01 13:28:13 | INFO | Template - Reused saved footer selector on current page
2026-07-01 13:28:13 | INFO | Header: moderate complexity, 2 features
2026-07-01 13:28:13 | INFO | Footer: moderate complexity, 2 features
2026-07-01 13:28:13 | INFO | Phase 2: Identifying main content area...
2026-07-01 13:28:13 | INFO | Main content: #main-content
2026-07-01 13:28:13 | INFO | Phase 3: Detecting blocks...
2026-07-01 13:28:13 | WARNING | Blocks - 50% of blocks are unknown - site uses non-EDS patterns
2026-07-01 13:28:13 | INFO | Phase 4: Capturing block screenshots...
2026-07-01 13:28:14 | INFO | Captured 8 block screenshots
2026-07-01 13:28:14 | INFO | Detected 8 blocks
2026-07-01 13:28:14 | INFO | Generating fingerprints for template discovery...
2026-07-01 13:28:17 | INFO |    Top-section: 16 rows via title+container
2026-07-01 13:28:17 | INFO |    Body start: y=400 (start row 16 via below-title+container)
2026-07-01 13:28:17 | INFO | URL Pattern: /w/nossas-atividades/eficiencia-operacional
2026-07-01 13:28:17 | INFO | Page catalog complete: /workspace/catalog/.pages/nossaenergia_petrobras_com_br_w_nossas-atividades_eficiencia-operacional--cbf4f9b2/page-catalog.json
2026-07-01 13:28:17 | INFO | SUCCESS: https://nossaenergia.petrobras.com.br/w/nossas-atividades/eficiencia-operacional
2026-07-01 13:28:19 | INFO | [56/190] Processing: https://nossaenergia.petrobras.com.br/w/nossas-atividades/mentoria-feminina-um-caminho-para-o-empoderamento-profissional
2026-07-01 13:28:19 | INFO | Generated slug: nossaenergia_petrobras_com_br_w_nossas-atividades_mentoria-feminina-um-caminho-para-o-empoderamento-profissional--6c667930
2026-07-01 13:28:19 | INFO | Starting analysis: https://nossaenergia.petrobras.com.br/w/nossas-atividades/mentoria-feminina-um-caminho-para-o-empoderamento-profissional -> /workspace/catalog/.pages/nossaenergia_petrobras_com_br_w_nossas-atividades_mentoria-feminina-um-caminho-para-o-empoderamento-profissional--6c667930
2026-07-01 13:28:19 | INFO | Loading: https://nossaenergia.petrobras.com.br/w/nossas-atividades/mentoria-feminina-um-caminho-para-o-empoderamento-profissional
2026-07-01 13:28:24 | INFO | Phase 0A: Triggering lazy-loaded content...
2026-07-01 13:28:26 | INFO | Lazy-load scroll complete
2026-07-01 13:28:26 | INFO | Phase 0B: Cleaning up overlays...
2026-07-01 13:28:42 | INFO | Removed 5 elements: overlay, popup
📐 Detecting header/footer for this page...
2026-07-01 13:28:42 | INFO | Template - Reused saved header selector on current page
2026-07-01 13:28:42 | INFO | Template - Reused saved footer selector on current page
2026-07-01 13:28:42 | INFO | Header: moderate complexity, 2 features
2026-07-01 13:28:42 | INFO | Footer: moderate complexity, 2 features
2026-07-01 13:28:42 | INFO | Phase 2: Identifying main content area...
2026-07-01 13:28:42 | INFO | Main content: #main-content
2026-07-01 13:28:42 | INFO | Phase 3: Detecting blocks...
2026-07-01 13:28:42 | WARNING | Blocks - 50% of blocks are unknown - site uses non-EDS patterns
2026-07-01 13:28:42 | INFO | Phase 4: Capturing block screenshots...
2026-07-01 13:28:43 | INFO | Removed 5 elements: overlay, popup
📐 Detecting header/footer for this page...
2026-07-01 13:28:43 | INFO | Template - Reused saved header selector on current page
2026-07-01 13:28:43 | INFO | Template - Reused saved footer selector on current page
2026-07-01 13:28:43 | INFO | Header: moderate complexity, 2 features
2026-07-01 13:28:43 | INFO | Footer: moderate complexity, 2 features
2026-07-01 13:28:43 | INFO | Phase 2: Identifying main content area...
2026-07-01 13:28:43 | INFO | Main content: #main-content
2026-07-01 13:28:43 | INFO | Phase 3: Detecting blocks...
2026-07-01 13:28:43 | WARNING | Blocks - 70% of blocks are unknown - site uses non-EDS patterns
2026-07-01 13:28:43 | INFO | Phase 4: Capturing block screenshots...
2026-07-01 13:28:43 | INFO | Captured 8 block screenshots
2026-07-01 13:28:43 | INFO | Detected 8 blocks
2026-07-01 13:28:43 | INFO | Generating fingerprints for template discovery...
2026-07-01 13:28:44 | INFO | Removed 5 elements: overlay, popup
📐 Detecting header/footer for this page...
2026-07-01 13:28:44 | INFO | Template - Reused saved header selector on current page
2026-07-01 13:28:44 | INFO | Template - Reused saved footer selector on current page
2026-07-01 13:28:44 | INFO | Header: moderate complexity, 2 features
2026-07-01 13:28:44 | INFO | Footer: moderate complexity, 2 features
2026-07-01 13:28:44 | INFO | Phase 2: Identifying main content area...
2026-07-01 13:28:44 | INFO | Main content: #main-content
2026-07-01 13:28:44 | INFO | Phase 3: Detecting blocks...
2026-07-01 13:28:44 | WARNING | Blocks - 50% of blocks are unknown - site uses non-EDS patterns
2026-07-01 13:28:44 | INFO | Phase 4: Capturing block screenshots...
2026-07-01 13:28:44 | INFO | Captured 10 block screenshots
2026-07-01 13:28:44 | INFO | Detected 10 blocks
2026-07-01 13:28:44 | INFO | Generating fingerprints for template discovery...
2026-07-01 13:28:45 | INFO | Captured 12 block screenshots
2026-07-01 13:28:45 | INFO | Detected 12 blocks
2026-07-01 13:28:45 | INFO | Generating fingerprints for template discovery...
2026-07-01 13:28:45 | INFO |    Top-section: 17 rows via title+container
2026-07-01 13:28:45 | INFO |    Body start: y=404 (start row 16 via below-title+container)
2026-07-01 13:28:45 | INFO | URL Pattern: /w/nossas-atividades/industria-naval-impulsiona-o-crescimento-do-brasil
2026-07-01 13:28:45 | INFO | Page catalog complete: /workspace/catalog/.pages/nossaenergia_petrobras_com_br_w_nossas-atividades_industria-naval-impulsiona-o-crescimento-do-brasil--dc14d51f/page-catalog.json
2026-07-01 13:28:45 | INFO | SUCCESS: https://nossaenergia.petrobras.com.br/w/nossas-atividades/industria-naval-impulsiona-o-crescimento-do-brasil
2026-07-01 13:28:47 | INFO |    Top-section: 17 rows via title+container
2026-07-01 13:28:47 | INFO |    Body start: y=425 (start row 17 via below-title+container)
2026-07-01 13:28:47 | INFO | URL Pattern: /w/nossas-atividades/fpso
2026-07-01 13:28:47 | INFO | Page catalog complete: /workspace/catalog/.pages/nossaenergia_petrobras_com_br_w_nossas-atividades_fpso--11e55b27/page-catalog.json
2026-07-01 13:28:47 | INFO | SUCCESS: https://nossaenergia.petrobras.com.br/w/nossas-atividades/fpso
2026-07-01 13:28:47 | INFO | [57/190] Processing: https://nossaenergia.petrobras.com.br/w/nossas-atividades/movimento-petrobras-pelo-rio-grande-energia-para-o-rs-ser-cada-vez-maior
2026-07-01 13:28:47 | INFO | Generated slug: nossaenergia_petrobras_com_br_w_nossas-atividades_movimento-petrobras-pelo-rio-grande-energia-para-o-rs-ser-cada-vez-maior--5ed1023e
2026-07-01 13:28:47 | INFO | Starting analysis: https://nossaenergia.petrobras.com.br/w/nossas-atividades/movimento-petrobras-pelo-rio-grande-energia-para-o-rs-ser-cada-vez-maior -> /workspace/catalog/.pages/nossaenergia_petrobras_com_br_w_nossas-atividades_movimento-petrobras-pelo-rio-grande-energia-para-o-rs-ser-cada-vez-maior--5ed1023e
2026-07-01 13:28:48 | INFO | Loading: https://nossaenergia.petrobras.com.br/w/nossas-atividades/movimento-petrobras-pelo-rio-grande-energia-para-o-rs-ser-cada-vez-maior
2026-07-01 13:28:48 | INFO |    Top-section: 16 rows via title+container
2026-07-01 13:28:48 | INFO |    Body start: y=400 (start row 16 via below-title+container)
2026-07-01 13:28:48 | INFO | URL Pattern: /w/nossas-atividades/margem-equatorial
2026-07-01 13:28:48 | INFO | Page catalog complete: /workspace/catalog/.pages/nossaenergia_petrobras_com_br_w_nossas-atividades_margem-equatorial--f097aa30/page-catalog.json
2026-07-01 13:28:48 | INFO | SUCCESS: https://nossaenergia.petrobras.com.br/w/nossas-atividades/margem-equatorial
2026-07-01 13:28:48 | INFO | PROGRESS: 55/190 analyzed (29% checklist complete) | 55 ok, 0 failed, 0 skipped | ~42 min remaining
2026-07-01 13:28:49 | INFO | [58/190] Processing: https://nossaenergia.petrobras.com.br/w/nossas-atividades/nossa-energia-move-o-brasil
2026-07-01 13:28:49 | INFO | Generated slug: nossaenergia_petrobras_com_br_w_nossas-atividades_nossa-energia-move-o-brasil--ba9de183
2026-07-01 13:28:49 | INFO | Starting analysis: https://nossaenergia.petrobras.com.br/w/nossas-atividades/nossa-energia-move-o-brasil -> /workspace/catalog/.pages/nossaenergia_petrobras_com_br_w_nossas-atividades_nossa-energia-move-o-brasil--ba9de183
2026-07-01 13:28:49 | INFO | Loading: https://nossaenergia.petrobras.com.br/w/nossas-atividades/nossa-energia-move-o-brasil
2026-07-01 13:28:50 | INFO | [59/190] Processing: https://nossaenergia.petrobras.com.br/w/nossas-atividades/nossa-jornada-comeca-na-bahia-vem-conferir-mochileiras
2026-07-01 13:28:50 | INFO | Generated slug: nossaenergia_petrobras_com_br_w_nossas-atividades_nossa-jornada-comeca-na-bahia-vem-conferir-mochileiras--693bce19
2026-07-01 13:28:50 | INFO | Starting analysis: https://nossaenergia.petrobras.com.br/w/nossas-atividades/nossa-jornada-comeca-na-bahia-vem-conferir-mochileiras -> /workspace/catalog/.pages/nossaenergia_petrobras_com_br_w_nossas-atividades_nossa-jornada-comeca-na-bahia-vem-conferir-mochileiras--693bce19
2026-07-01 13:28:50 | INFO | Loading: https://nossaenergia.petrobras.com.br/w/nossas-atividades/nossa-jornada-comeca-na-bahia-vem-conferir-mochileiras
2026-07-01 13:28:51 | INFO | Phase 0A: Triggering lazy-loaded content...
2026-07-01 13:28:53 | INFO | Phase 0A: Triggering lazy-loaded content...
2026-07-01 13:28:53 | INFO | Lazy-load scroll complete
2026-07-01 13:28:53 | INFO | Phase 0B: Cleaning up overlays...
2026-07-01 13:28:54 | INFO | Phase 0A: Triggering lazy-loaded content...
2026-07-01 13:28:55 | INFO | Lazy-load scroll complete
2026-07-01 13:28:55 | INFO | Phase 0B: Cleaning up overlays...
2026-07-01 13:28:55 | INFO | Lazy-load scroll complete
2026-07-01 13:28:55 | INFO | Phase 0B: Cleaning up overlays...
2026-07-01 13:29:27 | INFO | Removed 5 elements: overlay, popup
📐 Detecting header/footer for this page...
2026-07-01 13:29:27 | INFO | Template - Reused saved header selector on current page
2026-07-01 13:29:27 | INFO | Template - Reused saved footer selector on current page
2026-07-01 13:29:27 | INFO | Header: moderate complexity, 2 features
2026-07-01 13:29:27 | INFO | Footer: moderate complexity, 2 features
2026-07-01 13:29:27 | INFO | Phase 2: Identifying main content area...
2026-07-01 13:29:27 | INFO | Main content: #main-content
2026-07-01 13:29:27 | INFO | Phase 3: Detecting blocks...
2026-07-01 13:29:27 | WARNING | Blocks - 57% of blocks are unknown - site uses non-EDS patterns
2026-07-01 13:29:27 | INFO | Phase 4: Capturing block screenshots...
2026-07-01 13:29:28 | INFO | Captured 7 block screenshots
2026-07-01 13:29:28 | INFO | Detected 7 blocks
2026-07-01 13:29:28 | INFO | Generating fingerprints for template discovery...
2026-07-01 13:29:31 | INFO |    Top-section: 16 rows via title+container
2026-07-01 13:29:31 | INFO |    Body start: y=400 (start row 16 via below-title+container)
2026-07-01 13:29:31 | INFO | URL Pattern: /w/nossas-atividades/mentoria-feminina-um-caminho-para-o-empoderamento-profissional
2026-07-01 13:29:31 | INFO | Page catalog complete: /workspace/catalog/.pages/nossaenergia_petrobras_com_br_w_nossas-atividades_mentoria-feminina-um-caminho-para-o-empoderamento-profissional--6c667930/page-catalog.json
2026-07-01 13:29:31 | INFO | SUCCESS: https://nossaenergia.petrobras.com.br/w/nossas-atividades/mentoria-feminina-um-caminho-para-o-empoderamento-profissional
2026-07-01 13:29:33 | INFO | [60/190] Processing: https://nossaenergia.petrobras.com.br/w/nossas-atividades/o-futuro-da-energia-vai-chegar-atraves-da-tecnologia-e-da-sustentabilidade
2026-07-01 13:29:33 | INFO | Generated slug: nossaenergia_petrobras_com_br_w_nossas-atividades_o-futuro-da-energia-vai-chegar-atraves-da-tecnologia-e-da-sustentabilidade--f7e41108
2026-07-01 13:29:33 | INFO | Starting analysis: https://nossaenergia.petrobras.com.br/w/nossas-atividades/o-futuro-da-energia-vai-chegar-atraves-da-tecnologia-e-da-sustentabilidade -> /workspace/catalog/.pages/nossaenergia_petrobras_com_br_w_nossas-atividades_o-futuro-da-energia-vai-chegar-atraves-da-tecnologia-e-da-sustentabilidade--f7e41108
2026-07-01 13:29:33 | INFO | Loading: https://nossaenergia.petrobras.com.br/w/nossas-atividades/o-futuro-da-energia-vai-chegar-atraves-da-tecnologia-e-da-sustentabilidade
2026-07-01 13:29:38 | INFO | Phase 0A: Triggering lazy-loaded content...
2026-07-01 13:29:40 | INFO | Lazy-load scroll complete
2026-07-01 13:29:40 | INFO | Phase 0B: Cleaning up overlays...
2026-07-01 13:29:55 | INFO | Removed 5 elements: overlay, popup
📐 Detecting header/footer for this page...
2026-07-01 13:29:55 | INFO | Template - Reused saved header selector on current page
2026-07-01 13:29:55 | INFO | Template - Reused saved footer selector on current page
2026-07-01 13:29:55 | INFO | Header: moderate complexity, 2 features
2026-07-01 13:29:55 | INFO | Footer: moderate complexity, 2 features
2026-07-01 13:29:55 | INFO | Phase 2: Identifying main content area...
2026-07-01 13:29:55 | INFO | Main content: #main-content
2026-07-01 13:29:55 | INFO | Phase 3: Detecting blocks...
2026-07-01 13:29:55 | WARNING | Blocks - 50% of blocks are unknown - site uses non-EDS patterns
2026-07-01 13:29:55 | INFO | Phase 4: Capturing block screenshots...
2026-07-01 13:29:56 | INFO | Captured 8 block screenshots
2026-07-01 13:29:56 | INFO | Detected 8 blocks
2026-07-01 13:29:56 | INFO | Generating fingerprints for template discovery...
2026-07-01 13:29:57 | INFO | Removed 5 elements: overlay, popup
📐 Detecting header/footer for this page...
2026-07-01 13:29:57 | INFO | Removed 5 elements: overlay, popup
📐 Detecting header/footer for this page...
2026-07-01 13:29:57 | INFO | Template - Reused saved header selector on current page
2026-07-01 13:29:57 | INFO | Template - Reused saved footer selector on current page
2026-07-01 13:29:57 | INFO | Header: moderate complexity, 2 features
2026-07-01 13:29:57 | INFO | Footer: moderate complexity, 2 features
2026-07-01 13:29:57 | INFO | Phase 2: Identifying main content area...
2026-07-01 13:29:57 | INFO | Main content: #main-content
2026-07-01 13:29:57 | INFO | Template - Reused saved header selector on current page
2026-07-01 13:29:57 | INFO | Template - Reused saved footer selector on current page
2026-07-01 13:29:57 | INFO | Header: moderate complexity, 2 features
2026-07-01 13:29:57 | INFO | Footer: moderate complexity, 2 features
2026-07-01 13:29:57 | INFO | Phase 2: Identifying main content area...
2026-07-01 13:29:57 | INFO | Main content: #main-content
2026-07-01 13:29:57 | INFO | Phase 3: Detecting blocks...
2026-07-01 13:29:57 | INFO | Phase 3: Detecting blocks...
2026-07-01 13:29:57 | WARNING | Blocks - 60% of blocks are unknown - site uses non-EDS patterns
2026-07-01 13:29:57 | INFO | Phase 4: Capturing block screenshots...
2026-07-01 13:29:57 | WARNING | Blocks - 50% of blocks are unknown - site uses non-EDS patterns
2026-07-01 13:29:57 | INFO | Phase 4: Capturing block screenshots...
2026-07-01 13:29:58 | INFO | Captured 8 block screenshots
2026-07-01 13:29:58 | INFO | Detected 8 blocks
2026-07-01 13:29:58 | INFO | Generating fingerprints for template discovery...
2026-07-01 13:29:58 | INFO | Captured 10 block screenshots
2026-07-01 13:29:58 | INFO | Detected 10 blocks
2026-07-01 13:29:58 | INFO | Generating fingerprints for template discovery...
2026-07-01 13:29:59 | INFO |    Top-section: 16 rows via title+container
2026-07-01 13:29:59 | INFO |    Body start: y=400 (start row 16 via below-title+container)
2026-07-01 13:29:59 | INFO | URL Pattern: /w/nossas-atividades/movimento-petrobras-pelo-rio-grande-energia-para-o-rs-ser-cada-vez-maior
2026-07-01 13:29:59 | INFO | Page catalog complete: /workspace/catalog/.pages/nossaenergia_petrobras_com_br_w_nossas-atividades_movimento-petrobras-pelo-rio-grande-energia-para-o-rs-ser-cada-vez-maior--5ed1023e/page-catalog.json
2026-07-01 13:29:59 | INFO | SUCCESS: https://nossaenergia.petrobras.com.br/w/nossas-atividades/movimento-petrobras-pelo-rio-grande-energia-para-o-rs-ser-cada-vez-maior
2026-07-01 13:30:00 | INFO |    Top-section: 17 rows via title+container
2026-07-01 13:30:00 | INFO |    Body start: y=404 (start row 16 via below-title+container)
2026-07-01 13:30:00 | INFO | URL Pattern: /w/nossas-atividades/nossa-jornada-comeca-na-bahia-vem-conferir-mochileiras
2026-07-01 13:30:00 | INFO | Page catalog complete: /workspace/catalog/.pages/nossaenergia_petrobras_com_br_w_nossas-atividades_nossa-jornada-comeca-na-bahia-vem-conferir-mochileiras--693bce19/page-catalog.json
2026-07-01 13:30:00 | INFO | SUCCESS: https://nossaenergia.petrobras.com.br/w/nossas-atividades/nossa-jornada-comeca-na-bahia-vem-conferir-mochileiras
2026-07-01 13:30:01 | INFO | [61/190] Processing: https://nossaenergia.petrobras.com.br/w/nossas-atividades/o-que-um-convento-tem-a-ver-com-a-energia-que-o-brasil-precisa-
2026-07-01 13:30:01 | INFO | Generated slug: nossaenergia_petrobras_com_br_w_nossas-atividades_o-que-um-convento-tem-a-ver-com-a-energia-que-o-brasil-precisa---62b94528
2026-07-01 13:30:01 | INFO | Starting analysis: https://nossaenergia.petrobras.com.br/w/nossas-atividades/o-que-um-convento-tem-a-ver-com-a-energia-que-o-brasil-precisa- -> /workspace/catalog/.pages/nossaenergia_petrobras_com_br_w_nossas-atividades_o-que-um-convento-tem-a-ver-com-a-energia-que-o-brasil-precisa---62b94528
2026-07-01 13:30:01 | INFO |    Top-section: 14 rows via title+container
2026-07-01 13:30:01 | INFO |    Body start: y=350 (start row 14 via below-title+container)
2026-07-01 13:30:01 | INFO | URL Pattern: /w/nossas-atividades/nossa-energia-move-o-brasil
2026-07-01 13:30:01 | INFO | Page catalog complete: /workspace/catalog/.pages/nossaenergia_petrobras_com_br_w_nossas-atividades_nossa-energia-move-o-brasil--ba9de183/page-catalog.json
2026-07-01 13:30:01 | INFO | SUCCESS: https://nossaenergia.petrobras.com.br/w/nossas-atividades/nossa-energia-move-o-brasil
2026-07-01 13:30:01 | INFO | Loading: https://nossaenergia.petrobras.com.br/w/nossas-atividades/o-que-um-convento-tem-a-ver-com-a-energia-que-o-brasil-precisa-
2026-07-01 13:30:02 | INFO | [62/190] Processing: https://nossaenergia.petrobras.com.br/w/nossas-atividades/petrobras-70-anos-o-brasil-e-a-nossa-energia
2026-07-01 13:30:02 | INFO | Generated slug: nossaenergia_petrobras_com_br_w_nossas-atividades_petrobras-70-anos-o-brasil-e-a-nossa-energia--0e4ac585
2026-07-01 13:30:02 | INFO | Starting analysis: https://nossaenergia.petrobras.com.br/w/nossas-atividades/petrobras-70-anos-o-brasil-e-a-nossa-energia -> /workspace/catalog/.pages/nossaenergia_petrobras_com_br_w_nossas-atividades_petrobras-70-anos-o-brasil-e-a-nossa-energia--0e4ac585
2026-07-01 13:30:02 | INFO | Loading: https://nossaenergia.petrobras.com.br/w/nossas-atividades/petrobras-70-anos-o-brasil-e-a-nossa-energia
2026-07-01 13:30:03 | INFO | [63/190] Processing: https://nossaenergia.petrobras.com.br/w/nossas-atividades/petrobras-e-o-cinema-nacional
2026-07-01 13:30:03 | INFO | Generated slug: nossaenergia_petrobras_com_br_w_nossas-atividades_petrobras-e-o-cinema-nacional--3a9f6245
2026-07-01 13:30:03 | INFO | Starting analysis: https://nossaenergia.petrobras.com.br/w/nossas-atividades/petrobras-e-o-cinema-nacional -> /workspace/catalog/.pages/nossaenergia_petrobras_com_br_w_nossas-atividades_petrobras-e-o-cinema-nacional--3a9f6245
2026-07-01 13:30:03 | INFO | Loading: https://nossaenergia.petrobras.com.br/w/nossas-atividades/petrobras-e-o-cinema-nacional
2026-07-01 13:30:05 | INFO | Phase 0A: Triggering lazy-loaded content...
2026-07-01 13:30:06 | INFO | Phase 0A: Triggering lazy-loaded content...
2026-07-01 13:30:07 | INFO | Lazy-load scroll complete
2026-07-01 13:30:07 | INFO | Phase 0B: Cleaning up overlays...
2026-07-01 13:30:08 | INFO | Lazy-load scroll complete
2026-07-01 13:30:08 | INFO | Phase 0B: Cleaning up overlays...
2026-07-01 13:30:08 | INFO | Phase 0A: Triggering lazy-loaded content...
2026-07-01 13:30:10 | INFO | Lazy-load scroll complete
2026-07-01 13:30:10 | INFO | Phase 0B: Cleaning up overlays...
2026-07-01 13:30:42 | INFO | Removed 5 elements: overlay, popup
📐 Detecting header/footer for this page...
2026-07-01 13:30:42 | INFO | Template - Reused saved header selector on current page
2026-07-01 13:30:42 | INFO | Template - Reused saved footer selector on current page
2026-07-01 13:30:42 | INFO | Header: moderate complexity, 2 features
2026-07-01 13:30:42 | INFO | Footer: moderate complexity, 2 features
2026-07-01 13:30:42 | INFO | Phase 2: Identifying main content area...
2026-07-01 13:30:42 | INFO | Main content: #main-content
2026-07-01 13:30:42 | INFO | Phase 3: Detecting blocks...
2026-07-01 13:30:42 | WARNING | Blocks - 70% of blocks are unknown - site uses non-EDS patterns
2026-07-01 13:30:42 | INFO | Phase 4: Capturing block screenshots...
2026-07-01 13:30:43 | INFO | Captured 10 block screenshots
2026-07-01 13:30:43 | INFO | Detected 10 blocks
2026-07-01 13:30:43 | INFO | Generating fingerprints for template discovery...
2026-07-01 13:30:46 | INFO |    Top-section: 16 rows via title+container
2026-07-01 13:30:46 | INFO |    Body start: y=400 (start row 16 via below-title+container)
2026-07-01 13:30:46 | INFO | URL Pattern: /w/nossas-atividades/o-futuro-da-energia-vai-chegar-atraves-da-tecnologia-e-da-sustentabilidade
2026-07-01 13:30:46 | INFO | Page catalog complete: /workspace/catalog/.pages/nossaenergia_petrobras_com_br_w_nossas-atividades_o-futuro-da-energia-vai-chegar-atraves-da-tecnologia-e-da-sustentabilidade--f7e41108/page-catalog.json
2026-07-01 13:30:46 | INFO | SUCCESS: https://nossaenergia.petrobras.com.br/w/nossas-atividades/o-futuro-da-energia-vai-chegar-atraves-da-tecnologia-e-da-sustentabilidade
2026-07-01 13:30:46 | INFO | PROGRESS: 60/190 analyzed (32% checklist complete) | 60 ok, 0 failed, 0 skipped | ~41 min remaining
2026-07-01 13:30:48 | INFO | [64/190] Processing: https://nossaenergia.petrobras.com.br/w/nossas-atividades/petrobras-em-brasilia-articulacao-inovacao-projetos
2026-07-01 13:30:48 | INFO | Generated slug: nossaenergia_petrobras_com_br_w_nossas-atividades_petrobras-em-brasilia-articulacao-inovacao-projetos--490e5439
2026-07-01 13:30:48 | INFO | Starting analysis: https://nossaenergia.petrobras.com.br/w/nossas-atividades/petrobras-em-brasilia-articulacao-inovacao-projetos -> /workspace/catalog/.pages/nossaenergia_petrobras_com_br_w_nossas-atividades_petrobras-em-brasilia-articulacao-inovacao-projetos--490e5439
2026-07-01 13:30:48 | INFO | Loading: https://nossaenergia.petrobras.com.br/w/nossas-atividades/petrobras-em-brasilia-articulacao-inovacao-projetos
2026-07-01 13:30:52 | INFO | Phase 0A: Triggering lazy-loaded content...
2026-07-01 13:30:55 | INFO | Lazy-load scroll complete
2026-07-01 13:30:55 | INFO | Phase 0B: Cleaning up overlays...
2026-07-01 13:31:08 | INFO | Removed 5 elements: overlay, popup
📐 Detecting header/footer for this page...
2026-07-01 13:31:08 | INFO | Template - Reused saved header selector on current page
2026-07-01 13:31:08 | INFO | Template - Reused saved footer selector on current page
2026-07-01 13:31:08 | INFO | Header: moderate complexity, 2 features
2026-07-01 13:31:08 | INFO | Footer: moderate complexity, 2 features
2026-07-01 13:31:08 | INFO | Phase 2: Identifying main content area...
2026-07-01 13:31:08 | INFO | Main content: #main-content
2026-07-01 13:31:08 | INFO | Phase 3: Detecting blocks...
2026-07-01 13:31:09 | WARNING | Blocks - 56% of blocks are unknown - site uses non-EDS patterns
2026-07-01 13:31:09 | INFO | Phase 4: Capturing block screenshots...
2026-07-01 13:31:09 | INFO | Removed 5 elements: overlay, popup
📐 Detecting header/footer for this page...
2026-07-01 13:31:09 | INFO | Template - Reused saved header selector on current page
2026-07-01 13:31:09 | INFO | Template - Reused saved footer selector on current page
2026-07-01 13:31:09 | INFO | Header: moderate complexity, 2 features
2026-07-01 13:31:09 | INFO | Footer: moderate complexity, 2 features
2026-07-01 13:31:09 | INFO | Phase 2: Identifying main content area...
2026-07-01 13:31:09 | INFO | Main content: #main-content
2026-07-01 13:31:09 | INFO | Phase 3: Detecting blocks...
2026-07-01 13:31:09 | WARNING | Blocks - 50% of blocks are unknown - site uses non-EDS patterns
2026-07-01 13:31:09 | INFO | Phase 4: Capturing block screenshots...
2026-07-01 13:31:10 | INFO | Captured 9 block screenshots
2026-07-01 13:31:10 | INFO | Detected 9 blocks
2026-07-01 13:31:10 | INFO | Generating fingerprints for template discovery...
2026-07-01 13:31:10 | INFO | Captured 8 block screenshots
2026-07-01 13:31:10 | INFO | Detected 8 blocks
2026-07-01 13:31:10 | INFO | Generating fingerprints for template discovery...
2026-07-01 13:31:11 | INFO | Removed 5 elements: overlay, popup
📐 Detecting header/footer for this page...
2026-07-01 13:31:11 | INFO | Template - Reused saved header selector on current page
2026-07-01 13:31:11 | INFO | Template - Reused saved footer selector on current page
2026-07-01 13:31:11 | INFO | Header: moderate complexity, 2 features
2026-07-01 13:31:11 | INFO | Footer: moderate complexity, 2 features
2026-07-01 13:31:11 | INFO | Phase 2: Identifying main content area...
2026-07-01 13:31:11 | INFO | Main content: #main-content
2026-07-01 13:31:11 | INFO | Phase 3: Detecting blocks...
2026-07-01 13:31:11 | WARNING | Blocks - 50% of blocks are unknown - site uses non-EDS patterns
2026-07-01 13:31:11 | INFO | Phase 4: Capturing block screenshots...
2026-07-01 13:31:12 | INFO |    Top-section: 16 rows via title+container
2026-07-01 13:31:12 | INFO |    Body start: y=400 (start row 16 via below-title+container)
2026-07-01 13:31:12 | INFO | URL Pattern: /w/nossas-atividades/o-que-um-convento-tem-a-ver-com-a-energia-que-o-brasil-precisa-
2026-07-01 13:31:12 | INFO | Page catalog complete: /workspace/catalog/.pages/nossaenergia_petrobras_com_br_w_nossas-atividades_o-que-um-convento-tem-a-ver-com-a-energia-que-o-brasil-precisa---62b94528/page-catalog.json
2026-07-01 13:31:12 | INFO | SUCCESS: https://nossaenergia.petrobras.com.br/w/nossas-atividades/o-que-um-convento-tem-a-ver-com-a-energia-que-o-brasil-precisa-
2026-07-01 13:31:12 | INFO | Captured 8 block screenshots
2026-07-01 13:31:12 | INFO | Detected 8 blocks
2026-07-01 13:31:12 | INFO | Generating fingerprints for template discovery...
2026-07-01 13:31:13 | INFO |    Top-section: 14 rows via title+container
2026-07-01 13:31:13 | INFO |    Body start: y=350 (start row 14 via below-title+container)
2026-07-01 13:31:13 | INFO | URL Pattern: /w/nossas-atividades/petrobras-70-anos-o-brasil-e-a-nossa-energia
2026-07-01 13:31:13 | INFO | Page catalog complete: /workspace/catalog/.pages/nossaenergia_petrobras_com_br_w_nossas-atividades_petrobras-70-anos-o-brasil-e-a-nossa-energia--0e4ac585/page-catalog.json
2026-07-01 13:31:13 | INFO | SUCCESS: https://nossaenergia.petrobras.com.br/w/nossas-atividades/petrobras-70-anos-o-brasil-e-a-nossa-energia
2026-07-01 13:31:14 | INFO | [65/190] Processing: https://nossaenergia.petrobras.com.br/w/nossas-atividades/petrobras-em-goias-energia-cerrado-cultura
2026-07-01 13:31:14 | INFO | Generated slug: nossaenergia_petrobras_com_br_w_nossas-atividades_petrobras-em-goias-energia-cerrado-cultura--2563eca4
2026-07-01 13:31:14 | INFO | Starting analysis: https://nossaenergia.petrobras.com.br/w/nossas-atividades/petrobras-em-goias-energia-cerrado-cultura -> /workspace/catalog/.pages/nossaenergia_petrobras_com_br_w_nossas-atividades_petrobras-em-goias-energia-cerrado-cultura--2563eca4
2026-07-01 13:31:14 | INFO | Loading: https://nossaenergia.petrobras.com.br/w/nossas-atividades/petrobras-em-goias-energia-cerrado-cultura
2026-07-01 13:31:15 | INFO | [66/190] Processing: https://nossaenergia.petrobras.com.br/w/nossas-atividades/petrobras-em-minas-gerais
2026-07-01 13:31:15 | INFO | Generated slug: nossaenergia_petrobras_com_br_w_nossas-atividades_petrobras-em-minas-gerais--ea5b2730
2026-07-01 13:31:15 | INFO | Starting analysis: https://nossaenergia.petrobras.com.br/w/nossas-atividades/petrobras-em-minas-gerais -> /workspace/catalog/.pages/nossaenergia_petrobras_com_br_w_nossas-atividades_petrobras-em-minas-gerais--ea5b2730
2026-07-01 13:31:15 | INFO | Loading: https://nossaenergia.petrobras.com.br/w/nossas-atividades/petrobras-em-minas-gerais
2026-07-01 13:31:15 | INFO |    Top-section: 21 rows via title
2026-07-01 13:31:15 | INFO |    Body start: y=525 (start row 21 via below-title)
2026-07-01 13:31:15 | INFO | URL Pattern: /w/nossas-atividades/petrobras-e-o-cinema-nacional
2026-07-01 13:31:15 | INFO | Page catalog complete: /workspace/catalog/.pages/nossaenergia_petrobras_com_br_w_nossas-atividades_petrobras-e-o-cinema-nacional--3a9f6245/page-catalog.json
2026-07-01 13:31:15 | INFO | SUCCESS: https://nossaenergia.petrobras.com.br/w/nossas-atividades/petrobras-e-o-cinema-nacional
2026-07-01 13:31:17 | INFO | [67/190] Processing: https://nossaenergia.petrobras.com.br/w/nossas-atividades/petrobras-em-pernambuco
2026-07-01 13:31:17 | INFO | Generated slug: nossaenergia_petrobras_com_br_w_nossas-atividades_petrobras-em-pernambuco--4f3142de
2026-07-01 13:31:17 | INFO | Starting analysis: https://nossaenergia.petrobras.com.br/w/nossas-atividades/petrobras-em-pernambuco -> /workspace/catalog/.pages/nossaenergia_petrobras_com_br_w_nossas-atividades_petrobras-em-pernambuco--4f3142de
2026-07-01 13:31:17 | INFO | Loading: https://nossaenergia.petrobras.com.br/w/nossas-atividades/petrobras-em-pernambuco
2026-07-01 13:31:18 | INFO | Phase 0A: Triggering lazy-loaded content...
2026-07-01 13:31:19 | INFO | Phase 0A: Triggering lazy-loaded content...
2026-07-01 13:31:21 | INFO | Lazy-load scroll complete
2026-07-01 13:31:21 | INFO | Phase 0B: Cleaning up overlays...
2026-07-01 13:31:22 | INFO | Phase 0A: Triggering lazy-loaded content...
2026-07-01 13:31:23 | INFO | Lazy-load scroll complete
2026-07-01 13:31:23 | INFO | Phase 0B: Cleaning up overlays...
2026-07-01 13:31:24 | INFO | Lazy-load scroll complete
2026-07-01 13:31:24 | INFO | Phase 0B: Cleaning up overlays...
2026-07-01 13:31:56 | INFO | Removed 5 elements: overlay, popup
📐 Detecting header/footer for this page...
2026-07-01 13:31:56 | INFO | Template - Reused saved header selector on current page
2026-07-01 13:31:56 | INFO | Template - Reused saved footer selector on current page
2026-07-01 13:31:56 | INFO | Header: moderate complexity, 2 features
2026-07-01 13:31:56 | INFO | Footer: moderate complexity, 2 features
2026-07-01 13:31:56 | INFO | Phase 2: Identifying main content area...
2026-07-01 13:31:56 | INFO | Main content: #main-content
2026-07-01 13:31:56 | INFO | Phase 3: Detecting blocks...
2026-07-01 13:31:56 | WARNING | Blocks - 50% of blocks are unknown - site uses non-EDS patterns
2026-07-01 13:31:56 | INFO | Phase 4: Capturing block screenshots...
2026-07-01 13:31:58 | INFO | Captured 10 block screenshots
2026-07-01 13:31:58 | INFO | Detected 10 blocks
2026-07-01 13:31:58 | INFO | Generating fingerprints for template discovery...
2026-07-01 13:32:01 | INFO |    Top-section: 16 rows via title+container
2026-07-01 13:32:01 | INFO |    Body start: y=400 (start row 16 via below-title+container)
2026-07-01 13:32:01 | INFO | URL Pattern: /w/nossas-atividades/petrobras-em-brasilia-articulacao-inovacao-projetos
2026-07-01 13:32:01 | INFO | Page catalog complete: /workspace/catalog/.pages/nossaenergia_petrobras_com_br_w_nossas-atividades_petrobras-em-brasilia-articulacao-inovacao-projetos--490e5439/page-catalog.json
2026-07-01 13:32:01 | INFO | SUCCESS: https://nossaenergia.petrobras.com.br/w/nossas-atividades/petrobras-em-brasilia-articulacao-inovacao-projetos
2026-07-01 13:32:03 | INFO | [68/190] Processing: https://nossaenergia.petrobras.com.br/w/nossas-atividades/petrobras-em-santa-catarina
2026-07-01 13:32:03 | INFO | Generated slug: nossaenergia_petrobras_com_br_w_nossas-atividades_petrobras-em-santa-catarina--70a3a483
2026-07-01 13:32:03 | INFO | Starting analysis: https://nossaenergia.petrobras.com.br/w/nossas-atividades/petrobras-em-santa-catarina -> /workspace/catalog/.pages/nossaenergia_petrobras_com_br_w_nossas-atividades_petrobras-em-santa-catarina--70a3a483
2026-07-01 13:32:03 | INFO | Loading: https://nossaenergia.petrobras.com.br/w/nossas-atividades/petrobras-em-santa-catarina
2026-07-01 13:32:07 | INFO | Phase 0A: Triggering lazy-loaded content...
2026-07-01 13:32:10 | INFO | Lazy-load scroll complete
2026-07-01 13:32:10 | INFO | Phase 0B: Cleaning up overlays...
2026-07-01 13:32:23 | INFO | Removed 5 elements: overlay, popup
📐 Detecting header/footer for this page...
2026-07-01 13:32:23 | INFO | Template - Reused saved header selector on current page
2026-07-01 13:32:23 | INFO | Template - Reused saved footer selector on current page
2026-07-01 13:32:23 | INFO | Header: moderate complexity, 2 features
2026-07-01 13:32:23 | INFO | Footer: moderate complexity, 2 features
2026-07-01 13:32:23 | INFO | Phase 2: Identifying main content area...
2026-07-01 13:32:23 | INFO | Main content: #main-content
2026-07-01 13:32:23 | INFO | Phase 3: Detecting blocks...
2026-07-01 13:32:23 | WARNING | Blocks - 58% of blocks are unknown - site uses non-EDS patterns
2026-07-01 13:32:23 | INFO | Phase 4: Capturing block screenshots...
2026-07-01 13:32:24 | INFO | Removed 5 elements: overlay, popup
📐 Detecting header/footer for this page...
2026-07-01 13:32:24 | INFO | Template - Reused saved header selector on current page
2026-07-01 13:32:24 | INFO | Template - Reused saved footer selector on current page
2026-07-01 13:32:24 | INFO | Header: moderate complexity, 2 features
2026-07-01 13:32:24 | INFO | Footer: moderate complexity, 2 features
2026-07-01 13:32:24 | INFO | Phase 2: Identifying main content area...
2026-07-01 13:32:24 | INFO | Main content: #main-content
2026-07-01 13:32:24 | INFO | Phase 3: Detecting blocks...
2026-07-01 13:32:24 | INFO | Phase 4: Capturing block screenshots...
2026-07-01 13:32:25 | INFO | Captured 12 block screenshots
2026-07-01 13:32:25 | INFO | Detected 12 blocks
2026-07-01 13:32:25 | INFO | Generating fingerprints for template discovery...
2026-07-01 13:32:26 | INFO | Removed 5 elements: overlay, popup
📐 Detecting header/footer for this page...
2026-07-01 13:32:26 | INFO | Template - Reused saved header selector on current page
2026-07-01 13:32:26 | INFO | Template - Reused saved footer selector on current page
2026-07-01 13:32:26 | INFO | Header: moderate complexity, 2 features
2026-07-01 13:32:26 | INFO | Footer: moderate complexity, 2 features
2026-07-01 13:32:26 | INFO | Phase 2: Identifying main content area...
2026-07-01 13:32:26 | INFO | Main content: #main-content
2026-07-01 13:32:26 | INFO | Phase 3: Detecting blocks...
2026-07-01 13:32:26 | WARNING | Blocks - 67% of blocks are unknown - site uses non-EDS patterns
2026-07-01 13:32:26 | INFO | Phase 4: Capturing block screenshots...
2026-07-01 13:32:27 | INFO | Captured 15 block screenshots
2026-07-01 13:32:27 | INFO | Detected 15 blocks
2026-07-01 13:32:27 | INFO | Generating fingerprints for template discovery...
2026-07-01 13:32:27 | INFO | Captured 9 block screenshots
2026-07-01 13:32:27 | INFO | Detected 9 blocks
2026-07-01 13:32:27 | INFO | Generating fingerprints for template discovery...
2026-07-01 13:32:28 | INFO |    Top-section: 17 rows via title+container
2026-07-01 13:32:28 | INFO |    Body start: y=425 (start row 17 via below-title+container)
2026-07-01 13:32:28 | INFO | URL Pattern: /w/nossas-atividades/petrobras-em-goias-energia-cerrado-cultura
2026-07-01 13:32:28 | INFO | Page catalog complete: /workspace/catalog/.pages/nossaenergia_petrobras_com_br_w_nossas-atividades_petrobras-em-goias-energia-cerrado-cultura--2563eca4/page-catalog.json
2026-07-01 13:32:28 | INFO | SUCCESS: https://nossaenergia.petrobras.com.br/w/nossas-atividades/petrobras-em-goias-energia-cerrado-cultura
2026-07-01 13:32:28 | INFO | PROGRESS: 65/190 analyzed (34% checklist complete) | 65 ok, 0 failed, 0 skipped | ~40 min remaining
2026-07-01 13:32:29 | INFO |    Top-section: 16 rows via title+container
2026-07-01 13:32:29 | INFO |    Body start: y=400 (start row 16 via below-title+container)
2026-07-01 13:32:29 | INFO | URL Pattern: /w/nossas-atividades/petrobras-em-minas-gerais
2026-07-01 13:32:29 | INFO | Page catalog complete: /workspace/catalog/.pages/nossaenergia_petrobras_com_br_w_nossas-atividades_petrobras-em-minas-gerais--ea5b2730/page-catalog.json
2026-07-01 13:32:29 | INFO | SUCCESS: https://nossaenergia.petrobras.com.br/w/nossas-atividades/petrobras-em-minas-gerais
2026-07-01 13:32:30 | INFO | [69/190] Processing: https://nossaenergia.petrobras.com.br/w/nossas-atividades/petrobras-em-sao-paulo
2026-07-01 13:32:30 | INFO | Generated slug: nossaenergia_petrobras_com_br_w_nossas-atividades_petrobras-em-sao-paulo--85362bdc
2026-07-01 13:32:30 | INFO | Starting analysis: https://nossaenergia.petrobras.com.br/w/nossas-atividades/petrobras-em-sao-paulo -> /workspace/catalog/.pages/nossaenergia_petrobras_com_br_w_nossas-atividades_petrobras-em-sao-paulo--85362bdc
2026-07-01 13:32:30 | INFO |    Top-section: 17 rows via title+container
2026-07-01 13:32:30 | INFO |    Body start: y=425 (start row 17 via below-title+container)
2026-07-01 13:32:30 | INFO | URL Pattern: /w/nossas-atividades/petrobras-em-pernambuco
2026-07-01 13:32:30 | INFO | Page catalog complete: /workspace/catalog/.pages/nossaenergia_petrobras_com_br_w_nossas-atividades_petrobras-em-pernambuco--4f3142de/page-catalog.json
2026-07-01 13:32:30 | INFO | Loading: https://nossaenergia.petrobras.com.br/w/nossas-atividades/petrobras-em-sao-paulo
2026-07-01 13:32:30 | INFO | SUCCESS: https://nossaenergia.petrobras.com.br/w/nossas-atividades/petrobras-em-pernambuco
2026-07-01 13:32:31 | INFO | [70/190] Processing: https://nossaenergia.petrobras.com.br/w/nossas-atividades/petrobras-em-sergipe-inovacao-fronteira-energetica
2026-07-01 13:32:31 | INFO | Generated slug: nossaenergia_petrobras_com_br_w_nossas-atividades_petrobras-em-sergipe-inovacao-fronteira-energetica--738f230a
2026-07-01 13:32:31 | INFO | Starting analysis: https://nossaenergia.petrobras.com.br/w/nossas-atividades/petrobras-em-sergipe-inovacao-fronteira-energetica -> /workspace/catalog/.pages/nossaenergia_petrobras_com_br_w_nossas-atividades_petrobras-em-sergipe-inovacao-fronteira-energetica--738f230a
2026-07-01 13:32:31 | INFO | Loading: https://nossaenergia.petrobras.com.br/w/nossas-atividades/petrobras-em-sergipe-inovacao-fronteira-energetica
2026-07-01 13:32:32 | INFO | [71/190] Processing: https://nossaenergia.petrobras.com.br/w/nossas-atividades/petrobras-na-bahia
2026-07-01 13:32:32 | INFO | Generated slug: nossaenergia_petrobras_com_br_w_nossas-atividades_petrobras-na-bahia--edc6e769
2026-07-01 13:32:32 | INFO | Starting analysis: https://nossaenergia.petrobras.com.br/w/nossas-atividades/petrobras-na-bahia -> /workspace/catalog/.pages/nossaenergia_petrobras_com_br_w_nossas-atividades_petrobras-na-bahia--edc6e769
2026-07-01 13:32:32 | INFO | Loading: https://nossaenergia.petrobras.com.br/w/nossas-atividades/petrobras-na-bahia
2026-07-01 13:32:34 | INFO | Phase 0A: Triggering lazy-loaded content...
2026-07-01 13:32:36 | INFO | Phase 0A: Triggering lazy-loaded content...
2026-07-01 13:32:37 | INFO | Phase 0A: Triggering lazy-loaded content...
2026-07-01 13:32:38 | INFO | Lazy-load scroll complete
2026-07-01 13:32:38 | INFO | Phase 0B: Cleaning up overlays...
2026-07-01 13:32:39 | INFO | Lazy-load scroll complete
2026-07-01 13:32:39 | INFO | Phase 0B: Cleaning up overlays...
2026-07-01 13:32:40 | INFO | Lazy-load scroll complete
2026-07-01 13:32:40 | INFO | Phase 0B: Cleaning up overlays...
2026-07-01 13:33:11 | INFO | Removed 5 elements: overlay, popup
📐 Detecting header/footer for this page...
2026-07-01 13:33:11 | INFO | Template - Reused saved header selector on current page
2026-07-01 13:33:11 | INFO | Template - Reused saved footer selector on current page
2026-07-01 13:33:11 | INFO | Header: moderate complexity, 2 features
2026-07-01 13:33:11 | INFO | Footer: moderate complexity, 2 features
2026-07-01 13:33:11 | INFO | Phase 2: Identifying main content area...
2026-07-01 13:33:11 | INFO | Main content: #main-content
2026-07-01 13:33:12 | INFO | Phase 3: Detecting blocks...
2026-07-01 13:33:12 | WARNING | Blocks - 50% of blocks are unknown - site uses non-EDS patterns
2026-07-01 13:33:12 | INFO | Phase 4: Capturing block screenshots...
2026-07-01 13:33:13 | INFO | Captured 12 block screenshots
2026-07-01 13:33:13 | INFO | Detected 12 blocks
2026-07-01 13:33:13 | INFO | Generating fingerprints for template discovery...
2026-07-01 13:33:16 | INFO |    Top-section: 16 rows via title+container
2026-07-01 13:33:16 | INFO |    Body start: y=400 (start row 16 via below-title+container)
2026-07-01 13:33:16 | INFO | URL Pattern: /w/nossas-atividades/petrobras-em-santa-catarina
2026-07-01 13:33:16 | INFO | Page catalog complete: /workspace/catalog/.pages/nossaenergia_petrobras_com_br_w_nossas-atividades_petrobras-em-santa-catarina--70a3a483/page-catalog.json
2026-07-01 13:33:16 | INFO | SUCCESS: https://nossaenergia.petrobras.com.br/w/nossas-atividades/petrobras-em-santa-catarina
2026-07-01 13:33:18 | INFO | [72/190] Processing: https://nossaenergia.petrobras.com.br/w/nossas-atividades/petrobras-no-amazonas-energia-floresta-biodiversidade
2026-07-01 13:33:18 | INFO | Generated slug: nossaenergia_petrobras_com_br_w_nossas-atividades_petrobras-no-amazonas-energia-floresta-biodiversidade--3508ab2a
2026-07-01 13:33:18 | INFO | Starting analysis: https://nossaenergia.petrobras.com.br/w/nossas-atividades/petrobras-no-amazonas-energia-floresta-biodiversidade -> /workspace/catalog/.pages/nossaenergia_petrobras_com_br_w_nossas-atividades_petrobras-no-amazonas-energia-floresta-biodiversidade--3508ab2a
2026-07-01 13:33:18 | INFO | Loading: https://nossaenergia.petrobras.com.br/w/nossas-atividades/petrobras-no-amazonas-energia-floresta-biodiversidade
2026-07-01 13:33:23 | INFO | Phase 0A: Triggering lazy-loaded content...
2026-07-01 13:33:26 | INFO | Lazy-load scroll complete
2026-07-01 13:33:26 | INFO | Phase 0B: Cleaning up overlays...
2026-07-01 13:33:40 | INFO | Removed 5 elements: overlay, popup
📐 Detecting header/footer for this page...
2026-07-01 13:33:40 | INFO | Template - Reused saved header selector on current page
2026-07-01 13:33:40 | INFO | Template - Reused saved footer selector on current page
2026-07-01 13:33:40 | INFO | Header: moderate complexity, 2 features
2026-07-01 13:33:40 | INFO | Footer: moderate complexity, 2 features
2026-07-01 13:33:40 | INFO | Phase 2: Identifying main content area...
2026-07-01 13:33:40 | INFO | Main content: #main-content
2026-07-01 13:33:40 | INFO | Phase 3: Detecting blocks...
2026-07-01 13:33:40 | WARNING | Blocks - 63% of blocks are unknown - site uses non-EDS patterns
2026-07-01 13:33:40 | INFO | Phase 4: Capturing block screenshots...
2026-07-01 13:33:40 | INFO | Removed 5 elements: overlay, popup
📐 Detecting header/footer for this page...
2026-07-01 13:33:40 | INFO | Template - Reused saved header selector on current page
2026-07-01 13:33:40 | INFO | Template - Reused saved footer selector on current page
2026-07-01 13:33:40 | INFO | Header: moderate complexity, 2 features
2026-07-01 13:33:40 | INFO | Footer: moderate complexity, 2 features
2026-07-01 13:33:40 | INFO | Phase 2: Identifying main content area...
2026-07-01 13:33:40 | INFO | Main content: #main-content
2026-07-01 13:33:40 | INFO | Phase 3: Detecting blocks...
2026-07-01 13:33:40 | INFO | Phase 4: Capturing block screenshots...
2026-07-01 13:33:42 | INFO | Removed 5 elements: overlay, popup
📐 Detecting header/footer for this page...
2026-07-01 13:33:42 | INFO | Template - Reused saved header selector on current page
2026-07-01 13:33:42 | INFO | Template - Reused saved footer selector on current page
2026-07-01 13:33:42 | INFO | Header: moderate complexity, 2 features
2026-07-01 13:33:42 | INFO | Footer: moderate complexity, 2 features
2026-07-01 13:33:42 | INFO | Phase 2: Identifying main content area...
2026-07-01 13:33:42 | INFO | Main content: #main-content
2026-07-01 13:33:42 | INFO | Captured 16 block screenshots
2026-07-01 13:33:42 | INFO | Detected 16 blocks
2026-07-01 13:33:42 | INFO | Generating fingerprints for template discovery...
2026-07-01 13:33:42 | INFO | Phase 3: Detecting blocks...
2026-07-01 13:33:42 | WARNING | Blocks - 67% of blocks are unknown - site uses non-EDS patterns
2026-07-01 13:33:42 | INFO | Phase 4: Capturing block screenshots...
2026-07-01 13:33:42 | INFO | Captured 13 block screenshots
2026-07-01 13:33:42 | INFO | Detected 13 blocks
2026-07-01 13:33:42 | INFO | Generating fingerprints for template discovery...
2026-07-01 13:33:43 | INFO | Captured 9 block screenshots
2026-07-01 13:33:43 | INFO | Detected 9 blocks
2026-07-01 13:33:43 | INFO | Generating fingerprints for template discovery...
2026-07-01 13:33:44 | INFO |    Top-section: 16 rows via title+container
2026-07-01 13:33:44 | INFO |    Body start: y=400 (start row 16 via below-title+container)
2026-07-01 13:33:44 | INFO | URL Pattern: /w/nossas-atividades/petrobras-em-sao-paulo
2026-07-01 13:33:44 | INFO | Page catalog complete: /workspace/catalog/.pages/nossaenergia_petrobras_com_br_w_nossas-atividades_petrobras-em-sao-paulo--85362bdc/page-catalog.json
2026-07-01 13:33:44 | INFO | SUCCESS: https://nossaenergia.petrobras.com.br/w/nossas-atividades/petrobras-em-sao-paulo
2026-07-01 13:33:45 | INFO |    Top-section: 16 rows via title+container
2026-07-01 13:33:45 | INFO |    Body start: y=400 (start row 16 via below-title+container)
2026-07-01 13:33:45 | INFO | URL Pattern: /w/nossas-atividades/petrobras-em-sergipe-inovacao-fronteira-energetica
2026-07-01 13:33:45 | INFO | Page catalog complete: /workspace/catalog/.pages/nossaenergia_petrobras_com_br_w_nossas-atividades_petrobras-em-sergipe-inovacao-fronteira-energetica--738f230a/page-catalog.json
2026-07-01 13:33:45 | INFO | SUCCESS: https://nossaenergia.petrobras.com.br/w/nossas-atividades/petrobras-em-sergipe-inovacao-fronteira-energetica
2026-07-01 13:33:45 | INFO | PROGRESS: 70/190 analyzed (37% checklist complete) | 70 ok, 0 failed, 0 skipped | ~38 min remaining
2026-07-01 13:33:46 | INFO |    Top-section: 16 rows via title+container
2026-07-01 13:33:46 | INFO |    Body start: y=400 (start row 16 via below-title+container)
2026-07-01 13:33:46 | INFO | URL Pattern: /w/nossas-atividades/petrobras-na-bahia
2026-07-01 13:33:46 | INFO | Page catalog complete: /workspace/catalog/.pages/nossaenergia_petrobras_com_br_w_nossas-atividades_petrobras-na-bahia--edc6e769/page-catalog.json
2026-07-01 13:33:46 | INFO | SUCCESS: https://nossaenergia.petrobras.com.br/w/nossas-atividades/petrobras-na-bahia
2026-07-01 13:33:46 | INFO | [73/190] Processing: https://nossaenergia.petrobras.com.br/w/nossas-atividades/petrobras-no-es
2026-07-01 13:33:46 | INFO | Generated slug: nossaenergia_petrobras_com_br_w_nossas-atividades_petrobras-no-es--6b26b977
2026-07-01 13:33:46 | INFO | Starting analysis: https://nossaenergia.petrobras.com.br/w/nossas-atividades/petrobras-no-es -> /workspace/catalog/.pages/nossaenergia_petrobras_com_br_w_nossas-atividades_petrobras-no-es--6b26b977
2026-07-01 13:33:46 | INFO | Loading: https://nossaenergia.petrobras.com.br/w/nossas-atividades/petrobras-no-es
2026-07-01 13:33:47 | INFO | [74/190] Processing: https://nossaenergia.petrobras.com.br/w/nossas-atividades/petrobras-no-ms-energia-biodiversidade-margem-equatorial
2026-07-01 13:33:47 | INFO | Generated slug: nossaenergia_petrobras_com_br_w_nossas-atividades_petrobras-no-ms-energia-biodiversidade-margem-equatorial--e0f06475
2026-07-01 13:33:47 | INFO | Starting analysis: https://nossaenergia.petrobras.com.br/w/nossas-atividades/petrobras-no-ms-energia-biodiversidade-margem-equatorial -> /workspace/catalog/.pages/nossaenergia_petrobras_com_br_w_nossas-atividades_petrobras-no-ms-energia-biodiversidade-margem-equatorial--e0f06475
2026-07-01 13:33:47 | INFO | Loading: https://nossaenergia.petrobras.com.br/w/nossas-atividades/petrobras-no-ms-energia-biodiversidade-margem-equatorial
2026-07-01 13:33:48 | INFO | [75/190] Processing: https://nossaenergia.petrobras.com.br/w/nossas-atividades/petrobras-no-mt-energia-agro
2026-07-01 13:33:48 | INFO | Generated slug: nossaenergia_petrobras_com_br_w_nossas-atividades_petrobras-no-mt-energia-agro--439baeb2
2026-07-01 13:33:48 | INFO | Starting analysis: https://nossaenergia.petrobras.com.br/w/nossas-atividades/petrobras-no-mt-energia-agro -> /workspace/catalog/.pages/nossaenergia_petrobras_com_br_w_nossas-atividades_petrobras-no-mt-energia-agro--439baeb2
2026-07-01 13:33:48 | INFO | Loading: https://nossaenergia.petrobras.com.br/w/nossas-atividades/petrobras-no-mt-energia-agro
2026-07-01 13:33:51 | INFO | Phase 0A: Triggering lazy-loaded content...
2026-07-01 13:33:52 | INFO | Phase 0A: Triggering lazy-loaded content...
2026-07-01 13:33:53 | INFO | Phase 0A: Triggering lazy-loaded content...
2026-07-01 13:33:54 | INFO | Lazy-load scroll complete
2026-07-01 13:33:54 | INFO | Phase 0B: Cleaning up overlays...
2026-07-01 13:33:56 | INFO | Lazy-load scroll complete
2026-07-01 13:33:56 | INFO | Phase 0B: Cleaning up overlays...
2026-07-01 13:33:57 | INFO | Lazy-load scroll complete
2026-07-01 13:33:57 | INFO | Phase 0B: Cleaning up overlays...
2026-07-01 13:34:27 | INFO | Removed 5 elements: overlay, popup
📐 Detecting header/footer for this page...
2026-07-01 13:34:27 | INFO | Template - Reused saved header selector on current page
2026-07-01 13:34:27 | INFO | Template - Reused saved footer selector on current page
2026-07-01 13:34:27 | INFO | Header: moderate complexity, 2 features
2026-07-01 13:34:27 | INFO | Footer: moderate complexity, 2 features
2026-07-01 13:34:27 | INFO | Phase 2: Identifying main content area...
2026-07-01 13:34:27 | INFO | Main content: #main-content
2026-07-01 13:34:27 | INFO | Phase 3: Detecting blocks...
2026-07-01 13:34:27 | WARNING | Blocks - 67% of blocks are unknown - site uses non-EDS patterns
2026-07-01 13:34:27 | INFO | Phase 4: Capturing block screenshots...
2026-07-01 13:34:29 | INFO | Captured 9 block screenshots
2026-07-01 13:34:29 | INFO | Detected 9 blocks
2026-07-01 13:34:29 | INFO | Generating fingerprints for template discovery...
2026-07-01 13:34:32 | INFO |    Top-section: 17 rows via title+container
2026-07-01 13:34:32 | INFO |    Body start: y=425 (start row 17 via below-title+container)
2026-07-01 13:34:32 | INFO | URL Pattern: /w/nossas-atividades/petrobras-no-amazonas-energia-floresta-biodiversidade
2026-07-01 13:34:32 | INFO | Page catalog complete: /workspace/catalog/.pages/nossaenergia_petrobras_com_br_w_nossas-atividades_petrobras-no-amazonas-energia-floresta-biodiversidade--3508ab2a/page-catalog.json
2026-07-01 13:34:32 | INFO | SUCCESS: https://nossaenergia.petrobras.com.br/w/nossas-atividades/petrobras-no-amazonas-energia-floresta-biodiversidade
2026-07-01 13:34:34 | INFO | [76/190] Processing: https://nossaenergia.petrobras.com.br/w/nossas-atividades/petrobras-no-parana
2026-07-01 13:34:34 | INFO | Generated slug: nossaenergia_petrobras_com_br_w_nossas-atividades_petrobras-no-parana--ae7a2c2f
2026-07-01 13:34:34 | INFO | Starting analysis: https://nossaenergia.petrobras.com.br/w/nossas-atividades/petrobras-no-parana -> /workspace/catalog/.pages/nossaenergia_petrobras_com_br_w_nossas-atividades_petrobras-no-parana--ae7a2c2f
2026-07-01 13:34:34 | INFO | Loading: https://nossaenergia.petrobras.com.br/w/nossas-atividades/petrobras-no-parana
2026-07-01 13:34:38 | INFO | Phase 0A: Triggering lazy-loaded content...
2026-07-01 13:34:42 | INFO | Lazy-load scroll complete
2026-07-01 13:34:42 | INFO | Phase 0B: Cleaning up overlays...
2026-07-01 13:34:56 | INFO | Removed 5 elements: overlay, popup
📐 Detecting header/footer for this page...
2026-07-01 13:34:56 | INFO | Template - Reused saved header selector on current page
2026-07-01 13:34:56 | INFO | Template - Reused saved footer selector on current page
2026-07-01 13:34:56 | INFO | Header: moderate complexity, 2 features
2026-07-01 13:34:56 | INFO | Footer: moderate complexity, 2 features
2026-07-01 13:34:56 | INFO | Phase 2: Identifying main content area...
2026-07-01 13:34:56 | INFO | Main content: #main-content
2026-07-01 13:34:56 | INFO | Phase 3: Detecting blocks...
2026-07-01 13:34:56 | WARNING | Blocks - 77% of blocks are unknown - site uses non-EDS patterns
2026-07-01 13:34:56 | INFO | Phase 4: Capturing block screenshots...
2026-07-01 13:34:57 | INFO | Removed 5 elements: overlay, popup
📐 Detecting header/footer for this page...
2026-07-01 13:34:57 | INFO | Template - Reused saved header selector on current page
2026-07-01 13:34:57 | INFO | Template - Reused saved footer selector on current page
2026-07-01 13:34:57 | INFO | Header: moderate complexity, 2 features
2026-07-01 13:34:57 | INFO | Footer: moderate complexity, 2 features
2026-07-01 13:34:57 | INFO | Phase 2: Identifying main content area...
2026-07-01 13:34:57 | INFO | Main content: #main-content
2026-07-01 13:34:58 | INFO | Phase 3: Detecting blocks...
2026-07-01 13:34:58 | INFO | Phase 4: Capturing block screenshots...
2026-07-01 13:34:58 | INFO | Captured 13 block screenshots
2026-07-01 13:34:58 | INFO | Detected 13 blocks
2026-07-01 13:34:58 | INFO | Generating fingerprints for template discovery...
2026-07-01 13:34:58 | INFO | Removed 5 elements: overlay, popup
📐 Detecting header/footer for this page...
2026-07-01 13:34:58 | INFO | Template - Reused saved header selector on current page
2026-07-01 13:34:58 | INFO | Template - Reused saved footer selector on current page
2026-07-01 13:34:58 | INFO | Header: moderate complexity, 2 features
2026-07-01 13:34:58 | INFO | Footer: moderate complexity, 2 features
2026-07-01 13:34:58 | INFO | Phase 2: Identifying main content area...
2026-07-01 13:34:58 | INFO | Main content: #main-content
2026-07-01 13:34:58 | INFO | Phase 3: Detecting blocks...
2026-07-01 13:34:58 | WARNING | Blocks - 62% of blocks are unknown - site uses non-EDS patterns
2026-07-01 13:34:58 | INFO | Phase 4: Capturing block screenshots...
2026-07-01 13:35:00 | INFO | Captured 16 block screenshots
2026-07-01 13:35:00 | INFO | Detected 16 blocks
2026-07-01 13:35:00 | INFO | Generating fingerprints for template discovery...
2026-07-01 13:35:00 | INFO | Captured 13 block screenshots
2026-07-01 13:35:00 | INFO | Detected 13 blocks
2026-07-01 13:35:00 | INFO | Generating fingerprints for template discovery...
2026-07-01 13:35:00 | INFO |    Top-section: 17 rows via title+container
2026-07-01 13:35:00 | INFO |    Body start: y=425 (start row 17 via below-title+container)
2026-07-01 13:35:00 | INFO | URL Pattern: /w/nossas-atividades/petrobras-no-ms-energia-biodiversidade-margem-equatorial
2026-07-01 13:35:00 | INFO | Page catalog complete: /workspace/catalog/.pages/nossaenergia_petrobras_com_br_w_nossas-atividades_petrobras-no-ms-energia-biodiversidade-margem-equatorial--e0f06475/page-catalog.json
2026-07-01 13:35:00 | INFO | SUCCESS: https://nossaenergia.petrobras.com.br/w/nossas-atividades/petrobras-no-ms-energia-biodiversidade-margem-equatorial
2026-07-01 13:35:02 | INFO | [77/190] Processing: https://nossaenergia.petrobras.com.br/w/nossas-atividades/petrobras-no-rio-de-janeiro
2026-07-01 13:35:02 | INFO | Generated slug: nossaenergia_petrobras_com_br_w_nossas-atividades_petrobras-no-rio-de-janeiro--71f54f51
2026-07-01 13:35:02 | INFO | Starting analysis: https://nossaenergia.petrobras.com.br/w/nossas-atividades/petrobras-no-rio-de-janeiro -> /workspace/catalog/.pages/nossaenergia_petrobras_com_br_w_nossas-atividades_petrobras-no-rio-de-janeiro--71f54f51
2026-07-01 13:35:02 | INFO | Loading: https://nossaenergia.petrobras.com.br/w/nossas-atividades/petrobras-no-rio-de-janeiro
2026-07-01 13:35:02 | INFO |    Top-section: 17 rows via title+container
2026-07-01 13:35:02 | INFO |    Body start: y=425 (start row 17 via below-title+container)
2026-07-01 13:35:02 | INFO | URL Pattern: /w/nossas-atividades/petrobras-no-es
2026-07-01 13:35:02 | INFO | Page catalog complete: /workspace/catalog/.pages/nossaenergia_petrobras_com_br_w_nossas-atividades_petrobras-no-es--6b26b977/page-catalog.json
2026-07-01 13:35:02 | INFO | SUCCESS: https://nossaenergia.petrobras.com.br/w/nossas-atividades/petrobras-no-es
2026-07-01 13:35:02 | INFO |    Top-section: 16 rows via title+container
2026-07-01 13:35:02 | INFO |    Body start: y=400 (start row 16 via below-title+container)
2026-07-01 13:35:02 | INFO | URL Pattern: /w/nossas-atividades/petrobras-no-mt-energia-agro
2026-07-01 13:35:02 | INFO | Page catalog complete: /workspace/catalog/.pages/nossaenergia_petrobras_com_br_w_nossas-atividades_petrobras-no-mt-energia-agro--439baeb2/page-catalog.json
2026-07-01 13:35:02 | INFO | SUCCESS: https://nossaenergia.petrobras.com.br/w/nossas-atividades/petrobras-no-mt-energia-agro
2026-07-01 13:35:02 | INFO | PROGRESS: 75/190 analyzed (39% checklist complete) | 75 ok, 0 failed, 0 skipped | ~36 min remaining
2026-07-01 13:35:04 | INFO | [78/190] Processing: https://nossaenergia.petrobras.com.br/w/nossas-atividades/petrobras-no-rio-grande-do-sul
2026-07-01 13:35:04 | INFO | Generated slug: nossaenergia_petrobras_com_br_w_nossas-atividades_petrobras-no-rio-grande-do-sul--3762d4b4
2026-07-01 13:35:04 | INFO | Starting analysis: https://nossaenergia.petrobras.com.br/w/nossas-atividades/petrobras-no-rio-grande-do-sul -> /workspace/catalog/.pages/nossaenergia_petrobras_com_br_w_nossas-atividades_petrobras-no-rio-grande-do-sul--3762d4b4
2026-07-01 13:35:04 | INFO | [79/190] Processing: https://nossaenergia.petrobras.com.br/w/nossas-atividades/por-todo-brasil-tem-petrobras
2026-07-01 13:35:04 | INFO | Generated slug: nossaenergia_petrobras_com_br_w_nossas-atividades_por-todo-brasil-tem-petrobras--15e46726
2026-07-01 13:35:04 | INFO | Starting analysis: https://nossaenergia.petrobras.com.br/w/nossas-atividades/por-todo-brasil-tem-petrobras -> /workspace/catalog/.pages/nossaenergia_petrobras_com_br_w_nossas-atividades_por-todo-brasil-tem-petrobras--15e46726
2026-07-01 13:35:04 | INFO | Loading: https://nossaenergia.petrobras.com.br/w/nossas-atividades/petrobras-no-rio-grande-do-sul
2026-07-01 13:35:04 | INFO | Loading: https://nossaenergia.petrobras.com.br/w/nossas-atividades/por-todo-brasil-tem-petrobras
2026-07-01 13:35:06 | INFO | Phase 0A: Triggering lazy-loaded content...
2026-07-01 13:35:08 | INFO | Phase 0A: Triggering lazy-loaded content...
2026-07-01 13:35:09 | INFO | Phase 0A: Triggering lazy-loaded content...
2026-07-01 13:35:09 | INFO | Lazy-load scroll complete
2026-07-01 13:35:09 | INFO | Phase 0B: Cleaning up overlays...
2026-07-01 13:35:12 | INFO | Lazy-load scroll complete
2026-07-01 13:35:12 | INFO | Phase 0B: Cleaning up overlays...
2026-07-01 13:35:12 | INFO | Lazy-load scroll complete
2026-07-01 13:35:12 | INFO | Phase 0B: Cleaning up overlays...
2026-07-01 13:35:43 | INFO | Removed 5 elements: overlay, popup
📐 Detecting header/footer for this page...
2026-07-01 13:35:43 | INFO | Template - Reused saved header selector on current page
2026-07-01 13:35:43 | INFO | Template - Reused saved footer selector on current page
2026-07-01 13:35:43 | INFO | Header: moderate complexity, 2 features
2026-07-01 13:35:43 | INFO | Footer: moderate complexity, 2 features
2026-07-01 13:35:43 | INFO | Phase 2: Identifying main content area...
2026-07-01 13:35:43 | INFO | Main content: #main-content
2026-07-01 13:35:43 | INFO | Phase 3: Detecting blocks...
2026-07-01 13:35:43 | INFO | Phase 4: Capturing block screenshots...
2026-07-01 13:35:45 | INFO | Captured 12 block screenshots
2026-07-01 13:35:45 | INFO | Detected 12 blocks
2026-07-01 13:35:45 | INFO | Generating fingerprints for template discovery...
2026-07-01 13:35:48 | INFO |    Top-section: 16 rows via title+container
2026-07-01 13:35:48 | INFO |    Body start: y=400 (start row 16 via below-title+container)
2026-07-01 13:35:48 | INFO | URL Pattern: /w/nossas-atividades/petrobras-no-parana
2026-07-01 13:35:48 | INFO | Page catalog complete: /workspace/catalog/.pages/nossaenergia_petrobras_com_br_w_nossas-atividades_petrobras-no-parana--ae7a2c2f/page-catalog.json
2026-07-01 13:35:48 | INFO | SUCCESS: https://nossaenergia.petrobras.com.br/w/nossas-atividades/petrobras-no-parana
2026-07-01 13:35:50 | INFO | [80/190] Processing: https://nossaenergia.petrobras.com.br/w/nossas-atividades/pre-sal-15-anos-de-uma-conquista-que-fez-historia
2026-07-01 13:35:50 | INFO | Generated slug: nossaenergia_petrobras_com_br_w_nossas-atividades_pre-sal-15-anos-de-uma-conquista-que-fez-historia--38252028
2026-07-01 13:35:50 | INFO | Starting analysis: https://nossaenergia.petrobras.com.br/w/nossas-atividades/pre-sal-15-anos-de-uma-conquista-que-fez-historia -> /workspace/catalog/.pages/nossaenergia_petrobras_com_br_w_nossas-atividades_pre-sal-15-anos-de-uma-conquista-que-fez-historia--38252028
2026-07-01 13:35:50 | INFO | Loading: https://nossaenergia.petrobras.com.br/w/nossas-atividades/pre-sal-15-anos-de-uma-conquista-que-fez-historia
2026-07-01 13:35:54 | INFO | Phase 0A: Triggering lazy-loaded content...
2026-07-01 13:35:56 | INFO | Lazy-load scroll complete
2026-07-01 13:35:56 | INFO | Phase 0B: Cleaning up overlays...
2026-07-01 13:36:11 | INFO | Removed 5 elements: overlay, popup
📐 Detecting header/footer for this page...
2026-07-01 13:36:11 | INFO | Template - Reused saved header selector on current page
2026-07-01 13:36:11 | INFO | Template - Reused saved footer selector on current page
2026-07-01 13:36:11 | INFO | Header: moderate complexity, 2 features
2026-07-01 13:36:11 | INFO | Footer: moderate complexity, 2 features
2026-07-01 13:36:11 | INFO | Phase 2: Identifying main content area...
2026-07-01 13:36:11 | INFO | Main content: #main-content
2026-07-01 13:36:11 | INFO | Phase 3: Detecting blocks...
2026-07-01 13:36:11 | WARNING | Blocks - 80% of blocks are unknown - site uses non-EDS patterns
2026-07-01 13:36:11 | INFO | Phase 4: Capturing block screenshots...
2026-07-01 13:36:13 | INFO | Captured 10 block screenshots
2026-07-01 13:36:13 | INFO | Detected 10 blocks
2026-07-01 13:36:13 | INFO | Generating fingerprints for template discovery...
2026-07-01 13:36:14 | INFO | Removed 5 elements: overlay, popup
📐 Detecting header/footer for this page...
2026-07-01 13:36:14 | INFO | Removed 5 elements: overlay, popup
📐 Detecting header/footer for this page...
2026-07-01 13:36:14 | INFO | Template - Reused saved header selector on current page
2026-07-01 13:36:14 | INFO | Template - Reused saved header selector on current page
2026-07-01 13:36:14 | INFO | Template - Reused saved footer selector on current page
2026-07-01 13:36:14 | INFO | Header: moderate complexity, 2 features
2026-07-01 13:36:14 | INFO | Footer: moderate complexity, 2 features
2026-07-01 13:36:14 | INFO | Phase 2: Identifying main content area...
2026-07-01 13:36:14 | INFO | Main content: #main-content
2026-07-01 13:36:14 | INFO | Template - Reused saved footer selector on current page
2026-07-01 13:36:14 | INFO | Header: moderate complexity, 2 features
2026-07-01 13:36:14 | INFO | Footer: moderate complexity, 2 features
2026-07-01 13:36:14 | INFO | Phase 2: Identifying main content area...
2026-07-01 13:36:14 | INFO | Main content: #main-content
2026-07-01 13:36:14 | INFO | Phase 3: Detecting blocks...
2026-07-01 13:36:14 | INFO | Phase 3: Detecting blocks...
2026-07-01 13:36:14 | WARNING | Blocks - 67% of blocks are unknown - site uses non-EDS patterns
2026-07-01 13:36:14 | INFO | Phase 4: Capturing block screenshots...
2026-07-01 13:36:14 | WARNING | Blocks - 59% of blocks are unknown - site uses non-EDS patterns
2026-07-01 13:36:14 | INFO | Phase 4: Capturing block screenshots...
2026-07-01 13:36:15 | INFO |    Top-section: 17 rows via title+container
2026-07-01 13:36:15 | INFO |    Body start: y=425 (start row 17 via below-title+container)
2026-07-01 13:36:15 | INFO | URL Pattern: /w/nossas-atividades/petrobras-no-rio-de-janeiro
2026-07-01 13:36:15 | INFO | Page catalog complete: /workspace/catalog/.pages/nossaenergia_petrobras_com_br_w_nossas-atividades_petrobras-no-rio-de-janeiro--71f54f51/page-catalog.json
2026-07-01 13:36:15 | INFO | SUCCESS: https://nossaenergia.petrobras.com.br/w/nossas-atividades/petrobras-no-rio-de-janeiro
2026-07-01 13:36:15 | INFO | Captured 9 block screenshots
2026-07-01 13:36:15 | INFO | Detected 9 blocks
2026-07-01 13:36:15 | INFO | Generating fingerprints for template discovery...
2026-07-01 13:36:16 | INFO | Captured 17 block screenshots
2026-07-01 13:36:16 | INFO | Detected 17 blocks
2026-07-01 13:36:16 | INFO | Generating fingerprints for template discovery...
2026-07-01 13:36:17 | INFO | [81/190] Processing: https://nossaenergia.petrobras.com.br/w/nossas-atividades/produtos-do-dia-a-dia-e-petroquimicos-conheca-os-principais-derivados-do-petroleo
2026-07-01 13:36:17 | INFO | Generated slug: nossaenergia_petrobras_com_br_w_nossas-atividades_produtos-do-dia-a-dia-e-petroquimicos-conheca-os-principais-derivados-do-petroleo--1d05beed
2026-07-01 13:36:17 | INFO | Starting analysis: https://nossaenergia.petrobras.com.br/w/nossas-atividades/produtos-do-dia-a-dia-e-petroquimicos-conheca-os-principais-derivados-do-petroleo -> /workspace/catalog/.pages/nossaenergia_petrobras_com_br_w_nossas-atividades_produtos-do-dia-a-dia-e-petroquimicos-conheca-os-principais-derivados-do-petroleo--1d05beed
2026-07-01 13:36:17 | INFO | Loading: https://nossaenergia.petrobras.com.br/w/nossas-atividades/produtos-do-dia-a-dia-e-petroquimicos-conheca-os-principais-derivados-do-petroleo
2026-07-01 13:36:18 | INFO |    Top-section: 17 rows via title+container
2026-07-01 13:36:18 | INFO |    Body start: y=425 (start row 17 via below-title+container)
2026-07-01 13:36:18 | INFO | URL Pattern: /w/nossas-atividades/petrobras-no-rio-grande-do-sul
2026-07-01 13:36:18 | INFO | Page catalog complete: /workspace/catalog/.pages/nossaenergia_petrobras_com_br_w_nossas-atividades_petrobras-no-rio-grande-do-sul--3762d4b4/page-catalog.json
2026-07-01 13:36:18 | INFO | SUCCESS: https://nossaenergia.petrobras.com.br/w/nossas-atividades/petrobras-no-rio-grande-do-sul
2026-07-01 13:36:19 | INFO |    Top-section: 14 rows via title+container
2026-07-01 13:36:19 | INFO |    Body start: y=350 (start row 14 via below-title+container)
2026-07-01 13:36:19 | INFO | URL Pattern: /w/nossas-atividades/por-todo-brasil-tem-petrobras
2026-07-01 13:36:19 | INFO | Page catalog complete: /workspace/catalog/.pages/nossaenergia_petrobras_com_br_w_nossas-atividades_por-todo-brasil-tem-petrobras--15e46726/page-catalog.json
2026-07-01 13:36:19 | INFO | SUCCESS: https://nossaenergia.petrobras.com.br/w/nossas-atividades/por-todo-brasil-tem-petrobras
2026-07-01 13:36:20 | INFO | [82/190] Processing: https://nossaenergia.petrobras.com.br/w/nossas-atividades/projetos-socioambientais-petrobras-parcerias-e-legado
2026-07-01 13:36:20 | INFO | Generated slug: nossaenergia_petrobras_com_br_w_nossas-atividades_projetos-socioambientais-petrobras-parcerias-e-legado--0b6d4671
2026-07-01 13:36:20 | INFO | Starting analysis: https://nossaenergia.petrobras.com.br/w/nossas-atividades/projetos-socioambientais-petrobras-parcerias-e-legado -> /workspace/catalog/.pages/nossaenergia_petrobras_com_br_w_nossas-atividades_projetos-socioambientais-petrobras-parcerias-e-legado--0b6d4671
2026-07-01 13:36:20 | INFO | Loading: https://nossaenergia.petrobras.com.br/w/nossas-atividades/projetos-socioambientais-petrobras-parcerias-e-legado
2026-07-01 13:36:21 | INFO | [83/190] Processing: https://nossaenergia.petrobras.com.br/w/nossas-atividades/seis-coisas-que-aconteceram-primeiro-na-bahia
2026-07-01 13:36:21 | INFO | Generated slug: nossaenergia_petrobras_com_br_w_nossas-atividades_seis-coisas-que-aconteceram-primeiro-na-bahia--de195d03
2026-07-01 13:36:21 | INFO | Starting analysis: https://nossaenergia.petrobras.com.br/w/nossas-atividades/seis-coisas-que-aconteceram-primeiro-na-bahia -> /workspace/catalog/.pages/nossaenergia_petrobras_com_br_w_nossas-atividades_seis-coisas-que-aconteceram-primeiro-na-bahia--de195d03
2026-07-01 13:36:21 | INFO | Loading: https://nossaenergia.petrobras.com.br/w/nossas-atividades/seis-coisas-que-aconteceram-primeiro-na-bahia
2026-07-01 13:36:23 | INFO | Phase 0A: Triggering lazy-loaded content...
2026-07-01 13:36:24 | INFO | Phase 0A: Triggering lazy-loaded content...
2026-07-01 13:36:25 | INFO | Phase 0A: Triggering lazy-loaded content...
2026-07-01 13:36:27 | INFO | Lazy-load scroll complete
2026-07-01 13:36:27 | INFO | Phase 0B: Cleaning up overlays...
2026-07-01 13:36:27 | INFO | Lazy-load scroll complete
2026-07-01 13:36:27 | INFO | Phase 0B: Cleaning up overlays...
2026-07-01 13:36:27 | INFO | Lazy-load scroll complete
2026-07-01 13:36:27 | INFO | Phase 0B: Cleaning up overlays...
2026-07-01 13:36:57 | INFO | Removed 5 elements: overlay, popup
📐 Detecting header/footer for this page...
2026-07-01 13:36:57 | INFO | Template - Reused saved header selector on current page
2026-07-01 13:36:57 | INFO | Template - Reused saved footer selector on current page
2026-07-01 13:36:57 | INFO | Header: moderate complexity, 2 features
2026-07-01 13:36:57 | INFO | Footer: moderate complexity, 2 features
2026-07-01 13:36:57 | INFO | Phase 2: Identifying main content area...
2026-07-01 13:36:57 | INFO | Main content: #main-content
2026-07-01 13:36:58 | INFO | Phase 3: Detecting blocks...
2026-07-01 13:36:58 | WARNING | Blocks - 57% of blocks are unknown - site uses non-EDS patterns
2026-07-01 13:36:58 | INFO | Phase 4: Capturing block screenshots...
2026-07-01 13:36:59 | INFO | Captured 7 block screenshots
2026-07-01 13:36:59 | INFO | Detected 7 blocks
2026-07-01 13:36:59 | INFO | Generating fingerprints for template discovery...
2026-07-01 13:37:01 | INFO |    Top-section: 17 rows via title+container
2026-07-01 13:37:01 | INFO |    Body start: y=404 (start row 16 via below-title+container)
2026-07-01 13:37:01 | INFO | URL Pattern: /w/nossas-atividades/pre-sal-15-anos-de-uma-conquista-que-fez-historia
2026-07-01 13:37:01 | INFO | Page catalog complete: /workspace/catalog/.pages/nossaenergia_petrobras_com_br_w_nossas-atividades_pre-sal-15-anos-de-uma-conquista-que-fez-historia--38252028/page-catalog.json
2026-07-01 13:37:01 | INFO | SUCCESS: https://nossaenergia.petrobras.com.br/w/nossas-atividades/pre-sal-15-anos-de-uma-conquista-que-fez-historia
2026-07-01 13:37:01 | INFO | PROGRESS: 80/190 analyzed (42% checklist complete) | 80 ok, 0 failed, 0 skipped | ~35 min remaining
2026-07-01 13:37:03 | INFO | [84/190] Processing: https://nossaenergia.petrobras.com.br/w/nossas-atividades/siglas-pocos-exploratorios
2026-07-01 13:37:03 | INFO | Generated slug: nossaenergia_petrobras_com_br_w_nossas-atividades_siglas-pocos-exploratorios--ba28bc32
2026-07-01 13:37:03 | INFO | Starting analysis: https://nossaenergia.petrobras.com.br/w/nossas-atividades/siglas-pocos-exploratorios -> /workspace/catalog/.pages/nossaenergia_petrobras_com_br_w_nossas-atividades_siglas-pocos-exploratorios--ba28bc32
2026-07-01 13:37:03 | INFO | Loading: https://nossaenergia.petrobras.com.br/w/nossas-atividades/siglas-pocos-exploratorios
2026-07-01 13:37:09 | INFO | Phase 0A: Triggering lazy-loaded content...
2026-07-01 13:37:12 | INFO | Lazy-load scroll complete
2026-07-01 13:37:12 | INFO | Phase 0B: Cleaning up overlays...
2026-07-01 13:37:28 | INFO | Removed 5 elements: overlay, popup
📐 Detecting header/footer for this page...
2026-07-01 13:37:28 | INFO | Template - Reused saved header selector on current page
2026-07-01 13:37:28 | INFO | Template - Reused saved footer selector on current page
2026-07-01 13:37:28 | INFO | Header: moderate complexity, 2 features
2026-07-01 13:37:28 | INFO | Footer: moderate complexity, 2 features
2026-07-01 13:37:28 | INFO | Phase 2: Identifying main content area...
2026-07-01 13:37:28 | INFO | Main content: #main-content
2026-07-01 13:37:28 | INFO | Phase 3: Detecting blocks...
2026-07-01 13:37:28 | WARNING | Blocks - 69% of blocks are unknown - site uses non-EDS patterns
2026-07-01 13:37:28 | INFO | Phase 4: Capturing block screenshots...
2026-07-01 13:37:28 | INFO | Removed 5 elements: overlay, popup
📐 Detecting header/footer for this page...
2026-07-01 13:37:28 | INFO | Template - Reused saved header selector on current page
2026-07-01 13:37:28 | INFO | Template - Reused saved footer selector on current page
2026-07-01 13:37:28 | INFO | Header: moderate complexity, 2 features
2026-07-01 13:37:28 | INFO | Footer: moderate complexity, 2 features
2026-07-01 13:37:28 | INFO | Phase 2: Identifying main content area...
2026-07-01 13:37:28 | INFO | Main content: #main-content
2026-07-01 13:37:28 | INFO | Removed 5 elements: overlay, popup
📐 Detecting header/footer for this page...
2026-07-01 13:37:28 | INFO | Template - Reused saved header selector on current page
2026-07-01 13:37:28 | INFO | Template - Reused saved footer selector on current page
2026-07-01 13:37:28 | INFO | Header: moderate complexity, 2 features
2026-07-01 13:37:28 | INFO | Footer: moderate complexity, 2 features
2026-07-01 13:37:28 | INFO | Phase 2: Identifying main content area...
2026-07-01 13:37:28 | INFO | Main content: #main-content
2026-07-01 13:37:28 | INFO | Phase 3: Detecting blocks...
2026-07-01 13:37:28 | WARNING | Blocks - 50% of blocks are unknown - site uses non-EDS patterns
2026-07-01 13:37:28 | INFO | Phase 4: Capturing block screenshots...
2026-07-01 13:37:28 | INFO | Phase 3: Detecting blocks...
2026-07-01 13:37:28 | WARNING | Blocks - 56% of blocks are unknown - site uses non-EDS patterns
2026-07-01 13:37:28 | INFO | Phase 4: Capturing block screenshots...
2026-07-01 13:37:30 | INFO | Captured 8 block screenshots
2026-07-01 13:37:30 | INFO | Detected 8 blocks
2026-07-01 13:37:30 | INFO | Generating fingerprints for template discovery...
2026-07-01 13:37:30 | INFO | Captured 9 block screenshots
2026-07-01 13:37:30 | INFO | Detected 9 blocks
2026-07-01 13:37:30 | INFO | Generating fingerprints for template discovery...
2026-07-01 13:37:30 | INFO | Captured 16 block screenshots
2026-07-01 13:37:30 | INFO | Detected 16 blocks
2026-07-01 13:37:30 | INFO | Generating fingerprints for template discovery...
2026-07-01 13:37:32 | INFO |    Top-section: 14 rows via title+container
2026-07-01 13:37:32 | INFO |    Body start: y=350 (start row 14 via below-title+container)
2026-07-01 13:37:32 | INFO | URL Pattern: /w/nossas-atividades/seis-coisas-que-aconteceram-primeiro-na-bahia
2026-07-01 13:37:32 | INFO | Page catalog complete: /workspace/catalog/.pages/nossaenergia_petrobras_com_br_w_nossas-atividades_seis-coisas-que-aconteceram-primeiro-na-bahia--de195d03/page-catalog.json
2026-07-01 13:37:32 | INFO | SUCCESS: https://nossaenergia.petrobras.com.br/w/nossas-atividades/seis-coisas-que-aconteceram-primeiro-na-bahia
2026-07-01 13:37:32 | INFO |    Top-section: 16 rows via title+container
2026-07-01 13:37:32 | INFO |    Body start: y=400 (start row 16 via below-title+container)
2026-07-01 13:37:32 | INFO | URL Pattern: /w/nossas-atividades/projetos-socioambientais-petrobras-parcerias-e-legado
2026-07-01 13:37:32 | INFO | Page catalog complete: /workspace/catalog/.pages/nossaenergia_petrobras_com_br_w_nossas-atividades_projetos-socioambientais-petrobras-parcerias-e-legado--0b6d4671/page-catalog.json
2026-07-01 13:37:32 | INFO | SUCCESS: https://nossaenergia.petrobras.com.br/w/nossas-atividades/projetos-socioambientais-petrobras-parcerias-e-legado
2026-07-01 13:37:33 | INFO |    Top-section: 16 rows via title+container
2026-07-01 13:37:33 | INFO |    Body start: y=400 (start row 16 via below-title+container)
2026-07-01 13:37:33 | INFO | URL Pattern: /w/nossas-atividades/produtos-do-dia-a-dia-e-petroquimicos-conheca-os-principais-derivados-do-petroleo
2026-07-01 13:37:33 | INFO | Page catalog complete: /workspace/catalog/.pages/nossaenergia_petrobras_com_br_w_nossas-atividades_produtos-do-dia-a-dia-e-petroquimicos-conheca-os-principais-derivados-do-petroleo--1d05beed/page-catalog.json
2026-07-01 13:37:33 | INFO | SUCCESS: https://nossaenergia.petrobras.com.br/w/nossas-atividades/produtos-do-dia-a-dia-e-petroquimicos-conheca-os-principais-derivados-do-petroleo
2026-07-01 13:37:34 | INFO | [85/190] Processing: https://nossaenergia.petrobras.com.br/w/nossas-atividades/soltar-balao-e-crime
2026-07-01 13:37:34 | INFO | Generated slug: nossaenergia_petrobras_com_br_w_nossas-atividades_soltar-balao-e-crime--994b9e01
2026-07-01 13:37:34 | INFO | Starting analysis: https://nossaenergia.petrobras.com.br/w/nossas-atividades/soltar-balao-e-crime -> /workspace/catalog/.pages/nossaenergia_petrobras_com_br_w_nossas-atividades_soltar-balao-e-crime--994b9e01
2026-07-01 13:37:34 | INFO | Loading: https://nossaenergia.petrobras.com.br/w/nossas-atividades/soltar-balao-e-crime
2026-07-01 13:37:34 | INFO | [86/190] Processing: https://nossaenergia.petrobras.com.br/w/nossas-atividades/tipos-de-navio
2026-07-01 13:37:34 | INFO | Generated slug: nossaenergia_petrobras_com_br_w_nossas-atividades_tipos-de-navio--453c10ea
2026-07-01 13:37:34 | INFO | Starting analysis: https://nossaenergia.petrobras.com.br/w/nossas-atividades/tipos-de-navio -> /workspace/catalog/.pages/nossaenergia_petrobras_com_br_w_nossas-atividades_tipos-de-navio--453c10ea
2026-07-01 13:37:34 | INFO | Loading: https://nossaenergia.petrobras.com.br/w/nossas-atividades/tipos-de-navio
2026-07-01 13:37:35 | INFO | [87/190] Processing: https://nossaenergia.petrobras.com.br/w/nossas-atividades/tupi-conheca-8-curiosidades-sobre-o-campo-mais-produtivo-do-pre-sal-1
2026-07-01 13:37:35 | INFO | Generated slug: nossaenergia_petrobras_com_br_w_nossas-atividades_tupi-conheca-8-curiosidades-sobre-o-campo-mais-produtivo-do-pre-sal-1--44ec78cd
2026-07-01 13:37:35 | INFO | Starting analysis: https://nossaenergia.petrobras.com.br/w/nossas-atividades/tupi-conheca-8-curiosidades-sobre-o-campo-mais-produtivo-do-pre-sal-1 -> /workspace/catalog/.pages/nossaenergia_petrobras_com_br_w_nossas-atividades_tupi-conheca-8-curiosidades-sobre-o-campo-mais-produtivo-do-pre-sal-1--44ec78cd
2026-07-01 13:37:35 | INFO | Loading: https://nossaenergia.petrobras.com.br/w/nossas-atividades/tupi-conheca-8-curiosidades-sobre-o-campo-mais-produtivo-do-pre-sal-1
2026-07-01 13:37:38 | INFO | Phase 0A: Triggering lazy-loaded content...
2026-07-01 13:37:39 | INFO | Phase 0A: Triggering lazy-loaded content...
2026-07-01 13:37:39 | INFO | Phase 0A: Triggering lazy-loaded content...
2026-07-01 13:37:40 | INFO | Lazy-load scroll complete
2026-07-01 13:37:40 | INFO | Phase 0B: Cleaning up overlays...
2026-07-01 13:37:41 | INFO | Lazy-load scroll complete
2026-07-01 13:37:41 | INFO | Phase 0B: Cleaning up overlays...
2026-07-01 13:37:42 | INFO | Lazy-load scroll complete
2026-07-01 13:37:42 | INFO | Phase 0B: Cleaning up overlays...
2026-07-01 13:38:13 | INFO | Removed 5 elements: overlay, popup
📐 Detecting header/footer for this page...
2026-07-01 13:38:13 | INFO | Template - Reused saved header selector on current page
2026-07-01 13:38:13 | INFO | Template - Reused saved footer selector on current page
2026-07-01 13:38:13 | INFO | Header: moderate complexity, 2 features
2026-07-01 13:38:13 | INFO | Footer: moderate complexity, 2 features
2026-07-01 13:38:13 | INFO | Phase 2: Identifying main content area...
2026-07-01 13:38:13 | INFO | Main content: #main-content
2026-07-01 13:38:13 | INFO | Phase 3: Detecting blocks...
2026-07-01 13:38:13 | WARNING | Blocks - 67% of blocks are unknown - site uses non-EDS patterns
2026-07-01 13:38:13 | INFO | Phase 4: Capturing block screenshots...
2026-07-01 13:38:15 | INFO | Captured 6 block screenshots
2026-07-01 13:38:15 | INFO | Detected 6 blocks
2026-07-01 13:38:15 | INFO | Generating fingerprints for template discovery...
2026-07-01 13:38:17 | INFO |    Top-section: 16 rows via title+container
2026-07-01 13:38:17 | INFO |    Body start: y=400 (start row 16 via below-title+container)
2026-07-01 13:38:17 | INFO | URL Pattern: /w/nossas-atividades/siglas-pocos-exploratorios
2026-07-01 13:38:17 | INFO | Page catalog complete: /workspace/catalog/.pages/nossaenergia_petrobras_com_br_w_nossas-atividades_siglas-pocos-exploratorios--ba28bc32/page-catalog.json
2026-07-01 13:38:17 | INFO | SUCCESS: https://nossaenergia.petrobras.com.br/w/nossas-atividades/siglas-pocos-exploratorios
2026-07-01 13:38:19 | INFO | [88/190] Processing: https://nossaenergia.petrobras.com.br/w/nossas-atividades/voce-sabe-o-que-e-um-super-fpso-
2026-07-01 13:38:19 | INFO | Generated slug: nossaenergia_petrobras_com_br_w_nossas-atividades_voce-sabe-o-que-e-um-super-fpso---7a205edd
2026-07-01 13:38:19 | INFO | Starting analysis: https://nossaenergia.petrobras.com.br/w/nossas-atividades/voce-sabe-o-que-e-um-super-fpso- -> /workspace/catalog/.pages/nossaenergia_petrobras_com_br_w_nossas-atividades_voce-sabe-o-que-e-um-super-fpso---7a205edd
2026-07-01 13:38:19 | INFO | Loading: https://nossaenergia.petrobras.com.br/w/nossas-atividades/voce-sabe-o-que-e-um-super-fpso-
2026-07-01 13:38:23 | INFO | Phase 0A: Triggering lazy-loaded content...
2026-07-01 13:38:25 | INFO | Lazy-load scroll complete
2026-07-01 13:38:25 | INFO | Phase 0B: Cleaning up overlays...
2026-07-01 13:38:41 | INFO | Removed 5 elements: overlay, popup
📐 Detecting header/footer for this page...
2026-07-01 13:38:41 | INFO | Template - Reused saved header selector on current page
2026-07-01 13:38:41 | INFO | Template - Reused saved footer selector on current page
2026-07-01 13:38:41 | INFO | Header: moderate complexity, 2 features
2026-07-01 13:38:41 | INFO | Footer: moderate complexity, 2 features
2026-07-01 13:38:41 | INFO | Phase 2: Identifying main content area...
2026-07-01 13:38:41 | INFO | Main content: #main-content
2026-07-01 13:38:41 | INFO | Phase 3: Detecting blocks...
2026-07-01 13:38:41 | WARNING | Blocks - 63% of blocks are unknown - site uses non-EDS patterns
2026-07-01 13:38:41 | INFO | Phase 4: Capturing block screenshots...
2026-07-01 13:38:42 | INFO | Removed 5 elements: overlay, popup
📐 Detecting header/footer for this page...
2026-07-01 13:38:42 | INFO | Template - Reused saved header selector on current page
2026-07-01 13:38:42 | INFO | Template - Reused saved footer selector on current page
2026-07-01 13:38:42 | INFO | Header: moderate complexity, 2 features
2026-07-01 13:38:42 | INFO | Footer: moderate complexity, 2 features
2026-07-01 13:38:42 | INFO | Phase 2: Identifying main content area...
2026-07-01 13:38:42 | INFO | Main content: #main-content
2026-07-01 13:38:43 | INFO | Phase 3: Detecting blocks...
2026-07-01 13:38:43 | WARNING | Blocks - 71% of blocks are unknown - site uses non-EDS patterns
2026-07-01 13:38:43 | INFO | Phase 4: Capturing block screenshots...
2026-07-01 13:38:43 | INFO | Captured 8 block screenshots
2026-07-01 13:38:43 | INFO | Detected 8 blocks
2026-07-01 13:38:43 | INFO | Generating fingerprints for template discovery...
2026-07-01 13:38:43 | INFO | Removed 5 elements: overlay, popup
📐 Detecting header/footer for this page...
2026-07-01 13:38:43 | INFO | Template - Reused saved header selector on current page
2026-07-01 13:38:43 | INFO | Template - Reused saved footer selector on current page
2026-07-01 13:38:43 | INFO | Header: moderate complexity, 2 features
2026-07-01 13:38:43 | INFO | Footer: moderate complexity, 2 features
2026-07-01 13:38:43 | INFO | Phase 2: Identifying main content area...
2026-07-01 13:38:43 | INFO | Main content: #main-content
2026-07-01 13:38:43 | INFO | Phase 3: Detecting blocks...
2026-07-01 13:38:43 | WARNING | Blocks - 79% of blocks are unknown - site uses non-EDS patterns
2026-07-01 13:38:43 | INFO | Phase 4: Capturing block screenshots...
2026-07-01 13:38:44 | INFO | Captured 7 block screenshots
2026-07-01 13:38:44 | INFO | Detected 7 blocks
2026-07-01 13:38:44 | INFO | Generating fingerprints for template discovery...
2026-07-01 13:38:45 | INFO | Captured 14 block screenshots
2026-07-01 13:38:45 | INFO | Detected 14 blocks
2026-07-01 13:38:45 | INFO | Generating fingerprints for template discovery...
2026-07-01 13:38:45 | INFO |    Top-section: 21 rows via title
2026-07-01 13:38:45 | INFO |    Body start: y=525 (start row 21 via below-title)
2026-07-01 13:38:45 | INFO | URL Pattern: /w/nossas-atividades/soltar-balao-e-crime
2026-07-01 13:38:45 | INFO | Page catalog complete: /workspace/catalog/.pages/nossaenergia_petrobras_com_br_w_nossas-atividades_soltar-balao-e-crime--994b9e01/page-catalog.json
2026-07-01 13:38:45 | INFO | SUCCESS: https://nossaenergia.petrobras.com.br/w/nossas-atividades/soltar-balao-e-crime
2026-07-01 13:38:45 | INFO | PROGRESS: 85/190 analyzed (45% checklist complete) | 85 ok, 0 failed, 0 skipped | ~34 min remaining
2026-07-01 13:38:46 | INFO |    Top-section: 17 rows via title+container
2026-07-01 13:38:46 | INFO |    Body start: y=404 (start row 16 via below-title+container)
2026-07-01 13:38:46 | INFO | URL Pattern: /w/nossas-atividades/tupi-conheca-8-curiosidades-sobre-o-campo-mais-produtivo-do-pre-sal-1
2026-07-01 13:38:46 | INFO | Page catalog complete: /workspace/catalog/.pages/nossaenergia_petrobras_com_br_w_nossas-atividades_tupi-conheca-8-curiosidades-sobre-o-campo-mais-produtivo-do-pre-sal-1--44ec78cd/page-catalog.json
2026-07-01 13:38:46 | INFO | SUCCESS: https://nossaenergia.petrobras.com.br/w/nossas-atividades/tupi-conheca-8-curiosidades-sobre-o-campo-mais-produtivo-do-pre-sal-1
2026-07-01 13:38:47 | INFO | [89/190] Processing: https://nossaenergia.petrobras.com.br/w/sustentabilidade/10-curiosidades-pra-voce-mergulhar-de-cabeca-no-mundo-da-natacao
2026-07-01 13:38:47 | INFO | Generated slug: nossaenergia_petrobras_com_br_w_sustentabilidade_10-curiosidades-pra-voce-mergulhar-de-cabeca-no-mundo-da-natacao--3e471339
2026-07-01 13:38:47 | INFO | Starting analysis: https://nossaenergia.petrobras.com.br/w/sustentabilidade/10-curiosidades-pra-voce-mergulhar-de-cabeca-no-mundo-da-natacao -> /workspace/catalog/.pages/nossaenergia_petrobras_com_br_w_sustentabilidade_10-curiosidades-pra-voce-mergulhar-de-cabeca-no-mundo-da-natacao--3e471339
2026-07-01 13:38:47 | INFO | Loading: https://nossaenergia.petrobras.com.br/w/sustentabilidade/10-curiosidades-pra-voce-mergulhar-de-cabeca-no-mundo-da-natacao
2026-07-01 13:38:47 | INFO |    Top-section: 16 rows via title+container
2026-07-01 13:38:47 | INFO |    Body start: y=400 (start row 16 via below-title+container)
2026-07-01 13:38:47 | INFO | URL Pattern: /w/nossas-atividades/tipos-de-navio
2026-07-01 13:38:47 | INFO | Page catalog complete: /workspace/catalog/.pages/nossaenergia_petrobras_com_br_w_nossas-atividades_tipos-de-navio--453c10ea/page-catalog.json
2026-07-01 13:38:47 | INFO | SUCCESS: https://nossaenergia.petrobras.com.br/w/nossas-atividades/tipos-de-navio
2026-07-01 13:38:48 | INFO | [90/190] Processing: https://nossaenergia.petrobras.com.br/w/sustentabilidade/10-curiosidades-radicais-sobre-o-mundo-do-skate
2026-07-01 13:38:48 | INFO | Generated slug: nossaenergia_petrobras_com_br_w_sustentabilidade_10-curiosidades-radicais-sobre-o-mundo-do-skate--60e1148d
2026-07-01 13:38:48 | INFO | Starting analysis: https://nossaenergia.petrobras.com.br/w/sustentabilidade/10-curiosidades-radicais-sobre-o-mundo-do-skate -> /workspace/catalog/.pages/nossaenergia_petrobras_com_br_w_sustentabilidade_10-curiosidades-radicais-sobre-o-mundo-do-skate--60e1148d
2026-07-01 13:38:48 | INFO | Loading: https://nossaenergia.petrobras.com.br/w/sustentabilidade/10-curiosidades-radicais-sobre-o-mundo-do-skate
2026-07-01 13:38:49 | INFO | [91/190] Processing: https://nossaenergia.petrobras.com.br/w/sustentabilidade/10-festas-populares-para-conhecer-o-brasil
2026-07-01 13:38:49 | INFO | Generated slug: nossaenergia_petrobras_com_br_w_sustentabilidade_10-festas-populares-para-conhecer-o-brasil--8b9c560b
2026-07-01 13:38:49 | INFO | Starting analysis: https://nossaenergia.petrobras.com.br/w/sustentabilidade/10-festas-populares-para-conhecer-o-brasil -> /workspace/catalog/.pages/nossaenergia_petrobras_com_br_w_sustentabilidade_10-festas-populares-para-conhecer-o-brasil--8b9c560b
2026-07-01 13:38:49 | INFO | Loading: https://nossaenergia.petrobras.com.br/w/sustentabilidade/10-festas-populares-para-conhecer-o-brasil
2026-07-01 13:38:51 | INFO | Phase 0A: Triggering lazy-loaded content...
2026-07-01 13:38:52 | INFO | Phase 0A: Triggering lazy-loaded content...
2026-07-01 13:38:53 | INFO | Lazy-load scroll complete
2026-07-01 13:38:53 | INFO | Phase 0B: Cleaning up overlays...
2026-07-01 13:38:54 | INFO | Phase 0A: Triggering lazy-loaded content...
2026-07-01 13:38:54 | INFO | Lazy-load scroll complete
2026-07-01 13:38:54 | INFO | Phase 0B: Cleaning up overlays...
2026-07-01 13:38:56 | INFO | Lazy-load scroll complete
2026-07-01 13:38:56 | INFO | Phase 0B: Cleaning up overlays...
2026-07-01 13:39:26 | INFO | Removed 5 elements: overlay, popup
📐 Detecting header/footer for this page...
2026-07-01 13:39:26 | INFO | Template - Reused saved header selector on current page
2026-07-01 13:39:26 | INFO | Template - Reused saved footer selector on current page
2026-07-01 13:39:26 | INFO | Header: moderate complexity, 2 features
2026-07-01 13:39:26 | INFO | Footer: moderate complexity, 2 features
2026-07-01 13:39:26 | INFO | Phase 2: Identifying main content area...
2026-07-01 13:39:26 | INFO | Main content: #main-content
2026-07-01 13:39:26 | INFO | Phase 3: Detecting blocks...
2026-07-01 13:39:26 | WARNING | Blocks - 57% of blocks are unknown - site uses non-EDS patterns
2026-07-01 13:39:26 | INFO | Phase 4: Capturing block screenshots...
2026-07-01 13:39:27 | INFO | Captured 7 block screenshots
2026-07-01 13:39:27 | INFO | Detected 7 blocks
2026-07-01 13:39:27 | INFO | Generating fingerprints for template discovery...
2026-07-01 13:39:30 | INFO |    Top-section: 14 rows via title+container
2026-07-01 13:39:30 | INFO |    Body start: y=350 (start row 14 via below-title+container)
2026-07-01 13:39:30 | INFO | URL Pattern: /w/nossas-atividades/voce-sabe-o-que-e-um-super-fpso-
2026-07-01 13:39:30 | INFO | Page catalog complete: /workspace/catalog/.pages/nossaenergia_petrobras_com_br_w_nossas-atividades_voce-sabe-o-que-e-um-super-fpso---7a205edd/page-catalog.json
2026-07-01 13:39:30 | INFO | SUCCESS: https://nossaenergia.petrobras.com.br/w/nossas-atividades/voce-sabe-o-que-e-um-super-fpso-
2026-07-01 13:39:32 | INFO | [92/190] Processing: https://nossaenergia.petrobras.com.br/w/sustentabilidade/45-filmes-brasileiros-onde-assistir
2026-07-01 13:39:32 | INFO | Generated slug: nossaenergia_petrobras_com_br_w_sustentabilidade_45-filmes-brasileiros-onde-assistir--b6f3e338
2026-07-01 13:39:32 | INFO | Starting analysis: https://nossaenergia.petrobras.com.br/w/sustentabilidade/45-filmes-brasileiros-onde-assistir -> /workspace/catalog/.pages/nossaenergia_petrobras_com_br_w_sustentabilidade_45-filmes-brasileiros-onde-assistir--b6f3e338
2026-07-01 13:39:32 | INFO | Loading: https://nossaenergia.petrobras.com.br/w/sustentabilidade/45-filmes-brasileiros-onde-assistir
2026-07-01 13:39:36 | INFO | Phase 0A: Triggering lazy-loaded content...
2026-07-01 13:39:39 | INFO | Lazy-load scroll complete
2026-07-01 13:39:39 | INFO | Phase 0B: Cleaning up overlays...
2026-07-01 13:39:54 | INFO | Removed 5 elements: overlay, popup
📐 Detecting header/footer for this page...
2026-07-01 13:39:54 | INFO | Template - Reused saved header selector on current page
2026-07-01 13:39:54 | INFO | Template - Reused saved footer selector on current page
2026-07-01 13:39:54 | INFO | Header: moderate complexity, 2 features
2026-07-01 13:39:54 | INFO | Footer: moderate complexity, 2 features
2026-07-01 13:39:54 | INFO | Phase 2: Identifying main content area...
2026-07-01 13:39:54 | INFO | Main content: #main-content
2026-07-01 13:39:54 | INFO | Phase 3: Detecting blocks...
2026-07-01 13:39:54 | WARNING | Blocks - 50% of blocks are unknown - site uses non-EDS patterns
2026-07-01 13:39:54 | INFO | Phase 4: Capturing block screenshots...
2026-07-01 13:39:55 | INFO | Removed 5 elements: overlay, popup
📐 Detecting header/footer for this page...
2026-07-01 13:39:55 | INFO | Template - Reused saved header selector on current page
2026-07-01 13:39:55 | INFO | Template - Reused saved footer selector on current page
2026-07-01 13:39:55 | INFO | Header: moderate complexity, 2 features
2026-07-01 13:39:55 | INFO | Footer: moderate complexity, 2 features
2026-07-01 13:39:55 | INFO | Phase 2: Identifying main content area...
2026-07-01 13:39:55 | INFO | Main content: #main-content
2026-07-01 13:39:55 | INFO | Phase 3: Detecting blocks...
2026-07-01 13:39:55 | WARNING | Blocks - 50% of blocks are unknown - site uses non-EDS patterns
2026-07-01 13:39:55 | INFO | Phase 4: Capturing block screenshots...
2026-07-01 13:39:55 | INFO | Captured 6 block screenshots
2026-07-01 13:39:55 | INFO | Detected 6 blocks
2026-07-01 13:39:55 | INFO | Generating fingerprints for template discovery...
2026-07-01 13:39:56 | INFO | Captured 6 block screenshots
2026-07-01 13:39:56 | INFO | Detected 6 blocks
2026-07-01 13:39:56 | INFO | Generating fingerprints for template discovery...
2026-07-01 13:39:58 | INFO | Removed 5 elements: overlay, popup
📐 Detecting header/footer for this page...
2026-07-01 13:39:58 | INFO | Template - Reused saved header selector on current page
2026-07-01 13:39:58 | INFO | Template - Reused saved footer selector on current page
2026-07-01 13:39:58 | INFO | Header: moderate complexity, 2 features
2026-07-01 13:39:58 | INFO | Footer: moderate complexity, 2 features
2026-07-01 13:39:58 | INFO | Phase 2: Identifying main content area...
2026-07-01 13:39:58 | INFO | Main content: #main-content
2026-07-01 13:39:58 | INFO | Phase 3: Detecting blocks...
2026-07-01 13:39:58 | WARNING | Blocks - 50% of blocks are unknown - site uses non-EDS patterns
2026-07-01 13:39:58 | INFO | Phase 4: Capturing block screenshots...
2026-07-01 13:39:58 | INFO |    Top-section: 17 rows via title+container
2026-07-01 13:39:58 | INFO |    Body start: y=408 (start row 16 via below-title+container)
2026-07-01 13:39:58 | INFO | URL Pattern: /w/sustentabilidade/10-curiosidades-pra-voce-mergulhar-de-cabeca-no-mundo-da-natacao
2026-07-01 13:39:58 | INFO | Page catalog complete: /workspace/catalog/.pages/nossaenergia_petrobras_com_br_w_sustentabilidade_10-curiosidades-pra-voce-mergulhar-de-cabeca-no-mundo-da-natacao--3e471339/page-catalog.json
2026-07-01 13:39:58 | INFO | SUCCESS: https://nossaenergia.petrobras.com.br/w/sustentabilidade/10-curiosidades-pra-voce-mergulhar-de-cabeca-no-mundo-da-natacao
2026-07-01 13:39:59 | INFO |    Top-section: 14 rows via title+container
2026-07-01 13:39:59 | INFO |    Body start: y=350 (start row 14 via below-title+container)
2026-07-01 13:39:59 | INFO | URL Pattern: /w/sustentabilidade/10-curiosidades-radicais-sobre-o-mundo-do-skate
2026-07-01 13:39:59 | INFO | Page catalog complete: /workspace/catalog/.pages/nossaenergia_petrobras_com_br_w_sustentabilidade_10-curiosidades-radicais-sobre-o-mundo-do-skate--60e1148d/page-catalog.json
2026-07-01 13:39:59 | INFO | SUCCESS: https://nossaenergia.petrobras.com.br/w/sustentabilidade/10-curiosidades-radicais-sobre-o-mundo-do-skate
2026-07-01 13:39:59 | INFO | PROGRESS: 90/190 analyzed (47% checklist complete) | 90 ok, 0 failed, 0 skipped | ~32 min remaining
2026-07-01 13:39:59 | INFO | Captured 10 block screenshots
2026-07-01 13:39:59 | INFO | Detected 10 blocks
2026-07-01 13:39:59 | INFO | Generating fingerprints for template discovery...
2026-07-01 13:40:00 | INFO | [93/190] Processing: https://nossaenergia.petrobras.com.br/w/sustentabilidade/6-curiosidades-sobre-a-amazonia-que-voce-precisa-conhecer
2026-07-01 13:40:00 | INFO | Generated slug: nossaenergia_petrobras_com_br_w_sustentabilidade_6-curiosidades-sobre-a-amazonia-que-voce-precisa-conhecer--c3c791f1
2026-07-01 13:40:00 | INFO | Starting analysis: https://nossaenergia.petrobras.com.br/w/sustentabilidade/6-curiosidades-sobre-a-amazonia-que-voce-precisa-conhecer -> /workspace/catalog/.pages/nossaenergia_petrobras_com_br_w_sustentabilidade_6-curiosidades-sobre-a-amazonia-que-voce-precisa-conhecer--c3c791f1
2026-07-01 13:40:00 | INFO | Loading: https://nossaenergia.petrobras.com.br/w/sustentabilidade/6-curiosidades-sobre-a-amazonia-que-voce-precisa-conhecer
2026-07-01 13:40:01 | INFO | [94/190] Processing: https://nossaenergia.petrobras.com.br/w/sustentabilidade/6-jogadoras-de-futebol-que-voce-deveria-conhecer
2026-07-01 13:40:01 | INFO | Generated slug: nossaenergia_petrobras_com_br_w_sustentabilidade_6-jogadoras-de-futebol-que-voce-deveria-conhecer--0d3c7205
2026-07-01 13:40:01 | INFO | Starting analysis: https://nossaenergia.petrobras.com.br/w/sustentabilidade/6-jogadoras-de-futebol-que-voce-deveria-conhecer -> /workspace/catalog/.pages/nossaenergia_petrobras_com_br_w_sustentabilidade_6-jogadoras-de-futebol-que-voce-deveria-conhecer--0d3c7205
2026-07-01 13:40:01 | INFO | Loading: https://nossaenergia.petrobras.com.br/w/sustentabilidade/6-jogadoras-de-futebol-que-voce-deveria-conhecer
2026-07-01 13:40:02 | INFO |    Top-section: 16 rows via title+container
2026-07-01 13:40:02 | INFO |    Body start: y=400 (start row 16 via below-title+container)
2026-07-01 13:40:02 | INFO | URL Pattern: /w/sustentabilidade/10-festas-populares-para-conhecer-o-brasil
2026-07-01 13:40:02 | INFO | Page catalog complete: /workspace/catalog/.pages/nossaenergia_petrobras_com_br_w_sustentabilidade_10-festas-populares-para-conhecer-o-brasil--8b9c560b/page-catalog.json
2026-07-01 13:40:02 | INFO | SUCCESS: https://nossaenergia.petrobras.com.br/w/sustentabilidade/10-festas-populares-para-conhecer-o-brasil
2026-07-01 13:40:03 | INFO | Phase 0A: Triggering lazy-loaded content...
2026-07-01 13:40:04 | INFO | [95/190] Processing: https://nossaenergia.petrobras.com.br/w/sustentabilidade/7-autores-negros-que-voce-precisa-conhecer
2026-07-01 13:40:04 | INFO | Generated slug: nossaenergia_petrobras_com_br_w_sustentabilidade_7-autores-negros-que-voce-precisa-conhecer--13f60eea
2026-07-01 13:40:04 | INFO | Starting analysis: https://nossaenergia.petrobras.com.br/w/sustentabilidade/7-autores-negros-que-voce-precisa-conhecer -> /workspace/catalog/.pages/nossaenergia_petrobras_com_br_w_sustentabilidade_7-autores-negros-que-voce-precisa-conhecer--13f60eea
2026-07-01 13:40:04 | INFO | Loading: https://nossaenergia.petrobras.com.br/w/sustentabilidade/7-autores-negros-que-voce-precisa-conhecer
2026-07-01 13:40:05 | INFO | Phase 0A: Triggering lazy-loaded content...
2026-07-01 13:40:06 | INFO | Lazy-load scroll complete
2026-07-01 13:40:06 | INFO | Phase 0B: Cleaning up overlays...
2026-07-01 13:40:08 | INFO | Lazy-load scroll complete
2026-07-01 13:40:08 | INFO | Phase 0B: Cleaning up overlays...
2026-07-01 13:40:09 | INFO | Phase 0A: Triggering lazy-loaded content...
2026-07-01 13:40:12 | INFO | Lazy-load scroll complete
2026-07-01 13:40:12 | INFO | Phase 0B: Cleaning up overlays...
2026-07-01 13:40:40 | INFO | Removed 5 elements: overlay, popup
📐 Detecting header/footer for this page...
2026-07-01 13:40:40 | INFO | Template - Reused saved header selector on current page
2026-07-01 13:40:40 | INFO | Template - Reused saved footer selector on current page
2026-07-01 13:40:40 | INFO | Header: moderate complexity, 2 features
2026-07-01 13:40:40 | INFO | Footer: moderate complexity, 2 features
2026-07-01 13:40:40 | INFO | Phase 2: Identifying main content area...
2026-07-01 13:40:40 | INFO | Main content: #main-content
2026-07-01 13:40:40 | INFO | Phase 3: Detecting blocks...
2026-07-01 13:40:40 | WARNING | Blocks - 67% of blocks are unknown - site uses non-EDS patterns
2026-07-01 13:40:40 | INFO | Phase 4: Capturing block screenshots...
2026-07-01 13:40:42 | INFO | Captured 9 block screenshots
2026-07-01 13:40:42 | INFO | Detected 9 blocks
2026-07-01 13:40:42 | INFO | Generating fingerprints for template discovery...
2026-07-01 13:40:44 | INFO |    Top-section: 16 rows via title+container
2026-07-01 13:40:44 | INFO |    Body start: y=400 (start row 16 via below-title+container)
2026-07-01 13:40:44 | INFO | URL Pattern: /w/sustentabilidade/45-filmes-brasileiros-onde-assistir
2026-07-01 13:40:44 | INFO | Page catalog complete: /workspace/catalog/.pages/nossaenergia_petrobras_com_br_w_sustentabilidade_45-filmes-brasileiros-onde-assistir--b6f3e338/page-catalog.json
2026-07-01 13:40:44 | INFO | SUCCESS: https://nossaenergia.petrobras.com.br/w/sustentabilidade/45-filmes-brasileiros-onde-assistir
2026-07-01 13:40:46 | INFO | [96/190] Processing: https://nossaenergia.petrobras.com.br/w/sustentabilidade/7-filmes-brasileiros-indicados-e-premiados-internacionalmente
2026-07-01 13:40:46 | INFO | Generated slug: nossaenergia_petrobras_com_br_w_sustentabilidade_7-filmes-brasileiros-indicados-e-premiados-internacionalmente--ba09bc3d
2026-07-01 13:40:46 | INFO | Starting analysis: https://nossaenergia.petrobras.com.br/w/sustentabilidade/7-filmes-brasileiros-indicados-e-premiados-internacionalmente -> /workspace/catalog/.pages/nossaenergia_petrobras_com_br_w_sustentabilidade_7-filmes-brasileiros-indicados-e-premiados-internacionalmente--ba09bc3d
2026-07-01 13:40:46 | INFO | Loading: https://nossaenergia.petrobras.com.br/w/sustentabilidade/7-filmes-brasileiros-indicados-e-premiados-internacionalmente
2026-07-01 13:40:53 | INFO | Phase 0A: Triggering lazy-loaded content...
2026-07-01 13:40:56 | INFO | Lazy-load scroll complete
2026-07-01 13:40:56 | INFO | Phase 0B: Cleaning up overlays...
2026-07-01 13:41:07 | INFO | Removed 5 elements: overlay, popup
📐 Detecting header/footer for this page...
2026-07-01 13:41:07 | INFO | Template - Reused saved header selector on current page
2026-07-01 13:41:07 | INFO | Template - Reused saved footer selector on current page
2026-07-01 13:41:07 | INFO | Header: moderate complexity, 2 features
2026-07-01 13:41:07 | INFO | Footer: moderate complexity, 2 features
2026-07-01 13:41:07 | INFO | Phase 2: Identifying main content area...
2026-07-01 13:41:07 | INFO | Main content: #main-content
2026-07-01 13:41:07 | INFO | Phase 3: Detecting blocks...
2026-07-01 13:41:07 | INFO | Phase 4: Capturing block screenshots...
2026-07-01 13:41:09 | INFO | Captured 9 block screenshots
2026-07-01 13:41:09 | INFO | Detected 9 blocks
2026-07-01 13:41:09 | INFO | Generating fingerprints for template discovery...
2026-07-01 13:41:09 | INFO | Removed 5 elements: overlay, popup
📐 Detecting header/footer for this page...
2026-07-01 13:41:09 | INFO | Template - Reused saved header selector on current page
2026-07-01 13:41:09 | INFO | Template - Reused saved footer selector on current page
2026-07-01 13:41:09 | INFO | Header: moderate complexity, 2 features
2026-07-01 13:41:09 | INFO | Footer: moderate complexity, 2 features
2026-07-01 13:41:09 | INFO | Phase 2: Identifying main content area...
2026-07-01 13:41:09 | INFO | Main content: #main-content
2026-07-01 13:41:09 | INFO | Phase 3: Detecting blocks...
2026-07-01 13:41:09 | WARNING | Blocks - 57% of blocks are unknown - site uses non-EDS patterns
2026-07-01 13:41:09 | INFO | Phase 4: Capturing block screenshots...
2026-07-01 13:41:10 | INFO | Captured 7 block screenshots
2026-07-01 13:41:10 | INFO | Detected 7 blocks
2026-07-01 13:41:10 | INFO | Generating fingerprints for template discovery...
2026-07-01 13:41:11 | INFO |    Top-section: 16 rows via title+container
2026-07-01 13:41:11 | INFO |    Body start: y=400 (start row 16 via below-title+container)
2026-07-01 13:41:11 | INFO | URL Pattern: /w/sustentabilidade/6-curiosidades-sobre-a-amazonia-que-voce-precisa-conhecer
2026-07-01 13:41:11 | INFO | Page catalog complete: /workspace/catalog/.pages/nossaenergia_petrobras_com_br_w_sustentabilidade_6-curiosidades-sobre-a-amazonia-que-voce-precisa-conhecer--c3c791f1/page-catalog.json
2026-07-01 13:41:11 | INFO | SUCCESS: https://nossaenergia.petrobras.com.br/w/sustentabilidade/6-curiosidades-sobre-a-amazonia-que-voce-precisa-conhecer
2026-07-01 13:41:13 | INFO |    Top-section: 16 rows via title+container
2026-07-01 13:41:13 | INFO |    Body start: y=400 (start row 16 via below-title+container)
2026-07-01 13:41:13 | INFO | URL Pattern: /w/sustentabilidade/6-jogadoras-de-futebol-que-voce-deveria-conhecer
2026-07-01 13:41:13 | INFO | Page catalog complete: /workspace/catalog/.pages/nossaenergia_petrobras_com_br_w_sustentabilidade_6-jogadoras-de-futebol-que-voce-deveria-conhecer--0d3c7205/page-catalog.json
2026-07-01 13:41:13 | INFO | SUCCESS: https://nossaenergia.petrobras.com.br/w/sustentabilidade/6-jogadoras-de-futebol-que-voce-deveria-conhecer
2026-07-01 13:41:13 | INFO | Removed 5 elements: overlay, popup
📐 Detecting header/footer for this page...
2026-07-01 13:41:13 | INFO | Template - Reused saved header selector on current page
2026-07-01 13:41:13 | INFO | Template - Reused saved footer selector on current page
2026-07-01 13:41:13 | INFO | Header: moderate complexity, 2 features
2026-07-01 13:41:13 | INFO | Footer: moderate complexity, 2 features
2026-07-01 13:41:13 | INFO | Phase 2: Identifying main content area...
2026-07-01 13:41:13 | INFO | Main content: #main-content
2026-07-01 13:41:13 | INFO | Phase 3: Detecting blocks...
2026-07-01 13:41:13 | WARNING | Blocks - 71% of blocks are unknown - site uses non-EDS patterns
2026-07-01 13:41:13 | INFO | Phase 4: Capturing block screenshots...
2026-07-01 13:41:13 | INFO | [97/190] Processing: https://nossaenergia.petrobras.com.br/w/sustentabilidade/a-cultura-como-vetor-de-transformacao-da-sociedade
2026-07-01 13:41:13 | INFO | Generated slug: nossaenergia_petrobras_com_br_w_sustentabilidade_a-cultura-como-vetor-de-transformacao-da-sociedade--85a05bfb
2026-07-01 13:41:13 | INFO | Starting analysis: https://nossaenergia.petrobras.com.br/w/sustentabilidade/a-cultura-como-vetor-de-transformacao-da-sociedade -> /workspace/catalog/.pages/nossaenergia_petrobras_com_br_w_sustentabilidade_a-cultura-como-vetor-de-transformacao-da-sociedade--85a05bfb
2026-07-01 13:41:13 | INFO | Loading: https://nossaenergia.petrobras.com.br/w/sustentabilidade/a-cultura-como-vetor-de-transformacao-da-sociedade
2026-07-01 13:41:15 | INFO | Captured 14 block screenshots
2026-07-01 13:41:15 | INFO | Detected 14 blocks
2026-07-01 13:41:15 | INFO | Generating fingerprints for template discovery...
2026-07-01 13:41:15 | INFO | [98/190] Processing: https://nossaenergia.petrobras.com.br/w/sustentabilidade/a-historia-do-futebol-feminino-do-primeiro-time-a-proibicao-e-o-cenario-atual
2026-07-01 13:41:15 | INFO | Generated slug: nossaenergia_petrobras_com_br_w_sustentabilidade_a-historia-do-futebol-feminino-do-primeiro-time-a-proibicao-e-o-cenario-atual--f29e859c
2026-07-01 13:41:15 | INFO | Starting analysis: https://nossaenergia.petrobras.com.br/w/sustentabilidade/a-historia-do-futebol-feminino-do-primeiro-time-a-proibicao-e-o-cenario-atual -> /workspace/catalog/.pages/nossaenergia_petrobras_com_br_w_sustentabilidade_a-historia-do-futebol-feminino-do-primeiro-time-a-proibicao-e-o-cenario-atual--f29e859c
2026-07-01 13:41:15 | INFO | Loading: https://nossaenergia.petrobras.com.br/w/sustentabilidade/a-historia-do-futebol-feminino-do-primeiro-time-a-proibicao-e-o-cenario-atual
2026-07-01 13:41:17 | INFO |    Top-section: 14 rows via title+container
2026-07-01 13:41:17 | INFO |    Body start: y=350 (start row 14 via below-title+container)
2026-07-01 13:41:17 | INFO | URL Pattern: /w/sustentabilidade/7-autores-negros-que-voce-precisa-conhecer
2026-07-01 13:41:17 | INFO | Page catalog complete: /workspace/catalog/.pages/nossaenergia_petrobras_com_br_w_sustentabilidade_7-autores-negros-que-voce-precisa-conhecer--13f60eea/page-catalog.json
2026-07-01 13:41:17 | INFO | SUCCESS: https://nossaenergia.petrobras.com.br/w/sustentabilidade/7-autores-negros-que-voce-precisa-conhecer
2026-07-01 13:41:17 | INFO | PROGRESS: 95/190 analyzed (50% checklist complete) | 95 ok, 0 failed, 0 skipped | ~30 min remaining
2026-07-01 13:41:18 | INFO | Phase 0A: Triggering lazy-loaded content...
2026-07-01 13:41:19 | INFO | Phase 0A: Triggering lazy-loaded content...
2026-07-01 13:41:19 | INFO | [99/190] Processing: https://nossaenergia.petrobras.com.br/w/sustentabilidade/agua-reutilizando-hoje-para-poder-usar-sempre
2026-07-01 13:41:19 | INFO | Generated slug: nossaenergia_petrobras_com_br_w_sustentabilidade_agua-reutilizando-hoje-para-poder-usar-sempre--381aa7b5
2026-07-01 13:41:19 | INFO | Starting analysis: https://nossaenergia.petrobras.com.br/w/sustentabilidade/agua-reutilizando-hoje-para-poder-usar-sempre -> /workspace/catalog/.pages/nossaenergia_petrobras_com_br_w_sustentabilidade_agua-reutilizando-hoje-para-poder-usar-sempre--381aa7b5
2026-07-01 13:41:19 | INFO | Loading: https://nossaenergia.petrobras.com.br/w/sustentabilidade/agua-reutilizando-hoje-para-poder-usar-sempre
2026-07-01 13:41:20 | INFO | Lazy-load scroll complete
2026-07-01 13:41:20 | INFO | Phase 0B: Cleaning up overlays...
2026-07-01 13:41:22 | INFO | Lazy-load scroll complete
2026-07-01 13:41:22 | INFO | Phase 0B: Cleaning up overlays...
2026-07-01 13:41:23 | INFO | Phase 0A: Triggering lazy-loaded content...
2026-07-01 13:41:25 | INFO | Lazy-load scroll complete
2026-07-01 13:41:25 | INFO | Phase 0B: Cleaning up overlays...
2026-07-01 13:41:57 | INFO | Removed 5 elements: overlay, popup
📐 Detecting header/footer for this page...
2026-07-01 13:41:57 | INFO | Template - Reused saved header selector on current page
2026-07-01 13:41:57 | INFO | Template - Reused saved footer selector on current page
2026-07-01 13:41:57 | INFO | Header: moderate complexity, 2 features
2026-07-01 13:41:57 | INFO | Footer: moderate complexity, 2 features
2026-07-01 13:41:57 | INFO | Phase 2: Identifying main content area...
2026-07-01 13:41:57 | INFO | Main content: #main-content
2026-07-01 13:41:57 | INFO | Phase 3: Detecting blocks...
2026-07-01 13:41:57 | WARNING | Blocks - 70% of blocks are unknown - site uses non-EDS patterns
2026-07-01 13:41:57 | INFO | Phase 4: Capturing block screenshots...
2026-07-01 13:41:59 | INFO | Captured 10 block screenshots
2026-07-01 13:41:59 | INFO | Detected 10 blocks
2026-07-01 13:41:59 | INFO | Generating fingerprints for template discovery...
2026-07-01 13:42:01 | INFO |    Top-section: 16 rows via title+container
2026-07-01 13:42:01 | INFO |    Body start: y=400 (start row 16 via below-title+container)
2026-07-01 13:42:01 | INFO | URL Pattern: /w/sustentabilidade/7-filmes-brasileiros-indicados-e-premiados-internacionalmente
2026-07-01 13:42:01 | INFO | Page catalog complete: /workspace/catalog/.pages/nossaenergia_petrobras_com_br_w_sustentabilidade_7-filmes-brasileiros-indicados-e-premiados-internacionalmente--ba09bc3d/page-catalog.json
2026-07-01 13:42:01 | INFO | SUCCESS: https://nossaenergia.petrobras.com.br/w/sustentabilidade/7-filmes-brasileiros-indicados-e-premiados-internacionalmente
2026-07-01 13:42:03 | INFO | [100/190] Processing: https://nossaenergia.petrobras.com.br/w/sustentabilidade/aves-migratorias-por-que-precisamos-preservar-a-mudanca-
2026-07-01 13:42:03 | INFO | Generated slug: nossaenergia_petrobras_com_br_w_sustentabilidade_aves-migratorias-por-que-precisamos-preservar-a-mudanca---7a2cc2e0
2026-07-01 13:42:03 | INFO | Starting analysis: https://nossaenergia.petrobras.com.br/w/sustentabilidade/aves-migratorias-por-que-precisamos-preservar-a-mudanca- -> /workspace/catalog/.pages/nossaenergia_petrobras_com_br_w_sustentabilidade_aves-migratorias-por-que-precisamos-preservar-a-mudanca---7a2cc2e0
2026-07-01 13:42:03 | INFO | Loading: https://nossaenergia.petrobras.com.br/w/sustentabilidade/aves-migratorias-por-que-precisamos-preservar-a-mudanca-
2026-07-01 13:42:08 | INFO | Phase 0A: Triggering lazy-loaded content...
2026-07-01 13:42:11 | INFO | Lazy-load scroll complete
2026-07-01 13:42:11 | INFO | Phase 0B: Cleaning up overlays...
2026-07-01 13:42:21 | INFO | Removed 5 elements: overlay, popup
📐 Detecting header/footer for this page...
2026-07-01 13:42:21 | INFO | Template - Reused saved header selector on current page
2026-07-01 13:42:21 | INFO | Template - Reused saved footer selector on current page
2026-07-01 13:42:21 | INFO | Header: moderate complexity, 2 features
2026-07-01 13:42:21 | INFO | Footer: moderate complexity, 2 features
2026-07-01 13:42:21 | INFO | Phase 2: Identifying main content area...
2026-07-01 13:42:21 | INFO | Main content: #main-content
2026-07-01 13:42:21 | INFO | Phase 3: Detecting blocks...
2026-07-01 13:42:21 | WARNING | Blocks - 57% of blocks are unknown - site uses non-EDS patterns
2026-07-01 13:42:21 | INFO | Phase 4: Capturing block screenshots...
2026-07-01 13:42:23 | INFO | Captured 7 block screenshots
2026-07-01 13:42:23 | INFO | Detected 7 blocks
2026-07-01 13:42:23 | INFO | Generating fingerprints for template discovery...
2026-07-01 13:42:24 | INFO | Removed 5 elements: overlay, popup
📐 Detecting header/footer for this page...
2026-07-01 13:42:24 | INFO | Template - Reused saved header selector on current page
2026-07-01 13:42:24 | INFO | Template - Reused saved footer selector on current page
2026-07-01 13:42:24 | INFO | Header: moderate complexity, 2 features
2026-07-01 13:42:24 | INFO | Footer: moderate complexity, 2 features
2026-07-01 13:42:24 | INFO | Phase 2: Identifying main content area...
2026-07-01 13:42:24 | INFO | Main content: #main-content
2026-07-01 13:42:24 | INFO | Phase 3: Detecting blocks...
2026-07-01 13:42:24 | WARNING | Blocks - 69% of blocks are unknown - site uses non-EDS patterns
2026-07-01 13:42:24 | INFO | Phase 4: Capturing block screenshots...
2026-07-01 13:42:25 | INFO |    Top-section: 17 rows via title+container
2026-07-01 13:42:25 | INFO |    Body start: y=404 (start row 16 via below-title+container)
2026-07-01 13:42:25 | INFO | URL Pattern: /w/sustentabilidade/a-cultura-como-vetor-de-transformacao-da-sociedade
2026-07-01 13:42:25 | INFO | Page catalog complete: /workspace/catalog/.pages/nossaenergia_petrobras_com_br_w_sustentabilidade_a-cultura-como-vetor-de-transformacao-da-sociedade--85a05bfb/page-catalog.json
2026-07-01 13:42:25 | INFO | SUCCESS: https://nossaenergia.petrobras.com.br/w/sustentabilidade/a-cultura-como-vetor-de-transformacao-da-sociedade
2026-07-01 13:42:26 | INFO | Captured 13 block screenshots
2026-07-01 13:42:26 | INFO | Detected 13 blocks
2026-07-01 13:42:26 | INFO | Generating fingerprints for template discovery...
2026-07-01 13:42:26 | INFO | Removed 5 elements: overlay, popup
📐 Detecting header/footer for this page...
2026-07-01 13:42:26 | INFO | Template - Reused saved header selector on current page
2026-07-01 13:42:26 | INFO | Template - Reused saved footer selector on current page
2026-07-01 13:42:26 | INFO | Header: moderate complexity, 2 features
2026-07-01 13:42:26 | INFO | Footer: moderate complexity, 2 features
2026-07-01 13:42:26 | INFO | Phase 2: Identifying main content area...
2026-07-01 13:42:26 | INFO | Main content: #main-content
2026-07-01 13:42:26 | INFO | Phase 3: Detecting blocks...
2026-07-01 13:42:26 | WARNING | Blocks - 57% of blocks are unknown - site uses non-EDS patterns
2026-07-01 13:42:26 | INFO | Phase 4: Capturing block screenshots...
2026-07-01 13:42:27 | INFO | [101/190] Processing: https://nossaenergia.petrobras.com.br/w/sustentabilidade/caprichoso-ou-garantido-qual-boi-mais-animado-de-parintins-
2026-07-01 13:42:27 | INFO | Generated slug: nossaenergia_petrobras_com_br_w_sustentabilidade_caprichoso-ou-garantido-qual-boi-mais-animado-de-parintins---6a690aff
2026-07-01 13:42:27 | INFO | Starting analysis: https://nossaenergia.petrobras.com.br/w/sustentabilidade/caprichoso-ou-garantido-qual-boi-mais-animado-de-parintins- -> /workspace/catalog/.pages/nossaenergia_petrobras_com_br_w_sustentabilidade_caprichoso-ou-garantido-qual-boi-mais-animado-de-parintins---6a690aff
2026-07-01 13:42:27 | INFO | Loading: https://nossaenergia.petrobras.com.br/w/sustentabilidade/caprichoso-ou-garantido-qual-boi-mais-animado-de-parintins-
2026-07-01 13:42:27 | INFO | Captured 7 block screenshots
2026-07-01 13:42:27 | INFO | Detected 7 blocks
2026-07-01 13:42:27 | INFO | Generating fingerprints for template discovery...
2026-07-01 13:42:28 | INFO |    Top-section: 16 rows via title+container
2026-07-01 13:42:28 | INFO |    Body start: y=400 (start row 16 via below-title+container)
2026-07-01 13:42:28 | INFO | URL Pattern: /w/sustentabilidade/a-historia-do-futebol-feminino-do-primeiro-time-a-proibicao-e-o-cenario-atual
2026-07-01 13:42:28 | INFO | Page catalog complete: /workspace/catalog/.pages/nossaenergia_petrobras_com_br_w_sustentabilidade_a-historia-do-futebol-feminino-do-primeiro-time-a-proibicao-e-o-cenario-atual--f29e859c/page-catalog.json
2026-07-01 13:42:28 | INFO | SUCCESS: https://nossaenergia.petrobras.com.br/w/sustentabilidade/a-historia-do-futebol-feminino-do-primeiro-time-a-proibicao-e-o-cenario-atual
2026-07-01 13:42:30 | INFO |    Top-section: 14 rows via title+container
2026-07-01 13:42:30 | INFO |    Body start: y=350 (start row 14 via below-title+container)
2026-07-01 13:42:30 | INFO | URL Pattern: /w/sustentabilidade/agua-reutilizando-hoje-para-poder-usar-sempre
2026-07-01 13:42:30 | INFO | Page catalog complete: /workspace/catalog/.pages/nossaenergia_petrobras_com_br_w_sustentabilidade_agua-reutilizando-hoje-para-poder-usar-sempre--381aa7b5/page-catalog.json
2026-07-01 13:42:30 | INFO | SUCCESS: https://nossaenergia.petrobras.com.br/w/sustentabilidade/agua-reutilizando-hoje-para-poder-usar-sempre
2026-07-01 13:42:30 | INFO | [102/190] Processing: https://nossaenergia.petrobras.com.br/w/sustentabilidade/cartola-feminino-mais-espa%C3%A7o-e-visibilidade-para-o-futebol-das-nossas-craques
2026-07-01 13:42:30 | INFO | Generated slug: nossaenergia_petrobras_com_br_w_sustentabilidade_cartola-feminino-mais-espa_C3_A7o-e-visibilidade-para-o-futebol-das-nossas-craques--99c31c5a
2026-07-01 13:42:30 | INFO | Starting analysis: https://nossaenergia.petrobras.com.br/w/sustentabilidade/cartola-feminino-mais-espa%C3%A7o-e-visibilidade-para-o-futebol-das-nossas-craques -> /workspace/catalog/.pages/nossaenergia_petrobras_com_br_w_sustentabilidade_cartola-feminino-mais-espa_C3_A7o-e-visibilidade-para-o-futebol-das-nossas-craques--99c31c5a
2026-07-01 13:42:30 | INFO | Loading: https://nossaenergia.petrobras.com.br/w/sustentabilidade/cartola-feminino-mais-espa%C3%A7o-e-visibilidade-para-o-futebol-das-nossas-craques
2026-07-01 13:42:31 | INFO | Phase 0A: Triggering lazy-loaded content...
2026-07-01 13:42:32 | INFO | [103/190] Processing: https://nossaenergia.petrobras.com.br/w/sustentabilidade/cerrado-brasileiro
2026-07-01 13:42:32 | INFO | Generated slug: nossaenergia_petrobras_com_br_w_sustentabilidade_cerrado-brasileiro--0f3be54b
2026-07-01 13:42:32 | INFO | Starting analysis: https://nossaenergia.petrobras.com.br/w/sustentabilidade/cerrado-brasileiro -> /workspace/catalog/.pages/nossaenergia_petrobras_com_br_w_sustentabilidade_cerrado-brasileiro--0f3be54b
2026-07-01 13:42:32 | INFO | Loading: https://nossaenergia.petrobras.com.br/w/sustentabilidade/cerrado-brasileiro
2026-07-01 13:42:34 | INFO | Lazy-load scroll complete
2026-07-01 13:42:34 | INFO | Phase 0B: Cleaning up overlays...
2026-07-01 13:42:34 | INFO | Phase 0A: Triggering lazy-loaded content...
2026-07-01 13:42:35 | INFO | Phase 0A: Triggering lazy-loaded content...
2026-07-01 13:42:37 | INFO | Lazy-load scroll complete
2026-07-01 13:42:37 | INFO | Phase 0B: Cleaning up overlays...
2026-07-01 13:42:39 | INFO | Lazy-load scroll complete
2026-07-01 13:42:39 | INFO | Phase 0B: Cleaning up overlays...
2026-07-01 13:43:13 | INFO | Removed 5 elements: overlay, popup
📐 Detecting header/footer for this page...
2026-07-01 13:43:13 | INFO | Template - Reused saved header selector on current page
2026-07-01 13:43:13 | INFO | Template - Reused saved footer selector on current page
2026-07-01 13:43:13 | INFO | Header: moderate complexity, 2 features
2026-07-01 13:43:13 | INFO | Footer: moderate complexity, 2 features
2026-07-01 13:43:13 | INFO | Phase 2: Identifying main content area...
2026-07-01 13:43:13 | INFO | Main content: #main-content
2026-07-01 13:43:13 | INFO | Phase 3: Detecting blocks...
2026-07-01 13:43:13 | WARNING | Blocks - 56% of blocks are unknown - site uses non-EDS patterns
2026-07-01 13:43:13 | INFO | Phase 4: Capturing block screenshots...
2026-07-01 13:43:15 | INFO | Captured 9 block screenshots
2026-07-01 13:43:15 | INFO | Detected 9 blocks
2026-07-01 13:43:15 | INFO | Generating fingerprints for template discovery...
2026-07-01 13:43:17 | INFO |    Top-section: 16 rows via title+container
2026-07-01 13:43:17 | INFO |    Body start: y=400 (start row 16 via below-title+container)
2026-07-01 13:43:17 | INFO | URL Pattern: /w/sustentabilidade/aves-migratorias-por-que-precisamos-preservar-a-mudanca-
2026-07-01 13:43:17 | INFO | Page catalog complete: /workspace/catalog/.pages/nossaenergia_petrobras_com_br_w_sustentabilidade_aves-migratorias-por-que-precisamos-preservar-a-mudanca---7a2cc2e0/page-catalog.json
2026-07-01 13:43:17 | INFO | SUCCESS: https://nossaenergia.petrobras.com.br/w/sustentabilidade/aves-migratorias-por-que-precisamos-preservar-a-mudanca-
2026-07-01 13:43:17 | INFO | PROGRESS: 100/190 analyzed (53% checklist complete) | 100 ok, 0 failed, 0 skipped | ~29 min remaining
2026-07-01 13:43:19 | INFO | [104/190] Processing: https://nossaenergia.petrobras.com.br/w/sustentabilidade/cinco-curiosidades-pra-voce-conhecer-a-copa-truck
2026-07-01 13:43:19 | INFO | Generated slug: nossaenergia_petrobras_com_br_w_sustentabilidade_cinco-curiosidades-pra-voce-conhecer-a-copa-truck--00abff18
2026-07-01 13:43:19 | INFO | Starting analysis: https://nossaenergia.petrobras.com.br/w/sustentabilidade/cinco-curiosidades-pra-voce-conhecer-a-copa-truck -> /workspace/catalog/.pages/nossaenergia_petrobras_com_br_w_sustentabilidade_cinco-curiosidades-pra-voce-conhecer-a-copa-truck--00abff18
2026-07-01 13:43:19 | INFO | Loading: https://nossaenergia.petrobras.com.br/w/sustentabilidade/cinco-curiosidades-pra-voce-conhecer-a-copa-truck
2026-07-01 13:43:24 | INFO | Phase 0A: Triggering lazy-loaded content...
2026-07-01 13:43:26 | INFO | Lazy-load scroll complete
2026-07-01 13:43:26 | INFO | Phase 0B: Cleaning up overlays...
2026-07-01 13:43:35 | INFO | Removed 5 elements: overlay, popup
📐 Detecting header/footer for this page...
2026-07-01 13:43:35 | INFO | Template - Reused saved header selector on current page
2026-07-01 13:43:35 | INFO | Template - Reused saved footer selector on current page
2026-07-01 13:43:35 | INFO | Header: moderate complexity, 2 features
2026-07-01 13:43:35 | INFO | Footer: moderate complexity, 2 features
2026-07-01 13:43:35 | INFO | Phase 2: Identifying main content area...
2026-07-01 13:43:35 | INFO | Main content: #main-content
2026-07-01 13:43:35 | INFO | Phase 3: Detecting blocks...
2026-07-01 13:43:35 | WARNING | Blocks - 64% of blocks are unknown - site uses non-EDS patterns
2026-07-01 13:43:35 | INFO | Phase 4: Capturing block screenshots...
2026-07-01 13:43:37 | INFO | Captured 11 block screenshots
2026-07-01 13:43:37 | INFO | Detected 11 blocks
2026-07-01 13:43:37 | INFO | Generating fingerprints for template discovery...
2026-07-01 13:43:38 | INFO | Removed 5 elements: overlay, popup
📐 Detecting header/footer for this page...
2026-07-01 13:43:38 | INFO | Template - Reused saved header selector on current page
2026-07-01 13:43:38 | INFO | Template - Reused saved footer selector on current page
2026-07-01 13:43:38 | INFO | Header: moderate complexity, 2 features
2026-07-01 13:43:38 | INFO | Footer: moderate complexity, 2 features
2026-07-01 13:43:38 | INFO | Phase 2: Identifying main content area...
2026-07-01 13:43:38 | INFO | Main content: #main-content
2026-07-01 13:43:38 | INFO | Phase 3: Detecting blocks...
2026-07-01 13:43:38 | WARNING | Blocks - 67% of blocks are unknown - site uses non-EDS patterns
2026-07-01 13:43:38 | INFO | Phase 4: Capturing block screenshots...
2026-07-01 13:43:39 | INFO | Captured 9 block screenshots
2026-07-01 13:43:39 | INFO | Detected 9 blocks
2026-07-01 13:43:39 | INFO | Generating fingerprints for template discovery...
2026-07-01 13:43:39 | INFO |    Top-section: 16 rows via title+container
2026-07-01 13:43:39 | INFO |    Body start: y=400 (start row 16 via below-title+container)
2026-07-01 13:43:39 | INFO | URL Pattern: /w/sustentabilidade/caprichoso-ou-garantido-qual-boi-mais-animado-de-parintins-
2026-07-01 13:43:39 | INFO | Page catalog complete: /workspace/catalog/.pages/nossaenergia_petrobras_com_br_w_sustentabilidade_caprichoso-ou-garantido-qual-boi-mais-animado-de-parintins---6a690aff/page-catalog.json
2026-07-01 13:43:39 | INFO | SUCCESS: https://nossaenergia.petrobras.com.br/w/sustentabilidade/caprichoso-ou-garantido-qual-boi-mais-animado-de-parintins-
2026-07-01 13:43:40 | INFO | Removed 5 elements: overlay, popup
📐 Detecting header/footer for this page...
2026-07-01 13:43:40 | INFO | Template - Reused saved header selector on current page
2026-07-01 13:43:40 | INFO | Template - Reused saved footer selector on current page
2026-07-01 13:43:40 | INFO | Header: moderate complexity, 2 features
2026-07-01 13:43:40 | INFO | Footer: moderate complexity, 2 features
2026-07-01 13:43:40 | INFO | Phase 2: Identifying main content area...
2026-07-01 13:43:40 | INFO | Main content: #main-content
2026-07-01 13:43:41 | INFO | Phase 3: Detecting blocks...
2026-07-01 13:43:41 | WARNING | Blocks - 60% of blocks are unknown - site uses non-EDS patterns
2026-07-01 13:43:41 | INFO | Phase 4: Capturing block screenshots...
2026-07-01 13:43:41 | INFO | [105/190] Processing: https://nossaenergia.petrobras.com.br/w/sustentabilidade/cinco-curiosidades-sobre-as-festas-de-sao-joao
2026-07-01 13:43:41 | INFO | Generated slug: nossaenergia_petrobras_com_br_w_sustentabilidade_cinco-curiosidades-sobre-as-festas-de-sao-joao--e254174d
2026-07-01 13:43:41 | INFO | Starting analysis: https://nossaenergia.petrobras.com.br/w/sustentabilidade/cinco-curiosidades-sobre-as-festas-de-sao-joao -> /workspace/catalog/.pages/nossaenergia_petrobras_com_br_w_sustentabilidade_cinco-curiosidades-sobre-as-festas-de-sao-joao--e254174d
2026-07-01 13:43:42 | INFO | Loading: https://nossaenergia.petrobras.com.br/w/sustentabilidade/cinco-curiosidades-sobre-as-festas-de-sao-joao
2026-07-01 13:43:42 | INFO |    Top-section: 17 rows via title+container
2026-07-01 13:43:42 | INFO |    Body start: y=425 (start row 17 via below-title+container)
2026-07-01 13:43:42 | INFO | URL Pattern: /w/sustentabilidade/cartola-feminino-mais-espa%C3%A7o-e-visibilidade-para-o-futebol-das-nossas-craques
2026-07-01 13:43:42 | INFO | Page catalog complete: /workspace/catalog/.pages/nossaenergia_petrobras_com_br_w_sustentabilidade_cartola-feminino-mais-espa_C3_A7o-e-visibilidade-para-o-futebol-das-nossas-craques--99c31c5a/page-catalog.json
2026-07-01 13:43:42 | INFO | SUCCESS: https://nossaenergia.petrobras.com.br/w/sustentabilidade/cartola-feminino-mais-espa%C3%A7o-e-visibilidade-para-o-futebol-das-nossas-craques
2026-07-01 13:43:42 | INFO | Captured 10 block screenshots
2026-07-01 13:43:42 | INFO | Detected 10 blocks
2026-07-01 13:43:42 | INFO | Generating fingerprints for template discovery...
2026-07-01 13:43:44 | INFO | [106/190] Processing: https://nossaenergia.petrobras.com.br/w/sustentabilidade/cinco-filmes-brasileiros-com-protagonistas-negros
2026-07-01 13:43:44 | INFO | Generated slug: nossaenergia_petrobras_com_br_w_sustentabilidade_cinco-filmes-brasileiros-com-protagonistas-negros--2811a3fc
2026-07-01 13:43:44 | INFO | Starting analysis: https://nossaenergia.petrobras.com.br/w/sustentabilidade/cinco-filmes-brasileiros-com-protagonistas-negros -> /workspace/catalog/.pages/nossaenergia_petrobras_com_br_w_sustentabilidade_cinco-filmes-brasileiros-com-protagonistas-negros--2811a3fc
2026-07-01 13:43:44 | INFO | Loading: https://nossaenergia.petrobras.com.br/w/sustentabilidade/cinco-filmes-brasileiros-com-protagonistas-negros
2026-07-01 13:43:45 | INFO |    Top-section: 16 rows via title+container
2026-07-01 13:43:45 | INFO |    Body start: y=400 (start row 16 via below-title+container)
2026-07-01 13:43:45 | INFO | URL Pattern: /w/sustentabilidade/cerrado-brasileiro
2026-07-01 13:43:45 | INFO | Page catalog complete: /workspace/catalog/.pages/nossaenergia_petrobras_com_br_w_sustentabilidade_cerrado-brasileiro--0f3be54b/page-catalog.json
2026-07-01 13:43:45 | INFO | SUCCESS: https://nossaenergia.petrobras.com.br/w/sustentabilidade/cerrado-brasileiro
2026-07-01 13:43:45 | INFO | Phase 0A: Triggering lazy-loaded content...
2026-07-01 13:43:47 | INFO | [107/190] Processing: https://nossaenergia.petrobras.com.br/w/sustentabilidade/como-a-baleia-jubarte-se-salvou-da-quase-extincao
2026-07-01 13:43:47 | INFO | Generated slug: nossaenergia_petrobras_com_br_w_sustentabilidade_como-a-baleia-jubarte-se-salvou-da-quase-extincao--99e8ba5d
2026-07-01 13:43:47 | INFO | Starting analysis: https://nossaenergia.petrobras.com.br/w/sustentabilidade/como-a-baleia-jubarte-se-salvou-da-quase-extincao -> /workspace/catalog/.pages/nossaenergia_petrobras_com_br_w_sustentabilidade_como-a-baleia-jubarte-se-salvou-da-quase-extincao--99e8ba5d
2026-07-01 13:43:47 | INFO | Loading: https://nossaenergia.petrobras.com.br/w/sustentabilidade/como-a-baleia-jubarte-se-salvou-da-quase-extincao
2026-07-01 13:43:48 | INFO | Phase 0A: Triggering lazy-loaded content...
2026-07-01 13:43:48 | INFO | Lazy-load scroll complete
2026-07-01 13:43:48 | INFO | Phase 0B: Cleaning up overlays...
2026-07-01 13:43:50 | INFO | Lazy-load scroll complete
2026-07-01 13:43:50 | INFO | Phase 0B: Cleaning up overlays...
2026-07-01 13:43:50 | INFO | Phase 0A: Triggering lazy-loaded content...
2026-07-01 13:43:52 | INFO | Lazy-load scroll complete
2026-07-01 13:43:52 | INFO | Phase 0B: Cleaning up overlays...
2026-07-01 13:44:27 | INFO | Removed 5 elements: overlay, popup
📐 Detecting header/footer for this page...
2026-07-01 13:44:27 | INFO | Template - Reused saved header selector on current page
2026-07-01 13:44:27 | INFO | Template - Reused saved footer selector on current page
2026-07-01 13:44:27 | INFO | Header: moderate complexity, 2 features
2026-07-01 13:44:27 | INFO | Footer: moderate complexity, 2 features
2026-07-01 13:44:27 | INFO | Phase 2: Identifying main content area...
2026-07-01 13:44:27 | INFO | Main content: #main-content
2026-07-01 13:44:27 | INFO | Phase 3: Detecting blocks...
2026-07-01 13:44:27 | WARNING | Blocks - 57% of blocks are unknown - site uses non-EDS patterns
2026-07-01 13:44:27 | INFO | Phase 4: Capturing block screenshots...
2026-07-01 13:44:29 | INFO | Captured 7 block screenshots
2026-07-01 13:44:29 | INFO | Detected 7 blocks
2026-07-01 13:44:29 | INFO | Generating fingerprints for template discovery...
2026-07-01 13:44:31 | INFO |    Top-section: 16 rows via title+container
2026-07-01 13:44:31 | INFO |    Body start: y=400 (start row 16 via below-title+container)
2026-07-01 13:44:31 | INFO | URL Pattern: /w/sustentabilidade/cinco-curiosidades-pra-voce-conhecer-a-copa-truck
2026-07-01 13:44:31 | INFO | Page catalog complete: /workspace/catalog/.pages/nossaenergia_petrobras_com_br_w_sustentabilidade_cinco-curiosidades-pra-voce-conhecer-a-copa-truck--00abff18/page-catalog.json
2026-07-01 13:44:31 | INFO | SUCCESS: https://nossaenergia.petrobras.com.br/w/sustentabilidade/cinco-curiosidades-pra-voce-conhecer-a-copa-truck
2026-07-01 13:44:33 | INFO | [108/190] Processing: https://nossaenergia.petrobras.com.br/w/sustentabilidade/como-cuidamos-das-florestas-que-nos-abrigam
2026-07-01 13:44:33 | INFO | Generated slug: nossaenergia_petrobras_com_br_w_sustentabilidade_como-cuidamos-das-florestas-que-nos-abrigam--4a158e2a
2026-07-01 13:44:33 | INFO | Starting analysis: https://nossaenergia.petrobras.com.br/w/sustentabilidade/como-cuidamos-das-florestas-que-nos-abrigam -> /workspace/catalog/.pages/nossaenergia_petrobras_com_br_w_sustentabilidade_como-cuidamos-das-florestas-que-nos-abrigam--4a158e2a
2026-07-01 13:44:33 | INFO | Loading: https://nossaenergia.petrobras.com.br/w/sustentabilidade/como-cuidamos-das-florestas-que-nos-abrigam
2026-07-01 13:44:38 | INFO | Phase 0A: Triggering lazy-loaded content...
2026-07-01 13:44:40 | INFO | Lazy-load scroll complete
2026-07-01 13:44:40 | INFO | Phase 0B: Cleaning up overlays...
2026-07-01 13:44:50 | INFO | Removed 5 elements: overlay, popup
📐 Detecting header/footer for this page...
2026-07-01 13:44:50 | INFO | Template - Reused saved header selector on current page
2026-07-01 13:44:50 | INFO | Template - Reused saved footer selector on current page
2026-07-01 13:44:50 | INFO | Header: moderate complexity, 2 features
2026-07-01 13:44:50 | INFO | Footer: moderate complexity, 2 features
2026-07-01 13:44:50 | INFO | Phase 2: Identifying main content area...
2026-07-01 13:44:50 | INFO | Main content: #main-content
2026-07-01 13:44:50 | INFO | Phase 3: Detecting blocks...
2026-07-01 13:44:50 | WARNING | Blocks - 67% of blocks are unknown - site uses non-EDS patterns
2026-07-01 13:44:50 | INFO | Phase 4: Capturing block screenshots...
2026-07-01 13:44:51 | INFO | Removed 5 elements: overlay, popup
📐 Detecting header/footer for this page...
2026-07-01 13:44:51 | INFO | Template - Reused saved header selector on current page
2026-07-01 13:44:51 | INFO | Template - Reused saved footer selector on current page
2026-07-01 13:44:51 | INFO | Header: moderate complexity, 2 features
2026-07-01 13:44:51 | INFO | Footer: moderate complexity, 2 features
2026-07-01 13:44:51 | INFO | Phase 2: Identifying main content area...
2026-07-01 13:44:51 | INFO | Main content: #main-content
2026-07-01 13:44:51 | INFO | Captured 12 block screenshots
2026-07-01 13:44:51 | INFO | Detected 12 blocks
2026-07-01 13:44:51 | INFO | Generating fingerprints for template discovery...
2026-07-01 13:44:51 | INFO | Phase 3: Detecting blocks...
2026-07-01 13:44:51 | WARNING | Blocks - 63% of blocks are unknown - site uses non-EDS patterns
2026-07-01 13:44:51 | INFO | Phase 4: Capturing block screenshots...
2026-07-01 13:44:53 | INFO | Captured 8 block screenshots
2026-07-01 13:44:53 | INFO | Detected 8 blocks
2026-07-01 13:44:53 | INFO | Generating fingerprints for template discovery...
2026-07-01 13:44:54 | INFO | Removed 5 elements: overlay, popup
📐 Detecting header/footer for this page...
2026-07-01 13:44:54 | INFO | Template - Reused saved header selector on current page
2026-07-01 13:44:54 | INFO | Template - Reused saved footer selector on current page
2026-07-01 13:44:54 | INFO | Header: moderate complexity, 2 features
2026-07-01 13:44:54 | INFO | Footer: moderate complexity, 2 features
2026-07-01 13:44:54 | INFO | Phase 2: Identifying main content area...
2026-07-01 13:44:54 | INFO | Main content: #main-content
2026-07-01 13:44:54 | INFO | Phase 3: Detecting blocks...
2026-07-01 13:44:54 | WARNING | Blocks - 56% of blocks are unknown - site uses non-EDS patterns
2026-07-01 13:44:54 | INFO | Phase 4: Capturing block screenshots...
2026-07-01 13:44:54 | INFO |    Top-section: 17 rows via title+container
2026-07-01 13:44:54 | INFO |    Body start: y=425 (start row 17 via below-title+container)
2026-07-01 13:44:54 | INFO | URL Pattern: /w/sustentabilidade/cinco-curiosidades-sobre-as-festas-de-sao-joao
2026-07-01 13:44:54 | INFO | Page catalog complete: /workspace/catalog/.pages/nossaenergia_petrobras_com_br_w_sustentabilidade_cinco-curiosidades-sobre-as-festas-de-sao-joao--e254174d/page-catalog.json
2026-07-01 13:44:54 | INFO | SUCCESS: https://nossaenergia.petrobras.com.br/w/sustentabilidade/cinco-curiosidades-sobre-as-festas-de-sao-joao
2026-07-01 13:44:54 | INFO | PROGRESS: 105/190 analyzed (55% checklist complete) | 105 ok, 0 failed, 0 skipped | ~27 min remaining
2026-07-01 13:44:55 | INFO |    Top-section: 16 rows via title+container
2026-07-01 13:44:55 | INFO |    Body start: y=400 (start row 16 via below-title+container)
2026-07-01 13:44:55 | INFO | URL Pattern: /w/sustentabilidade/cinco-filmes-brasileiros-com-protagonistas-negros
2026-07-01 13:44:55 | INFO | Page catalog complete: /workspace/catalog/.pages/nossaenergia_petrobras_com_br_w_sustentabilidade_cinco-filmes-brasileiros-com-protagonistas-negros--2811a3fc/page-catalog.json
2026-07-01 13:44:55 | INFO | SUCCESS: https://nossaenergia.petrobras.com.br/w/sustentabilidade/cinco-filmes-brasileiros-com-protagonistas-negros
2026-07-01 13:44:55 | INFO | Captured 9 block screenshots
2026-07-01 13:44:55 | INFO | Detected 9 blocks
2026-07-01 13:44:55 | INFO | Generating fingerprints for template discovery...
2026-07-01 13:44:56 | INFO | [109/190] Processing: https://nossaenergia.petrobras.com.br/w/sustentabilidade/como-se-tornar-jogadora-de-futebol
2026-07-01 13:44:56 | INFO | Generated slug: nossaenergia_petrobras_com_br_w_sustentabilidade_como-se-tornar-jogadora-de-futebol--71e758ea
2026-07-01 13:44:56 | INFO | Starting analysis: https://nossaenergia.petrobras.com.br/w/sustentabilidade/como-se-tornar-jogadora-de-futebol -> /workspace/catalog/.pages/nossaenergia_petrobras_com_br_w_sustentabilidade_como-se-tornar-jogadora-de-futebol--71e758ea
2026-07-01 13:44:56 | INFO | Loading: https://nossaenergia.petrobras.com.br/w/sustentabilidade/como-se-tornar-jogadora-de-futebol
2026-07-01 13:44:57 | INFO | [110/190] Processing: https://nossaenergia.petrobras.com.br/w/sustentabilidade/conheca-fred-jorge-e-a-ciencia-na-recuperacao-das-florestas
2026-07-01 13:44:57 | INFO | Generated slug: nossaenergia_petrobras_com_br_w_sustentabilidade_conheca-fred-jorge-e-a-ciencia-na-recuperacao-das-florestas--8446bcb3
2026-07-01 13:44:57 | INFO | Starting analysis: https://nossaenergia.petrobras.com.br/w/sustentabilidade/conheca-fred-jorge-e-a-ciencia-na-recuperacao-das-florestas -> /workspace/catalog/.pages/nossaenergia_petrobras_com_br_w_sustentabilidade_conheca-fred-jorge-e-a-ciencia-na-recuperacao-das-florestas--8446bcb3
2026-07-01 13:44:57 | INFO | Loading: https://nossaenergia.petrobras.com.br/w/sustentabilidade/conheca-fred-jorge-e-a-ciencia-na-recuperacao-das-florestas
2026-07-01 13:44:58 | INFO |    Top-section: 17 rows via title+container
2026-07-01 13:44:58 | INFO |    Body start: y=408 (start row 16 via below-title+container)
2026-07-01 13:44:58 | INFO | URL Pattern: /w/sustentabilidade/como-a-baleia-jubarte-se-salvou-da-quase-extincao
2026-07-01 13:44:58 | INFO | Page catalog complete: /workspace/catalog/.pages/nossaenergia_petrobras_com_br_w_sustentabilidade_como-a-baleia-jubarte-se-salvou-da-quase-extincao--99e8ba5d/page-catalog.json
2026-07-01 13:44:58 | INFO | SUCCESS: https://nossaenergia.petrobras.com.br/w/sustentabilidade/como-a-baleia-jubarte-se-salvou-da-quase-extincao
2026-07-01 13:45:00 | INFO | [111/190] Processing: https://nossaenergia.petrobras.com.br/w/sustentabilidade/conheca-os-compromissos-ambientais-da-petrobras-para-reduzir-a-pegada-de-carbono-1
2026-07-01 13:45:00 | INFO | Generated slug: nossaenergia_petrobras_com_br_w_sustentabilidade_conheca-os-compromissos-ambientais-da-petrobras-para-reduzir-a-pegada-de-carbono-1--f9db0724
2026-07-01 13:45:00 | INFO | Starting analysis: https://nossaenergia.petrobras.com.br/w/sustentabilidade/conheca-os-compromissos-ambientais-da-petrobras-para-reduzir-a-pegada-de-carbono-1 -> /workspace/catalog/.pages/nossaenergia_petrobras_com_br_w_sustentabilidade_conheca-os-compromissos-ambientais-da-petrobras-para-reduzir-a-pegada-de-carbono-1--f9db0724
2026-07-01 13:45:00 | INFO | Loading: https://nossaenergia.petrobras.com.br/w/sustentabilidade/conheca-os-compromissos-ambientais-da-petrobras-para-reduzir-a-pegada-de-carbono-1
2026-07-01 13:45:00 | INFO | Phase 0A: Triggering lazy-loaded content...
2026-07-01 13:45:01 | INFO | Phase 0A: Triggering lazy-loaded content...
2026-07-01 13:45:03 | INFO | Lazy-load scroll complete
2026-07-01 13:45:03 | INFO | Phase 0B: Cleaning up overlays...
2026-07-01 13:45:03 | INFO | Lazy-load scroll complete
2026-07-01 13:45:03 | INFO | Phase 0B: Cleaning up overlays...
2026-07-01 13:45:03 | INFO | Phase 0A: Triggering lazy-loaded content...
2026-07-01 13:45:06 | INFO | Lazy-load scroll complete
2026-07-01 13:45:06 | INFO | Phase 0B: Cleaning up overlays...
2026-07-01 13:45:42 | INFO | Removed 5 elements: overlay, popup
📐 Detecting header/footer for this page...
2026-07-01 13:45:42 | INFO | Template - Reused saved header selector on current page
2026-07-01 13:45:42 | INFO | Template - Reused saved footer selector on current page
2026-07-01 13:45:42 | INFO | Header: moderate complexity, 2 features
2026-07-01 13:45:42 | INFO | Footer: moderate complexity, 2 features
2026-07-01 13:45:42 | INFO | Phase 2: Identifying main content area...
2026-07-01 13:45:42 | INFO | Main content: #main-content
2026-07-01 13:45:42 | INFO | Phase 3: Detecting blocks...
2026-07-01 13:45:42 | WARNING | Blocks - 57% of blocks are unknown - site uses non-EDS patterns
2026-07-01 13:45:42 | INFO | Phase 4: Capturing block screenshots...
2026-07-01 13:45:43 | INFO | Captured 7 block screenshots
2026-07-01 13:45:43 | INFO | Detected 7 blocks
2026-07-01 13:45:43 | INFO | Generating fingerprints for template discovery...
2026-07-01 13:45:45 | INFO |    Top-section: 14 rows via title+container
2026-07-01 13:45:45 | INFO |    Body start: y=350 (start row 14 via below-title+container)
2026-07-01 13:45:45 | INFO | URL Pattern: /w/sustentabilidade/como-cuidamos-das-florestas-que-nos-abrigam
2026-07-01 13:45:45 | INFO | Page catalog complete: /workspace/catalog/.pages/nossaenergia_petrobras_com_br_w_sustentabilidade_como-cuidamos-das-florestas-que-nos-abrigam--4a158e2a/page-catalog.json
2026-07-01 13:45:45 | INFO | SUCCESS: https://nossaenergia.petrobras.com.br/w/sustentabilidade/como-cuidamos-das-florestas-que-nos-abrigam
2026-07-01 13:45:47 | INFO | [112/190] Processing: https://nossaenergia.petrobras.com.br/w/sustentabilidade/corredores-ecologicos-preservando-a-biodiversidade-brasileira-para-o-amanha
2026-07-01 13:45:47 | INFO | Generated slug: nossaenergia_petrobras_com_br_w_sustentabilidade_corredores-ecologicos-preservando-a-biodiversidade-brasileira-para-o-amanha--7bcab56e
2026-07-01 13:45:47 | INFO | Starting analysis: https://nossaenergia.petrobras.com.br/w/sustentabilidade/corredores-ecologicos-preservando-a-biodiversidade-brasileira-para-o-amanha -> /workspace/catalog/.pages/nossaenergia_petrobras_com_br_w_sustentabilidade_corredores-ecologicos-preservando-a-biodiversidade-brasileira-para-o-amanha--7bcab56e
2026-07-01 13:45:48 | INFO | Loading: https://nossaenergia.petrobras.com.br/w/sustentabilidade/corredores-ecologicos-preservando-a-biodiversidade-brasileira-para-o-amanha
2026-07-01 13:45:52 | INFO | Phase 0A: Triggering lazy-loaded content...
2026-07-01 13:45:55 | INFO | Lazy-load scroll complete
2026-07-01 13:45:55 | INFO | Phase 0B: Cleaning up overlays...
2026-07-01 13:46:05 | INFO | Removed 5 elements: overlay, popup
📐 Detecting header/footer for this page...
2026-07-01 13:46:05 | INFO | Removed 5 elements: overlay, popup
📐 Detecting header/footer for this page...
2026-07-01 13:46:05 | INFO | Template - Reused saved header selector on current page
2026-07-01 13:46:05 | INFO | Template - Reused saved footer selector on current page
2026-07-01 13:46:05 | INFO | Header: moderate complexity, 2 features
2026-07-01 13:46:05 | INFO | Footer: moderate complexity, 2 features
2026-07-01 13:46:05 | INFO | Phase 2: Identifying main content area...
2026-07-01 13:46:05 | INFO | Main content: #main-content
2026-07-01 13:46:05 | INFO | Template - Reused saved header selector on current page
2026-07-01 13:46:05 | INFO | Template - Reused saved footer selector on current page
2026-07-01 13:46:05 | INFO | Header: moderate complexity, 2 features
2026-07-01 13:46:05 | INFO | Footer: moderate complexity, 2 features
2026-07-01 13:46:05 | INFO | Phase 2: Identifying main content area...
2026-07-01 13:46:05 | INFO | Main content: #main-content
2026-07-01 13:46:05 | INFO | Phase 3: Detecting blocks...
2026-07-01 13:46:05 | INFO | Phase 3: Detecting blocks...
2026-07-01 13:46:05 | WARNING | Blocks - 60% of blocks are unknown - site uses non-EDS patterns
2026-07-01 13:46:05 | INFO | Phase 4: Capturing block screenshots...
2026-07-01 13:46:05 | WARNING | Blocks - 60% of blocks are unknown - site uses non-EDS patterns
2026-07-01 13:46:05 | INFO | Phase 4: Capturing block screenshots...
2026-07-01 13:46:06 | INFO | Captured 10 block screenshots
2026-07-01 13:46:06 | INFO | Detected 10 blocks
2026-07-01 13:46:06 | INFO | Generating fingerprints for template discovery...
2026-07-01 13:46:06 | INFO | Captured 10 block screenshots
2026-07-01 13:46:06 | INFO | Detected 10 blocks
2026-07-01 13:46:06 | INFO | Generating fingerprints for template discovery...
2026-07-01 13:46:07 | INFO | Removed 5 elements: overlay, popup
📐 Detecting header/footer for this page...
2026-07-01 13:46:07 | INFO | Template - Reused saved header selector on current page
2026-07-01 13:46:07 | INFO | Template - Reused saved footer selector on current page
2026-07-01 13:46:07 | INFO | Header: moderate complexity, 2 features
2026-07-01 13:46:07 | INFO | Footer: moderate complexity, 2 features
2026-07-01 13:46:07 | INFO | Phase 2: Identifying main content area...
2026-07-01 13:46:07 | INFO | Main content: #main-content
2026-07-01 13:46:08 | INFO | Phase 3: Detecting blocks...
2026-07-01 13:46:08 | WARNING | Blocks - 57% of blocks are unknown - site uses non-EDS patterns
2026-07-01 13:46:08 | INFO | Phase 4: Capturing block screenshots...
2026-07-01 13:46:09 | INFO |    Top-section: 16 rows via title+container
2026-07-01 13:46:09 | INFO |    Body start: y=400 (start row 16 via below-title+container)
2026-07-01 13:46:09 | INFO | URL Pattern: /w/sustentabilidade/conheca-fred-jorge-e-a-ciencia-na-recuperacao-das-florestas
2026-07-01 13:46:09 | INFO | Page catalog complete: /workspace/catalog/.pages/nossaenergia_petrobras_com_br_w_sustentabilidade_conheca-fred-jorge-e-a-ciencia-na-recuperacao-das-florestas--8446bcb3/page-catalog.json
2026-07-01 13:46:09 | INFO | SUCCESS: https://nossaenergia.petrobras.com.br/w/sustentabilidade/conheca-fred-jorge-e-a-ciencia-na-recuperacao-das-florestas
2026-07-01 13:46:09 | INFO |    Top-section: 16 rows via title+container
2026-07-01 13:46:09 | INFO |    Body start: y=400 (start row 16 via below-title+container)
2026-07-01 13:46:09 | INFO | URL Pattern: /w/sustentabilidade/como-se-tornar-jogadora-de-futebol
2026-07-01 13:46:09 | INFO | Page catalog complete: /workspace/catalog/.pages/nossaenergia_petrobras_com_br_w_sustentabilidade_como-se-tornar-jogadora-de-futebol--71e758ea/page-catalog.json
2026-07-01 13:46:09 | INFO | SUCCESS: https://nossaenergia.petrobras.com.br/w/sustentabilidade/como-se-tornar-jogadora-de-futebol
2026-07-01 13:46:09 | INFO | PROGRESS: 110/190 analyzed (58% checklist complete) | 110 ok, 0 failed, 0 skipped | ~25 min remaining
2026-07-01 13:46:09 | INFO | Captured 7 block screenshots
2026-07-01 13:46:09 | INFO | Detected 7 blocks
2026-07-01 13:46:09 | INFO | Generating fingerprints for template discovery...
2026-07-01 13:46:11 | INFO | [113/190] Processing: https://nossaenergia.petrobras.com.br/w/sustentabilidade/curiosidades-do-cinema-brasileiro-filme-de-sucesso-com-atores-iniciantes
2026-07-01 13:46:11 | INFO | Generated slug: nossaenergia_petrobras_com_br_w_sustentabilidade_curiosidades-do-cinema-brasileiro-filme-de-sucesso-com-atores-iniciantes--2f0b58b0
2026-07-01 13:46:11 | INFO | Starting analysis: https://nossaenergia.petrobras.com.br/w/sustentabilidade/curiosidades-do-cinema-brasileiro-filme-de-sucesso-com-atores-iniciantes -> /workspace/catalog/.pages/nossaenergia_petrobras_com_br_w_sustentabilidade_curiosidades-do-cinema-brasileiro-filme-de-sucesso-com-atores-iniciantes--2f0b58b0
2026-07-01 13:46:11 | INFO | Loading: https://nossaenergia.petrobras.com.br/w/sustentabilidade/curiosidades-do-cinema-brasileiro-filme-de-sucesso-com-atores-iniciantes
2026-07-01 13:46:11 | INFO | [114/190] Processing: https://nossaenergia.petrobras.com.br/w/sustentabilidade/desvende-os-misterios-da-temporada-de-baleias-1
2026-07-01 13:46:11 | INFO | Generated slug: nossaenergia_petrobras_com_br_w_sustentabilidade_desvende-os-misterios-da-temporada-de-baleias-1--eb848e0a
2026-07-01 13:46:11 | INFO | Starting analysis: https://nossaenergia.petrobras.com.br/w/sustentabilidade/desvende-os-misterios-da-temporada-de-baleias-1 -> /workspace/catalog/.pages/nossaenergia_petrobras_com_br_w_sustentabilidade_desvende-os-misterios-da-temporada-de-baleias-1--eb848e0a
2026-07-01 13:46:11 | INFO | Loading: https://nossaenergia.petrobras.com.br/w/sustentabilidade/desvende-os-misterios-da-temporada-de-baleias-1
2026-07-01 13:46:12 | INFO |    Top-section: 16 rows via title+container
2026-07-01 13:46:12 | INFO |    Body start: y=400 (start row 16 via below-title+container)
2026-07-01 13:46:12 | INFO | URL Pattern: /w/sustentabilidade/conheca-os-compromissos-ambientais-da-petrobras-para-reduzir-a-pegada-de-carbono-1
2026-07-01 13:46:12 | INFO | Page catalog complete: /workspace/catalog/.pages/nossaenergia_petrobras_com_br_w_sustentabilidade_conheca-os-compromissos-ambientais-da-petrobras-para-reduzir-a-pegada-de-carbono-1--f9db0724/page-catalog.json
2026-07-01 13:46:12 | INFO | SUCCESS: https://nossaenergia.petrobras.com.br/w/sustentabilidade/conheca-os-compromissos-ambientais-da-petrobras-para-reduzir-a-pegada-de-carbono-1
2026-07-01 13:46:14 | INFO | [115/190] Processing: https://nossaenergia.petrobras.com.br/w/sustentabilidade/diversidade-e-o-direito-de-cada-um-de-ser-quem-e
2026-07-01 13:46:14 | INFO | Generated slug: nossaenergia_petrobras_com_br_w_sustentabilidade_diversidade-e-o-direito-de-cada-um-de-ser-quem-e--ae0e31af
2026-07-01 13:46:14 | INFO | Starting analysis: https://nossaenergia.petrobras.com.br/w/sustentabilidade/diversidade-e-o-direito-de-cada-um-de-ser-quem-e -> /workspace/catalog/.pages/nossaenergia_petrobras_com_br_w_sustentabilidade_diversidade-e-o-direito-de-cada-um-de-ser-quem-e--ae0e31af
2026-07-01 13:46:14 | INFO | Loading: https://nossaenergia.petrobras.com.br/w/sustentabilidade/diversidade-e-o-direito-de-cada-um-de-ser-quem-e
2026-07-01 13:46:14 | INFO | Phase 0A: Triggering lazy-loaded content...
2026-07-01 13:46:15 | INFO | Phase 0A: Triggering lazy-loaded content...
2026-07-01 13:46:17 | INFO | Lazy-load scroll complete
2026-07-01 13:46:17 | INFO | Phase 0B: Cleaning up overlays...
2026-07-01 13:46:17 | INFO | Phase 0A: Triggering lazy-loaded content...
2026-07-01 13:46:18 | INFO | Lazy-load scroll complete
2026-07-01 13:46:18 | INFO | Phase 0B: Cleaning up overlays...
2026-07-01 13:46:19 | INFO | Lazy-load scroll complete
2026-07-01 13:46:19 | INFO | Phase 0B: Cleaning up overlays...
2026-07-01 13:46:57 | INFO | Removed 5 elements: overlay, popup
📐 Detecting header/footer for this page...
2026-07-01 13:46:57 | INFO | Template - Reused saved header selector on current page
2026-07-01 13:46:57 | INFO | Template - Reused saved footer selector on current page
2026-07-01 13:46:57 | INFO | Header: moderate complexity, 2 features
2026-07-01 13:46:57 | INFO | Footer: moderate complexity, 2 features
2026-07-01 13:46:57 | INFO | Phase 2: Identifying main content area...
2026-07-01 13:46:57 | INFO | Main content: #main-content
2026-07-01 13:46:57 | INFO | Phase 3: Detecting blocks...
2026-07-01 13:46:57 | WARNING | Blocks - 58% of blocks are unknown - site uses non-EDS patterns
2026-07-01 13:46:57 | INFO | Phase 4: Capturing block screenshots...
2026-07-01 13:46:59 | INFO | Captured 12 block screenshots
2026-07-01 13:46:59 | INFO | Detected 12 blocks
2026-07-01 13:46:59 | INFO | Generating fingerprints for template discovery...
2026-07-01 13:47:01 | INFO |    Top-section: 16 rows via title+container
2026-07-01 13:47:01 | INFO |    Body start: y=400 (start row 16 via below-title+container)
2026-07-01 13:47:01 | INFO | URL Pattern: /w/sustentabilidade/corredores-ecologicos-preservando-a-biodiversidade-brasileira-para-o-amanha
2026-07-01 13:47:01 | INFO | Page catalog complete: /workspace/catalog/.pages/nossaenergia_petrobras_com_br_w_sustentabilidade_corredores-ecologicos-preservando-a-biodiversidade-brasileira-para-o-amanha--7bcab56e/page-catalog.json
2026-07-01 13:47:01 | INFO | SUCCESS: https://nossaenergia.petrobras.com.br/w/sustentabilidade/corredores-ecologicos-preservando-a-biodiversidade-brasileira-para-o-amanha
2026-07-01 13:47:03 | INFO | [116/190] Processing: https://nossaenergia.petrobras.com.br/w/sustentabilidade/diversidade-equidade-e-inclusao-porque-a-energia-que-move-o-mundo-e-para-todos
2026-07-01 13:47:03 | INFO | Generated slug: nossaenergia_petrobras_com_br_w_sustentabilidade_diversidade-equidade-e-inclusao-porque-a-energia-que-move-o-mundo-e-para-todos--2202d062
2026-07-01 13:47:03 | INFO | Starting analysis: https://nossaenergia.petrobras.com.br/w/sustentabilidade/diversidade-equidade-e-inclusao-porque-a-energia-que-move-o-mundo-e-para-todos -> /workspace/catalog/.pages/nossaenergia_petrobras_com_br_w_sustentabilidade_diversidade-equidade-e-inclusao-porque-a-energia-que-move-o-mundo-e-para-todos--2202d062
2026-07-01 13:47:04 | INFO | Loading: https://nossaenergia.petrobras.com.br/w/sustentabilidade/diversidade-equidade-e-inclusao-porque-a-energia-que-move-o-mundo-e-para-todos
2026-07-01 13:47:08 | INFO | Phase 0A: Triggering lazy-loaded content...
2026-07-01 13:47:11 | INFO | Lazy-load scroll complete
2026-07-01 13:47:11 | INFO | Phase 0B: Cleaning up overlays...
2026-07-01 13:47:18 | INFO | Removed 5 elements: overlay, popup
📐 Detecting header/footer for this page...
2026-07-01 13:47:18 | INFO | Template - Reused saved header selector on current page
2026-07-01 13:47:18 | INFO | Template - Reused saved footer selector on current page
2026-07-01 13:47:18 | INFO | Header: moderate complexity, 2 features
2026-07-01 13:47:18 | INFO | Footer: moderate complexity, 2 features
2026-07-01 13:47:18 | INFO | Phase 2: Identifying main content area...
2026-07-01 13:47:18 | INFO | Main content: #main-content
2026-07-01 13:47:18 | INFO | Phase 3: Detecting blocks...
2026-07-01 13:47:18 | WARNING | Blocks - 67% of blocks are unknown - site uses non-EDS patterns
2026-07-01 13:47:18 | INFO | Phase 4: Capturing block screenshots...
2026-07-01 13:47:19 | INFO | Removed 5 elements: overlay, popup
📐 Detecting header/footer for this page...
2026-07-01 13:47:19 | INFO | Template - Reused saved header selector on current page
2026-07-01 13:47:19 | INFO | Template - Reused saved footer selector on current page
2026-07-01 13:47:19 | INFO | Header: moderate complexity, 2 features
2026-07-01 13:47:19 | INFO | Footer: moderate complexity, 2 features
2026-07-01 13:47:19 | INFO | Phase 2: Identifying main content area...
2026-07-01 13:47:19 | INFO | Main content: #main-content
2026-07-01 13:47:19 | INFO | Phase 3: Detecting blocks...
2026-07-01 13:47:19 | WARNING | Blocks - 60% of blocks are unknown - site uses non-EDS patterns
2026-07-01 13:47:19 | INFO | Phase 4: Capturing block screenshots...
2026-07-01 13:47:20 | INFO | Captured 9 block screenshots
2026-07-01 13:47:20 | INFO | Detected 9 blocks
2026-07-01 13:47:20 | INFO | Generating fingerprints for template discovery...
2026-07-01 13:47:20 | INFO | Removed 5 elements: overlay, popup
📐 Detecting header/footer for this page...
2026-07-01 13:47:20 | INFO | Template - Reused saved header selector on current page
2026-07-01 13:47:21 | INFO | Template - Reused saved footer selector on current page
2026-07-01 13:47:21 | INFO | Header: moderate complexity, 2 features
2026-07-01 13:47:21 | INFO | Footer: moderate complexity, 2 features
2026-07-01 13:47:21 | INFO | Phase 2: Identifying main content area...
2026-07-01 13:47:21 | INFO | Main content: #main-content
2026-07-01 13:47:21 | INFO | Phase 3: Detecting blocks...
2026-07-01 13:47:21 | WARNING | Blocks - 57% of blocks are unknown - site uses non-EDS patterns
2026-07-01 13:47:21 | INFO | Phase 4: Capturing block screenshots...
2026-07-01 13:47:21 | INFO | Captured 10 block screenshots
2026-07-01 13:47:21 | INFO | Detected 10 blocks
2026-07-01 13:47:21 | INFO | Generating fingerprints for template discovery...
2026-07-01 13:47:22 | INFO | Captured 7 block screenshots
2026-07-01 13:47:22 | INFO | Detected 7 blocks
2026-07-01 13:47:22 | INFO | Generating fingerprints for template discovery...
2026-07-01 13:47:22 | INFO |    Top-section: 16 rows via title+container
2026-07-01 13:47:22 | INFO |    Body start: y=400 (start row 16 via below-title+container)
2026-07-01 13:47:22 | INFO | URL Pattern: /w/sustentabilidade/desvende-os-misterios-da-temporada-de-baleias-1
2026-07-01 13:47:22 | INFO | Page catalog complete: /workspace/catalog/.pages/nossaenergia_petrobras_com_br_w_sustentabilidade_desvende-os-misterios-da-temporada-de-baleias-1--eb848e0a/page-catalog.json
2026-07-01 13:47:22 | INFO | SUCCESS: https://nossaenergia.petrobras.com.br/w/sustentabilidade/desvende-os-misterios-da-temporada-de-baleias-1
2026-07-01 13:47:23 | INFO |    Top-section: 17 rows via title+container
2026-07-01 13:47:23 | INFO |    Body start: y=425 (start row 17 via below-title+container)
2026-07-01 13:47:23 | INFO | URL Pattern: /w/sustentabilidade/curiosidades-do-cinema-brasileiro-filme-de-sucesso-com-atores-iniciantes
2026-07-01 13:47:23 | INFO | Page catalog complete: /workspace/catalog/.pages/nossaenergia_petrobras_com_br_w_sustentabilidade_curiosidades-do-cinema-brasileiro-filme-de-sucesso-com-atores-iniciantes--2f0b58b0/page-catalog.json
2026-07-01 13:47:23 | INFO | SUCCESS: https://nossaenergia.petrobras.com.br/w/sustentabilidade/curiosidades-do-cinema-brasileiro-filme-de-sucesso-com-atores-iniciantes
2026-07-01 13:47:24 | INFO |    Top-section: 14 rows via title+container
2026-07-01 13:47:24 | INFO |    Body start: y=350 (start row 14 via below-title+container)
2026-07-01 13:47:24 | INFO | URL Pattern: /w/sustentabilidade/diversidade-e-o-direito-de-cada-um-de-ser-quem-e
2026-07-01 13:47:24 | INFO | Page catalog complete: /workspace/catalog/.pages/nossaenergia_petrobras_com_br_w_sustentabilidade_diversidade-e-o-direito-de-cada-um-de-ser-quem-e--ae0e31af/page-catalog.json
2026-07-01 13:47:24 | INFO | SUCCESS: https://nossaenergia.petrobras.com.br/w/sustentabilidade/diversidade-e-o-direito-de-cada-um-de-ser-quem-e
2026-07-01 13:47:24 | INFO | PROGRESS: 115/190 analyzed (61% checklist complete) | 115 ok, 0 failed, 0 skipped | ~24 min remaining
2026-07-01 13:47:24 | INFO | [117/190] Processing: https://nossaenergia.petrobras.com.br/w/sustentabilidade/diversidade-equidade-inclusao
2026-07-01 13:47:24 | INFO | Generated slug: nossaenergia_petrobras_com_br_w_sustentabilidade_diversidade-equidade-inclusao--68c0bc16
2026-07-01 13:47:24 | INFO | Starting analysis: https://nossaenergia.petrobras.com.br/w/sustentabilidade/diversidade-equidade-inclusao -> /workspace/catalog/.pages/nossaenergia_petrobras_com_br_w_sustentabilidade_diversidade-equidade-inclusao--68c0bc16
2026-07-01 13:47:24 | INFO | Loading: https://nossaenergia.petrobras.com.br/w/sustentabilidade/diversidade-equidade-inclusao
2026-07-01 13:47:25 | INFO | [118/190] Processing: https://nossaenergia.petrobras.com.br/w/sustentabilidade/equidade-de-genero-o-que-e
2026-07-01 13:47:25 | INFO | Generated slug: nossaenergia_petrobras_com_br_w_sustentabilidade_equidade-de-genero-o-que-e--485a6ff4
2026-07-01 13:47:25 | INFO | Starting analysis: https://nossaenergia.petrobras.com.br/w/sustentabilidade/equidade-de-genero-o-que-e -> /workspace/catalog/.pages/nossaenergia_petrobras_com_br_w_sustentabilidade_equidade-de-genero-o-que-e--485a6ff4
2026-07-01 13:47:26 | INFO | Loading: https://nossaenergia.petrobras.com.br/w/sustentabilidade/equidade-de-genero-o-que-e
2026-07-01 13:47:26 | INFO | [119/190] Processing: https://nossaenergia.petrobras.com.br/w/sustentabilidade/esporte-e-inclusao
2026-07-01 13:47:26 | INFO | Generated slug: nossaenergia_petrobras_com_br_w_sustentabilidade_esporte-e-inclusao--3a509791
2026-07-01 13:47:26 | INFO | Starting analysis: https://nossaenergia.petrobras.com.br/w/sustentabilidade/esporte-e-inclusao -> /workspace/catalog/.pages/nossaenergia_petrobras_com_br_w_sustentabilidade_esporte-e-inclusao--3a509791
2026-07-01 13:47:26 | INFO | Loading: https://nossaenergia.petrobras.com.br/w/sustentabilidade/esporte-e-inclusao
2026-07-01 13:47:28 | INFO | Phase 0A: Triggering lazy-loaded content...
2026-07-01 13:47:30 | INFO | Lazy-load scroll complete
2026-07-01 13:47:31 | INFO | Phase 0B: Cleaning up overlays...
2026-07-01 13:47:31 | INFO | Phase 0A: Triggering lazy-loaded content...
2026-07-01 13:47:32 | INFO | Phase 0A: Triggering lazy-loaded content...
2026-07-01 13:47:35 | INFO | Lazy-load scroll complete
2026-07-01 13:47:35 | INFO | Phase 0B: Cleaning up overlays...
2026-07-01 13:47:36 | INFO | Lazy-load scroll complete
2026-07-01 13:47:36 | INFO | Phase 0B: Cleaning up overlays...
2026-07-01 13:48:12 | INFO | Removed 5 elements: overlay, popup
📐 Detecting header/footer for this page...
2026-07-01 13:48:12 | INFO | Template - Reused saved header selector on current page
2026-07-01 13:48:12 | INFO | Template - Reused saved footer selector on current page
2026-07-01 13:48:12 | INFO | Header: moderate complexity, 2 features
2026-07-01 13:48:12 | INFO | Footer: moderate complexity, 2 features
2026-07-01 13:48:12 | INFO | Phase 2: Identifying main content area...
2026-07-01 13:48:12 | INFO | Main content: #main-content
2026-07-01 13:48:13 | INFO | Phase 3: Detecting blocks...
2026-07-01 13:48:13 | WARNING | Blocks - 64% of blocks are unknown - site uses non-EDS patterns
2026-07-01 13:48:13 | INFO | Phase 4: Capturing block screenshots...
2026-07-01 13:48:14 | INFO | Captured 11 block screenshots
2026-07-01 13:48:14 | INFO | Detected 11 blocks
2026-07-01 13:48:14 | INFO | Generating fingerprints for template discovery...
2026-07-01 13:48:17 | INFO |    Top-section: 16 rows via title+container
2026-07-01 13:48:17 | INFO |    Body start: y=400 (start row 16 via below-title+container)
2026-07-01 13:48:17 | INFO | URL Pattern: /w/sustentabilidade/diversidade-equidade-e-inclusao-porque-a-energia-que-move-o-mundo-e-para-todos
2026-07-01 13:48:17 | INFO | Page catalog complete: /workspace/catalog/.pages/nossaenergia_petrobras_com_br_w_sustentabilidade_diversidade-equidade-e-inclusao-porque-a-energia-que-move-o-mundo-e-para-todos--2202d062/page-catalog.json
2026-07-01 13:48:17 | INFO | SUCCESS: https://nossaenergia.petrobras.com.br/w/sustentabilidade/diversidade-equidade-e-inclusao-porque-a-energia-que-move-o-mundo-e-para-todos
2026-07-01 13:48:19 | INFO | [120/190] Processing: https://nossaenergia.petrobras.com.br/w/sustentabilidade/futura-cientista-6-dicas-para-estimular-mulheres-na-ciencia-1
2026-07-01 13:48:19 | INFO | Generated slug: nossaenergia_petrobras_com_br_w_sustentabilidade_futura-cientista-6-dicas-para-estimular-mulheres-na-ciencia-1--408a2df2
2026-07-01 13:48:19 | INFO | Starting analysis: https://nossaenergia.petrobras.com.br/w/sustentabilidade/futura-cientista-6-dicas-para-estimular-mulheres-na-ciencia-1 -> /workspace/catalog/.pages/nossaenergia_petrobras_com_br_w_sustentabilidade_futura-cientista-6-dicas-para-estimular-mulheres-na-ciencia-1--408a2df2
2026-07-01 13:48:19 | INFO | Loading: https://nossaenergia.petrobras.com.br/w/sustentabilidade/futura-cientista-6-dicas-para-estimular-mulheres-na-ciencia-1
2026-07-01 13:48:23 | INFO | Phase 0A: Triggering lazy-loaded content...
2026-07-01 13:48:25 | INFO | Lazy-load scroll complete
2026-07-01 13:48:25 | INFO | Phase 0B: Cleaning up overlays...
2026-07-01 13:48:32 | INFO | Removed 5 elements: overlay, popup
📐 Detecting header/footer for this page...
2026-07-01 13:48:32 | INFO | Template - Reused saved header selector on current page
2026-07-01 13:48:32 | INFO | Template - Reused saved footer selector on current page
2026-07-01 13:48:32 | INFO | Header: moderate complexity, 2 features
2026-07-01 13:48:32 | INFO | Footer: moderate complexity, 2 features
2026-07-01 13:48:32 | INFO | Phase 2: Identifying main content area...
2026-07-01 13:48:32 | INFO | Main content: #main-content
2026-07-01 13:48:32 | INFO | Phase 3: Detecting blocks...
2026-07-01 13:48:32 | WARNING | Blocks - 64% of blocks are unknown - site uses non-EDS patterns
2026-07-01 13:48:32 | INFO | Phase 4: Capturing block screenshots...
2026-07-01 13:48:34 | INFO | Captured 11 block screenshots
2026-07-01 13:48:34 | INFO | Detected 11 blocks
2026-07-01 13:48:34 | INFO | Generating fingerprints for template discovery...
2026-07-01 13:48:36 | INFO | Removed 5 elements: overlay, popup
📐 Detecting header/footer for this page...
2026-07-01 13:48:36 | INFO | Template - Reused saved header selector on current page
2026-07-01 13:48:36 | INFO | Template - Reused saved footer selector on current page
2026-07-01 13:48:36 | INFO | Header: moderate complexity, 2 features
2026-07-01 13:48:36 | INFO | Footer: moderate complexity, 2 features
2026-07-01 13:48:36 | INFO | Phase 2: Identifying main content area...
2026-07-01 13:48:36 | INFO | Main content: #main-content
2026-07-01 13:48:36 | INFO | Phase 3: Detecting blocks...
2026-07-01 13:48:36 | WARNING | Blocks - 70% of blocks are unknown - site uses non-EDS patterns
2026-07-01 13:48:36 | INFO | Phase 4: Capturing block screenshots...
2026-07-01 13:48:36 | INFO |    Top-section: 16 rows via title+container
2026-07-01 13:48:36 | INFO |    Body start: y=400 (start row 16 via below-title+container)
2026-07-01 13:48:36 | INFO | URL Pattern: /w/sustentabilidade/diversidade-equidade-inclusao
2026-07-01 13:48:36 | INFO | Page catalog complete: /workspace/catalog/.pages/nossaenergia_petrobras_com_br_w_sustentabilidade_diversidade-equidade-inclusao--68c0bc16/page-catalog.json
2026-07-01 13:48:36 | INFO | SUCCESS: https://nossaenergia.petrobras.com.br/w/sustentabilidade/diversidade-equidade-inclusao
2026-07-01 13:48:37 | INFO | Removed 5 elements: overlay, popup
📐 Detecting header/footer for this page...
2026-07-01 13:48:37 | INFO | Template - Reused saved header selector on current page
2026-07-01 13:48:37 | INFO | Template - Reused saved footer selector on current page
2026-07-01 13:48:37 | INFO | Header: moderate complexity, 2 features
2026-07-01 13:48:37 | INFO | Footer: moderate complexity, 2 features
2026-07-01 13:48:37 | INFO | Phase 2: Identifying main content area...
2026-07-01 13:48:37 | INFO | Main content: #main-content
2026-07-01 13:48:37 | INFO | Phase 3: Detecting blocks...
2026-07-01 13:48:37 | WARNING | Blocks - 75% of blocks are unknown - site uses non-EDS patterns
2026-07-01 13:48:37 | INFO | Phase 4: Capturing block screenshots...
2026-07-01 13:48:38 | INFO | Captured 10 block screenshots
2026-07-01 13:48:38 | INFO | Detected 10 blocks
2026-07-01 13:48:38 | INFO | Generating fingerprints for template discovery...
2026-07-01 13:48:38 | INFO | [121/190] Processing: https://nossaenergia.petrobras.com.br/w/sustentabilidade/gramado-um-festival-cuja-historia-daria-um-filme
2026-07-01 13:48:38 | INFO | Generated slug: nossaenergia_petrobras_com_br_w_sustentabilidade_gramado-um-festival-cuja-historia-daria-um-filme--38f19b04
2026-07-01 13:48:38 | INFO | Starting analysis: https://nossaenergia.petrobras.com.br/w/sustentabilidade/gramado-um-festival-cuja-historia-daria-um-filme -> /workspace/catalog/.pages/nossaenergia_petrobras_com_br_w_sustentabilidade_gramado-um-festival-cuja-historia-daria-um-filme--38f19b04
2026-07-01 13:48:38 | INFO | Loading: https://nossaenergia.petrobras.com.br/w/sustentabilidade/gramado-um-festival-cuja-historia-daria-um-filme
2026-07-01 13:48:39 | INFO | Captured 12 block screenshots
2026-07-01 13:48:39 | INFO | Detected 12 blocks
2026-07-01 13:48:39 | INFO | Generating fingerprints for template discovery...
2026-07-01 13:48:40 | INFO |    Top-section: 16 rows via title+container
2026-07-01 13:48:40 | INFO |    Body start: y=400 (start row 16 via below-title+container)
2026-07-01 13:48:40 | INFO | URL Pattern: /w/sustentabilidade/equidade-de-genero-o-que-e
2026-07-01 13:48:40 | INFO | Page catalog complete: /workspace/catalog/.pages/nossaenergia_petrobras_com_br_w_sustentabilidade_equidade-de-genero-o-que-e--485a6ff4/page-catalog.json
2026-07-01 13:48:40 | INFO | SUCCESS: https://nossaenergia.petrobras.com.br/w/sustentabilidade/equidade-de-genero-o-que-e
2026-07-01 13:48:41 | INFO |    Top-section: 16 rows via title+container
2026-07-01 13:48:41 | INFO |    Body start: y=400 (start row 16 via below-title+container)
2026-07-01 13:48:41 | INFO | URL Pattern: /w/sustentabilidade/esporte-e-inclusao
2026-07-01 13:48:41 | INFO | Page catalog complete: /workspace/catalog/.pages/nossaenergia_petrobras_com_br_w_sustentabilidade_esporte-e-inclusao--3a509791/page-catalog.json
2026-07-01 13:48:41 | INFO | SUCCESS: https://nossaenergia.petrobras.com.br/w/sustentabilidade/esporte-e-inclusao
2026-07-01 13:48:42 | INFO | Phase 0A: Triggering lazy-loaded content...
2026-07-01 13:48:42 | INFO | [122/190] Processing: https://nossaenergia.petrobras.com.br/w/sustentabilidade/invisibilidade-social
2026-07-01 13:48:42 | INFO | Generated slug: nossaenergia_petrobras_com_br_w_sustentabilidade_invisibilidade-social--c7dd1bec
2026-07-01 13:48:42 | INFO | Starting analysis: https://nossaenergia.petrobras.com.br/w/sustentabilidade/invisibilidade-social -> /workspace/catalog/.pages/nossaenergia_petrobras_com_br_w_sustentabilidade_invisibilidade-social--c7dd1bec
2026-07-01 13:48:42 | INFO | Loading: https://nossaenergia.petrobras.com.br/w/sustentabilidade/invisibilidade-social
2026-07-01 13:48:43 | INFO | [123/190] Processing: https://nossaenergia.petrobras.com.br/w/sustentabilidade/manguezais
2026-07-01 13:48:43 | INFO | Generated slug: nossaenergia_petrobras_com_br_w_sustentabilidade_manguezais--44bc6be9
2026-07-01 13:48:43 | INFO | Starting analysis: https://nossaenergia.petrobras.com.br/w/sustentabilidade/manguezais -> /workspace/catalog/.pages/nossaenergia_petrobras_com_br_w_sustentabilidade_manguezais--44bc6be9
2026-07-01 13:48:43 | INFO | Loading: https://nossaenergia.petrobras.com.br/w/sustentabilidade/manguezais
2026-07-01 13:48:44 | INFO | Lazy-load scroll complete
2026-07-01 13:48:44 | INFO | Phase 0B: Cleaning up overlays...
2026-07-01 13:48:46 | INFO | Phase 0A: Triggering lazy-loaded content...
2026-07-01 13:48:47 | INFO | Phase 0A: Triggering lazy-loaded content...
2026-07-01 13:48:48 | INFO | Lazy-load scroll complete
2026-07-01 13:48:48 | INFO | Phase 0B: Cleaning up overlays...
2026-07-01 13:48:49 | INFO | Lazy-load scroll complete
2026-07-01 13:48:49 | INFO | Phase 0B: Cleaning up overlays...
2026-07-01 13:49:27 | INFO | Removed 5 elements: overlay, popup
📐 Detecting header/footer for this page...
2026-07-01 13:49:27 | INFO | Template - Reused saved header selector on current page
2026-07-01 13:49:27 | INFO | Template - Reused saved footer selector on current page
2026-07-01 13:49:27 | INFO | Header: moderate complexity, 2 features
2026-07-01 13:49:27 | INFO | Footer: moderate complexity, 2 features
2026-07-01 13:49:27 | INFO | Phase 2: Identifying main content area...
2026-07-01 13:49:27 | INFO | Main content: #main-content
2026-07-01 13:49:27 | INFO | Phase 3: Detecting blocks...
2026-07-01 13:49:27 | WARNING | Blocks - 70% of blocks are unknown - site uses non-EDS patterns
2026-07-01 13:49:27 | INFO | Phase 4: Capturing block screenshots...
2026-07-01 13:49:29 | INFO | Captured 10 block screenshots
2026-07-01 13:49:29 | INFO | Detected 10 blocks
2026-07-01 13:49:29 | INFO | Generating fingerprints for template discovery...
2026-07-01 13:49:31 | INFO |    Top-section: 17 rows via title+container
2026-07-01 13:49:31 | INFO |    Body start: y=404 (start row 16 via below-title+container)
2026-07-01 13:49:31 | INFO | URL Pattern: /w/sustentabilidade/futura-cientista-6-dicas-para-estimular-mulheres-na-ciencia-1
2026-07-01 13:49:31 | INFO | Page catalog complete: /workspace/catalog/.pages/nossaenergia_petrobras_com_br_w_sustentabilidade_futura-cientista-6-dicas-para-estimular-mulheres-na-ciencia-1--408a2df2/page-catalog.json
2026-07-01 13:49:31 | INFO | SUCCESS: https://nossaenergia.petrobras.com.br/w/sustentabilidade/futura-cientista-6-dicas-para-estimular-mulheres-na-ciencia-1
2026-07-01 13:49:31 | INFO | PROGRESS: 120/190 analyzed (63% checklist complete) | 120 ok, 0 failed, 0 skipped | ~22 min remaining
2026-07-01 13:49:33 | INFO | [124/190] Processing: https://nossaenergia.petrobras.com.br/w/sustentabilidade/manguezais-da-amazonia-por-que-proteger-
2026-07-01 13:49:33 | INFO | Generated slug: nossaenergia_petrobras_com_br_w_sustentabilidade_manguezais-da-amazonia-por-que-proteger---1bda107c
2026-07-01 13:49:33 | INFO | Starting analysis: https://nossaenergia.petrobras.com.br/w/sustentabilidade/manguezais-da-amazonia-por-que-proteger- -> /workspace/catalog/.pages/nossaenergia_petrobras_com_br_w_sustentabilidade_manguezais-da-amazonia-por-que-proteger---1bda107c
2026-07-01 13:49:33 | INFO | Loading: https://nossaenergia.petrobras.com.br/w/sustentabilidade/manguezais-da-amazonia-por-que-proteger-
2026-07-01 13:49:37 | INFO | Phase 0A: Triggering lazy-loaded content...
2026-07-01 13:49:39 | INFO | Lazy-load scroll complete
2026-07-01 13:49:39 | INFO | Phase 0B: Cleaning up overlays...
2026-07-01 13:49:45 | INFO | Removed 5 elements: overlay, popup
📐 Detecting header/footer for this page...
2026-07-01 13:49:45 | INFO | Template - Reused saved header selector on current page
2026-07-01 13:49:45 | INFO | Template - Reused saved footer selector on current page
2026-07-01 13:49:45 | INFO | Header: moderate complexity, 2 features
2026-07-01 13:49:45 | INFO | Footer: moderate complexity, 2 features
2026-07-01 13:49:45 | INFO | Phase 2: Identifying main content area...
2026-07-01 13:49:45 | INFO | Main content: #main-content
2026-07-01 13:49:45 | INFO | Phase 3: Detecting blocks...
2026-07-01 13:49:45 | WARNING | Blocks - 57% of blocks are unknown - site uses non-EDS patterns
2026-07-01 13:49:45 | INFO | Phase 4: Capturing block screenshots...
2026-07-01 13:49:47 | INFO | Captured 7 block screenshots
2026-07-01 13:49:47 | INFO | Detected 7 blocks
2026-07-01 13:49:47 | INFO | Generating fingerprints for template discovery...
2026-07-01 13:49:49 | INFO |    Top-section: 17 rows via title+container
2026-07-01 13:49:49 | INFO |    Body start: y=404 (start row 16 via below-title+container)
2026-07-01 13:49:49 | INFO | URL Pattern: /w/sustentabilidade/gramado-um-festival-cuja-historia-daria-um-filme
2026-07-01 13:49:49 | INFO | Page catalog complete: /workspace/catalog/.pages/nossaenergia_petrobras_com_br_w_sustentabilidade_gramado-um-festival-cuja-historia-daria-um-filme--38f19b04/page-catalog.json
2026-07-01 13:49:49 | INFO | SUCCESS: https://nossaenergia.petrobras.com.br/w/sustentabilidade/gramado-um-festival-cuja-historia-daria-um-filme
2026-07-01 13:49:50 | INFO | Removed 5 elements: overlay, popup
📐 Detecting header/footer for this page...
2026-07-01 13:49:50 | INFO | Template - Reused saved header selector on current page
2026-07-01 13:49:50 | INFO | Template - Reused saved footer selector on current page
2026-07-01 13:49:50 | INFO | Header: moderate complexity, 2 features
2026-07-01 13:49:50 | INFO | Footer: moderate complexity, 2 features
2026-07-01 13:49:50 | INFO | Phase 2: Identifying main content area...
2026-07-01 13:49:50 | INFO | Main content: #main-content
2026-07-01 13:49:50 | INFO | Phase 3: Detecting blocks...
2026-07-01 13:49:50 | WARNING | Blocks - 71% of blocks are unknown - site uses non-EDS patterns
2026-07-01 13:49:50 | INFO | Phase 4: Capturing block screenshots...
2026-07-01 13:49:51 | INFO | Removed 5 elements: overlay, popup
📐 Detecting header/footer for this page...
2026-07-01 13:49:51 | INFO | Template - Reused saved header selector on current page
2026-07-01 13:49:51 | INFO | Template - Reused saved footer selector on current page
2026-07-01 13:49:51 | INFO | Header: moderate complexity, 2 features
2026-07-01 13:49:51 | INFO | Footer: moderate complexity, 2 features
2026-07-01 13:49:51 | INFO | Phase 2: Identifying main content area...
2026-07-01 13:49:51 | INFO | Main content: #main-content
2026-07-01 13:49:51 | INFO | Phase 3: Detecting blocks...
2026-07-01 13:49:51 | WARNING | Blocks - 63% of blocks are unknown - site uses non-EDS patterns
2026-07-01 13:49:51 | INFO | Phase 4: Capturing block screenshots...
2026-07-01 13:49:51 | INFO | [125/190] Processing: https://nossaenergia.petrobras.com.br/w/sustentabilidade/mentoria-feminina-um-caminho-para-o-empoderamento-profissional
2026-07-01 13:49:51 | INFO | Generated slug: nossaenergia_petrobras_com_br_w_sustentabilidade_mentoria-feminina-um-caminho-para-o-empoderamento-profissional--ac424d23
2026-07-01 13:49:51 | INFO | Starting analysis: https://nossaenergia.petrobras.com.br/w/sustentabilidade/mentoria-feminina-um-caminho-para-o-empoderamento-profissional -> /workspace/catalog/.pages/nossaenergia_petrobras_com_br_w_sustentabilidade_mentoria-feminina-um-caminho-para-o-empoderamento-profissional--ac424d23
2026-07-01 13:49:51 | INFO | Loading: https://nossaenergia.petrobras.com.br/w/sustentabilidade/mentoria-feminina-um-caminho-para-o-empoderamento-profissional
2026-07-01 13:49:51 | INFO | Captured 7 block screenshots
2026-07-01 13:49:51 | INFO | Detected 7 blocks
2026-07-01 13:49:51 | INFO | Generating fingerprints for template discovery...
2026-07-01 13:49:52 | INFO | Captured 8 block screenshots
2026-07-01 13:49:52 | INFO | Detected 8 blocks
2026-07-01 13:49:52 | INFO | Generating fingerprints for template discovery...
2026-07-01 13:49:54 | INFO |    Top-section: 17 rows via title+container
2026-07-01 13:49:54 | INFO |    Body start: y=425 (start row 17 via below-title+container)
2026-07-01 13:49:54 | INFO | URL Pattern: /w/sustentabilidade/invisibilidade-social
2026-07-01 13:49:54 | INFO | Page catalog complete: /workspace/catalog/.pages/nossaenergia_petrobras_com_br_w_sustentabilidade_invisibilidade-social--c7dd1bec/page-catalog.json
2026-07-01 13:49:54 | INFO | SUCCESS: https://nossaenergia.petrobras.com.br/w/sustentabilidade/invisibilidade-social
2026-07-01 13:49:55 | INFO | Phase 0A: Triggering lazy-loaded content...
2026-07-01 13:49:55 | INFO |    Top-section: 16 rows via title+container
2026-07-01 13:49:55 | INFO |    Body start: y=400 (start row 16 via below-title+container)
2026-07-01 13:49:55 | INFO | URL Pattern: /w/sustentabilidade/manguezais
2026-07-01 13:49:55 | INFO | Page catalog complete: /workspace/catalog/.pages/nossaenergia_petrobras_com_br_w_sustentabilidade_manguezais--44bc6be9/page-catalog.json
2026-07-01 13:49:55 | INFO | SUCCESS: https://nossaenergia.petrobras.com.br/w/sustentabilidade/manguezais
2026-07-01 13:49:56 | INFO | [126/190] Processing: https://nossaenergia.petrobras.com.br/w/sustentabilidade/mochileiras-webserie-mostra-de-onde-vem-a-energia-que-move-o-brasileiro
2026-07-01 13:49:56 | INFO | Generated slug: nossaenergia_petrobras_com_br_w_sustentabilidade_mochileiras-webserie-mostra-de-onde-vem-a-energia-que-move-o-brasileiro--c3b44758
2026-07-01 13:49:56 | INFO | Starting analysis: https://nossaenergia.petrobras.com.br/w/sustentabilidade/mochileiras-webserie-mostra-de-onde-vem-a-energia-que-move-o-brasileiro -> /workspace/catalog/.pages/nossaenergia_petrobras_com_br_w_sustentabilidade_mochileiras-webserie-mostra-de-onde-vem-a-energia-que-move-o-brasileiro--c3b44758
2026-07-01 13:49:56 | INFO | Loading: https://nossaenergia.petrobras.com.br/w/sustentabilidade/mochileiras-webserie-mostra-de-onde-vem-a-energia-que-move-o-brasileiro
2026-07-01 13:49:56 | INFO | Lazy-load scroll complete
2026-07-01 13:49:56 | INFO | Phase 0B: Cleaning up overlays...
2026-07-01 13:49:57 | INFO | [127/190] Processing: https://nossaenergia.petrobras.com.br/w/sustentabilidade/mulheres-na-ciencia-conheca-a-trajetoria-de-aline-machado-de-castro
2026-07-01 13:49:57 | INFO | Generated slug: nossaenergia_petrobras_com_br_w_sustentabilidade_mulheres-na-ciencia-conheca-a-trajetoria-de-aline-machado-de-castro--644634a8
2026-07-01 13:49:57 | INFO | Starting analysis: https://nossaenergia.petrobras.com.br/w/sustentabilidade/mulheres-na-ciencia-conheca-a-trajetoria-de-aline-machado-de-castro -> /workspace/catalog/.pages/nossaenergia_petrobras_com_br_w_sustentabilidade_mulheres-na-ciencia-conheca-a-trajetoria-de-aline-machado-de-castro--644634a8
2026-07-01 13:49:57 | INFO | Loading: https://nossaenergia.petrobras.com.br/w/sustentabilidade/mulheres-na-ciencia-conheca-a-trajetoria-de-aline-machado-de-castro
2026-07-01 13:49:59 | INFO | Phase 0A: Triggering lazy-loaded content...
2026-07-01 13:50:00 | INFO | Phase 0A: Triggering lazy-loaded content...
2026-07-01 13:50:02 | INFO | Lazy-load scroll complete
2026-07-01 13:50:02 | INFO | Phase 0B: Cleaning up overlays...
2026-07-01 13:50:05 | INFO | Lazy-load scroll complete
2026-07-01 13:50:05 | INFO | Phase 0B: Cleaning up overlays...
2026-07-01 13:50:41 | INFO | Removed 5 elements: overlay, popup
📐 Detecting header/footer for this page...
2026-07-01 13:50:41 | INFO | Template - Reused saved header selector on current page
2026-07-01 13:50:41 | INFO | Template - Reused saved footer selector on current page
2026-07-01 13:50:41 | INFO | Header: moderate complexity, 2 features
2026-07-01 13:50:41 | INFO | Footer: moderate complexity, 2 features
2026-07-01 13:50:41 | INFO | Phase 2: Identifying main content area...
2026-07-01 13:50:41 | INFO | Main content: #main-content
2026-07-01 13:50:41 | INFO | Phase 3: Detecting blocks...
2026-07-01 13:50:41 | WARNING | Blocks - 63% of blocks are unknown - site uses non-EDS patterns
2026-07-01 13:50:41 | INFO | Phase 4: Capturing block screenshots...
2026-07-01 13:50:42 | INFO | Captured 8 block screenshots
2026-07-01 13:50:42 | INFO | Detected 8 blocks
2026-07-01 13:50:42 | INFO | Generating fingerprints for template discovery...
2026-07-01 13:50:45 | INFO |    Top-section: 14 rows via title+container
2026-07-01 13:50:45 | INFO |    Body start: y=350 (start row 14 via below-title+container)
2026-07-01 13:50:45 | INFO | URL Pattern: /w/sustentabilidade/manguezais-da-amazonia-por-que-proteger-
2026-07-01 13:50:45 | INFO | Page catalog complete: /workspace/catalog/.pages/nossaenergia_petrobras_com_br_w_sustentabilidade_manguezais-da-amazonia-por-que-proteger---1bda107c/page-catalog.json
2026-07-01 13:50:45 | INFO | SUCCESS: https://nossaenergia.petrobras.com.br/w/sustentabilidade/manguezais-da-amazonia-por-que-proteger-
2026-07-01 13:50:47 | INFO | [128/190] Processing: https://nossaenergia.petrobras.com.br/w/sustentabilidade/nossos-projetos-socioambientais
2026-07-01 13:50:47 | INFO | Generated slug: nossaenergia_petrobras_com_br_w_sustentabilidade_nossos-projetos-socioambientais--87a027b4
2026-07-01 13:50:47 | INFO | Starting analysis: https://nossaenergia.petrobras.com.br/w/sustentabilidade/nossos-projetos-socioambientais -> /workspace/catalog/.pages/nossaenergia_petrobras_com_br_w_sustentabilidade_nossos-projetos-socioambientais--87a027b4
2026-07-01 13:50:47 | INFO | Loading: https://nossaenergia.petrobras.com.br/w/sustentabilidade/nossos-projetos-socioambientais
2026-07-01 13:50:50 | INFO | Phase 0A: Triggering lazy-loaded content...
2026-07-01 13:50:53 | INFO | Lazy-load scroll complete
2026-07-01 13:50:53 | INFO | Phase 0B: Cleaning up overlays...
2026-07-01 13:50:58 | INFO | Removed 5 elements: overlay, popup
📐 Detecting header/footer for this page...
2026-07-01 13:50:58 | INFO | Template - Reused saved header selector on current page
2026-07-01 13:50:58 | INFO | Template - Reused saved footer selector on current page
2026-07-01 13:50:58 | INFO | Header: moderate complexity, 2 features
2026-07-01 13:50:58 | INFO | Footer: moderate complexity, 2 features
2026-07-01 13:50:58 | INFO | Phase 2: Identifying main content area...
2026-07-01 13:50:58 | INFO | Main content: #main-content
2026-07-01 13:50:58 | INFO | Phase 3: Detecting blocks...
2026-07-01 13:50:58 | WARNING | Blocks - 57% of blocks are unknown - site uses non-EDS patterns
2026-07-01 13:50:58 | INFO | Phase 4: Capturing block screenshots...
2026-07-01 13:50:59 | INFO | Captured 7 block screenshots
2026-07-01 13:50:59 | INFO | Detected 7 blocks
2026-07-01 13:50:59 | INFO | Generating fingerprints for template discovery...
2026-07-01 13:51:02 | INFO |    Top-section: 16 rows via title+container
2026-07-01 13:51:02 | INFO |    Body start: y=400 (start row 16 via below-title+container)
2026-07-01 13:51:02 | INFO | URL Pattern: /w/sustentabilidade/mentoria-feminina-um-caminho-para-o-empoderamento-profissional
2026-07-01 13:51:02 | INFO | Page catalog complete: /workspace/catalog/.pages/nossaenergia_petrobras_com_br_w_sustentabilidade_mentoria-feminina-um-caminho-para-o-empoderamento-profissional--ac424d23/page-catalog.json
2026-07-01 13:51:02 | INFO | SUCCESS: https://nossaenergia.petrobras.com.br/w/sustentabilidade/mentoria-feminina-um-caminho-para-o-empoderamento-profissional
2026-07-01 13:51:02 | INFO | PROGRESS: 125/190 analyzed (66% checklist complete) | 125 ok, 0 failed, 0 skipped | ~21 min remaining
2026-07-01 13:51:04 | INFO | Removed 5 elements: overlay, popup
📐 Detecting header/footer for this page...
2026-07-01 13:51:04 | INFO | Template - Reused saved header selector on current page
2026-07-01 13:51:04 | INFO | Template - Reused saved footer selector on current page
2026-07-01 13:51:04 | INFO | Header: moderate complexity, 2 features
2026-07-01 13:51:04 | INFO | Footer: moderate complexity, 2 features
2026-07-01 13:51:04 | INFO | Phase 2: Identifying main content area...
2026-07-01 13:51:04 | INFO | Main content: #main-content
2026-07-01 13:51:04 | INFO | [129/190] Processing: https://nossaenergia.petrobras.com.br/w/sustentabilidade/o-en-canto-que-vem-do-oceano
2026-07-01 13:51:04 | INFO | Generated slug: nossaenergia_petrobras_com_br_w_sustentabilidade_o-en-canto-que-vem-do-oceano--aebd0842
2026-07-01 13:51:04 | INFO | Starting analysis: https://nossaenergia.petrobras.com.br/w/sustentabilidade/o-en-canto-que-vem-do-oceano -> /workspace/catalog/.pages/nossaenergia_petrobras_com_br_w_sustentabilidade_o-en-canto-que-vem-do-oceano--aebd0842
2026-07-01 13:51:04 | INFO | Phase 3: Detecting blocks...
2026-07-01 13:51:04 | WARNING | Blocks - 57% of blocks are unknown - site uses non-EDS patterns
2026-07-01 13:51:04 | INFO | Phase 4: Capturing block screenshots...
2026-07-01 13:51:04 | INFO | Loading: https://nossaenergia.petrobras.com.br/w/sustentabilidade/o-en-canto-que-vem-do-oceano
2026-07-01 13:51:05 | INFO | Captured 7 block screenshots
2026-07-01 13:51:05 | INFO | Detected 7 blocks
2026-07-01 13:51:05 | INFO | Generating fingerprints for template discovery...
2026-07-01 13:51:07 | INFO | Removed 5 elements: overlay, popup
📐 Detecting header/footer for this page...
2026-07-01 13:51:07 | INFO | Template - Reused saved header selector on current page
2026-07-01 13:51:07 | INFO | Template - Reused saved footer selector on current page
2026-07-01 13:51:07 | INFO | Header: moderate complexity, 2 features
2026-07-01 13:51:07 | INFO | Footer: moderate complexity, 2 features
2026-07-01 13:51:07 | INFO | Phase 2: Identifying main content area...
2026-07-01 13:51:07 | INFO | Main content: #main-content
2026-07-01 13:51:07 | INFO | Phase 3: Detecting blocks...
2026-07-01 13:51:07 | INFO | Phase 4: Capturing block screenshots...
2026-07-01 13:51:07 | INFO |    Top-section: 16 rows via title+container
2026-07-01 13:51:07 | INFO |    Body start: y=400 (start row 16 via below-title+container)
2026-07-01 13:51:07 | INFO | URL Pattern: /w/sustentabilidade/mulheres-na-ciencia-conheca-a-trajetoria-de-aline-machado-de-castro
2026-07-01 13:51:07 | INFO | Page catalog complete: /workspace/catalog/.pages/nossaenergia_petrobras_com_br_w_sustentabilidade_mulheres-na-ciencia-conheca-a-trajetoria-de-aline-machado-de-castro--644634a8/page-catalog.json
2026-07-01 13:51:07 | INFO | SUCCESS: https://nossaenergia.petrobras.com.br/w/sustentabilidade/mulheres-na-ciencia-conheca-a-trajetoria-de-aline-machado-de-castro
2026-07-01 13:51:08 | INFO | Phase 0A: Triggering lazy-loaded content...
2026-07-01 13:51:09 | INFO | [130/190] Processing: https://nossaenergia.petrobras.com.br/w/sustentabilidade/o-que-e-cultura-projetos-culturais-transformam-vidas
2026-07-01 13:51:09 | INFO | Generated slug: nossaenergia_petrobras_com_br_w_sustentabilidade_o-que-e-cultura-projetos-culturais-transformam-vidas--9ef631bb
2026-07-01 13:51:09 | INFO | Starting analysis: https://nossaenergia.petrobras.com.br/w/sustentabilidade/o-que-e-cultura-projetos-culturais-transformam-vidas -> /workspace/catalog/.pages/nossaenergia_petrobras_com_br_w_sustentabilidade_o-que-e-cultura-projetos-culturais-transformam-vidas--9ef631bb
2026-07-01 13:51:09 | INFO | Loading: https://nossaenergia.petrobras.com.br/w/sustentabilidade/o-que-e-cultura-projetos-culturais-transformam-vidas
2026-07-01 13:51:10 | INFO | Lazy-load scroll complete
2026-07-01 13:51:10 | INFO | Phase 0B: Cleaning up overlays...
2026-07-01 13:51:10 | INFO | Captured 32 block screenshots
2026-07-01 13:51:10 | INFO | Detected 32 blocks
2026-07-01 13:51:10 | INFO | Generating fingerprints for template discovery...
2026-07-01 13:51:13 | INFO | Phase 0A: Triggering lazy-loaded content...
2026-07-01 13:51:13 | INFO |    Top-section: 16 rows via title+container
2026-07-01 13:51:13 | INFO |    Body start: y=400 (start row 16 via below-title+container)
2026-07-01 13:51:13 | INFO | URL Pattern: /w/sustentabilidade/mochileiras-webserie-mostra-de-onde-vem-a-energia-que-move-o-brasileiro
2026-07-01 13:51:13 | INFO | Page catalog complete: /workspace/catalog/.pages/nossaenergia_petrobras_com_br_w_sustentabilidade_mochileiras-webserie-mostra-de-onde-vem-a-energia-que-move-o-brasileiro--c3b44758/page-catalog.json
2026-07-01 13:51:13 | INFO | SUCCESS: https://nossaenergia.petrobras.com.br/w/sustentabilidade/mochileiras-webserie-mostra-de-onde-vem-a-energia-que-move-o-brasileiro
2026-07-01 13:51:15 | INFO | [131/190] Processing: https://nossaenergia.petrobras.com.br/w/sustentabilidade/o-que-e-germoplasma-e-como-se-conecta-ao-corredor-caipira
2026-07-01 13:51:15 | INFO | Generated slug: nossaenergia_petrobras_com_br_w_sustentabilidade_o-que-e-germoplasma-e-como-se-conecta-ao-corredor-caipira--860d855b
2026-07-01 13:51:15 | INFO | Starting analysis: https://nossaenergia.petrobras.com.br/w/sustentabilidade/o-que-e-germoplasma-e-como-se-conecta-ao-corredor-caipira -> /workspace/catalog/.pages/nossaenergia_petrobras_com_br_w_sustentabilidade_o-que-e-germoplasma-e-como-se-conecta-ao-corredor-caipira--860d855b
2026-07-01 13:51:15 | INFO | Loading: https://nossaenergia.petrobras.com.br/w/sustentabilidade/o-que-e-germoplasma-e-como-se-conecta-ao-corredor-caipira
2026-07-01 13:51:16 | INFO | Lazy-load scroll complete
2026-07-01 13:51:16 | INFO | Phase 0B: Cleaning up overlays...
2026-07-01 13:51:19 | INFO | Phase 0A: Triggering lazy-loaded content...
2026-07-01 13:51:22 | INFO | Lazy-load scroll complete
2026-07-01 13:51:22 | INFO | Phase 0B: Cleaning up overlays...
2026-07-01 13:51:54 | INFO | Removed 5 elements: overlay, popup
📐 Detecting header/footer for this page...
2026-07-01 13:51:54 | INFO | Template - Reused saved header selector on current page
2026-07-01 13:51:54 | INFO | Template - Reused saved footer selector on current page
2026-07-01 13:51:54 | INFO | Header: moderate complexity, 2 features
2026-07-01 13:51:54 | INFO | Footer: moderate complexity, 2 features
2026-07-01 13:51:54 | INFO | Phase 2: Identifying main content area...
2026-07-01 13:51:54 | INFO | Main content: #main-content
2026-07-01 13:51:54 | INFO | Phase 3: Detecting blocks...
2026-07-01 13:51:54 | WARNING | Blocks - 67% of blocks are unknown - site uses non-EDS patterns
2026-07-01 13:51:54 | INFO | Phase 4: Capturing block screenshots...
2026-07-01 13:51:55 | INFO | Captured 6 block screenshots
2026-07-01 13:51:55 | INFO | Detected 6 blocks
2026-07-01 13:51:55 | INFO | Generating fingerprints for template discovery...
2026-07-01 13:51:58 | INFO |    Top-section: 16 rows via title+container
2026-07-01 13:51:58 | INFO |    Body start: y=400 (start row 16 via below-title+container)
2026-07-01 13:51:58 | INFO | URL Pattern: /w/sustentabilidade/nossos-projetos-socioambientais
2026-07-01 13:51:58 | INFO | Page catalog complete: /workspace/catalog/.pages/nossaenergia_petrobras_com_br_w_sustentabilidade_nossos-projetos-socioambientais--87a027b4/page-catalog.json
2026-07-01 13:51:58 | INFO | SUCCESS: https://nossaenergia.petrobras.com.br/w/sustentabilidade/nossos-projetos-socioambientais
2026-07-01 13:52:00 | INFO | [132/190] Processing: https://nossaenergia.petrobras.com.br/w/sustentabilidade/o-sol-brilha-para-todos
2026-07-01 13:52:00 | INFO | Generated slug: nossaenergia_petrobras_com_br_w_sustentabilidade_o-sol-brilha-para-todos--81078527
2026-07-01 13:52:00 | INFO | Starting analysis: https://nossaenergia.petrobras.com.br/w/sustentabilidade/o-sol-brilha-para-todos -> /workspace/catalog/.pages/nossaenergia_petrobras_com_br_w_sustentabilidade_o-sol-brilha-para-todos--81078527
2026-07-01 13:52:00 | INFO | Loading: https://nossaenergia.petrobras.com.br/w/sustentabilidade/o-sol-brilha-para-todos
2026-07-01 13:52:04 | INFO | Phase 0A: Triggering lazy-loaded content...
2026-07-01 13:52:06 | INFO | Lazy-load scroll complete
2026-07-01 13:52:06 | INFO | Phase 0B: Cleaning up overlays...
2026-07-01 13:52:11 | INFO | Removed 5 elements: overlay, popup
📐 Detecting header/footer for this page...
2026-07-01 13:52:11 | INFO | Template - Reused saved header selector on current page
2026-07-01 13:52:11 | INFO | Template - Reused saved footer selector on current page
2026-07-01 13:52:11 | INFO | Header: moderate complexity, 2 features
2026-07-01 13:52:11 | INFO | Footer: moderate complexity, 2 features
2026-07-01 13:52:11 | INFO | Phase 2: Identifying main content area...
2026-07-01 13:52:11 | INFO | Main content: #main-content
2026-07-01 13:52:11 | INFO | Phase 3: Detecting blocks...
2026-07-01 13:52:11 | INFO | Phase 4: Capturing block screenshots...
2026-07-01 13:52:13 | INFO | Captured 9 block screenshots
2026-07-01 13:52:13 | INFO | Detected 9 blocks
2026-07-01 13:52:13 | INFO | Generating fingerprints for template discovery...
2026-07-01 13:52:15 | INFO |    Top-section: 14 rows via title+container
2026-07-01 13:52:15 | INFO |    Body start: y=350 (start row 14 via below-title+container)
2026-07-01 13:52:15 | INFO | URL Pattern: /w/sustentabilidade/o-en-canto-que-vem-do-oceano
2026-07-01 13:52:15 | INFO | Page catalog complete: /workspace/catalog/.pages/nossaenergia_petrobras_com_br_w_sustentabilidade_o-en-canto-que-vem-do-oceano--aebd0842/page-catalog.json
2026-07-01 13:52:15 | INFO | SUCCESS: https://nossaenergia.petrobras.com.br/w/sustentabilidade/o-en-canto-que-vem-do-oceano
2026-07-01 13:52:17 | INFO | Removed 5 elements: overlay, popup
📐 Detecting header/footer for this page...
2026-07-01 13:52:17 | INFO | Template - Reused saved header selector on current page
2026-07-01 13:52:17 | INFO | Template - Reused saved footer selector on current page
2026-07-01 13:52:17 | INFO | Header: moderate complexity, 2 features
2026-07-01 13:52:17 | INFO | Footer: moderate complexity, 2 features
2026-07-01 13:52:17 | INFO | Phase 2: Identifying main content area...
2026-07-01 13:52:17 | INFO | Main content: #main-content
2026-07-01 13:52:17 | INFO | Phase 3: Detecting blocks...
2026-07-01 13:52:17 | WARNING | Blocks - 67% of blocks are unknown - site uses non-EDS patterns
2026-07-01 13:52:17 | INFO | Phase 4: Capturing block screenshots...
2026-07-01 13:52:17 | INFO | [133/190] Processing: https://nossaenergia.petrobras.com.br/w/sustentabilidade/ods-da-onu
2026-07-01 13:52:17 | INFO | Generated slug: nossaenergia_petrobras_com_br_w_sustentabilidade_ods-da-onu--be788275
2026-07-01 13:52:17 | INFO | Starting analysis: https://nossaenergia.petrobras.com.br/w/sustentabilidade/ods-da-onu -> /workspace/catalog/.pages/nossaenergia_petrobras_com_br_w_sustentabilidade_ods-da-onu--be788275
2026-07-01 13:52:17 | INFO | Loading: https://nossaenergia.petrobras.com.br/w/sustentabilidade/ods-da-onu
2026-07-01 13:52:18 | INFO | Captured 9 block screenshots
2026-07-01 13:52:18 | INFO | Detected 9 blocks
2026-07-01 13:52:18 | INFO | Generating fingerprints for template discovery...
2026-07-01 13:52:21 | INFO | Phase 0A: Triggering lazy-loaded content...
2026-07-01 13:52:21 | INFO |    Top-section: 16 rows via title+container
2026-07-01 13:52:21 | INFO |    Body start: y=400 (start row 16 via below-title+container)
2026-07-01 13:52:21 | INFO | URL Pattern: /w/sustentabilidade/o-que-e-cultura-projetos-culturais-transformam-vidas
2026-07-01 13:52:21 | INFO | Page catalog complete: /workspace/catalog/.pages/nossaenergia_petrobras_com_br_w_sustentabilidade_o-que-e-cultura-projetos-culturais-transformam-vidas--9ef631bb/page-catalog.json
2026-07-01 13:52:21 | INFO | SUCCESS: https://nossaenergia.petrobras.com.br/w/sustentabilidade/o-que-e-cultura-projetos-culturais-transformam-vidas
2026-07-01 13:52:21 | INFO | PROGRESS: 130/190 analyzed (68% checklist complete) | 130 ok, 0 failed, 0 skipped | ~19 min remaining
2026-07-01 13:52:23 | INFO | [134/190] Processing: https://nossaenergia.petrobras.com.br/w/sustentabilidade/peixe-mero-maior-garoupa-do-atlantico-e-termometro-de-saude-ambiental
2026-07-01 13:52:23 | INFO | Generated slug: nossaenergia_petrobras_com_br_w_sustentabilidade_peixe-mero-maior-garoupa-do-atlantico-e-termometro-de-saude-ambiental--7cdec991
2026-07-01 13:52:23 | INFO | Starting analysis: https://nossaenergia.petrobras.com.br/w/sustentabilidade/peixe-mero-maior-garoupa-do-atlantico-e-termometro-de-saude-ambiental -> /workspace/catalog/.pages/nossaenergia_petrobras_com_br_w_sustentabilidade_peixe-mero-maior-garoupa-do-atlantico-e-termometro-de-saude-ambiental--7cdec991
2026-07-01 13:52:23 | INFO | Loading: https://nossaenergia.petrobras.com.br/w/sustentabilidade/peixe-mero-maior-garoupa-do-atlantico-e-termometro-de-saude-ambiental
2026-07-01 13:52:23 | INFO | Removed 5 elements: overlay, popup
📐 Detecting header/footer for this page...
2026-07-01 13:52:23 | INFO | Template - Reused saved header selector on current page
2026-07-01 13:52:23 | INFO | Template - Reused saved footer selector on current page
2026-07-01 13:52:23 | INFO | Header: moderate complexity, 2 features
2026-07-01 13:52:23 | INFO | Footer: moderate complexity, 2 features
2026-07-01 13:52:23 | INFO | Phase 2: Identifying main content area...
2026-07-01 13:52:23 | INFO | Main content: #main-content
2026-07-01 13:52:23 | INFO | Lazy-load scroll complete
2026-07-01 13:52:23 | INFO | Phase 0B: Cleaning up overlays...
2026-07-01 13:52:23 | INFO | Phase 3: Detecting blocks...
2026-07-01 13:52:23 | WARNING | Blocks - 60% of blocks are unknown - site uses non-EDS patterns
2026-07-01 13:52:23 | INFO | Phase 4: Capturing block screenshots...
2026-07-01 13:52:25 | INFO | Captured 10 block screenshots
2026-07-01 13:52:25 | INFO | Detected 10 blocks
2026-07-01 13:52:25 | INFO | Generating fingerprints for template discovery...
2026-07-01 13:52:27 | INFO |    Top-section: 16 rows via title+container
2026-07-01 13:52:27 | INFO |    Body start: y=400 (start row 16 via below-title+container)
2026-07-01 13:52:27 | INFO | URL Pattern: /w/sustentabilidade/o-que-e-germoplasma-e-como-se-conecta-ao-corredor-caipira
2026-07-01 13:52:27 | INFO | Page catalog complete: /workspace/catalog/.pages/nossaenergia_petrobras_com_br_w_sustentabilidade_o-que-e-germoplasma-e-como-se-conecta-ao-corredor-caipira--860d855b/page-catalog.json
2026-07-01 13:52:27 | INFO | SUCCESS: https://nossaenergia.petrobras.com.br/w/sustentabilidade/o-que-e-germoplasma-e-como-se-conecta-ao-corredor-caipira
2026-07-01 13:52:27 | INFO | Phase 0A: Triggering lazy-loaded content...
2026-07-01 13:52:29 | INFO | [135/190] Processing: https://nossaenergia.petrobras.com.br/w/sustentabilidade/pessoas-negras-na-ciencia
2026-07-01 13:52:29 | INFO | Generated slug: nossaenergia_petrobras_com_br_w_sustentabilidade_pessoas-negras-na-ciencia--572b5d1b
2026-07-01 13:52:29 | INFO | Starting analysis: https://nossaenergia.petrobras.com.br/w/sustentabilidade/pessoas-negras-na-ciencia -> /workspace/catalog/.pages/nossaenergia_petrobras_com_br_w_sustentabilidade_pessoas-negras-na-ciencia--572b5d1b
2026-07-01 13:52:29 | INFO | Loading: https://nossaenergia.petrobras.com.br/w/sustentabilidade/pessoas-negras-na-ciencia
2026-07-01 13:52:30 | INFO | Lazy-load scroll complete
2026-07-01 13:52:30 | INFO | Phase 0B: Cleaning up overlays...
2026-07-01 13:52:34 | INFO | Phase 0A: Triggering lazy-loaded content...
2026-07-01 13:52:36 | INFO | Lazy-load scroll complete
2026-07-01 13:52:36 | INFO | Phase 0B: Cleaning up overlays...
2026-07-01 13:53:07 | INFO | Removed 5 elements: overlay, popup
📐 Detecting header/footer for this page...
2026-07-01 13:53:07 | INFO | Template - Reused saved header selector on current page
2026-07-01 13:53:07 | INFO | Template - Reused saved footer selector on current page
2026-07-01 13:53:07 | INFO | Header: moderate complexity, 2 features
2026-07-01 13:53:07 | INFO | Footer: moderate complexity, 2 features
2026-07-01 13:53:07 | INFO | Phase 2: Identifying main content area...
2026-07-01 13:53:07 | INFO | Main content: #main-content
2026-07-01 13:53:07 | INFO | Phase 3: Detecting blocks...
2026-07-01 13:53:07 | WARNING | Blocks - 63% of blocks are unknown - site uses non-EDS patterns
2026-07-01 13:53:07 | INFO | Phase 4: Capturing block screenshots...
2026-07-01 13:53:09 | INFO | Captured 8 block screenshots
2026-07-01 13:53:09 | INFO | Detected 8 blocks
2026-07-01 13:53:09 | INFO | Generating fingerprints for template discovery...
2026-07-01 13:53:11 | INFO |    Top-section: 14 rows via title+container
2026-07-01 13:53:11 | INFO |    Body start: y=350 (start row 14 via below-title+container)
2026-07-01 13:53:11 | INFO | URL Pattern: /w/sustentabilidade/o-sol-brilha-para-todos
2026-07-01 13:53:11 | INFO | Page catalog complete: /workspace/catalog/.pages/nossaenergia_petrobras_com_br_w_sustentabilidade_o-sol-brilha-para-todos--81078527/page-catalog.json
2026-07-01 13:53:11 | INFO | SUCCESS: https://nossaenergia.petrobras.com.br/w/sustentabilidade/o-sol-brilha-para-todos
2026-07-01 13:53:13 | INFO | [136/190] Processing: https://nossaenergia.petrobras.com.br/w/sustentabilidade/petrobras-e-o-cinema-nacional
2026-07-01 13:53:13 | INFO | Generated slug: nossaenergia_petrobras_com_br_w_sustentabilidade_petrobras-e-o-cinema-nacional--1a968b52
2026-07-01 13:53:13 | INFO | Starting analysis: https://nossaenergia.petrobras.com.br/w/sustentabilidade/petrobras-e-o-cinema-nacional -> /workspace/catalog/.pages/nossaenergia_petrobras_com_br_w_sustentabilidade_petrobras-e-o-cinema-nacional--1a968b52
2026-07-01 13:53:13 | INFO | Loading: https://nossaenergia.petrobras.com.br/w/sustentabilidade/petrobras-e-o-cinema-nacional
2026-07-01 13:53:17 | INFO | Phase 0A: Triggering lazy-loaded content...
2026-07-01 13:53:19 | INFO | Lazy-load scroll complete
2026-07-01 13:53:19 | INFO | Phase 0B: Cleaning up overlays...
2026-07-01 13:53:25 | INFO | Removed 5 elements: overlay, popup
📐 Detecting header/footer for this page...
2026-07-01 13:53:25 | INFO | Template - Reused saved header selector on current page
2026-07-01 13:53:25 | INFO | Template - Reused saved footer selector on current page
2026-07-01 13:53:25 | INFO | Header: moderate complexity, 2 features
2026-07-01 13:53:25 | INFO | Footer: moderate complexity, 2 features
2026-07-01 13:53:25 | INFO | Phase 2: Identifying main content area...
2026-07-01 13:53:25 | INFO | Main content: #main-content
2026-07-01 13:53:25 | INFO | Phase 3: Detecting blocks...
2026-07-01 13:53:25 | WARNING | Blocks - 63% of blocks are unknown - site uses non-EDS patterns
2026-07-01 13:53:25 | INFO | Phase 4: Capturing block screenshots...
2026-07-01 13:53:26 | INFO | Captured 8 block screenshots
2026-07-01 13:53:26 | INFO | Detected 8 blocks
2026-07-01 13:53:26 | INFO | Generating fingerprints for template discovery...
2026-07-01 13:53:29 | INFO |    Top-section: 16 rows via title+container
2026-07-01 13:53:29 | INFO |    Body start: y=400 (start row 16 via below-title+container)
2026-07-01 13:53:29 | INFO | URL Pattern: /w/sustentabilidade/ods-da-onu
2026-07-01 13:53:29 | INFO | Page catalog complete: /workspace/catalog/.pages/nossaenergia_petrobras_com_br_w_sustentabilidade_ods-da-onu--be788275/page-catalog.json
2026-07-01 13:53:29 | INFO | SUCCESS: https://nossaenergia.petrobras.com.br/w/sustentabilidade/ods-da-onu
2026-07-01 13:53:31 | INFO | [137/190] Processing: https://nossaenergia.petrobras.com.br/w/sustentabilidade/preservacao-do-meio-ambiente
2026-07-01 13:53:31 | INFO | Generated slug: nossaenergia_petrobras_com_br_w_sustentabilidade_preservacao-do-meio-ambiente--bee780f0
2026-07-01 13:53:31 | INFO | Starting analysis: https://nossaenergia.petrobras.com.br/w/sustentabilidade/preservacao-do-meio-ambiente -> /workspace/catalog/.pages/nossaenergia_petrobras_com_br_w_sustentabilidade_preservacao-do-meio-ambiente--bee780f0
2026-07-01 13:53:31 | INFO | Loading: https://nossaenergia.petrobras.com.br/w/sustentabilidade/preservacao-do-meio-ambiente
2026-07-01 13:53:31 | INFO | Removed 5 elements: overlay, popup
📐 Detecting header/footer for this page...
2026-07-01 13:53:32 | INFO | Template - Reused saved header selector on current page
2026-07-01 13:53:32 | INFO | Template - Reused saved footer selector on current page
2026-07-01 13:53:32 | INFO | Header: moderate complexity, 2 features
2026-07-01 13:53:32 | INFO | Footer: moderate complexity, 2 features
2026-07-01 13:53:32 | INFO | Phase 2: Identifying main content area...
2026-07-01 13:53:32 | INFO | Main content: #main-content
2026-07-01 13:53:32 | INFO | Phase 3: Detecting blocks...
2026-07-01 13:53:32 | INFO | Phase 4: Capturing block screenshots...
2026-07-01 13:53:33 | INFO | Captured 11 block screenshots
2026-07-01 13:53:33 | INFO | Detected 11 blocks
2026-07-01 13:53:33 | INFO | Generating fingerprints for template discovery...
2026-07-01 13:53:35 | INFO | Phase 0A: Triggering lazy-loaded content...
2026-07-01 13:53:36 | INFO |    Top-section: 16 rows via title+container
2026-07-01 13:53:36 | INFO |    Body start: y=400 (start row 16 via below-title+container)
2026-07-01 13:53:36 | INFO | URL Pattern: /w/sustentabilidade/peixe-mero-maior-garoupa-do-atlantico-e-termometro-de-saude-ambiental
2026-07-01 13:53:36 | INFO | Page catalog complete: /workspace/catalog/.pages/nossaenergia_petrobras_com_br_w_sustentabilidade_peixe-mero-maior-garoupa-do-atlantico-e-termometro-de-saude-ambiental--7cdec991/page-catalog.json
2026-07-01 13:53:36 | INFO | SUCCESS: https://nossaenergia.petrobras.com.br/w/sustentabilidade/peixe-mero-maior-garoupa-do-atlantico-e-termometro-de-saude-ambiental
2026-07-01 13:53:37 | INFO | Lazy-load scroll complete
2026-07-01 13:53:37 | INFO | Phase 0B: Cleaning up overlays...
2026-07-01 13:53:38 | INFO | Removed 5 elements: overlay, popup
📐 Detecting header/footer for this page...
2026-07-01 13:53:38 | INFO | Template - Reused saved header selector on current page
2026-07-01 13:53:38 | INFO | Template - Reused saved footer selector on current page
2026-07-01 13:53:38 | INFO | Header: moderate complexity, 2 features
2026-07-01 13:53:38 | INFO | Footer: moderate complexity, 2 features
2026-07-01 13:53:38 | INFO | Phase 2: Identifying main content area...
2026-07-01 13:53:38 | INFO | Main content: #main-content
2026-07-01 13:53:38 | INFO | [138/190] Processing: https://nossaenergia.petrobras.com.br/w/sustentabilidade/projetos-socioambientais-do-peixe-boi-ao-futuro-da-nossa-biodiversidade
2026-07-01 13:53:38 | INFO | Generated slug: nossaenergia_petrobras_com_br_w_sustentabilidade_projetos-socioambientais-do-peixe-boi-ao-futuro-da-nossa-biodiversidade--f2e7a578
2026-07-01 13:53:38 | INFO | Starting analysis: https://nossaenergia.petrobras.com.br/w/sustentabilidade/projetos-socioambientais-do-peixe-boi-ao-futuro-da-nossa-biodiversidade -> /workspace/catalog/.pages/nossaenergia_petrobras_com_br_w_sustentabilidade_projetos-socioambientais-do-peixe-boi-ao-futuro-da-nossa-biodiversidade--f2e7a578
2026-07-01 13:53:38 | INFO | Loading: https://nossaenergia.petrobras.com.br/w/sustentabilidade/projetos-socioambientais-do-peixe-boi-ao-futuro-da-nossa-biodiversidade
2026-07-01 13:53:38 | INFO | Phase 3: Detecting blocks...
2026-07-01 13:53:38 | WARNING | Blocks - 71% of blocks are unknown - site uses non-EDS patterns
2026-07-01 13:53:38 | INFO | Phase 4: Capturing block screenshots...
2026-07-01 13:53:39 | INFO | Captured 7 block screenshots
2026-07-01 13:53:39 | INFO | Detected 7 blocks
2026-07-01 13:53:39 | INFO | Generating fingerprints for template discovery...
2026-07-01 13:53:41 | INFO |    Top-section: 17 rows via title+container
2026-07-01 13:53:41 | INFO |    Body start: y=425 (start row 17 via below-title+container)
2026-07-01 13:53:41 | INFO | URL Pattern: /w/sustentabilidade/pessoas-negras-na-ciencia
2026-07-01 13:53:41 | INFO | Page catalog complete: /workspace/catalog/.pages/nossaenergia_petrobras_com_br_w_sustentabilidade_pessoas-negras-na-ciencia--572b5d1b/page-catalog.json
2026-07-01 13:53:41 | INFO | SUCCESS: https://nossaenergia.petrobras.com.br/w/sustentabilidade/pessoas-negras-na-ciencia
2026-07-01 13:53:41 | INFO | PROGRESS: 135/190 analyzed (71% checklist complete) | 135 ok, 0 failed, 0 skipped | ~18 min remaining
2026-07-01 13:53:41 | INFO | Phase 0A: Triggering lazy-loaded content...
2026-07-01 13:53:43 | INFO | [139/190] Processing: https://nossaenergia.petrobras.com.br/w/sustentabilidade/protagonismo-feminino
2026-07-01 13:53:43 | INFO | Generated slug: nossaenergia_petrobras_com_br_w_sustentabilidade_protagonismo-feminino--79c72889
2026-07-01 13:53:43 | INFO | Starting analysis: https://nossaenergia.petrobras.com.br/w/sustentabilidade/protagonismo-feminino -> /workspace/catalog/.pages/nossaenergia_petrobras_com_br_w_sustentabilidade_protagonismo-feminino--79c72889
2026-07-01 13:53:43 | INFO | Loading: https://nossaenergia.petrobras.com.br/w/sustentabilidade/protagonismo-feminino
2026-07-01 13:53:44 | INFO | Lazy-load scroll complete
2026-07-01 13:53:44 | INFO | Phase 0B: Cleaning up overlays...
2026-07-01 13:53:47 | INFO | Phase 0A: Triggering lazy-loaded content...
2026-07-01 13:53:50 | INFO | Lazy-load scroll complete
2026-07-01 13:53:50 | INFO | Phase 0B: Cleaning up overlays...
2026-07-01 13:54:20 | INFO | Removed 5 elements: overlay, popup
📐 Detecting header/footer for this page...
2026-07-01 13:54:20 | INFO | Template - Reused saved header selector on current page
2026-07-01 13:54:20 | INFO | Template - Reused saved footer selector on current page
2026-07-01 13:54:20 | INFO | Header: moderate complexity, 2 features
2026-07-01 13:54:20 | INFO | Footer: moderate complexity, 2 features
2026-07-01 13:54:20 | INFO | Phase 2: Identifying main content area...
2026-07-01 13:54:20 | INFO | Main content: #main-content
2026-07-01 13:54:20 | INFO | Phase 3: Detecting blocks...
2026-07-01 13:54:21 | WARNING | Blocks - 50% of blocks are unknown - site uses non-EDS patterns
2026-07-01 13:54:21 | INFO | Phase 4: Capturing block screenshots...
2026-07-01 13:54:22 | INFO | Captured 8 block screenshots
2026-07-01 13:54:22 | INFO | Detected 8 blocks
2026-07-01 13:54:22 | INFO | Generating fingerprints for template discovery...
2026-07-01 13:54:24 | INFO |    Top-section: 21 rows via title
2026-07-01 13:54:24 | INFO |    Body start: y=525 (start row 21 via below-title)
2026-07-01 13:54:24 | INFO | URL Pattern: /w/sustentabilidade/petrobras-e-o-cinema-nacional
2026-07-01 13:54:24 | INFO | Page catalog complete: /workspace/catalog/.pages/nossaenergia_petrobras_com_br_w_sustentabilidade_petrobras-e-o-cinema-nacional--1a968b52/page-catalog.json
2026-07-01 13:54:24 | INFO | SUCCESS: https://nossaenergia.petrobras.com.br/w/sustentabilidade/petrobras-e-o-cinema-nacional
2026-07-01 13:54:26 | INFO | [140/190] Processing: https://nossaenergia.petrobras.com.br/w/sustentabilidade/recifes-de-corais-e-zooxantelas
2026-07-01 13:54:26 | INFO | Generated slug: nossaenergia_petrobras_com_br_w_sustentabilidade_recifes-de-corais-e-zooxantelas--975fbfac
2026-07-01 13:54:26 | INFO | Starting analysis: https://nossaenergia.petrobras.com.br/w/sustentabilidade/recifes-de-corais-e-zooxantelas -> /workspace/catalog/.pages/nossaenergia_petrobras_com_br_w_sustentabilidade_recifes-de-corais-e-zooxantelas--975fbfac
2026-07-01 13:54:26 | INFO | Loading: https://nossaenergia.petrobras.com.br/w/sustentabilidade/recifes-de-corais-e-zooxantelas
2026-07-01 13:54:32 | INFO | Phase 0A: Triggering lazy-loaded content...
2026-07-01 13:54:34 | INFO | Lazy-load scroll complete
2026-07-01 13:54:34 | INFO | Phase 0B: Cleaning up overlays...
2026-07-01 13:54:39 | INFO | Removed 5 elements: overlay, popup
📐 Detecting header/footer for this page...
2026-07-01 13:54:39 | INFO | Template - Reused saved header selector on current page
2026-07-01 13:54:39 | INFO | Template - Reused saved footer selector on current page
2026-07-01 13:54:39 | INFO | Header: moderate complexity, 2 features
2026-07-01 13:54:39 | INFO | Footer: moderate complexity, 2 features
2026-07-01 13:54:39 | INFO | Phase 2: Identifying main content area...
2026-07-01 13:54:39 | INFO | Main content: #main-content
2026-07-01 13:54:39 | INFO | Phase 3: Detecting blocks...
2026-07-01 13:54:39 | WARNING | Blocks - 67% of blocks are unknown - site uses non-EDS patterns
2026-07-01 13:54:39 | INFO | Phase 4: Capturing block screenshots...
2026-07-01 13:54:40 | INFO | Captured 9 block screenshots
2026-07-01 13:54:40 | INFO | Detected 9 blocks
2026-07-01 13:54:40 | INFO | Generating fingerprints for template discovery...
2026-07-01 13:54:43 | INFO |    Top-section: 16 rows via title+container
2026-07-01 13:54:43 | INFO |    Body start: y=400 (start row 16 via below-title+container)
2026-07-01 13:54:43 | INFO | URL Pattern: /w/sustentabilidade/preservacao-do-meio-ambiente
2026-07-01 13:54:43 | INFO | Page catalog complete: /workspace/catalog/.pages/nossaenergia_petrobras_com_br_w_sustentabilidade_preservacao-do-meio-ambiente--bee780f0/page-catalog.json
2026-07-01 13:54:43 | INFO | SUCCESS: https://nossaenergia.petrobras.com.br/w/sustentabilidade/preservacao-do-meio-ambiente
2026-07-01 13:54:45 | INFO | [141/190] Processing: https://nossaenergia.petrobras.com.br/w/sustentabilidade/respeito-a-diversidade-uma-obrigacao-de-todas-as-empresas
2026-07-01 13:54:45 | INFO | Generated slug: nossaenergia_petrobras_com_br_w_sustentabilidade_respeito-a-diversidade-uma-obrigacao-de-todas-as-empresas--e9cc434a
2026-07-01 13:54:45 | INFO | Starting analysis: https://nossaenergia.petrobras.com.br/w/sustentabilidade/respeito-a-diversidade-uma-obrigacao-de-todas-as-empresas -> /workspace/catalog/.pages/nossaenergia_petrobras_com_br_w_sustentabilidade_respeito-a-diversidade-uma-obrigacao-de-todas-as-empresas--e9cc434a
2026-07-01 13:54:45 | INFO | Loading: https://nossaenergia.petrobras.com.br/w/sustentabilidade/respeito-a-diversidade-uma-obrigacao-de-todas-as-empresas
2026-07-01 13:54:45 | INFO | Removed 5 elements: overlay, popup
📐 Detecting header/footer for this page...
2026-07-01 13:54:45 | INFO | Template - Reused saved header selector on current page
2026-07-01 13:54:45 | INFO | Template - Reused saved footer selector on current page
2026-07-01 13:54:45 | INFO | Header: moderate complexity, 2 features
2026-07-01 13:54:45 | INFO | Footer: moderate complexity, 2 features
2026-07-01 13:54:45 | INFO | Phase 2: Identifying main content area...
2026-07-01 13:54:45 | INFO | Main content: #main-content
2026-07-01 13:54:45 | INFO | Phase 3: Detecting blocks...
2026-07-01 13:54:45 | WARNING | Blocks - 60% of blocks are unknown - site uses non-EDS patterns
2026-07-01 13:54:45 | INFO | Phase 4: Capturing block screenshots...
2026-07-01 13:54:47 | INFO | Captured 10 block screenshots
2026-07-01 13:54:47 | INFO | Detected 10 blocks
2026-07-01 13:54:47 | INFO | Generating fingerprints for template discovery...
2026-07-01 13:54:48 | INFO | Phase 0A: Triggering lazy-loaded content...
2026-07-01 13:54:50 | INFO |    Top-section: 16 rows via title+container
2026-07-01 13:54:50 | INFO |    Body start: y=400 (start row 16 via below-title+container)
2026-07-01 13:54:50 | INFO | URL Pattern: /w/sustentabilidade/projetos-socioambientais-do-peixe-boi-ao-futuro-da-nossa-biodiversidade
2026-07-01 13:54:50 | INFO | Page catalog complete: /workspace/catalog/.pages/nossaenergia_petrobras_com_br_w_sustentabilidade_projetos-socioambientais-do-peixe-boi-ao-futuro-da-nossa-biodiversidade--f2e7a578/page-catalog.json
2026-07-01 13:54:50 | INFO | SUCCESS: https://nossaenergia.petrobras.com.br/w/sustentabilidade/projetos-socioambientais-do-peixe-boi-ao-futuro-da-nossa-biodiversidade
2026-07-01 13:54:51 | INFO | Lazy-load scroll complete
2026-07-01 13:54:51 | INFO | Phase 0B: Cleaning up overlays...
2026-07-01 13:54:51 | INFO | Removed 5 elements: overlay, popup
📐 Detecting header/footer for this page...
2026-07-01 13:54:51 | INFO | Template - Reused saved header selector on current page
2026-07-01 13:54:51 | INFO | Template - Reused saved footer selector on current page
2026-07-01 13:54:51 | INFO | Header: moderate complexity, 2 features
2026-07-01 13:54:51 | INFO | Footer: moderate complexity, 2 features
2026-07-01 13:54:51 | INFO | Phase 2: Identifying main content area...
2026-07-01 13:54:51 | INFO | Main content: #main-content
2026-07-01 13:54:51 | INFO | Phase 3: Detecting blocks...
2026-07-01 13:54:51 | WARNING | Blocks - 56% of blocks are unknown - site uses non-EDS patterns
2026-07-01 13:54:51 | INFO | Phase 4: Capturing block screenshots...
2026-07-01 13:54:52 | INFO | [142/190] Processing: https://nossaenergia.petrobras.com.br/w/sustentabilidade/saberes-tradicionais
2026-07-01 13:54:52 | INFO | Generated slug: nossaenergia_petrobras_com_br_w_sustentabilidade_saberes-tradicionais--9682e1ac
2026-07-01 13:54:52 | INFO | Starting analysis: https://nossaenergia.petrobras.com.br/w/sustentabilidade/saberes-tradicionais -> /workspace/catalog/.pages/nossaenergia_petrobras_com_br_w_sustentabilidade_saberes-tradicionais--9682e1ac
2026-07-01 13:54:52 | INFO | Loading: https://nossaenergia.petrobras.com.br/w/sustentabilidade/saberes-tradicionais
2026-07-01 13:54:53 | INFO | Captured 9 block screenshots
2026-07-01 13:54:53 | INFO | Detected 9 blocks
2026-07-01 13:54:53 | INFO | Generating fingerprints for template discovery...
2026-07-01 13:54:55 | INFO | Phase 0A: Triggering lazy-loaded content...
2026-07-01 13:54:55 | INFO |    Top-section: 17 rows via title+container
2026-07-01 13:54:55 | INFO |    Body start: y=425 (start row 17 via below-title+container)
2026-07-01 13:54:55 | INFO | URL Pattern: /w/sustentabilidade/protagonismo-feminino
2026-07-01 13:54:55 | INFO | Page catalog complete: /workspace/catalog/.pages/nossaenergia_petrobras_com_br_w_sustentabilidade_protagonismo-feminino--79c72889/page-catalog.json
2026-07-01 13:54:55 | INFO | SUCCESS: https://nossaenergia.petrobras.com.br/w/sustentabilidade/protagonismo-feminino
2026-07-01 13:54:57 | INFO | [143/190] Processing: https://nossaenergia.petrobras.com.br/w/sustentabilidade/solucoes-baseadas-na-natureza-como-elas-melhoram-a-qualidade-de-vida-nas-cidades
2026-07-01 13:54:57 | INFO | Generated slug: nossaenergia_petrobras_com_br_w_sustentabilidade_solucoes-baseadas-na-natureza-como-elas-melhoram-a-qualidade-de-vida-nas-cidades--95f06981
2026-07-01 13:54:57 | INFO | Starting analysis: https://nossaenergia.petrobras.com.br/w/sustentabilidade/solucoes-baseadas-na-natureza-como-elas-melhoram-a-qualidade-de-vida-nas-cidades -> /workspace/catalog/.pages/nossaenergia_petrobras_com_br_w_sustentabilidade_solucoes-baseadas-na-natureza-como-elas-melhoram-a-qualidade-de-vida-nas-cidades--95f06981
2026-07-01 13:54:57 | INFO | Loading: https://nossaenergia.petrobras.com.br/w/sustentabilidade/solucoes-baseadas-na-natureza-como-elas-melhoram-a-qualidade-de-vida-nas-cidades
2026-07-01 13:54:57 | INFO | Lazy-load scroll complete
2026-07-01 13:54:57 | INFO | Phase 0B: Cleaning up overlays...
2026-07-01 13:55:01 | INFO | Phase 0A: Triggering lazy-loaded content...
2026-07-01 13:55:03 | INFO | Lazy-load scroll complete
2026-07-01 13:55:03 | INFO | Phase 0B: Cleaning up overlays...
2026-07-01 13:55:36 | INFO | Removed 5 elements: overlay, popup
📐 Detecting header/footer for this page...
2026-07-01 13:55:36 | INFO | Template - Reused saved header selector on current page
2026-07-01 13:55:36 | INFO | Template - Reused saved footer selector on current page
2026-07-01 13:55:36 | INFO | Header: moderate complexity, 2 features
2026-07-01 13:55:36 | INFO | Footer: moderate complexity, 2 features
2026-07-01 13:55:36 | INFO | Phase 2: Identifying main content area...
2026-07-01 13:55:36 | INFO | Main content: #main-content
2026-07-01 13:55:36 | INFO | Phase 3: Detecting blocks...
2026-07-01 13:55:36 | WARNING | Blocks - 67% of blocks are unknown - site uses non-EDS patterns
2026-07-01 13:55:36 | INFO | Phase 4: Capturing block screenshots...
2026-07-01 13:55:37 | INFO | Captured 9 block screenshots
2026-07-01 13:55:37 | INFO | Detected 9 blocks
2026-07-01 13:55:37 | INFO | Generating fingerprints for template discovery...
2026-07-01 13:55:40 | INFO |    Top-section: 16 rows via title+container
2026-07-01 13:55:40 | INFO |    Body start: y=400 (start row 16 via below-title+container)
2026-07-01 13:55:40 | INFO | URL Pattern: /w/sustentabilidade/recifes-de-corais-e-zooxantelas
2026-07-01 13:55:40 | INFO | Page catalog complete: /workspace/catalog/.pages/nossaenergia_petrobras_com_br_w_sustentabilidade_recifes-de-corais-e-zooxantelas--975fbfac/page-catalog.json
2026-07-01 13:55:40 | INFO | SUCCESS: https://nossaenergia.petrobras.com.br/w/sustentabilidade/recifes-de-corais-e-zooxantelas
2026-07-01 13:55:40 | INFO | PROGRESS: 140/190 analyzed (74% checklist complete) | 140 ok, 0 failed, 0 skipped | ~16 min remaining
2026-07-01 13:55:42 | INFO | [144/190] Processing: https://nossaenergia.petrobras.com.br/w/sustentabilidade/tecnologia-social
2026-07-01 13:55:42 | INFO | Generated slug: nossaenergia_petrobras_com_br_w_sustentabilidade_tecnologia-social--827e241a
2026-07-01 13:55:42 | INFO | Starting analysis: https://nossaenergia.petrobras.com.br/w/sustentabilidade/tecnologia-social -> /workspace/catalog/.pages/nossaenergia_petrobras_com_br_w_sustentabilidade_tecnologia-social--827e241a
2026-07-01 13:55:42 | INFO | Loading: https://nossaenergia.petrobras.com.br/w/sustentabilidade/tecnologia-social
2026-07-01 13:55:45 | INFO | Phase 0A: Triggering lazy-loaded content...
2026-07-01 13:55:48 | INFO | Lazy-load scroll complete
2026-07-01 13:55:48 | INFO | Phase 0B: Cleaning up overlays...
2026-07-01 13:55:52 | INFO | Removed 5 elements: overlay, popup
📐 Detecting header/footer for this page...
2026-07-01 13:55:52 | INFO | Template - Reused saved header selector on current page
2026-07-01 13:55:52 | INFO | Template - Reused saved footer selector on current page
2026-07-01 13:55:52 | INFO | Header: moderate complexity, 2 features
2026-07-01 13:55:52 | INFO | Footer: moderate complexity, 2 features
2026-07-01 13:55:52 | INFO | Phase 2: Identifying main content area...
2026-07-01 13:55:52 | INFO | Main content: #main-content
2026-07-01 13:55:52 | INFO | Phase 3: Detecting blocks...
2026-07-01 13:55:52 | WARNING | Blocks - 57% of blocks are unknown - site uses non-EDS patterns
2026-07-01 13:55:52 | INFO | Phase 4: Capturing block screenshots...
2026-07-01 13:55:53 | INFO | Captured 7 block screenshots
2026-07-01 13:55:53 | INFO | Detected 7 blocks
2026-07-01 13:55:53 | INFO | Generating fingerprints for template discovery...
2026-07-01 13:55:56 | INFO |    Top-section: 16 rows via title+container
2026-07-01 13:55:56 | INFO |    Body start: y=400 (start row 16 via below-title+container)
2026-07-01 13:55:56 | INFO | URL Pattern: /w/sustentabilidade/respeito-a-diversidade-uma-obrigacao-de-todas-as-empresas
2026-07-01 13:55:56 | INFO | Page catalog complete: /workspace/catalog/.pages/nossaenergia_petrobras_com_br_w_sustentabilidade_respeito-a-diversidade-uma-obrigacao-de-todas-as-empresas--e9cc434a/page-catalog.json
2026-07-01 13:55:56 | INFO | SUCCESS: https://nossaenergia.petrobras.com.br/w/sustentabilidade/respeito-a-diversidade-uma-obrigacao-de-todas-as-empresas
2026-07-01 13:55:58 | INFO | [145/190] Processing: https://nossaenergia.petrobras.com.br/w/sustentabilidade/urucu-reflorestamento-de-especies-protegidas
2026-07-01 13:55:58 | INFO | Generated slug: nossaenergia_petrobras_com_br_w_sustentabilidade_urucu-reflorestamento-de-especies-protegidas--72a12e12
2026-07-01 13:55:58 | INFO | Starting analysis: https://nossaenergia.petrobras.com.br/w/sustentabilidade/urucu-reflorestamento-de-especies-protegidas -> /workspace/catalog/.pages/nossaenergia_petrobras_com_br_w_sustentabilidade_urucu-reflorestamento-de-especies-protegidas--72a12e12
2026-07-01 13:55:58 | INFO | Loading: https://nossaenergia.petrobras.com.br/w/sustentabilidade/urucu-reflorestamento-de-especies-protegidas
2026-07-01 13:55:59 | INFO | Removed 5 elements: overlay, popup
📐 Detecting header/footer for this page...
2026-07-01 13:55:59 | INFO | Template - Reused saved header selector on current page
2026-07-01 13:55:59 | INFO | Template - Reused saved footer selector on current page
2026-07-01 13:55:59 | INFO | Header: moderate complexity, 2 features
2026-07-01 13:55:59 | INFO | Footer: moderate complexity, 2 features
2026-07-01 13:55:59 | INFO | Phase 2: Identifying main content area...
2026-07-01 13:55:59 | INFO | Main content: #main-content
2026-07-01 13:55:59 | INFO | Phase 3: Detecting blocks...
2026-07-01 13:55:59 | WARNING | Blocks - 71% of blocks are unknown - site uses non-EDS patterns
2026-07-01 13:55:59 | INFO | Phase 4: Capturing block screenshots...
2026-07-01 13:56:00 | INFO | Captured 7 block screenshots
2026-07-01 13:56:00 | INFO | Detected 7 blocks
2026-07-01 13:56:00 | INFO | Generating fingerprints for template discovery...
2026-07-01 13:56:02 | INFO | Phase 0A: Triggering lazy-loaded content...
2026-07-01 13:56:02 | INFO |    Top-section: 17 rows via title+container
2026-07-01 13:56:02 | INFO |    Body start: y=425 (start row 17 via below-title+container)
2026-07-01 13:56:02 | INFO | URL Pattern: /w/sustentabilidade/saberes-tradicionais
2026-07-01 13:56:02 | INFO | Page catalog complete: /workspace/catalog/.pages/nossaenergia_petrobras_com_br_w_sustentabilidade_saberes-tradicionais--9682e1ac/page-catalog.json
2026-07-01 13:56:02 | INFO | SUCCESS: https://nossaenergia.petrobras.com.br/w/sustentabilidade/saberes-tradicionais
2026-07-01 13:56:04 | INFO | [146/190] Processing: https://nossaenergia.petrobras.com.br/w/sustentabilidade/vida-no-fundo-do-mar-confira-esse-reality-show
2026-07-01 13:56:04 | INFO | Generated slug: nossaenergia_petrobras_com_br_w_sustentabilidade_vida-no-fundo-do-mar-confira-esse-reality-show--0b7266c1
2026-07-01 13:56:04 | INFO | Starting analysis: https://nossaenergia.petrobras.com.br/w/sustentabilidade/vida-no-fundo-do-mar-confira-esse-reality-show -> /workspace/catalog/.pages/nossaenergia_petrobras_com_br_w_sustentabilidade_vida-no-fundo-do-mar-confira-esse-reality-show--0b7266c1
2026-07-01 13:56:04 | INFO | Loading: https://nossaenergia.petrobras.com.br/w/sustentabilidade/vida-no-fundo-do-mar-confira-esse-reality-show
2026-07-01 13:56:05 | INFO | Removed 5 elements: overlay, popup
📐 Detecting header/footer for this page...
2026-07-01 13:56:05 | INFO | Template - Reused saved header selector on current page
2026-07-01 13:56:05 | INFO | Template - Reused saved footer selector on current page
2026-07-01 13:56:05 | INFO | Header: moderate complexity, 2 features
2026-07-01 13:56:05 | INFO | Footer: moderate complexity, 2 features
2026-07-01 13:56:05 | INFO | Phase 2: Identifying main content area...
2026-07-01 13:56:05 | INFO | Main content: #main-content
2026-07-01 13:56:05 | INFO | Phase 3: Detecting blocks...
2026-07-01 13:56:05 | WARNING | Blocks - 50% of blocks are unknown - site uses non-EDS patterns
2026-07-01 13:56:05 | INFO | Phase 4: Capturing block screenshots...
2026-07-01 13:56:05 | INFO | Lazy-load scroll complete
2026-07-01 13:56:05 | INFO | Phase 0B: Cleaning up overlays...
2026-07-01 13:56:06 | INFO | Captured 8 block screenshots
2026-07-01 13:56:06 | INFO | Detected 8 blocks
2026-07-01 13:56:06 | INFO | Generating fingerprints for template discovery...
2026-07-01 13:56:08 | INFO | Phase 0A: Triggering lazy-loaded content...
2026-07-01 13:56:08 | INFO |    Top-section: 16 rows via title+container
2026-07-01 13:56:08 | INFO |    Body start: y=400 (start row 16 via below-title+container)
2026-07-01 13:56:08 | INFO | URL Pattern: /w/sustentabilidade/solucoes-baseadas-na-natureza-como-elas-melhoram-a-qualidade-de-vida-nas-cidades
2026-07-01 13:56:08 | INFO | Page catalog complete: /workspace/catalog/.pages/nossaenergia_petrobras_com_br_w_sustentabilidade_solucoes-baseadas-na-natureza-como-elas-melhoram-a-qualidade-de-vida-nas-cidades--95f06981/page-catalog.json
2026-07-01 13:56:09 | INFO | SUCCESS: https://nossaenergia.petrobras.com.br/w/sustentabilidade/solucoes-baseadas-na-natureza-como-elas-melhoram-a-qualidade-de-vida-nas-cidades
2026-07-01 13:56:10 | INFO | Lazy-load scroll complete
2026-07-01 13:56:10 | INFO | Phase 0B: Cleaning up overlays...
2026-07-01 13:56:11 | INFO | [147/190] Processing: https://nossaenergia.petrobras.com.br/w/transicao-energetica/10-termos-relacionados-mudancas-climaticas-transicao-energetica-justa
2026-07-01 13:56:11 | INFO | Generated slug: nossaenergia_petrobras_com_br_w_transicao-energetica_10-termos-relacionados-mudancas-climaticas-transicao-energetica-justa--0f4b3abb
2026-07-01 13:56:11 | INFO | Starting analysis: https://nossaenergia.petrobras.com.br/w/transicao-energetica/10-termos-relacionados-mudancas-climaticas-transicao-energetica-justa -> /workspace/catalog/.pages/nossaenergia_petrobras_com_br_w_transicao-energetica_10-termos-relacionados-mudancas-climaticas-transicao-energetica-justa--0f4b3abb
2026-07-01 13:56:11 | INFO | Loading: https://nossaenergia.petrobras.com.br/w/transicao-energetica/10-termos-relacionados-mudancas-climaticas-transicao-energetica-justa
2026-07-01 13:56:14 | INFO | Phase 0A: Triggering lazy-loaded content...
2026-07-01 13:56:17 | INFO | Lazy-load scroll complete
2026-07-01 13:56:17 | INFO | Phase 0B: Cleaning up overlays...
2026-07-01 13:56:49 | INFO | Removed 5 elements: overlay, popup
📐 Detecting header/footer for this page...
2026-07-01 13:56:49 | INFO | Template - Reused saved header selector on current page
2026-07-01 13:56:49 | INFO | Template - Reused saved footer selector on current page
2026-07-01 13:56:49 | INFO | Header: moderate complexity, 2 features
2026-07-01 13:56:49 | INFO | Footer: moderate complexity, 2 features
2026-07-01 13:56:49 | INFO | Phase 2: Identifying main content area...
2026-07-01 13:56:49 | INFO | Main content: #main-content
2026-07-01 13:56:49 | INFO | Phase 3: Detecting blocks...
2026-07-01 13:56:49 | WARNING | Blocks - 50% of blocks are unknown - site uses non-EDS patterns
2026-07-01 13:56:49 | INFO | Phase 4: Capturing block screenshots...
2026-07-01 13:56:51 | INFO | Captured 8 block screenshots
2026-07-01 13:56:51 | INFO | Detected 8 blocks
2026-07-01 13:56:51 | INFO | Generating fingerprints for template discovery...
2026-07-01 13:56:53 | INFO |    Top-section: 16 rows via title+container
2026-07-01 13:56:53 | INFO |    Body start: y=400 (start row 16 via below-title+container)
2026-07-01 13:56:53 | INFO | URL Pattern: /w/sustentabilidade/tecnologia-social
2026-07-01 13:56:53 | INFO | Page catalog complete: /workspace/catalog/.pages/nossaenergia_petrobras_com_br_w_sustentabilidade_tecnologia-social--827e241a/page-catalog.json
2026-07-01 13:56:53 | INFO | SUCCESS: https://nossaenergia.petrobras.com.br/w/sustentabilidade/tecnologia-social
2026-07-01 13:56:55 | INFO | [148/190] Processing: https://nossaenergia.petrobras.com.br/w/transicao-energetica/5-curiosidades-sobre-produtos-mais-sustentaveis-que-parecem-ficcao
2026-07-01 13:56:55 | INFO | Generated slug: nossaenergia_petrobras_com_br_w_transicao-energetica_5-curiosidades-sobre-produtos-mais-sustentaveis-que-parecem-ficcao--94f4acad
2026-07-01 13:56:55 | INFO | Starting analysis: https://nossaenergia.petrobras.com.br/w/transicao-energetica/5-curiosidades-sobre-produtos-mais-sustentaveis-que-parecem-ficcao -> /workspace/catalog/.pages/nossaenergia_petrobras_com_br_w_transicao-energetica_5-curiosidades-sobre-produtos-mais-sustentaveis-que-parecem-ficcao--94f4acad
2026-07-01 13:56:55 | INFO | Loading: https://nossaenergia.petrobras.com.br/w/transicao-energetica/5-curiosidades-sobre-produtos-mais-sustentaveis-que-parecem-ficcao
2026-07-01 13:56:59 | INFO | Phase 0A: Triggering lazy-loaded content...
2026-07-01 13:57:02 | INFO | Lazy-load scroll complete
2026-07-01 13:57:02 | INFO | Phase 0B: Cleaning up overlays...
2026-07-01 13:57:06 | INFO | Removed 5 elements: overlay, popup
📐 Detecting header/footer for this page...
2026-07-01 13:57:06 | INFO | Template - Reused saved header selector on current page
2026-07-01 13:57:06 | INFO | Template - Reused saved footer selector on current page
2026-07-01 13:57:06 | INFO | Header: moderate complexity, 2 features
2026-07-01 13:57:06 | INFO | Footer: moderate complexity, 2 features
2026-07-01 13:57:06 | INFO | Phase 2: Identifying main content area...
2026-07-01 13:57:06 | INFO | Main content: #main-content
2026-07-01 13:57:06 | INFO | Phase 3: Detecting blocks...
2026-07-01 13:57:06 | INFO | Phase 4: Capturing block screenshots...
2026-07-01 13:57:08 | INFO | Captured 13 block screenshots
2026-07-01 13:57:08 | INFO | Detected 13 blocks
2026-07-01 13:57:08 | INFO | Generating fingerprints for template discovery...
2026-07-01 13:57:11 | INFO |    Top-section: 16 rows via title+container
2026-07-01 13:57:11 | INFO |    Body start: y=400 (start row 16 via below-title+container)
2026-07-01 13:57:11 | INFO | URL Pattern: /w/sustentabilidade/urucu-reflorestamento-de-especies-protegidas
2026-07-01 13:57:11 | INFO | Page catalog complete: /workspace/catalog/.pages/nossaenergia_petrobras_com_br_w_sustentabilidade_urucu-reflorestamento-de-especies-protegidas--72a12e12/page-catalog.json
2026-07-01 13:57:11 | INFO | SUCCESS: https://nossaenergia.petrobras.com.br/w/sustentabilidade/urucu-reflorestamento-de-especies-protegidas
2026-07-01 13:57:11 | INFO | PROGRESS: 145/190 analyzed (76% checklist complete) | 145 ok, 0 failed, 0 skipped | ~15 min remaining
2026-07-01 13:57:12 | INFO | Removed 5 elements: overlay, popup
📐 Detecting header/footer for this page...
2026-07-01 13:57:12 | INFO | Template - Reused saved header selector on current page
2026-07-01 13:57:12 | INFO | Template - Reused saved footer selector on current page
2026-07-01 13:57:12 | INFO | Header: moderate complexity, 2 features
2026-07-01 13:57:12 | INFO | Footer: moderate complexity, 2 features
2026-07-01 13:57:12 | INFO | Phase 2: Identifying main content area...
2026-07-01 13:57:12 | INFO | Main content: #main-content
2026-07-01 13:57:12 | INFO | Phase 3: Detecting blocks...
2026-07-01 13:57:12 | INFO | Phase 4: Capturing block screenshots...
2026-07-01 13:57:13 | INFO | [149/190] Processing: https://nossaenergia.petrobras.com.br/w/transicao-energetica/a-importancia-da-reposicao-de-reservas-de-petroleo-e-da-margem-equatorial-para-a-transicao-energetica-justa
2026-07-01 13:57:13 | INFO | Generated slug: nossaenergia_petrobras_com_br_w_transicao-energetica_a-importancia-da-reposicao-de-reservas-de-petroleo-e-da-margem-equatorial-para-a-transicao-energetica-justa--caf908c2
2026-07-01 13:57:13 | INFO | Starting analysis: https://nossaenergia.petrobras.com.br/w/transicao-energetica/a-importancia-da-reposicao-de-reservas-de-petroleo-e-da-margem-equatorial-para-a-transicao-energetica-justa -> /workspace/catalog/.pages/nossaenergia_petrobras_com_br_w_transicao-energetica_a-importancia-da-reposicao-de-reservas-de-petroleo-e-da-margem-equatorial-para-a-transicao-energetica-justa--caf908c2
2026-07-01 13:57:13 | INFO | Loading: https://nossaenergia.petrobras.com.br/w/transicao-energetica/a-importancia-da-reposicao-de-reservas-de-petroleo-e-da-margem-equatorial-para-a-transicao-energetica-justa
2026-07-01 13:57:13 | INFO | Captured 9 block screenshots
2026-07-01 13:57:13 | INFO | Detected 9 blocks
2026-07-01 13:57:13 | INFO | Generating fingerprints for template discovery...
2026-07-01 13:57:16 | INFO |    Top-section: 16 rows via title+container
2026-07-01 13:57:16 | INFO |    Body start: y=400 (start row 16 via below-title+container)
2026-07-01 13:57:16 | INFO | URL Pattern: /w/sustentabilidade/vida-no-fundo-do-mar-confira-esse-reality-show
2026-07-01 13:57:16 | INFO | Page catalog complete: /workspace/catalog/.pages/nossaenergia_petrobras_com_br_w_sustentabilidade_vida-no-fundo-do-mar-confira-esse-reality-show--0b7266c1/page-catalog.json
2026-07-01 13:57:16 | INFO | SUCCESS: https://nossaenergia.petrobras.com.br/w/sustentabilidade/vida-no-fundo-do-mar-confira-esse-reality-show
2026-07-01 13:57:17 | INFO | Phase 0A: Triggering lazy-loaded content...
2026-07-01 13:57:18 | INFO | [150/190] Processing: https://nossaenergia.petrobras.com.br/w/transicao-energetica/a-importancia-da-soberania-e-seguranca-energetica
2026-07-01 13:57:18 | INFO | Generated slug: nossaenergia_petrobras_com_br_w_transicao-energetica_a-importancia-da-soberania-e-seguranca-energetica--070b4461
2026-07-01 13:57:18 | INFO | Starting analysis: https://nossaenergia.petrobras.com.br/w/transicao-energetica/a-importancia-da-soberania-e-seguranca-energetica -> /workspace/catalog/.pages/nossaenergia_petrobras_com_br_w_transicao-energetica_a-importancia-da-soberania-e-seguranca-energetica--070b4461
2026-07-01 13:57:18 | INFO | Loading: https://nossaenergia.petrobras.com.br/w/transicao-energetica/a-importancia-da-soberania-e-seguranca-energetica
2026-07-01 13:57:19 | INFO | Removed 5 elements: overlay, popup
📐 Detecting header/footer for this page...
2026-07-01 13:57:19 | INFO | Template - Reused saved header selector on current page
2026-07-01 13:57:19 | INFO | Template - Reused saved footer selector on current page
2026-07-01 13:57:19 | INFO | Header: moderate complexity, 2 features
2026-07-01 13:57:19 | INFO | Footer: moderate complexity, 2 features
2026-07-01 13:57:19 | INFO | Phase 2: Identifying main content area...
2026-07-01 13:57:19 | INFO | Main content: #main-content
2026-07-01 13:57:19 | INFO | Phase 3: Detecting blocks...
2026-07-01 13:57:19 | WARNING | Blocks - 69% of blocks are unknown - site uses non-EDS patterns
2026-07-01 13:57:19 | INFO | Phase 4: Capturing block screenshots...
2026-07-01 13:57:19 | INFO | Lazy-load scroll complete
2026-07-01 13:57:19 | INFO | Phase 0B: Cleaning up overlays...
2026-07-01 13:57:21 | INFO | Captured 13 block screenshots
2026-07-01 13:57:21 | INFO | Detected 13 blocks
2026-07-01 13:57:21 | INFO | Generating fingerprints for template discovery...
2026-07-01 13:57:21 | INFO | Phase 0A: Triggering lazy-loaded content...
2026-07-01 13:57:23 | INFO |    Top-section: 17 rows via title+container
2026-07-01 13:57:23 | INFO |    Body start: y=425 (start row 17 via below-title+container)
2026-07-01 13:57:23 | INFO | URL Pattern: /w/transicao-energetica/10-termos-relacionados-mudancas-climaticas-transicao-energetica-justa
2026-07-01 13:57:23 | INFO | Page catalog complete: /workspace/catalog/.pages/nossaenergia_petrobras_com_br_w_transicao-energetica_10-termos-relacionados-mudancas-climaticas-transicao-energetica-justa--0f4b3abb/page-catalog.json
2026-07-01 13:57:23 | INFO | SUCCESS: https://nossaenergia.petrobras.com.br/w/transicao-energetica/10-termos-relacionados-mudancas-climaticas-transicao-energetica-justa
2026-07-01 13:57:24 | INFO | Lazy-load scroll complete
2026-07-01 13:57:24 | INFO | Phase 0B: Cleaning up overlays...
2026-07-01 13:57:25 | INFO | [151/190] Processing: https://nossaenergia.petrobras.com.br/w/transicao-energetica/asfalto
2026-07-01 13:57:25 | INFO | Generated slug: nossaenergia_petrobras_com_br_w_transicao-energetica_asfalto--d588bfa2
2026-07-01 13:57:25 | INFO | Starting analysis: https://nossaenergia.petrobras.com.br/w/transicao-energetica/asfalto -> /workspace/catalog/.pages/nossaenergia_petrobras_com_br_w_transicao-energetica_asfalto--d588bfa2
2026-07-01 13:57:25 | INFO | Loading: https://nossaenergia.petrobras.com.br/w/transicao-energetica/asfalto
2026-07-01 13:57:29 | INFO | Phase 0A: Triggering lazy-loaded content...
2026-07-01 13:57:31 | INFO | Lazy-load scroll complete
2026-07-01 13:57:31 | INFO | Phase 0B: Cleaning up overlays...
2026-07-01 13:58:03 | INFO | Removed 5 elements: overlay, popup
📐 Detecting header/footer for this page...
2026-07-01 13:58:03 | INFO | Template - Reused saved header selector on current page
2026-07-01 13:58:03 | INFO | Template - Reused saved footer selector on current page
2026-07-01 13:58:03 | INFO | Header: moderate complexity, 2 features
2026-07-01 13:58:03 | INFO | Footer: moderate complexity, 2 features
2026-07-01 13:58:03 | INFO | Phase 2: Identifying main content area...
2026-07-01 13:58:03 | INFO | Main content: #main-content
2026-07-01 13:58:03 | INFO | Phase 3: Detecting blocks...
2026-07-01 13:58:03 | WARNING | Blocks - 67% of blocks are unknown - site uses non-EDS patterns
2026-07-01 13:58:03 | INFO | Phase 4: Capturing block screenshots...
2026-07-01 13:58:05 | INFO | Captured 9 block screenshots
2026-07-01 13:58:05 | INFO | Detected 9 blocks
2026-07-01 13:58:05 | INFO | Generating fingerprints for template discovery...
2026-07-01 13:58:07 | INFO |    Top-section: 16 rows via title+container
2026-07-01 13:58:07 | INFO |    Body start: y=400 (start row 16 via below-title+container)
2026-07-01 13:58:07 | INFO | URL Pattern: /w/transicao-energetica/5-curiosidades-sobre-produtos-mais-sustentaveis-que-parecem-ficcao
2026-07-01 13:58:07 | INFO | Page catalog complete: /workspace/catalog/.pages/nossaenergia_petrobras_com_br_w_transicao-energetica_5-curiosidades-sobre-produtos-mais-sustentaveis-que-parecem-ficcao--94f4acad/page-catalog.json
2026-07-01 13:58:07 | INFO | SUCCESS: https://nossaenergia.petrobras.com.br/w/transicao-energetica/5-curiosidades-sobre-produtos-mais-sustentaveis-que-parecem-ficcao
2026-07-01 13:58:09 | INFO | [152/190] Processing: https://nossaenergia.petrobras.com.br/w/transicao-energetica/biocombustiveis
2026-07-01 13:58:09 | INFO | Generated slug: nossaenergia_petrobras_com_br_w_transicao-energetica_biocombustiveis--242228ae
2026-07-01 13:58:09 | INFO | Starting analysis: https://nossaenergia.petrobras.com.br/w/transicao-energetica/biocombustiveis -> /workspace/catalog/.pages/nossaenergia_petrobras_com_br_w_transicao-energetica_biocombustiveis--242228ae
2026-07-01 13:58:09 | INFO | Loading: https://nossaenergia.petrobras.com.br/w/transicao-energetica/biocombustiveis
2026-07-01 13:58:13 | INFO | Phase 0A: Triggering lazy-loaded content...
2026-07-01 13:58:16 | INFO | Lazy-load scroll complete
2026-07-01 13:58:16 | INFO | Phase 0B: Cleaning up overlays...
2026-07-01 13:58:20 | INFO | Removed 5 elements: overlay, popup
📐 Detecting header/footer for this page...
2026-07-01 13:58:20 | INFO | Template - Reused saved header selector on current page
2026-07-01 13:58:20 | INFO | Template - Reused saved footer selector on current page
2026-07-01 13:58:20 | INFO | Header: moderate complexity, 2 features
2026-07-01 13:58:20 | INFO | Footer: moderate complexity, 2 features
2026-07-01 13:58:20 | INFO | Phase 2: Identifying main content area...
2026-07-01 13:58:20 | INFO | Main content: #main-content
2026-07-01 13:58:20 | INFO | Phase 3: Detecting blocks...
2026-07-01 13:58:21 | WARNING | Blocks - 56% of blocks are unknown - site uses non-EDS patterns
2026-07-01 13:58:21 | INFO | Phase 4: Capturing block screenshots...
2026-07-01 13:58:22 | INFO | Captured 9 block screenshots
2026-07-01 13:58:22 | INFO | Detected 9 blocks
2026-07-01 13:58:22 | INFO | Generating fingerprints for template discovery...
2026-07-01 13:58:24 | INFO |    Top-section: 17 rows via title+container
2026-07-01 13:58:24 | INFO |    Body start: y=425 (start row 17 via below-title+container)
2026-07-01 13:58:24 | INFO | URL Pattern: /w/transicao-energetica/a-importancia-da-reposicao-de-reservas-de-petroleo-e-da-margem-equatorial-para-a-transicao-energetica-justa
2026-07-01 13:58:24 | INFO | Page catalog complete: /workspace/catalog/.pages/nossaenergia_petrobras_com_br_w_transicao-energetica_a-importancia-da-reposicao-de-reservas-de-petroleo-e-da-margem-equatorial-para-a-transicao-energetica-justa--caf908c2/page-catalog.json
2026-07-01 13:58:24 | INFO | SUCCESS: https://nossaenergia.petrobras.com.br/w/transicao-energetica/a-importancia-da-reposicao-de-reservas-de-petroleo-e-da-margem-equatorial-para-a-transicao-energetica-justa
2026-07-01 13:58:25 | INFO | Removed 5 elements: overlay, popup
📐 Detecting header/footer for this page...
2026-07-01 13:58:25 | INFO | Template - Reused saved header selector on current page
2026-07-01 13:58:25 | INFO | Template - Reused saved footer selector on current page
2026-07-01 13:58:25 | INFO | Header: moderate complexity, 2 features
2026-07-01 13:58:25 | INFO | Footer: moderate complexity, 2 features
2026-07-01 13:58:25 | INFO | Phase 2: Identifying main content area...
2026-07-01 13:58:25 | INFO | Main content: #main-content
2026-07-01 13:58:25 | INFO | Phase 3: Detecting blocks...
2026-07-01 13:58:25 | WARNING | Blocks - 50% of blocks are unknown - site uses non-EDS patterns
2026-07-01 13:58:25 | INFO | Phase 4: Capturing block screenshots...
2026-07-01 13:58:26 | INFO | [153/190] Processing: https://nossaenergia.petrobras.com.br/w/transicao-energetica/biocombustiveis-no-brasil-transicao-energetica-justa
2026-07-01 13:58:26 | INFO | Generated slug: nossaenergia_petrobras_com_br_w_transicao-energetica_biocombustiveis-no-brasil-transicao-energetica-justa--8411ee10
2026-07-01 13:58:26 | INFO | Starting analysis: https://nossaenergia.petrobras.com.br/w/transicao-energetica/biocombustiveis-no-brasil-transicao-energetica-justa -> /workspace/catalog/.pages/nossaenergia_petrobras_com_br_w_transicao-energetica_biocombustiveis-no-brasil-transicao-energetica-justa--8411ee10
2026-07-01 13:58:27 | INFO | Loading: https://nossaenergia.petrobras.com.br/w/transicao-energetica/biocombustiveis-no-brasil-transicao-energetica-justa
2026-07-01 13:58:27 | INFO | Captured 10 block screenshots
2026-07-01 13:58:27 | INFO | Detected 10 blocks
2026-07-01 13:58:27 | INFO | Generating fingerprints for template discovery...
2026-07-01 13:58:29 | INFO |    Top-section: 16 rows via title+container
2026-07-01 13:58:29 | INFO |    Body start: y=400 (start row 16 via below-title+container)
2026-07-01 13:58:29 | INFO | URL Pattern: /w/transicao-energetica/a-importancia-da-soberania-e-seguranca-energetica
2026-07-01 13:58:29 | INFO | Page catalog complete: /workspace/catalog/.pages/nossaenergia_petrobras_com_br_w_transicao-energetica_a-importancia-da-soberania-e-seguranca-energetica--070b4461/page-catalog.json
2026-07-01 13:58:29 | INFO | SUCCESS: https://nossaenergia.petrobras.com.br/w/transicao-energetica/a-importancia-da-soberania-e-seguranca-energetica
2026-07-01 13:58:29 | INFO | PROGRESS: 150/190 analyzed (79% checklist complete) | 150 ok, 0 failed, 0 skipped | ~13 min remaining
2026-07-01 13:58:30 | INFO | Phase 0A: Triggering lazy-loaded content...
2026-07-01 13:58:31 | INFO | [154/190] Processing: https://nossaenergia.petrobras.com.br/w/transicao-energetica/biogas
2026-07-01 13:58:31 | INFO | Generated slug: nossaenergia_petrobras_com_br_w_transicao-energetica_biogas--46d21e26
2026-07-01 13:58:31 | INFO | Starting analysis: https://nossaenergia.petrobras.com.br/w/transicao-energetica/biogas -> /workspace/catalog/.pages/nossaenergia_petrobras_com_br_w_transicao-energetica_biogas--46d21e26
2026-07-01 13:58:32 | INFO | Loading: https://nossaenergia.petrobras.com.br/w/transicao-energetica/biogas
2026-07-01 13:58:32 | INFO | Removed 5 elements: overlay, popup
📐 Detecting header/footer for this page...
2026-07-01 13:58:32 | INFO | Template - Reused saved header selector on current page
2026-07-01 13:58:32 | INFO | Template - Reused saved footer selector on current page
2026-07-01 13:58:32 | INFO | Header: moderate complexity, 2 features
2026-07-01 13:58:32 | INFO | Footer: moderate complexity, 2 features
2026-07-01 13:58:32 | INFO | Phase 2: Identifying main content area...
2026-07-01 13:58:32 | INFO | Main content: #main-content
2026-07-01 13:58:32 | INFO | Phase 3: Detecting blocks...
2026-07-01 13:58:32 | WARNING | Blocks - 71% of blocks are unknown - site uses non-EDS patterns
2026-07-01 13:58:32 | INFO | Phase 4: Capturing block screenshots...
2026-07-01 13:58:33 | INFO | Lazy-load scroll complete
2026-07-01 13:58:33 | INFO | Phase 0B: Cleaning up overlays...
2026-07-01 13:58:33 | INFO | Captured 7 block screenshots
2026-07-01 13:58:33 | INFO | Detected 7 blocks
2026-07-01 13:58:33 | INFO | Generating fingerprints for template discovery...
2026-07-01 13:58:35 | INFO | Phase 0A: Triggering lazy-loaded content...
2026-07-01 13:58:36 | INFO |    Top-section: 17 rows via title+container
2026-07-01 13:58:36 | INFO |    Body start: y=425 (start row 17 via below-title+container)
2026-07-01 13:58:36 | INFO | URL Pattern: /w/transicao-energetica/asfalto
2026-07-01 13:58:36 | INFO | Page catalog complete: /workspace/catalog/.pages/nossaenergia_petrobras_com_br_w_transicao-energetica_asfalto--d588bfa2/page-catalog.json
2026-07-01 13:58:36 | INFO | SUCCESS: https://nossaenergia.petrobras.com.br/w/transicao-energetica/asfalto
2026-07-01 13:58:37 | INFO | Lazy-load scroll complete
2026-07-01 13:58:37 | INFO | Phase 0B: Cleaning up overlays...
2026-07-01 13:58:38 | INFO | [155/190] Processing: https://nossaenergia.petrobras.com.br/w/transicao-energetica/ccus
2026-07-01 13:58:38 | INFO | Generated slug: nossaenergia_petrobras_com_br_w_transicao-energetica_ccus--ba8bdea5
2026-07-01 13:58:38 | INFO | Starting analysis: https://nossaenergia.petrobras.com.br/w/transicao-energetica/ccus -> /workspace/catalog/.pages/nossaenergia_petrobras_com_br_w_transicao-energetica_ccus--ba8bdea5
2026-07-01 13:58:38 | INFO | Loading: https://nossaenergia.petrobras.com.br/w/transicao-energetica/ccus
2026-07-01 13:58:42 | INFO | Phase 0A: Triggering lazy-loaded content...
2026-07-01 13:58:45 | INFO | Lazy-load scroll complete
2026-07-01 13:58:45 | INFO | Phase 0B: Cleaning up overlays...
2026-07-01 13:59:17 | INFO | Removed 5 elements: overlay, popup
📐 Detecting header/footer for this page...
2026-07-01 13:59:17 | INFO | Template - Reused saved header selector on current page
2026-07-01 13:59:17 | INFO | Template - Reused saved footer selector on current page
2026-07-01 13:59:17 | INFO | Header: moderate complexity, 2 features
2026-07-01 13:59:17 | INFO | Footer: moderate complexity, 2 features
2026-07-01 13:59:17 | INFO | Phase 2: Identifying main content area...
2026-07-01 13:59:17 | INFO | Main content: #main-content
2026-07-01 13:59:17 | INFO | Phase 3: Detecting blocks...
2026-07-01 13:59:17 | INFO | Phase 4: Capturing block screenshots...
2026-07-01 13:59:19 | INFO | Captured 10 block screenshots
2026-07-01 13:59:19 | INFO | Detected 10 blocks
2026-07-01 13:59:19 | INFO | Generating fingerprints for template discovery...
2026-07-01 13:59:22 | INFO |    Top-section: 14 rows via title+container
2026-07-01 13:59:22 | INFO |    Body start: y=350 (start row 14 via below-title+container)
2026-07-01 13:59:22 | INFO | URL Pattern: /w/transicao-energetica/biocombustiveis
2026-07-01 13:59:22 | INFO | Page catalog complete: /workspace/catalog/.pages/nossaenergia_petrobras_com_br_w_transicao-energetica_biocombustiveis--242228ae/page-catalog.json
2026-07-01 13:59:22 | INFO | SUCCESS: https://nossaenergia.petrobras.com.br/w/transicao-energetica/biocombustiveis
2026-07-01 13:59:24 | INFO | [156/190] Processing: https://nossaenergia.petrobras.com.br/w/transicao-energetica/combustiveis-maritimos-baixo-carbono-transicao-energetica-justa
2026-07-01 13:59:24 | INFO | Generated slug: nossaenergia_petrobras_com_br_w_transicao-energetica_combustiveis-maritimos-baixo-carbono-transicao-energetica-justa--35c07f67
2026-07-01 13:59:24 | INFO | Starting analysis: https://nossaenergia.petrobras.com.br/w/transicao-energetica/combustiveis-maritimos-baixo-carbono-transicao-energetica-justa -> /workspace/catalog/.pages/nossaenergia_petrobras_com_br_w_transicao-energetica_combustiveis-maritimos-baixo-carbono-transicao-energetica-justa--35c07f67
2026-07-01 13:59:24 | INFO | Loading: https://nossaenergia.petrobras.com.br/w/transicao-energetica/combustiveis-maritimos-baixo-carbono-transicao-energetica-justa
2026-07-01 13:59:28 | INFO | Phase 0A: Triggering lazy-loaded content...
2026-07-01 13:59:31 | INFO | Lazy-load scroll complete
2026-07-01 13:59:31 | INFO | Phase 0B: Cleaning up overlays...
2026-07-01 13:59:35 | INFO | Removed 5 elements: overlay, popup
📐 Detecting header/footer for this page...
2026-07-01 13:59:35 | INFO | Template - Reused saved header selector on current page
2026-07-01 13:59:35 | INFO | Template - Reused saved footer selector on current page
2026-07-01 13:59:35 | INFO | Header: moderate complexity, 2 features
2026-07-01 13:59:35 | INFO | Footer: moderate complexity, 2 features
2026-07-01 13:59:35 | INFO | Phase 2: Identifying main content area...
2026-07-01 13:59:35 | INFO | Main content: #main-content
2026-07-01 13:59:35 | INFO | Phase 3: Detecting blocks...
2026-07-01 13:59:35 | INFO | Phase 4: Capturing block screenshots...
2026-07-01 13:59:37 | INFO | Captured 11 block screenshots
2026-07-01 13:59:37 | INFO | Detected 11 blocks
2026-07-01 13:59:37 | INFO | Generating fingerprints for template discovery...
2026-07-01 13:59:38 | INFO | Removed 5 elements: overlay, popup
📐 Detecting header/footer for this page...
2026-07-01 13:59:38 | INFO | Template - Reused saved header selector on current page
2026-07-01 13:59:38 | INFO | Template - Reused saved footer selector on current page
2026-07-01 13:59:38 | INFO | Header: moderate complexity, 2 features
2026-07-01 13:59:38 | INFO | Footer: moderate complexity, 2 features
2026-07-01 13:59:38 | INFO | Phase 2: Identifying main content area...
2026-07-01 13:59:38 | INFO | Main content: #main-content
2026-07-01 13:59:39 | INFO | Phase 3: Detecting blocks...
2026-07-01 13:59:39 | WARNING | Blocks - 50% of blocks are unknown - site uses non-EDS patterns
2026-07-01 13:59:39 | INFO | Phase 4: Capturing block screenshots...
2026-07-01 13:59:39 | INFO |    Top-section: 16 rows via title+container
2026-07-01 13:59:39 | INFO |    Body start: y=400 (start row 16 via below-title+container)
2026-07-01 13:59:39 | INFO | URL Pattern: /w/transicao-energetica/biocombustiveis-no-brasil-transicao-energetica-justa
2026-07-01 13:59:39 | INFO | Page catalog complete: /workspace/catalog/.pages/nossaenergia_petrobras_com_br_w_transicao-energetica_biocombustiveis-no-brasil-transicao-energetica-justa--8411ee10/page-catalog.json
2026-07-01 13:59:39 | INFO | SUCCESS: https://nossaenergia.petrobras.com.br/w/transicao-energetica/biocombustiveis-no-brasil-transicao-energetica-justa
2026-07-01 13:59:40 | INFO | Captured 8 block screenshots
2026-07-01 13:59:40 | INFO | Detected 8 blocks
2026-07-01 13:59:40 | INFO | Generating fingerprints for template discovery...
2026-07-01 13:59:41 | INFO | [157/190] Processing: https://nossaenergia.petrobras.com.br/w/transicao-energetica/combustivel-pra-vencer-nas-pistas-nas-ruas-e-na-sustentabilidade
2026-07-01 13:59:41 | INFO | Generated slug: nossaenergia_petrobras_com_br_w_transicao-energetica_combustivel-pra-vencer-nas-pistas-nas-ruas-e-na-sustentabilidade--5fa224c8
2026-07-01 13:59:41 | INFO | Starting analysis: https://nossaenergia.petrobras.com.br/w/transicao-energetica/combustivel-pra-vencer-nas-pistas-nas-ruas-e-na-sustentabilidade -> /workspace/catalog/.pages/nossaenergia_petrobras_com_br_w_transicao-energetica_combustivel-pra-vencer-nas-pistas-nas-ruas-e-na-sustentabilidade--5fa224c8
2026-07-01 13:59:41 | INFO | Loading: https://nossaenergia.petrobras.com.br/w/transicao-energetica/combustivel-pra-vencer-nas-pistas-nas-ruas-e-na-sustentabilidade
2026-07-01 13:59:42 | INFO |    Top-section: 16 rows via title+container
2026-07-01 13:59:42 | INFO |    Body start: y=400 (start row 16 via below-title+container)
2026-07-01 13:59:42 | INFO | URL Pattern: /w/transicao-energetica/biogas
2026-07-01 13:59:42 | INFO | Page catalog complete: /workspace/catalog/.pages/nossaenergia_petrobras_com_br_w_transicao-energetica_biogas--46d21e26/page-catalog.json
2026-07-01 13:59:42 | INFO | SUCCESS: https://nossaenergia.petrobras.com.br/w/transicao-energetica/biogas
2026-07-01 13:59:44 | INFO | [158/190] Processing: https://nossaenergia.petrobras.com.br/w/transicao-energetica/conheca-5-iniciativas-para-liderar-a-transicao-energetica-justa
2026-07-01 13:59:44 | INFO | Generated slug: nossaenergia_petrobras_com_br_w_transicao-energetica_conheca-5-iniciativas-para-liderar-a-transicao-energetica-justa--1716823b
2026-07-01 13:59:44 | INFO | Starting analysis: https://nossaenergia.petrobras.com.br/w/transicao-energetica/conheca-5-iniciativas-para-liderar-a-transicao-energetica-justa -> /workspace/catalog/.pages/nossaenergia_petrobras_com_br_w_transicao-energetica_conheca-5-iniciativas-para-liderar-a-transicao-energetica-justa--1716823b
2026-07-01 13:59:44 | INFO | Loading: https://nossaenergia.petrobras.com.br/w/transicao-energetica/conheca-5-iniciativas-para-liderar-a-transicao-energetica-justa
2026-07-01 13:59:45 | INFO | Phase 0A: Triggering lazy-loaded content...
2026-07-01 13:59:46 | INFO | Removed 5 elements: overlay, popup
📐 Detecting header/footer for this page...
2026-07-01 13:59:46 | INFO | Template - Reused saved header selector on current page
2026-07-01 13:59:46 | INFO | Template - Reused saved footer selector on current page
2026-07-01 13:59:46 | INFO | Header: moderate complexity, 2 features
2026-07-01 13:59:46 | INFO | Footer: moderate complexity, 2 features
2026-07-01 13:59:46 | INFO | Phase 2: Identifying main content area...
2026-07-01 13:59:46 | INFO | Main content: #main-content
2026-07-01 13:59:46 | INFO | Phase 3: Detecting blocks...
2026-07-01 13:59:46 | WARNING | Blocks - 50% of blocks are unknown - site uses non-EDS patterns
2026-07-01 13:59:46 | INFO | Phase 4: Capturing block screenshots...
2026-07-01 13:59:47 | INFO | Lazy-load scroll complete
2026-07-01 13:59:47 | INFO | Phase 0B: Cleaning up overlays...
2026-07-01 13:59:48 | INFO | Captured 10 block screenshots
2026-07-01 13:59:48 | INFO | Detected 10 blocks
2026-07-01 13:59:48 | INFO | Generating fingerprints for template discovery...
2026-07-01 13:59:48 | INFO | Phase 0A: Triggering lazy-loaded content...
2026-07-01 13:59:50 | INFO |    Top-section: 16 rows via title+container
2026-07-01 13:59:50 | INFO |    Body start: y=400 (start row 16 via below-title+container)
2026-07-01 13:59:50 | INFO | URL Pattern: /w/transicao-energetica/ccus
2026-07-01 13:59:50 | INFO | Page catalog complete: /workspace/catalog/.pages/nossaenergia_petrobras_com_br_w_transicao-energetica_ccus--ba8bdea5/page-catalog.json
2026-07-01 13:59:50 | INFO | SUCCESS: https://nossaenergia.petrobras.com.br/w/transicao-energetica/ccus
2026-07-01 13:59:50 | INFO | PROGRESS: 155/190 analyzed (82% checklist complete) | 155 ok, 0 failed, 0 skipped | ~11 min remaining
2026-07-01 13:59:51 | INFO | Lazy-load scroll complete
2026-07-01 13:59:51 | INFO | Phase 0B: Cleaning up overlays...
2026-07-01 13:59:52 | INFO | [159/190] Processing: https://nossaenergia.petrobras.com.br/w/transicao-energetica/conheca-quais-sao-as-fontes-de-energias-renovaveis-seu-papel-e-exemplos-1
2026-07-01 13:59:52 | INFO | Generated slug: nossaenergia_petrobras_com_br_w_transicao-energetica_conheca-quais-sao-as-fontes-de-energias-renovaveis-seu-papel-e-exemplos-1--9de53b6c
2026-07-01 13:59:52 | INFO | Starting analysis: https://nossaenergia.petrobras.com.br/w/transicao-energetica/conheca-quais-sao-as-fontes-de-energias-renovaveis-seu-papel-e-exemplos-1 -> /workspace/catalog/.pages/nossaenergia_petrobras_com_br_w_transicao-energetica_conheca-quais-sao-as-fontes-de-energias-renovaveis-seu-papel-e-exemplos-1--9de53b6c
2026-07-01 13:59:52 | INFO | Loading: https://nossaenergia.petrobras.com.br/w/transicao-energetica/conheca-quais-sao-as-fontes-de-energias-renovaveis-seu-papel-e-exemplos-1
2026-07-01 13:59:56 | INFO | Phase 0A: Triggering lazy-loaded content...
2026-07-01 13:59:59 | INFO | Lazy-load scroll complete
2026-07-01 13:59:59 | INFO | Phase 0B: Cleaning up overlays...
2026-07-01 14:00:32 | INFO | Removed 5 elements: overlay, popup
📐 Detecting header/footer for this page...
2026-07-01 14:00:32 | INFO | Template - Reused saved header selector on current page
2026-07-01 14:00:32 | INFO | Template - Reused saved footer selector on current page
2026-07-01 14:00:32 | INFO | Header: moderate complexity, 2 features
2026-07-01 14:00:32 | INFO | Footer: moderate complexity, 2 features
2026-07-01 14:00:32 | INFO | Phase 2: Identifying main content area...
2026-07-01 14:00:32 | INFO | Main content: #main-content
2026-07-01 14:00:32 | INFO | Phase 3: Detecting blocks...
2026-07-01 14:00:32 | WARNING | Blocks - 63% of blocks are unknown - site uses non-EDS patterns
2026-07-01 14:00:32 | INFO | Phase 4: Capturing block screenshots...
2026-07-01 14:00:34 | INFO | Captured 8 block screenshots
2026-07-01 14:00:34 | INFO | Detected 8 blocks
2026-07-01 14:00:34 | INFO | Generating fingerprints for template discovery...
2026-07-01 14:00:36 | INFO |    Top-section: 16 rows via title+container
2026-07-01 14:00:36 | INFO |    Body start: y=400 (start row 16 via below-title+container)
2026-07-01 14:00:36 | INFO | URL Pattern: /w/transicao-energetica/combustiveis-maritimos-baixo-carbono-transicao-energetica-justa
2026-07-01 14:00:36 | INFO | Page catalog complete: /workspace/catalog/.pages/nossaenergia_petrobras_com_br_w_transicao-energetica_combustiveis-maritimos-baixo-carbono-transicao-energetica-justa--35c07f67/page-catalog.json
2026-07-01 14:00:36 | INFO | SUCCESS: https://nossaenergia.petrobras.com.br/w/transicao-energetica/combustiveis-maritimos-baixo-carbono-transicao-energetica-justa
2026-07-01 14:00:38 | INFO | [160/190] Processing: https://nossaenergia.petrobras.com.br/w/transicao-energetica/consumo-consciente-na-pratica-veja-como-aplicar-no-seu-dia-a-dia
2026-07-01 14:00:38 | INFO | Generated slug: nossaenergia_petrobras_com_br_w_transicao-energetica_consumo-consciente-na-pratica-veja-como-aplicar-no-seu-dia-a-dia--9a5206db
2026-07-01 14:00:38 | INFO | Starting analysis: https://nossaenergia.petrobras.com.br/w/transicao-energetica/consumo-consciente-na-pratica-veja-como-aplicar-no-seu-dia-a-dia -> /workspace/catalog/.pages/nossaenergia_petrobras_com_br_w_transicao-energetica_consumo-consciente-na-pratica-veja-como-aplicar-no-seu-dia-a-dia--9a5206db
2026-07-01 14:00:38 | INFO | Loading: https://nossaenergia.petrobras.com.br/w/transicao-energetica/consumo-consciente-na-pratica-veja-como-aplicar-no-seu-dia-a-dia
2026-07-01 14:00:42 | INFO | Phase 0A: Triggering lazy-loaded content...
2026-07-01 14:00:45 | INFO | Lazy-load scroll complete
2026-07-01 14:00:45 | INFO | Phase 0B: Cleaning up overlays...
2026-07-01 14:00:48 | INFO | Removed 5 elements: overlay, popup
📐 Detecting header/footer for this page...
2026-07-01 14:00:48 | INFO | Template - Reused saved header selector on current page
2026-07-01 14:00:48 | INFO | Template - Reused saved footer selector on current page
2026-07-01 14:00:48 | INFO | Header: moderate complexity, 2 features
2026-07-01 14:00:48 | INFO | Footer: moderate complexity, 2 features
2026-07-01 14:00:48 | INFO | Phase 2: Identifying main content area...
2026-07-01 14:00:48 | INFO | Main content: #main-content
2026-07-01 14:00:48 | INFO | Phase 3: Detecting blocks...
2026-07-01 14:00:48 | WARNING | Blocks - 63% of blocks are unknown - site uses non-EDS patterns
2026-07-01 14:00:48 | INFO | Phase 4: Capturing block screenshots...
2026-07-01 14:00:50 | INFO | Captured 8 block screenshots
2026-07-01 14:00:50 | INFO | Detected 8 blocks
2026-07-01 14:00:50 | INFO | Generating fingerprints for template discovery...
2026-07-01 14:00:52 | INFO | Removed 5 elements: overlay, popup
📐 Detecting header/footer for this page...
2026-07-01 14:00:52 | INFO | Template - Reused saved header selector on current page
2026-07-01 14:00:52 | INFO | Template - Reused saved footer selector on current page
2026-07-01 14:00:52 | INFO | Header: moderate complexity, 2 features
2026-07-01 14:00:52 | INFO | Footer: moderate complexity, 2 features
2026-07-01 14:00:52 | INFO | Phase 2: Identifying main content area...
2026-07-01 14:00:52 | INFO | Main content: #main-content
2026-07-01 14:00:52 | INFO | Phase 3: Detecting blocks...
2026-07-01 14:00:52 | INFO |    Top-section: 16 rows via title+container
2026-07-01 14:00:52 | INFO |    Body start: y=400 (start row 16 via below-title+container)
2026-07-01 14:00:52 | INFO | URL Pattern: /w/transicao-energetica/combustivel-pra-vencer-nas-pistas-nas-ruas-e-na-sustentabilidade
2026-07-01 14:00:52 | INFO | Page catalog complete: /workspace/catalog/.pages/nossaenergia_petrobras_com_br_w_transicao-energetica_combustivel-pra-vencer-nas-pistas-nas-ruas-e-na-sustentabilidade--5fa224c8/page-catalog.json
2026-07-01 14:00:52 | INFO | SUCCESS: https://nossaenergia.petrobras.com.br/w/transicao-energetica/combustivel-pra-vencer-nas-pistas-nas-ruas-e-na-sustentabilidade
2026-07-01 14:00:52 | INFO | Phase 4: Capturing block screenshots...
2026-07-01 14:00:54 | INFO | Captured 9 block screenshots
2026-07-01 14:00:54 | INFO | Detected 9 blocks
2026-07-01 14:00:54 | INFO | Generating fingerprints for template discovery...
2026-07-01 14:00:54 | INFO | [161/190] Processing: https://nossaenergia.petrobras.com.br/w/transicao-energetica/descarbonizacao-e-produtos-de-baixo-carbono
2026-07-01 14:00:54 | INFO | Generated slug: nossaenergia_petrobras_com_br_w_transicao-energetica_descarbonizacao-e-produtos-de-baixo-carbono--93c20503
2026-07-01 14:00:54 | INFO | Starting analysis: https://nossaenergia.petrobras.com.br/w/transicao-energetica/descarbonizacao-e-produtos-de-baixo-carbono -> /workspace/catalog/.pages/nossaenergia_petrobras_com_br_w_transicao-energetica_descarbonizacao-e-produtos-de-baixo-carbono--93c20503
2026-07-01 14:00:54 | INFO | Loading: https://nossaenergia.petrobras.com.br/w/transicao-energetica/descarbonizacao-e-produtos-de-baixo-carbono
2026-07-01 14:00:56 | INFO |    Top-section: 16 rows via title+container
2026-07-01 14:00:56 | INFO |    Body start: y=400 (start row 16 via below-title+container)
2026-07-01 14:00:56 | INFO | URL Pattern: /w/transicao-energetica/conheca-5-iniciativas-para-liderar-a-transicao-energetica-justa
2026-07-01 14:00:56 | INFO | Page catalog complete: /workspace/catalog/.pages/nossaenergia_petrobras_com_br_w_transicao-energetica_conheca-5-iniciativas-para-liderar-a-transicao-energetica-justa--1716823b/page-catalog.json
2026-07-01 14:00:56 | INFO | SUCCESS: https://nossaenergia.petrobras.com.br/w/transicao-energetica/conheca-5-iniciativas-para-liderar-a-transicao-energetica-justa
2026-07-01 14:00:58 | INFO | [162/190] Processing: https://nossaenergia.petrobras.com.br/w/transicao-energetica/descubra-os-impactos-da-transicao-energetica-no-cenario-mundial-e-as-expectativas-para-os-proximos-anos
2026-07-01 14:00:58 | INFO | Generated slug: nossaenergia_petrobras_com_br_w_transicao-energetica_descubra-os-impactos-da-transicao-energetica-no-cenario-mundial-e-as-expectativas-para-os-proximos-anos--e579975c
2026-07-01 14:00:58 | INFO | Starting analysis: https://nossaenergia.petrobras.com.br/w/transicao-energetica/descubra-os-impactos-da-transicao-energetica-no-cenario-mundial-e-as-expectativas-para-os-proximos-anos -> /workspace/catalog/.pages/nossaenergia_petrobras_com_br_w_transicao-energetica_descubra-os-impactos-da-transicao-energetica-no-cenario-mundial-e-as-expectativas-para-os-proximos-anos--e579975c
2026-07-01 14:00:58 | INFO | Phase 0A: Triggering lazy-loaded content...
2026-07-01 14:00:58 | INFO | Loading: https://nossaenergia.petrobras.com.br/w/transicao-energetica/descubra-os-impactos-da-transicao-energetica-no-cenario-mundial-e-as-expectativas-para-os-proximos-anos
2026-07-01 14:01:00 | INFO | Removed 5 elements: overlay, popup
📐 Detecting header/footer for this page...
2026-07-01 14:01:00 | INFO | Template - Reused saved header selector on current page
2026-07-01 14:01:00 | INFO | Template - Reused saved footer selector on current page
2026-07-01 14:01:00 | INFO | Header: moderate complexity, 2 features
2026-07-01 14:01:00 | INFO | Footer: moderate complexity, 2 features
2026-07-01 14:01:00 | INFO | Phase 2: Identifying main content area...
2026-07-01 14:01:00 | INFO | Main content: #main-content
2026-07-01 14:01:00 | INFO | Phase 3: Detecting blocks...
2026-07-01 14:01:00 | INFO | Phase 4: Capturing block screenshots...
2026-07-01 14:01:02 | INFO | Captured 9 block screenshots
2026-07-01 14:01:02 | INFO | Detected 9 blocks
2026-07-01 14:01:02 | INFO | Generating fingerprints for template discovery...
2026-07-01 14:01:02 | INFO | Lazy-load scroll complete
2026-07-01 14:01:02 | INFO | Phase 0B: Cleaning up overlays...
2026-07-01 14:01:02 | INFO | Phase 0A: Triggering lazy-loaded content...
2026-07-01 14:01:04 | INFO |    Top-section: 16 rows via title+container
2026-07-01 14:01:04 | INFO |    Body start: y=400 (start row 16 via below-title+container)
2026-07-01 14:01:04 | INFO | URL Pattern: /w/transicao-energetica/conheca-quais-sao-as-fontes-de-energias-renovaveis-seu-papel-e-exemplos-1
2026-07-01 14:01:04 | INFO | Page catalog complete: /workspace/catalog/.pages/nossaenergia_petrobras_com_br_w_transicao-energetica_conheca-quais-sao-as-fontes-de-energias-renovaveis-seu-papel-e-exemplos-1--9de53b6c/page-catalog.json
2026-07-01 14:01:04 | INFO | SUCCESS: https://nossaenergia.petrobras.com.br/w/transicao-energetica/conheca-quais-sao-as-fontes-de-energias-renovaveis-seu-papel-e-exemplos-1
2026-07-01 14:01:05 | INFO | Lazy-load scroll complete
2026-07-01 14:01:05 | INFO | Phase 0B: Cleaning up overlays...
2026-07-01 14:01:06 | INFO | [163/190] Processing: https://nossaenergia.petrobras.com.br/w/transicao-energetica/e-possivel-plantar-combustivel-conheca-o-novo-diesel-r
2026-07-01 14:01:06 | INFO | Generated slug: nossaenergia_petrobras_com_br_w_transicao-energetica_e-possivel-plantar-combustivel-conheca-o-novo-diesel-r--86512fe1
2026-07-01 14:01:06 | INFO | Starting analysis: https://nossaenergia.petrobras.com.br/w/transicao-energetica/e-possivel-plantar-combustivel-conheca-o-novo-diesel-r -> /workspace/catalog/.pages/nossaenergia_petrobras_com_br_w_transicao-energetica_e-possivel-plantar-combustivel-conheca-o-novo-diesel-r--86512fe1
2026-07-01 14:01:06 | INFO | Loading: https://nossaenergia.petrobras.com.br/w/transicao-energetica/e-possivel-plantar-combustivel-conheca-o-novo-diesel-r
2026-07-01 14:01:10 | INFO | Phase 0A: Triggering lazy-loaded content...
2026-07-01 14:01:12 | INFO | Lazy-load scroll complete
2026-07-01 14:01:12 | INFO | Phase 0B: Cleaning up overlays...
2026-07-01 14:01:33 | INFO | Removed 5 elements: overlay, popup
📐 Detecting header/footer for this page...
2026-07-01 14:01:33 | INFO | Template - Reused saved header selector on current page
2026-07-01 14:01:33 | INFO | Template - Reused saved footer selector on current page
2026-07-01 14:01:33 | INFO | Header: moderate complexity, 2 features
2026-07-01 14:01:33 | INFO | Footer: moderate complexity, 2 features
2026-07-01 14:01:33 | INFO | Phase 2: Identifying main content area...
2026-07-01 14:01:33 | INFO | Main content: #main-content
2026-07-01 14:01:33 | INFO | Phase 3: Detecting blocks...
2026-07-01 14:01:33 | WARNING | Blocks - 73% of blocks are unknown - site uses non-EDS patterns
2026-07-01 14:01:33 | INFO | Phase 4: Capturing block screenshots...
2026-07-01 14:01:35 | INFO | Captured 11 block screenshots
2026-07-01 14:01:35 | INFO | Detected 11 blocks
2026-07-01 14:01:35 | INFO | Generating fingerprints for template discovery...
2026-07-01 14:01:37 | INFO |    Top-section: 21 rows via title
2026-07-01 14:01:37 | INFO |    Body start: y=525 (start row 21 via below-title)
2026-07-01 14:01:37 | INFO | URL Pattern: /w/transicao-energetica/descarbonizacao-e-produtos-de-baixo-carbono
2026-07-01 14:01:37 | INFO | Page catalog complete: /workspace/catalog/.pages/nossaenergia_petrobras_com_br_w_transicao-energetica_descarbonizacao-e-produtos-de-baixo-carbono--93c20503/page-catalog.json
2026-07-01 14:01:37 | INFO | SUCCESS: https://nossaenergia.petrobras.com.br/w/transicao-energetica/descarbonizacao-e-produtos-de-baixo-carbono
2026-07-01 14:01:37 | INFO | PROGRESS: 160/190 analyzed (84% checklist complete) | 160 ok, 0 failed, 0 skipped | ~10 min remaining
2026-07-01 14:01:39 | INFO | [164/190] Processing: https://nossaenergia.petrobras.com.br/w/transicao-energetica/eficiencia-energetica-como-reduzir-o-consumo-de-energia
2026-07-01 14:01:39 | INFO | Generated slug: nossaenergia_petrobras_com_br_w_transicao-energetica_eficiencia-energetica-como-reduzir-o-consumo-de-energia--5a49d50e
2026-07-01 14:01:39 | INFO | Starting analysis: https://nossaenergia.petrobras.com.br/w/transicao-energetica/eficiencia-energetica-como-reduzir-o-consumo-de-energia -> /workspace/catalog/.pages/nossaenergia_petrobras_com_br_w_transicao-energetica_eficiencia-energetica-como-reduzir-o-consumo-de-energia--5a49d50e
2026-07-01 14:01:40 | INFO | Loading: https://nossaenergia.petrobras.com.br/w/transicao-energetica/eficiencia-energetica-como-reduzir-o-consumo-de-energia
2026-07-01 14:01:43 | INFO | Phase 0A: Triggering lazy-loaded content...
2026-07-01 14:01:46 | INFO | Lazy-load scroll complete
2026-07-01 14:01:46 | INFO | Phase 0B: Cleaning up overlays...
2026-07-01 14:01:46 | INFO | Removed 5 elements: overlay, popup
📐 Detecting header/footer for this page...
2026-07-01 14:01:46 | INFO | Template - Reused saved header selector on current page
2026-07-01 14:01:46 | INFO | Template - Reused saved footer selector on current page
2026-07-01 14:01:46 | INFO | Header: moderate complexity, 2 features
2026-07-01 14:01:46 | INFO | Footer: moderate complexity, 2 features
2026-07-01 14:01:46 | INFO | Phase 2: Identifying main content area...
2026-07-01 14:01:46 | INFO | Main content: #main-content
2026-07-01 14:01:46 | INFO | Phase 3: Detecting blocks...
2026-07-01 14:01:46 | WARNING | Blocks - 63% of blocks are unknown - site uses non-EDS patterns
2026-07-01 14:01:46 | INFO | Phase 4: Capturing block screenshots...
2026-07-01 14:01:48 | INFO | Captured 8 block screenshots
2026-07-01 14:01:48 | INFO | Detected 8 blocks
2026-07-01 14:01:48 | INFO | Generating fingerprints for template discovery...
2026-07-01 14:01:50 | INFO |    Top-section: 16 rows via title+container
2026-07-01 14:01:50 | INFO |    Body start: y=400 (start row 16 via below-title+container)
2026-07-01 14:01:50 | INFO | URL Pattern: /w/transicao-energetica/consumo-consciente-na-pratica-veja-como-aplicar-no-seu-dia-a-dia
2026-07-01 14:01:50 | INFO | Page catalog complete: /workspace/catalog/.pages/nossaenergia_petrobras_com_br_w_transicao-energetica_consumo-consciente-na-pratica-veja-como-aplicar-no-seu-dia-a-dia--9a5206db/page-catalog.json
2026-07-01 14:01:50 | INFO | SUCCESS: https://nossaenergia.petrobras.com.br/w/transicao-energetica/consumo-consciente-na-pratica-veja-como-aplicar-no-seu-dia-a-dia
2026-07-01 14:01:52 | INFO | [165/190] Processing: https://nossaenergia.petrobras.com.br/w/transicao-energetica/energia-do-futuro-e-as-novas-tecnologias
2026-07-01 14:01:52 | INFO | Generated slug: nossaenergia_petrobras_com_br_w_transicao-energetica_energia-do-futuro-e-as-novas-tecnologias--e41e3ea5
2026-07-01 14:01:52 | INFO | Starting analysis: https://nossaenergia.petrobras.com.br/w/transicao-energetica/energia-do-futuro-e-as-novas-tecnologias -> /workspace/catalog/.pages/nossaenergia_petrobras_com_br_w_transicao-energetica_energia-do-futuro-e-as-novas-tecnologias--e41e3ea5
2026-07-01 14:01:52 | INFO | Loading: https://nossaenergia.petrobras.com.br/w/transicao-energetica/energia-do-futuro-e-as-novas-tecnologias
2026-07-01 14:01:56 | INFO | Phase 0A: Triggering lazy-loaded content...
2026-07-01 14:01:59 | INFO | Lazy-load scroll complete
2026-07-01 14:01:59 | INFO | Phase 0B: Cleaning up overlays...
2026-07-01 14:02:06 | INFO | Removed 5 elements: overlay, popup
📐 Detecting header/footer for this page...
2026-07-01 14:02:06 | INFO | Template - Reused saved header selector on current page
2026-07-01 14:02:06 | INFO | Template - Reused saved footer selector on current page
2026-07-01 14:02:06 | INFO | Header: moderate complexity, 2 features
2026-07-01 14:02:06 | INFO | Footer: moderate complexity, 2 features
2026-07-01 14:02:06 | INFO | Phase 2: Identifying main content area...
2026-07-01 14:02:06 | INFO | Main content: #main-content
2026-07-01 14:02:06 | INFO | Phase 3: Detecting blocks...
2026-07-01 14:02:06 | WARNING | Blocks - 63% of blocks are unknown - site uses non-EDS patterns
2026-07-01 14:02:06 | INFO | Phase 4: Capturing block screenshots...
2026-07-01 14:02:07 | INFO | Captured 8 block screenshots
2026-07-01 14:02:07 | INFO | Detected 8 blocks
2026-07-01 14:02:07 | INFO | Generating fingerprints for template discovery...
2026-07-01 14:02:10 | INFO |    Top-section: 16 rows via title+container
2026-07-01 14:02:10 | INFO |    Body start: y=400 (start row 16 via below-title+container)
2026-07-01 14:02:10 | INFO | URL Pattern: /w/transicao-energetica/descubra-os-impactos-da-transicao-energetica-no-cenario-mundial-e-as-expectativas-para-os-proximos-anos
2026-07-01 14:02:10 | INFO | Page catalog complete: /workspace/catalog/.pages/nossaenergia_petrobras_com_br_w_transicao-energetica_descubra-os-impactos-da-transicao-energetica-no-cenario-mundial-e-as-expectativas-para-os-proximos-anos--e579975c/page-catalog.json
2026-07-01 14:02:10 | INFO | SUCCESS: https://nossaenergia.petrobras.com.br/w/transicao-energetica/descubra-os-impactos-da-transicao-energetica-no-cenario-mundial-e-as-expectativas-para-os-proximos-anos
2026-07-01 14:02:12 | INFO | [166/190] Processing: https://nossaenergia.petrobras.com.br/w/transicao-energetica/energia-eolica-offshore
2026-07-01 14:02:12 | INFO | Generated slug: nossaenergia_petrobras_com_br_w_transicao-energetica_energia-eolica-offshore--1c30f59b
2026-07-01 14:02:12 | INFO | Starting analysis: https://nossaenergia.petrobras.com.br/w/transicao-energetica/energia-eolica-offshore -> /workspace/catalog/.pages/nossaenergia_petrobras_com_br_w_transicao-energetica_energia-eolica-offshore--1c30f59b
2026-07-01 14:02:12 | INFO | Loading: https://nossaenergia.petrobras.com.br/w/transicao-energetica/energia-eolica-offshore
2026-07-01 14:02:14 | INFO | Removed 5 elements: overlay, popup
📐 Detecting header/footer for this page...
2026-07-01 14:02:14 | INFO | Template - Reused saved header selector on current page
2026-07-01 14:02:14 | INFO | Template - Reused saved footer selector on current page
2026-07-01 14:02:14 | INFO | Header: moderate complexity, 2 features
2026-07-01 14:02:14 | INFO | Footer: moderate complexity, 2 features
2026-07-01 14:02:14 | INFO | Phase 2: Identifying main content area...
2026-07-01 14:02:14 | INFO | Main content: #main-content
2026-07-01 14:02:14 | INFO | Phase 3: Detecting blocks...
2026-07-01 14:02:14 | WARNING | Blocks - 56% of blocks are unknown - site uses non-EDS patterns
2026-07-01 14:02:14 | INFO | Phase 4: Capturing block screenshots...
2026-07-01 14:02:15 | INFO | Captured 9 block screenshots
2026-07-01 14:02:15 | INFO | Detected 9 blocks
2026-07-01 14:02:15 | INFO | Generating fingerprints for template discovery...
2026-07-01 14:02:16 | INFO | Phase 0A: Triggering lazy-loaded content...
2026-07-01 14:02:18 | INFO |    Top-section: 17 rows via title+container
2026-07-01 14:02:18 | INFO |    Body start: y=404 (start row 16 via below-title+container)
2026-07-01 14:02:18 | INFO | URL Pattern: /w/transicao-energetica/e-possivel-plantar-combustivel-conheca-o-novo-diesel-r
2026-07-01 14:02:18 | INFO | Page catalog complete: /workspace/catalog/.pages/nossaenergia_petrobras_com_br_w_transicao-energetica_e-possivel-plantar-combustivel-conheca-o-novo-diesel-r--86512fe1/page-catalog.json
2026-07-01 14:02:18 | INFO | SUCCESS: https://nossaenergia.petrobras.com.br/w/transicao-energetica/e-possivel-plantar-combustivel-conheca-o-novo-diesel-r
2026-07-01 14:02:18 | INFO | Lazy-load scroll complete
2026-07-01 14:02:18 | INFO | Phase 0B: Cleaning up overlays...
2026-07-01 14:02:20 | INFO | [167/190] Processing: https://nossaenergia.petrobras.com.br/w/transicao-energetica/energia-eolica-uma-das-mais-antigas-formas-de-energia-garantindo-um-futuro-mais-sustentavel
2026-07-01 14:02:20 | INFO | Generated slug: nossaenergia_petrobras_com_br_w_transicao-energetica_energia-eolica-uma-das-mais-antigas-formas-de-energia-garantindo-um-futuro-mais-sustentavel--f11f234c
2026-07-01 14:02:20 | INFO | Starting analysis: https://nossaenergia.petrobras.com.br/w/transicao-energetica/energia-eolica-uma-das-mais-antigas-formas-de-energia-garantindo-um-futuro-mais-sustentavel -> /workspace/catalog/.pages/nossaenergia_petrobras_com_br_w_transicao-energetica_energia-eolica-uma-das-mais-antigas-formas-de-energia-garantindo-um-futuro-mais-sustentavel--f11f234c
2026-07-01 14:02:20 | INFO | Loading: https://nossaenergia.petrobras.com.br/w/transicao-energetica/energia-eolica-uma-das-mais-antigas-formas-de-energia-garantindo-um-futuro-mais-sustentavel
2026-07-01 14:02:24 | INFO | Phase 0A: Triggering lazy-loaded content...
2026-07-01 14:02:26 | INFO | Lazy-load scroll complete
2026-07-01 14:02:26 | INFO | Phase 0B: Cleaning up overlays...
2026-07-01 14:02:47 | INFO | Removed 5 elements: overlay, popup
📐 Detecting header/footer for this page...
2026-07-01 14:02:47 | INFO | Template - Reused saved header selector on current page
2026-07-01 14:02:47 | INFO | Template - Reused saved footer selector on current page
2026-07-01 14:02:47 | INFO | Header: moderate complexity, 2 features
2026-07-01 14:02:47 | INFO | Footer: moderate complexity, 2 features
2026-07-01 14:02:47 | INFO | Phase 2: Identifying main content area...
2026-07-01 14:02:47 | INFO | Main content: #main-content
2026-07-01 14:02:47 | INFO | Phase 3: Detecting blocks...
2026-07-01 14:02:47 | WARNING | Blocks - 75% of blocks are unknown - site uses non-EDS patterns
2026-07-01 14:02:47 | INFO | Phase 4: Capturing block screenshots...
2026-07-01 14:02:49 | INFO | Captured 8 block screenshots
2026-07-01 14:02:49 | INFO | Detected 8 blocks
2026-07-01 14:02:49 | INFO | Generating fingerprints for template discovery...
2026-07-01 14:02:51 | INFO |    Top-section: 17 rows via title+container
2026-07-01 14:02:51 | INFO |    Body start: y=425 (start row 17 via below-title+container)
2026-07-01 14:02:51 | INFO | URL Pattern: /w/transicao-energetica/eficiencia-energetica-como-reduzir-o-consumo-de-energia
2026-07-01 14:02:51 | INFO | Page catalog complete: /workspace/catalog/.pages/nossaenergia_petrobras_com_br_w_transicao-energetica_eficiencia-energetica-como-reduzir-o-consumo-de-energia--5a49d50e/page-catalog.json
2026-07-01 14:02:51 | INFO | SUCCESS: https://nossaenergia.petrobras.com.br/w/transicao-energetica/eficiencia-energetica-como-reduzir-o-consumo-de-energia
2026-07-01 14:02:53 | INFO | [168/190] Processing: https://nossaenergia.petrobras.com.br/w/transicao-energetica/lideranca-na-transicao-energetica-justa
2026-07-01 14:02:53 | INFO | Generated slug: nossaenergia_petrobras_com_br_w_transicao-energetica_lideranca-na-transicao-energetica-justa--d3ab1c1e
2026-07-01 14:02:53 | INFO | Starting analysis: https://nossaenergia.petrobras.com.br/w/transicao-energetica/lideranca-na-transicao-energetica-justa -> /workspace/catalog/.pages/nossaenergia_petrobras_com_br_w_transicao-energetica_lideranca-na-transicao-energetica-justa--d3ab1c1e
2026-07-01 14:02:53 | INFO | Loading: https://nossaenergia.petrobras.com.br/w/transicao-energetica/lideranca-na-transicao-energetica-justa
2026-07-01 14:02:57 | INFO | Phase 0A: Triggering lazy-loaded content...
2026-07-01 14:02:59 | INFO | Lazy-load scroll complete
2026-07-01 14:02:59 | INFO | Phase 0B: Cleaning up overlays...
2026-07-01 14:03:00 | INFO | Removed 5 elements: overlay, popup
📐 Detecting header/footer for this page...
2026-07-01 14:03:00 | INFO | Template - Reused saved header selector on current page
2026-07-01 14:03:00 | INFO | Template - Reused saved footer selector on current page
2026-07-01 14:03:00 | INFO | Header: moderate complexity, 2 features
2026-07-01 14:03:00 | INFO | Footer: moderate complexity, 2 features
2026-07-01 14:03:00 | INFO | Phase 2: Identifying main content area...
2026-07-01 14:03:00 | INFO | Main content: #main-content
2026-07-01 14:03:00 | INFO | Phase 3: Detecting blocks...
2026-07-01 14:03:00 | WARNING | Blocks - 57% of blocks are unknown - site uses non-EDS patterns
2026-07-01 14:03:00 | INFO | Phase 4: Capturing block screenshots...
2026-07-01 14:03:01 | INFO | Captured 7 block screenshots
2026-07-01 14:03:01 | INFO | Detected 7 blocks
2026-07-01 14:03:01 | INFO | Generating fingerprints for template discovery...
2026-07-01 14:03:04 | INFO |    Top-section: 16 rows via title+container
2026-07-01 14:03:04 | INFO |    Body start: y=400 (start row 16 via below-title+container)
2026-07-01 14:03:04 | INFO | URL Pattern: /w/transicao-energetica/energia-do-futuro-e-as-novas-tecnologias
2026-07-01 14:03:04 | INFO | Page catalog complete: /workspace/catalog/.pages/nossaenergia_petrobras_com_br_w_transicao-energetica_energia-do-futuro-e-as-novas-tecnologias--e41e3ea5/page-catalog.json
2026-07-01 14:03:04 | INFO | SUCCESS: https://nossaenergia.petrobras.com.br/w/transicao-energetica/energia-do-futuro-e-as-novas-tecnologias
2026-07-01 14:03:04 | INFO | PROGRESS: 165/190 analyzed (87% checklist complete) | 165 ok, 0 failed, 0 skipped | ~8 min remaining
2026-07-01 14:03:06 | INFO | [169/190] Processing: https://nossaenergia.petrobras.com.br/w/transicao-energetica/lideranca-na-transicao-energetica-justa-1
2026-07-01 14:03:06 | INFO | Generated slug: nossaenergia_petrobras_com_br_w_transicao-energetica_lideranca-na-transicao-energetica-justa-1--fa441121
2026-07-01 14:03:06 | INFO | Starting analysis: https://nossaenergia.petrobras.com.br/w/transicao-energetica/lideranca-na-transicao-energetica-justa-1 -> /workspace/catalog/.pages/nossaenergia_petrobras_com_br_w_transicao-energetica_lideranca-na-transicao-energetica-justa-1--fa441121
2026-07-01 14:03:06 | INFO | Loading: https://nossaenergia.petrobras.com.br/w/transicao-energetica/lideranca-na-transicao-energetica-justa-1
2026-07-01 14:03:09 | INFO | Phase 0A: Triggering lazy-loaded content...
2026-07-01 14:03:11 | INFO | Lazy-load scroll complete
2026-07-01 14:03:11 | INFO | Phase 0B: Cleaning up overlays...
2026-07-01 14:03:19 | INFO | Removed 5 elements: overlay, popup
📐 Detecting header/footer for this page...
2026-07-01 14:03:19 | INFO | Template - Reused saved header selector on current page
2026-07-01 14:03:19 | INFO | Template - Reused saved footer selector on current page
2026-07-01 14:03:19 | INFO | Header: moderate complexity, 2 features
2026-07-01 14:03:19 | INFO | Footer: moderate complexity, 2 features
2026-07-01 14:03:19 | INFO | Phase 2: Identifying main content area...
2026-07-01 14:03:19 | INFO | Main content: #main-content
2026-07-01 14:03:19 | INFO | Phase 3: Detecting blocks...
2026-07-01 14:03:19 | WARNING | Blocks - 57% of blocks are unknown - site uses non-EDS patterns
2026-07-01 14:03:19 | INFO | Phase 4: Capturing block screenshots...
2026-07-01 14:03:21 | INFO | Captured 7 block screenshots
2026-07-01 14:03:21 | INFO | Detected 7 blocks
2026-07-01 14:03:21 | INFO | Generating fingerprints for template discovery...
2026-07-01 14:03:23 | INFO |    Top-section: 16 rows via title+container
2026-07-01 14:03:23 | INFO |    Body start: y=400 (start row 16 via below-title+container)
2026-07-01 14:03:23 | INFO | URL Pattern: /w/transicao-energetica/energia-eolica-offshore
2026-07-01 14:03:23 | INFO | Page catalog complete: /workspace/catalog/.pages/nossaenergia_petrobras_com_br_w_transicao-energetica_energia-eolica-offshore--1c30f59b/page-catalog.json
2026-07-01 14:03:23 | INFO | SUCCESS: https://nossaenergia.petrobras.com.br/w/transicao-energetica/energia-eolica-offshore
2026-07-01 14:03:25 | INFO | [170/190] Processing: https://nossaenergia.petrobras.com.br/w/transicao-energetica/matriz-energetica-o-que-e-e-o-que-estamos-fazendo
2026-07-01 14:03:25 | INFO | Generated slug: nossaenergia_petrobras_com_br_w_transicao-energetica_matriz-energetica-o-que-e-e-o-que-estamos-fazendo--654dde92
2026-07-01 14:03:25 | INFO | Starting analysis: https://nossaenergia.petrobras.com.br/w/transicao-energetica/matriz-energetica-o-que-e-e-o-que-estamos-fazendo -> /workspace/catalog/.pages/nossaenergia_petrobras_com_br_w_transicao-energetica_matriz-energetica-o-que-e-e-o-que-estamos-fazendo--654dde92
2026-07-01 14:03:25 | INFO | Loading: https://nossaenergia.petrobras.com.br/w/transicao-energetica/matriz-energetica-o-que-e-e-o-que-estamos-fazendo
2026-07-01 14:03:27 | INFO | Removed 5 elements: overlay, popup
📐 Detecting header/footer for this page...
2026-07-01 14:03:27 | INFO | Template - Reused saved header selector on current page
2026-07-01 14:03:27 | INFO | Template - Reused saved footer selector on current page
2026-07-01 14:03:27 | INFO | Header: moderate complexity, 2 features
2026-07-01 14:03:27 | INFO | Footer: moderate complexity, 2 features
2026-07-01 14:03:27 | INFO | Phase 2: Identifying main content area...
2026-07-01 14:03:27 | INFO | Main content: #main-content
2026-07-01 14:03:27 | INFO | Phase 3: Detecting blocks...
2026-07-01 14:03:27 | WARNING | Blocks - 63% of blocks are unknown - site uses non-EDS patterns
2026-07-01 14:03:27 | INFO | Phase 4: Capturing block screenshots...
2026-07-01 14:03:29 | INFO | Captured 8 block screenshots
2026-07-01 14:03:29 | INFO | Detected 8 blocks
2026-07-01 14:03:29 | INFO | Generating fingerprints for template discovery...
2026-07-01 14:03:29 | INFO | Phase 0A: Triggering lazy-loaded content...
2026-07-01 14:03:31 | INFO |    Top-section: 16 rows via title+container
2026-07-01 14:03:31 | INFO |    Body start: y=400 (start row 16 via below-title+container)
2026-07-01 14:03:31 | INFO | URL Pattern: /w/transicao-energetica/energia-eolica-uma-das-mais-antigas-formas-de-energia-garantindo-um-futuro-mais-sustentavel
2026-07-01 14:03:31 | INFO | Page catalog complete: /workspace/catalog/.pages/nossaenergia_petrobras_com_br_w_transicao-energetica_energia-eolica-uma-das-mais-antigas-formas-de-energia-garantindo-um-futuro-mais-sustentavel--f11f234c/page-catalog.json
2026-07-01 14:03:31 | INFO | SUCCESS: https://nossaenergia.petrobras.com.br/w/transicao-energetica/energia-eolica-uma-das-mais-antigas-formas-de-energia-garantindo-um-futuro-mais-sustentavel
2026-07-01 14:03:32 | INFO | Lazy-load scroll complete
2026-07-01 14:03:32 | INFO | Phase 0B: Cleaning up overlays...
2026-07-01 14:03:33 | INFO | [171/190] Processing: https://nossaenergia.petrobras.com.br/w/transicao-energetica/mudancas-climaticas-impactos-e-causas
2026-07-01 14:03:33 | INFO | Generated slug: nossaenergia_petrobras_com_br_w_transicao-energetica_mudancas-climaticas-impactos-e-causas--e1e732bd
2026-07-01 14:03:33 | INFO | Starting analysis: https://nossaenergia.petrobras.com.br/w/transicao-energetica/mudancas-climaticas-impactos-e-causas -> /workspace/catalog/.pages/nossaenergia_petrobras_com_br_w_transicao-energetica_mudancas-climaticas-impactos-e-causas--e1e732bd
2026-07-01 14:03:33 | INFO | Loading: https://nossaenergia.petrobras.com.br/w/transicao-energetica/mudancas-climaticas-impactos-e-causas
2026-07-01 14:03:37 | INFO | Phase 0A: Triggering lazy-loaded content...
2026-07-01 14:03:39 | INFO | Lazy-load scroll complete
2026-07-01 14:03:39 | INFO | Phase 0B: Cleaning up overlays...
2026-07-01 14:04:00 | INFO | Removed 5 elements: overlay, popup
📐 Detecting header/footer for this page...
2026-07-01 14:04:00 | INFO | Template - Reused saved header selector on current page
2026-07-01 14:04:00 | INFO | Template - Reused saved footer selector on current page
2026-07-01 14:04:00 | INFO | Header: moderate complexity, 2 features
2026-07-01 14:04:00 | INFO | Footer: moderate complexity, 2 features
2026-07-01 14:04:00 | INFO | Phase 2: Identifying main content area...
2026-07-01 14:04:00 | INFO | Main content: #main-content
2026-07-01 14:04:00 | INFO | Phase 3: Detecting blocks...
2026-07-01 14:04:00 | WARNING | Blocks - 57% of blocks are unknown - site uses non-EDS patterns
2026-07-01 14:04:00 | INFO | Phase 4: Capturing block screenshots...
2026-07-01 14:04:01 | INFO | Captured 7 block screenshots
2026-07-01 14:04:01 | INFO | Detected 7 blocks
2026-07-01 14:04:01 | INFO | Generating fingerprints for template discovery...
2026-07-01 14:04:04 | INFO |    Top-section: 14 rows via title+container
2026-07-01 14:04:04 | INFO |    Body start: y=350 (start row 14 via below-title+container)
2026-07-01 14:04:04 | INFO | URL Pattern: /w/transicao-energetica/lideranca-na-transicao-energetica-justa
2026-07-01 14:04:04 | INFO | Page catalog complete: /workspace/catalog/.pages/nossaenergia_petrobras_com_br_w_transicao-energetica_lideranca-na-transicao-energetica-justa--d3ab1c1e/page-catalog.json
2026-07-01 14:04:04 | INFO | SUCCESS: https://nossaenergia.petrobras.com.br/w/transicao-energetica/lideranca-na-transicao-energetica-justa
2026-07-01 14:04:06 | INFO | [172/190] Processing: https://nossaenergia.petrobras.com.br/w/transicao-energetica/perfil-de-emissoes-e-energia-do-g20
2026-07-01 14:04:06 | INFO | Generated slug: nossaenergia_petrobras_com_br_w_transicao-energetica_perfil-de-emissoes-e-energia-do-g20--d82e80c4
2026-07-01 14:04:06 | INFO | Starting analysis: https://nossaenergia.petrobras.com.br/w/transicao-energetica/perfil-de-emissoes-e-energia-do-g20 -> /workspace/catalog/.pages/nossaenergia_petrobras_com_br_w_transicao-energetica_perfil-de-emissoes-e-energia-do-g20--d82e80c4
2026-07-01 14:04:06 | INFO | Loading: https://nossaenergia.petrobras.com.br/w/transicao-energetica/perfil-de-emissoes-e-energia-do-g20
2026-07-01 14:04:10 | INFO | Phase 0A: Triggering lazy-loaded content...
2026-07-01 14:04:12 | INFO | Removed 5 elements: overlay, popup
📐 Detecting header/footer for this page...
2026-07-01 14:04:12 | INFO | Template - Reused saved header selector on current page
2026-07-01 14:04:12 | INFO | Template - Reused saved footer selector on current page
2026-07-01 14:04:12 | INFO | Header: moderate complexity, 2 features
2026-07-01 14:04:12 | INFO | Footer: moderate complexity, 2 features
2026-07-01 14:04:12 | INFO | Phase 2: Identifying main content area...
2026-07-01 14:04:12 | INFO | Main content: #main-content
2026-07-01 14:04:12 | INFO | Phase 3: Detecting blocks...
2026-07-01 14:04:12 | WARNING | Blocks - 57% of blocks are unknown - site uses non-EDS patterns
2026-07-01 14:04:12 | INFO | Phase 4: Capturing block screenshots...
2026-07-01 14:04:12 | INFO | Lazy-load scroll complete
2026-07-01 14:04:12 | INFO | Phase 0B: Cleaning up overlays...
2026-07-01 14:04:13 | INFO | Captured 7 block screenshots
2026-07-01 14:04:13 | INFO | Detected 7 blocks
2026-07-01 14:04:13 | INFO | Generating fingerprints for template discovery...
2026-07-01 14:04:16 | INFO |    Top-section: 14 rows via title+container
2026-07-01 14:04:16 | INFO |    Body start: y=350 (start row 14 via below-title+container)
2026-07-01 14:04:16 | INFO | URL Pattern: /w/transicao-energetica/lideranca-na-transicao-energetica-justa-1
2026-07-01 14:04:16 | INFO | Page catalog complete: /workspace/catalog/.pages/nossaenergia_petrobras_com_br_w_transicao-energetica_lideranca-na-transicao-energetica-justa-1--fa441121/page-catalog.json
2026-07-01 14:04:16 | INFO | SUCCESS: https://nossaenergia.petrobras.com.br/w/transicao-energetica/lideranca-na-transicao-energetica-justa-1
2026-07-01 14:04:18 | INFO | [173/190] Processing: https://nossaenergia.petrobras.com.br/w/transicao-energetica/podcast-nossa-energia
2026-07-01 14:04:18 | INFO | Generated slug: nossaenergia_petrobras_com_br_w_transicao-energetica_podcast-nossa-energia--57787f95
2026-07-01 14:04:18 | INFO | Starting analysis: https://nossaenergia.petrobras.com.br/w/transicao-energetica/podcast-nossa-energia -> /workspace/catalog/.pages/nossaenergia_petrobras_com_br_w_transicao-energetica_podcast-nossa-energia--57787f95
2026-07-01 14:04:18 | INFO | Loading: https://nossaenergia.petrobras.com.br/w/transicao-energetica/podcast-nossa-energia
2026-07-01 14:04:22 | INFO | Phase 0A: Triggering lazy-loaded content...
2026-07-01 14:04:23 | INFO | Lazy-load scroll complete
2026-07-01 14:04:23 | INFO | Phase 0B: Cleaning up overlays...
2026-07-01 14:04:33 | INFO | Removed 5 elements: overlay, popup
📐 Detecting header/footer for this page...
2026-07-01 14:04:33 | INFO | Template - Reused saved header selector on current page
2026-07-01 14:04:33 | INFO | Template - Reused saved footer selector on current page
2026-07-01 14:04:33 | INFO | Header: moderate complexity, 2 features
2026-07-01 14:04:33 | INFO | Footer: moderate complexity, 2 features
2026-07-01 14:04:33 | INFO | Phase 2: Identifying main content area...
2026-07-01 14:04:33 | INFO | Main content: #main-content
2026-07-01 14:04:33 | INFO | Phase 3: Detecting blocks...
2026-07-01 14:04:33 | WARNING | Blocks - 70% of blocks are unknown - site uses non-EDS patterns
2026-07-01 14:04:33 | INFO | Phase 4: Capturing block screenshots...
2026-07-01 14:04:35 | INFO | Captured 10 block screenshots
2026-07-01 14:04:35 | INFO | Detected 10 blocks
2026-07-01 14:04:35 | INFO | Generating fingerprints for template discovery...
2026-07-01 14:04:37 | INFO |    Top-section: 17 rows via title+container
2026-07-01 14:04:37 | INFO |    Body start: y=425 (start row 17 via below-title+container)
2026-07-01 14:04:37 | INFO | URL Pattern: /w/transicao-energetica/matriz-energetica-o-que-e-e-o-que-estamos-fazendo
2026-07-01 14:04:37 | INFO | Page catalog complete: /workspace/catalog/.pages/nossaenergia_petrobras_com_br_w_transicao-energetica_matriz-energetica-o-que-e-e-o-que-estamos-fazendo--654dde92/page-catalog.json
2026-07-01 14:04:37 | INFO | SUCCESS: https://nossaenergia.petrobras.com.br/w/transicao-energetica/matriz-energetica-o-que-e-e-o-que-estamos-fazendo
2026-07-01 14:04:37 | INFO | PROGRESS: 170/190 analyzed (89% checklist complete) | 170 ok, 0 failed, 0 skipped | ~7 min remaining
2026-07-01 14:04:39 | INFO | [174/190] Processing: https://nossaenergia.petrobras.com.br/w/transicao-energetica/podium-gasolina-carbono-neutro
2026-07-01 14:04:39 | INFO | Generated slug: nossaenergia_petrobras_com_br_w_transicao-energetica_podium-gasolina-carbono-neutro--846c559a
2026-07-01 14:04:39 | INFO | Starting analysis: https://nossaenergia.petrobras.com.br/w/transicao-energetica/podium-gasolina-carbono-neutro -> /workspace/catalog/.pages/nossaenergia_petrobras_com_br_w_transicao-energetica_podium-gasolina-carbono-neutro--846c559a
2026-07-01 14:04:39 | INFO | Loading: https://nossaenergia.petrobras.com.br/w/transicao-energetica/podium-gasolina-carbono-neutro
2026-07-01 14:04:40 | INFO | Removed 5 elements: overlay, popup
📐 Detecting header/footer for this page...
2026-07-01 14:04:40 | INFO | Template - Reused saved header selector on current page
2026-07-01 14:04:40 | INFO | Template - Reused saved footer selector on current page
2026-07-01 14:04:40 | INFO | Header: moderate complexity, 2 features
2026-07-01 14:04:40 | INFO | Footer: moderate complexity, 2 features
2026-07-01 14:04:40 | INFO | Phase 2: Identifying main content area...
2026-07-01 14:04:40 | INFO | Main content: #main-content
2026-07-01 14:04:41 | INFO | Phase 3: Detecting blocks...
2026-07-01 14:04:41 | WARNING | Blocks - 50% of blocks are unknown - site uses non-EDS patterns
2026-07-01 14:04:41 | INFO | Phase 4: Capturing block screenshots...
2026-07-01 14:04:42 | INFO | Captured 8 block screenshots
2026-07-01 14:04:42 | INFO | Detected 8 blocks
2026-07-01 14:04:42 | INFO | Generating fingerprints for template discovery...
2026-07-01 14:04:43 | INFO | Phase 0A: Triggering lazy-loaded content...
2026-07-01 14:04:44 | INFO |    Top-section: 16 rows via title+container
2026-07-01 14:04:44 | INFO |    Body start: y=400 (start row 16 via below-title+container)
2026-07-01 14:04:44 | INFO | URL Pattern: /w/transicao-energetica/mudancas-climaticas-impactos-e-causas
2026-07-01 14:04:44 | INFO | Page catalog complete: /workspace/catalog/.pages/nossaenergia_petrobras_com_br_w_transicao-energetica_mudancas-climaticas-impactos-e-causas--e1e732bd/page-catalog.json
2026-07-01 14:04:44 | INFO | SUCCESS: https://nossaenergia.petrobras.com.br/w/transicao-energetica/mudancas-climaticas-impactos-e-causas
2026-07-01 14:04:46 | INFO | Lazy-load scroll complete
2026-07-01 14:04:46 | INFO | Phase 0B: Cleaning up overlays...
2026-07-01 14:04:46 | INFO | [175/190] Processing: https://nossaenergia.petrobras.com.br/w/transicao-energetica/producao-fertilizantes-seguranca-alimentar-agronegocio
2026-07-01 14:04:46 | INFO | Generated slug: nossaenergia_petrobras_com_br_w_transicao-energetica_producao-fertilizantes-seguranca-alimentar-agronegocio--8e6ade25
2026-07-01 14:04:46 | INFO | Starting analysis: https://nossaenergia.petrobras.com.br/w/transicao-energetica/producao-fertilizantes-seguranca-alimentar-agronegocio -> /workspace/catalog/.pages/nossaenergia_petrobras_com_br_w_transicao-energetica_producao-fertilizantes-seguranca-alimentar-agronegocio--8e6ade25
2026-07-01 14:04:46 | INFO | Loading: https://nossaenergia.petrobras.com.br/w/transicao-energetica/producao-fertilizantes-seguranca-alimentar-agronegocio
2026-07-01 14:04:50 | INFO | Phase 0A: Triggering lazy-loaded content...
2026-07-01 14:04:52 | INFO | Lazy-load scroll complete
2026-07-01 14:04:52 | INFO | Phase 0B: Cleaning up overlays...
2026-07-01 14:05:14 | INFO | Removed 5 elements: overlay, popup
📐 Detecting header/footer for this page...
2026-07-01 14:05:14 | INFO | Template - Reused saved header selector on current page
2026-07-01 14:05:14 | INFO | Template - Reused saved footer selector on current page
2026-07-01 14:05:14 | INFO | Header: moderate complexity, 2 features
2026-07-01 14:05:14 | INFO | Footer: moderate complexity, 2 features
2026-07-01 14:05:14 | INFO | Phase 2: Identifying main content area...
2026-07-01 14:05:14 | INFO | Main content: #main-content
2026-07-01 14:05:14 | INFO | Phase 3: Detecting blocks...
2026-07-01 14:05:14 | WARNING | Blocks - 57% of blocks are unknown - site uses non-EDS patterns
2026-07-01 14:05:14 | INFO | Phase 4: Capturing block screenshots...
2026-07-01 14:05:15 | INFO | Captured 7 block screenshots
2026-07-01 14:05:15 | INFO | Detected 7 blocks
2026-07-01 14:05:15 | INFO | Generating fingerprints for template discovery...
2026-07-01 14:05:18 | INFO |    Top-section: 14 rows via title+container
2026-07-01 14:05:18 | INFO |    Body start: y=350 (start row 14 via below-title+container)
2026-07-01 14:05:18 | INFO | URL Pattern: /w/transicao-energetica/perfil-de-emissoes-e-energia-do-g20
2026-07-01 14:05:18 | INFO | Page catalog complete: /workspace/catalog/.pages/nossaenergia_petrobras_com_br_w_transicao-energetica_perfil-de-emissoes-e-energia-do-g20--d82e80c4/page-catalog.json
2026-07-01 14:05:18 | INFO | SUCCESS: https://nossaenergia.petrobras.com.br/w/transicao-energetica/perfil-de-emissoes-e-energia-do-g20
2026-07-01 14:05:20 | INFO | [176/190] Processing: https://nossaenergia.petrobras.com.br/w/transicao-energetica/producao-fertilizantes-seguranca-energetica-agronegocio
2026-07-01 14:05:20 | INFO | Generated slug: nossaenergia_petrobras_com_br_w_transicao-energetica_producao-fertilizantes-seguranca-energetica-agronegocio--a2ffe0a4
2026-07-01 14:05:20 | INFO | Starting analysis: https://nossaenergia.petrobras.com.br/w/transicao-energetica/producao-fertilizantes-seguranca-energetica-agronegocio -> /workspace/catalog/.pages/nossaenergia_petrobras_com_br_w_transicao-energetica_producao-fertilizantes-seguranca-energetica-agronegocio--a2ffe0a4
2026-07-01 14:05:20 | INFO | Loading: https://nossaenergia.petrobras.com.br/w/transicao-energetica/producao-fertilizantes-seguranca-energetica-agronegocio
2026-07-01 14:05:23 | INFO | Phase 0A: Triggering lazy-loaded content...
2026-07-01 14:05:25 | INFO | Removed 5 elements: overlay, popup
📐 Detecting header/footer for this page...
2026-07-01 14:05:25 | INFO | Template - Reused saved header selector on current page
2026-07-01 14:05:25 | INFO | Template - Reused saved footer selector on current page
2026-07-01 14:05:25 | INFO | Header: moderate complexity, 2 features
2026-07-01 14:05:25 | INFO | Footer: moderate complexity, 2 features
2026-07-01 14:05:25 | INFO | Phase 2: Identifying main content area...
2026-07-01 14:05:25 | INFO | Main content: #main-content
2026-07-01 14:05:25 | INFO | Phase 3: Detecting blocks...
2026-07-01 14:05:25 | WARNING | Blocks - 50% of blocks are unknown - site uses non-EDS patterns
2026-07-01 14:05:25 | INFO | Phase 4: Capturing block screenshots...
2026-07-01 14:05:25 | INFO | Lazy-load scroll complete
2026-07-01 14:05:25 | INFO | Phase 0B: Cleaning up overlays...
2026-07-01 14:05:26 | INFO | Captured 8 block screenshots
2026-07-01 14:05:26 | INFO | Detected 8 blocks
2026-07-01 14:05:26 | INFO | Generating fingerprints for template discovery...
2026-07-01 14:05:28 | INFO |    Top-section: 17 rows via title+container
2026-07-01 14:05:28 | INFO |    Body start: y=404 (start row 16 via below-title+container)
2026-07-01 14:05:28 | INFO | URL Pattern: /w/transicao-energetica/podcast-nossa-energia
2026-07-01 14:05:28 | INFO | Page catalog complete: /workspace/catalog/.pages/nossaenergia_petrobras_com_br_w_transicao-energetica_podcast-nossa-energia--57787f95/page-catalog.json
2026-07-01 14:05:28 | INFO | SUCCESS: https://nossaenergia.petrobras.com.br/w/transicao-energetica/podcast-nossa-energia
2026-07-01 14:05:30 | INFO | [177/190] Processing: https://nossaenergia.petrobras.com.br/w/transicao-energetica/reinjecao-de-co2-no-pre-sal-ccus
2026-07-01 14:05:30 | INFO | Generated slug: nossaenergia_petrobras_com_br_w_transicao-energetica_reinjecao-de-co2-no-pre-sal-ccus--a0b88d4e
2026-07-01 14:05:30 | INFO | Starting analysis: https://nossaenergia.petrobras.com.br/w/transicao-energetica/reinjecao-de-co2-no-pre-sal-ccus -> /workspace/catalog/.pages/nossaenergia_petrobras_com_br_w_transicao-energetica_reinjecao-de-co2-no-pre-sal-ccus--a0b88d4e
2026-07-01 14:05:30 | INFO | Loading: https://nossaenergia.petrobras.com.br/w/transicao-energetica/reinjecao-de-co2-no-pre-sal-ccus
2026-07-01 14:05:34 | INFO | Phase 0A: Triggering lazy-loaded content...
2026-07-01 14:05:37 | INFO | Lazy-load scroll complete
2026-07-01 14:05:37 | INFO | Phase 0B: Cleaning up overlays...
2026-07-01 14:05:47 | INFO | Removed 5 elements: overlay, popup
📐 Detecting header/footer for this page...
2026-07-01 14:05:47 | INFO | Template - Reused saved header selector on current page
2026-07-01 14:05:47 | INFO | Template - Reused saved footer selector on current page
2026-07-01 14:05:47 | INFO | Header: moderate complexity, 2 features
2026-07-01 14:05:47 | INFO | Footer: moderate complexity, 2 features
2026-07-01 14:05:47 | INFO | Phase 2: Identifying main content area...
2026-07-01 14:05:47 | INFO | Main content: #main-content
2026-07-01 14:05:47 | INFO | Phase 3: Detecting blocks...
2026-07-01 14:05:47 | WARNING | Blocks - 50% of blocks are unknown - site uses non-EDS patterns
2026-07-01 14:05:47 | INFO | Phase 4: Capturing block screenshots...
2026-07-01 14:05:48 | INFO | Captured 8 block screenshots
2026-07-01 14:05:48 | INFO | Detected 8 blocks
2026-07-01 14:05:48 | INFO | Generating fingerprints for template discovery...
2026-07-01 14:05:51 | INFO |    Top-section: 16 rows via title+container
2026-07-01 14:05:51 | INFO |    Body start: y=400 (start row 16 via below-title+container)
2026-07-01 14:05:51 | INFO | URL Pattern: /w/transicao-energetica/podium-gasolina-carbono-neutro
2026-07-01 14:05:51 | INFO | Page catalog complete: /workspace/catalog/.pages/nossaenergia_petrobras_com_br_w_transicao-energetica_podium-gasolina-carbono-neutro--846c559a/page-catalog.json
2026-07-01 14:05:51 | INFO | SUCCESS: https://nossaenergia.petrobras.com.br/w/transicao-energetica/podium-gasolina-carbono-neutro
2026-07-01 14:05:53 | INFO | [178/190] Processing: https://nossaenergia.petrobras.com.br/w/transicao-energetica/saf-veja-como-investimos-em-tecnologia-rumo-ao-futuro-dos-combustiveis-sustentaveis
2026-07-01 14:05:53 | INFO | Generated slug: nossaenergia_petrobras_com_br_w_transicao-energetica_saf-veja-como-investimos-em-tecnologia-rumo-ao-futuro-dos-combustiveis-sustentaveis--6640f9b5
2026-07-01 14:05:53 | INFO | Starting analysis: https://nossaenergia.petrobras.com.br/w/transicao-energetica/saf-veja-como-investimos-em-tecnologia-rumo-ao-futuro-dos-combustiveis-sustentaveis -> /workspace/catalog/.pages/nossaenergia_petrobras_com_br_w_transicao-energetica_saf-veja-como-investimos-em-tecnologia-rumo-ao-futuro-dos-combustiveis-sustentaveis--6640f9b5
2026-07-01 14:05:53 | INFO | Loading: https://nossaenergia.petrobras.com.br/w/transicao-energetica/saf-veja-como-investimos-em-tecnologia-rumo-ao-futuro-dos-combustiveis-sustentaveis
2026-07-01 14:05:54 | INFO | Removed 5 elements: overlay, popup
📐 Detecting header/footer for this page...
2026-07-01 14:05:54 | INFO | Template - Reused saved header selector on current page
2026-07-01 14:05:54 | INFO | Template - Reused saved footer selector on current page
2026-07-01 14:05:54 | INFO | Header: moderate complexity, 2 features
2026-07-01 14:05:54 | INFO | Footer: moderate complexity, 2 features
2026-07-01 14:05:54 | INFO | Phase 2: Identifying main content area...
2026-07-01 14:05:54 | INFO | Main content: #main-content
2026-07-01 14:05:54 | INFO | Phase 3: Detecting blocks...
2026-07-01 14:05:54 | WARNING | Blocks - 63% of blocks are unknown - site uses non-EDS patterns
2026-07-01 14:05:54 | INFO | Phase 4: Capturing block screenshots...
2026-07-01 14:05:55 | INFO | Captured 8 block screenshots
2026-07-01 14:05:55 | INFO | Detected 8 blocks
2026-07-01 14:05:55 | INFO | Generating fingerprints for template discovery...
2026-07-01 14:05:57 | INFO | Phase 0A: Triggering lazy-loaded content...
2026-07-01 14:05:58 | INFO |    Top-section: 16 rows via title+container
2026-07-01 14:05:58 | INFO |    Body start: y=400 (start row 16 via below-title+container)
2026-07-01 14:05:58 | INFO | URL Pattern: /w/transicao-energetica/producao-fertilizantes-seguranca-alimentar-agronegocio
2026-07-01 14:05:58 | INFO | Page catalog complete: /workspace/catalog/.pages/nossaenergia_petrobras_com_br_w_transicao-energetica_producao-fertilizantes-seguranca-alimentar-agronegocio--8e6ade25/page-catalog.json
2026-07-01 14:05:58 | INFO | SUCCESS: https://nossaenergia.petrobras.com.br/w/transicao-energetica/producao-fertilizantes-seguranca-alimentar-agronegocio
2026-07-01 14:05:58 | INFO | PROGRESS: 175/190 analyzed (92% checklist complete) | 175 ok, 0 failed, 0 skipped | ~5 min remaining
2026-07-01 14:05:59 | INFO | Lazy-load scroll complete
2026-07-01 14:05:59 | INFO | Phase 0B: Cleaning up overlays...
2026-07-01 14:06:00 | INFO | [179/190] Processing: https://nossaenergia.petrobras.com.br/w/transicao-energetica/seguranca-energetica
2026-07-01 14:06:00 | INFO | Generated slug: nossaenergia_petrobras_com_br_w_transicao-energetica_seguranca-energetica--edadacbe
2026-07-01 14:06:00 | INFO | Starting analysis: https://nossaenergia.petrobras.com.br/w/transicao-energetica/seguranca-energetica -> /workspace/catalog/.pages/nossaenergia_petrobras_com_br_w_transicao-energetica_seguranca-energetica--edadacbe
2026-07-01 14:06:00 | INFO | Loading: https://nossaenergia.petrobras.com.br/w/transicao-energetica/seguranca-energetica
2026-07-01 14:06:04 | INFO | Phase 0A: Triggering lazy-loaded content...
2026-07-01 14:06:06 | INFO | Lazy-load scroll complete
2026-07-01 14:06:06 | INFO | Phase 0B: Cleaning up overlays...
2026-07-01 14:06:26 | INFO | Removed 5 elements: overlay, popup
📐 Detecting header/footer for this page...
2026-07-01 14:06:27 | INFO | Template - Reused saved header selector on current page
2026-07-01 14:06:27 | INFO | Template - Reused saved footer selector on current page
2026-07-01 14:06:27 | INFO | Header: moderate complexity, 2 features
2026-07-01 14:06:27 | INFO | Footer: moderate complexity, 2 features
2026-07-01 14:06:27 | INFO | Phase 2: Identifying main content area...
2026-07-01 14:06:27 | INFO | Main content: #main-content
2026-07-01 14:06:27 | INFO | Phase 3: Detecting blocks...
2026-07-01 14:06:27 | WARNING | Blocks - 63% of blocks are unknown - site uses non-EDS patterns
2026-07-01 14:06:27 | INFO | Phase 4: Capturing block screenshots...
2026-07-01 14:06:28 | INFO | Captured 8 block screenshots
2026-07-01 14:06:28 | INFO | Detected 8 blocks
2026-07-01 14:06:28 | INFO | Generating fingerprints for template discovery...
2026-07-01 14:06:31 | INFO |    Top-section: 16 rows via title+container
2026-07-01 14:06:31 | INFO |    Body start: y=400 (start row 16 via below-title+container)
2026-07-01 14:06:31 | INFO | URL Pattern: /w/transicao-energetica/producao-fertilizantes-seguranca-energetica-agronegocio
2026-07-01 14:06:31 | INFO | Page catalog complete: /workspace/catalog/.pages/nossaenergia_petrobras_com_br_w_transicao-energetica_producao-fertilizantes-seguranca-energetica-agronegocio--a2ffe0a4/page-catalog.json
2026-07-01 14:06:31 | INFO | SUCCESS: https://nossaenergia.petrobras.com.br/w/transicao-energetica/producao-fertilizantes-seguranca-energetica-agronegocio
2026-07-01 14:06:33 | INFO | [180/190] Processing: https://nossaenergia.petrobras.com.br/w/transicao-energetica/transicao-energetica-justa-entenda-os-caminhos-que-movem-a-petrobras
2026-07-01 14:06:33 | INFO | Generated slug: nossaenergia_petrobras_com_br_w_transicao-energetica_transicao-energetica-justa-entenda-os-caminhos-que-movem-a-petrobras--c2237108
2026-07-01 14:06:33 | INFO | Starting analysis: https://nossaenergia.petrobras.com.br/w/transicao-energetica/transicao-energetica-justa-entenda-os-caminhos-que-movem-a-petrobras -> /workspace/catalog/.pages/nossaenergia_petrobras_com_br_w_transicao-energetica_transicao-energetica-justa-entenda-os-caminhos-que-movem-a-petrobras--c2237108
2026-07-01 14:06:33 | INFO | Loading: https://nossaenergia.petrobras.com.br/w/transicao-energetica/transicao-energetica-justa-entenda-os-caminhos-que-movem-a-petrobras
2026-07-01 14:06:36 | INFO | Phase 0A: Triggering lazy-loaded content...
2026-07-01 14:06:38 | INFO | Removed 5 elements: overlay, popup
📐 Detecting header/footer for this page...
2026-07-01 14:06:38 | INFO | Template - Reused saved header selector on current page
2026-07-01 14:06:38 | INFO | Template - Reused saved footer selector on current page
2026-07-01 14:06:38 | INFO | Header: moderate complexity, 2 features
2026-07-01 14:06:38 | INFO | Footer: moderate complexity, 2 features
2026-07-01 14:06:38 | INFO | Phase 2: Identifying main content area...
2026-07-01 14:06:38 | INFO | Main content: #main-content
2026-07-01 14:06:39 | INFO | Phase 3: Detecting blocks...
2026-07-01 14:06:39 | WARNING | Blocks - 56% of blocks are unknown - site uses non-EDS patterns
2026-07-01 14:06:39 | INFO | Phase 4: Capturing block screenshots...
2026-07-01 14:06:39 | INFO | Lazy-load scroll complete
2026-07-01 14:06:39 | INFO | Phase 0B: Cleaning up overlays...
2026-07-01 14:06:40 | INFO | Captured 9 block screenshots
2026-07-01 14:06:40 | INFO | Detected 9 blocks
2026-07-01 14:06:40 | INFO | Generating fingerprints for template discovery...
2026-07-01 14:06:43 | INFO |    Top-section: 16 rows via title+container
2026-07-01 14:06:43 | INFO |    Body start: y=400 (start row 16 via below-title+container)
2026-07-01 14:06:43 | INFO | URL Pattern: /w/transicao-energetica/reinjecao-de-co2-no-pre-sal-ccus
2026-07-01 14:06:43 | INFO | Page catalog complete: /workspace/catalog/.pages/nossaenergia_petrobras_com_br_w_transicao-energetica_reinjecao-de-co2-no-pre-sal-ccus--a0b88d4e/page-catalog.json
2026-07-01 14:06:43 | INFO | SUCCESS: https://nossaenergia.petrobras.com.br/w/transicao-energetica/reinjecao-de-co2-no-pre-sal-ccus
2026-07-01 14:06:45 | INFO | [181/190] Processing: https://nossaenergia.petrobras.com.br/w/transicao-energetica/tudo-sobre-transicao-energetica-o-que-e-qual-a-importancia-principais-beneficios-e-mais
2026-07-01 14:06:45 | INFO | Generated slug: nossaenergia_petrobras_com_br_w_transicao-energetica_tudo-sobre-transicao-energetica-o-que-e-qual-a-importancia-principais-beneficios-e-mais--9434d6fa
2026-07-01 14:06:45 | INFO | Starting analysis: https://nossaenergia.petrobras.com.br/w/transicao-energetica/tudo-sobre-transicao-energetica-o-que-e-qual-a-importancia-principais-beneficios-e-mais -> /workspace/catalog/.pages/nossaenergia_petrobras_com_br_w_transicao-energetica_tudo-sobre-transicao-energetica-o-que-e-qual-a-importancia-principais-beneficios-e-mais--9434d6fa
2026-07-01 14:06:45 | INFO | Loading: https://nossaenergia.petrobras.com.br/w/transicao-energetica/tudo-sobre-transicao-energetica-o-que-e-qual-a-importancia-principais-beneficios-e-mais
2026-07-01 14:06:49 | INFO | Phase 0A: Triggering lazy-loaded content...
2026-07-01 14:06:52 | INFO | Lazy-load scroll complete
2026-07-01 14:06:52 | INFO | Phase 0B: Cleaning up overlays...
2026-07-01 14:07:01 | INFO | Removed 5 elements: overlay, popup
📐 Detecting header/footer for this page...
2026-07-01 14:07:01 | INFO | Template - Reused saved header selector on current page
2026-07-01 14:07:01 | INFO | Template - Reused saved footer selector on current page
2026-07-01 14:07:01 | INFO | Header: moderate complexity, 2 features
2026-07-01 14:07:01 | INFO | Footer: moderate complexity, 2 features
2026-07-01 14:07:01 | INFO | Phase 2: Identifying main content area...
2026-07-01 14:07:01 | INFO | Main content: #main-content
2026-07-01 14:07:01 | INFO | Phase 3: Detecting blocks...
2026-07-01 14:07:01 | WARNING | Blocks - 56% of blocks are unknown - site uses non-EDS patterns
2026-07-01 14:07:01 | INFO | Phase 4: Capturing block screenshots...
2026-07-01 14:07:02 | INFO | Captured 9 block screenshots
2026-07-01 14:07:02 | INFO | Detected 9 blocks
2026-07-01 14:07:02 | INFO | Generating fingerprints for template discovery...
2026-07-01 14:07:05 | INFO |    Top-section: 16 rows via title+container
2026-07-01 14:07:05 | INFO |    Body start: y=400 (start row 16 via below-title+container)
2026-07-01 14:07:05 | INFO | URL Pattern: /w/transicao-energetica/saf-veja-como-investimos-em-tecnologia-rumo-ao-futuro-dos-combustiveis-sustentaveis
2026-07-01 14:07:05 | INFO | Page catalog complete: /workspace/catalog/.pages/nossaenergia_petrobras_com_br_w_transicao-energetica_saf-veja-como-investimos-em-tecnologia-rumo-ao-futuro-dos-combustiveis-sustentaveis--6640f9b5/page-catalog.json
2026-07-01 14:07:05 | INFO | SUCCESS: https://nossaenergia.petrobras.com.br/w/transicao-energetica/saf-veja-como-investimos-em-tecnologia-rumo-ao-futuro-dos-combustiveis-sustentaveis
2026-07-01 14:07:07 | INFO | [182/190] Processing: https://nossaenergia.petrobras.com.br/w/transicao-energetica/um-brasil-de-energia-caminhos-para-uma-transicao-energetica-justa
2026-07-01 14:07:07 | INFO | Generated slug: nossaenergia_petrobras_com_br_w_transicao-energetica_um-brasil-de-energia-caminhos-para-uma-transicao-energetica-justa--f56109a7
2026-07-01 14:07:07 | INFO | Starting analysis: https://nossaenergia.petrobras.com.br/w/transicao-energetica/um-brasil-de-energia-caminhos-para-uma-transicao-energetica-justa -> /workspace/catalog/.pages/nossaenergia_petrobras_com_br_w_transicao-energetica_um-brasil-de-energia-caminhos-para-uma-transicao-energetica-justa--f56109a7
2026-07-01 14:07:07 | INFO | Loading: https://nossaenergia.petrobras.com.br/w/transicao-energetica/um-brasil-de-energia-caminhos-para-uma-transicao-energetica-justa
2026-07-01 14:07:08 | INFO | Removed 5 elements: overlay, popup
📐 Detecting header/footer for this page...
2026-07-01 14:07:08 | INFO | Template - Reused saved header selector on current page
2026-07-01 14:07:08 | INFO | Template - Reused saved footer selector on current page
2026-07-01 14:07:08 | INFO | Header: moderate complexity, 2 features
2026-07-01 14:07:08 | INFO | Footer: moderate complexity, 2 features
2026-07-01 14:07:08 | INFO | Phase 2: Identifying main content area...
2026-07-01 14:07:08 | INFO | Main content: #main-content
2026-07-01 14:07:08 | INFO | Phase 3: Detecting blocks...
2026-07-01 14:07:08 | INFO | Phase 4: Capturing block screenshots...
2026-07-01 14:07:09 | INFO | Captured 9 block screenshots
2026-07-01 14:07:09 | INFO | Detected 9 blocks
2026-07-01 14:07:09 | INFO | Generating fingerprints for template discovery...
2026-07-01 14:07:11 | INFO | Phase 0A: Triggering lazy-loaded content...
2026-07-01 14:07:12 | INFO |    Top-section: 16 rows via title+container
2026-07-01 14:07:12 | INFO |    Body start: y=400 (start row 16 via below-title+container)
2026-07-01 14:07:12 | INFO | URL Pattern: /w/transicao-energetica/seguranca-energetica
2026-07-01 14:07:12 | INFO | Page catalog complete: /workspace/catalog/.pages/nossaenergia_petrobras_com_br_w_transicao-energetica_seguranca-energetica--edadacbe/page-catalog.json
2026-07-01 14:07:12 | INFO | SUCCESS: https://nossaenergia.petrobras.com.br/w/transicao-energetica/seguranca-energetica
2026-07-01 14:07:14 | INFO | [183/190] Processing: https://nossaenergia.petrobras.com.br/w/transicao-energetica/voce-conhece-o-mercado-de-carbono-e-a-primeira-gasolina-carbono-neutro-do-brasil
2026-07-01 14:07:14 | INFO | Generated slug: nossaenergia_petrobras_com_br_w_transicao-energetica_voce-conhece-o-mercado-de-carbono-e-a-primeira-gasolina-carbono-neutro-do-brasil--cd40ed14
2026-07-01 14:07:14 | INFO | Starting analysis: https://nossaenergia.petrobras.com.br/w/transicao-energetica/voce-conhece-o-mercado-de-carbono-e-a-primeira-gasolina-carbono-neutro-do-brasil -> /workspace/catalog/.pages/nossaenergia_petrobras_com_br_w_transicao-energetica_voce-conhece-o-mercado-de-carbono-e-a-primeira-gasolina-carbono-neutro-do-brasil--cd40ed14
2026-07-01 14:07:14 | INFO | Loading: https://nossaenergia.petrobras.com.br/w/transicao-energetica/voce-conhece-o-mercado-de-carbono-e-a-primeira-gasolina-carbono-neutro-do-brasil
2026-07-01 14:07:14 | INFO | Lazy-load scroll complete
2026-07-01 14:07:14 | INFO | Phase 0B: Cleaning up overlays...
2026-07-01 14:07:17 | INFO | Phase 0A: Triggering lazy-loaded content...
2026-07-01 14:07:19 | INFO | Lazy-load scroll complete
2026-07-01 14:07:19 | INFO | Phase 0B: Cleaning up overlays...
2026-07-01 14:07:40 | INFO | Removed 5 elements: overlay, popup
📐 Detecting header/footer for this page...
2026-07-01 14:07:40 | INFO | Template - Reused saved header selector on current page
2026-07-01 14:07:40 | INFO | Template - Reused saved footer selector on current page
2026-07-01 14:07:40 | INFO | Header: moderate complexity, 2 features
2026-07-01 14:07:40 | INFO | Footer: moderate complexity, 2 features
2026-07-01 14:07:40 | INFO | Phase 2: Identifying main content area...
2026-07-01 14:07:40 | INFO | Main content: #main-content
2026-07-01 14:07:40 | INFO | Phase 3: Detecting blocks...
2026-07-01 14:07:40 | WARNING | Blocks - 50% of blocks are unknown - site uses non-EDS patterns
2026-07-01 14:07:40 | INFO | Phase 4: Capturing block screenshots...
2026-07-01 14:07:42 | INFO | Captured 8 block screenshots
2026-07-01 14:07:42 | INFO | Detected 8 blocks
2026-07-01 14:07:42 | INFO | Generating fingerprints for template discovery...
2026-07-01 14:07:44 | INFO |    Top-section: 16 rows via title+container
2026-07-01 14:07:44 | INFO |    Body start: y=400 (start row 16 via below-title+container)
2026-07-01 14:07:44 | INFO | URL Pattern: /w/transicao-energetica/transicao-energetica-justa-entenda-os-caminhos-que-movem-a-petrobras
2026-07-01 14:07:44 | INFO | Page catalog complete: /workspace/catalog/.pages/nossaenergia_petrobras_com_br_w_transicao-energetica_transicao-energetica-justa-entenda-os-caminhos-que-movem-a-petrobras--c2237108/page-catalog.json
2026-07-01 14:07:44 | INFO | SUCCESS: https://nossaenergia.petrobras.com.br/w/transicao-energetica/transicao-energetica-justa-entenda-os-caminhos-que-movem-a-petrobras
2026-07-01 14:07:44 | INFO | PROGRESS: 180/190 analyzed (95% checklist complete) | 180 ok, 0 failed, 0 skipped | ~4 min remaining
2026-07-01 14:07:46 | INFO | [184/190] Processing: https://nossaenergia.petrobras.com.br/w/transicao-energetica/voce-sabe-o-que-e-descarbonizacao-da-economia-descubra-tudo-agora-
2026-07-01 14:07:46 | INFO | Generated slug: nossaenergia_petrobras_com_br_w_transicao-energetica_voce-sabe-o-que-e-descarbonizacao-da-economia-descubra-tudo-agora---9c19a51a
2026-07-01 14:07:46 | INFO | Starting analysis: https://nossaenergia.petrobras.com.br/w/transicao-energetica/voce-sabe-o-que-e-descarbonizacao-da-economia-descubra-tudo-agora- -> /workspace/catalog/.pages/nossaenergia_petrobras_com_br_w_transicao-energetica_voce-sabe-o-que-e-descarbonizacao-da-economia-descubra-tudo-agora---9c19a51a
2026-07-01 14:07:46 | INFO | Loading: https://nossaenergia.petrobras.com.br/w/transicao-energetica/voce-sabe-o-que-e-descarbonizacao-da-economia-descubra-tudo-agora-
2026-07-01 14:07:50 | INFO | Phase 0A: Triggering lazy-loaded content...
2026-07-01 14:07:53 | INFO | Lazy-load scroll complete
2026-07-01 14:07:53 | INFO | Phase 0B: Cleaning up overlays...
2026-07-01 14:07:53 | INFO | Removed 5 elements: overlay, popup
📐 Detecting header/footer for this page...
2026-07-01 14:07:53 | INFO | Template - Reused saved header selector on current page
2026-07-01 14:07:53 | INFO | Template - Reused saved footer selector on current page
2026-07-01 14:07:53 | INFO | Header: moderate complexity, 2 features
2026-07-01 14:07:53 | INFO | Footer: moderate complexity, 2 features
2026-07-01 14:07:53 | INFO | Phase 2: Identifying main content area...
2026-07-01 14:07:53 | INFO | Main content: #main-content
2026-07-01 14:07:53 | INFO | Phase 3: Detecting blocks...
2026-07-01 14:07:53 | WARNING | Blocks - 56% of blocks are unknown - site uses non-EDS patterns
2026-07-01 14:07:53 | INFO | Phase 4: Capturing block screenshots...
2026-07-01 14:07:55 | INFO | Captured 9 block screenshots
2026-07-01 14:07:55 | INFO | Detected 9 blocks
2026-07-01 14:07:55 | INFO | Generating fingerprints for template discovery...
2026-07-01 14:07:57 | INFO |    Top-section: 14 rows via title+container
2026-07-01 14:07:57 | INFO |    Body start: y=350 (start row 14 via below-title+container)
2026-07-01 14:07:57 | INFO | URL Pattern: /w/transicao-energetica/tudo-sobre-transicao-energetica-o-que-e-qual-a-importancia-principais-beneficios-e-mais
2026-07-01 14:07:57 | INFO | Page catalog complete: /workspace/catalog/.pages/nossaenergia_petrobras_com_br_w_transicao-energetica_tudo-sobre-transicao-energetica-o-que-e-qual-a-importancia-principais-beneficios-e-mais--9434d6fa/page-catalog.json
2026-07-01 14:07:57 | INFO | SUCCESS: https://nossaenergia.petrobras.com.br/w/transicao-energetica/tudo-sobre-transicao-energetica-o-que-e-qual-a-importancia-principais-beneficios-e-mais
2026-07-01 14:07:59 | INFO | [185/190] Processing: https://nossaenergia.petrobras.com.br/w/transicao-energetica/energia-eolica-offshore/acordo-equinor
2026-07-01 14:07:59 | INFO | Generated slug: nossaenergia_petrobras_com_br_w_transicao-energetica_energia-eolica-offshore_acordo-equinor--11870b67
2026-07-01 14:07:59 | INFO | Starting analysis: https://nossaenergia.petrobras.com.br/w/transicao-energetica/energia-eolica-offshore/acordo-equinor -> /workspace/catalog/.pages/nossaenergia_petrobras_com_br_w_transicao-energetica_energia-eolica-offshore_acordo-equinor--11870b67
2026-07-01 14:07:59 | INFO | Loading: https://nossaenergia.petrobras.com.br/w/transicao-energetica/energia-eolica-offshore/acordo-equinor
2026-07-01 14:08:02 | INFO | Phase 0A: Triggering lazy-loaded content...
2026-07-01 14:08:05 | INFO | Lazy-load scroll complete
2026-07-01 14:08:05 | INFO | Phase 0B: Cleaning up overlays...
2026-07-01 14:08:15 | INFO | Removed 5 elements: overlay, popup
📐 Detecting header/footer for this page...
2026-07-01 14:08:15 | INFO | Template - Reused saved header selector on current page
2026-07-01 14:08:15 | INFO | Template - Reused saved footer selector on current page
2026-07-01 14:08:15 | INFO | Header: moderate complexity, 2 features
2026-07-01 14:08:15 | INFO | Footer: moderate complexity, 2 features
2026-07-01 14:08:15 | INFO | Phase 2: Identifying main content area...
2026-07-01 14:08:15 | INFO | Main content: #main-content
2026-07-01 14:08:15 | INFO | Phase 3: Detecting blocks...
2026-07-01 14:08:15 | INFO | Phase 4: Capturing block screenshots...
2026-07-01 14:08:17 | INFO | Captured 13 block screenshots
2026-07-01 14:08:17 | INFO | Detected 13 blocks
2026-07-01 14:08:17 | INFO | Generating fingerprints for template discovery...
2026-07-01 14:08:20 | INFO |    Top-section: 16 rows via title+container
2026-07-01 14:08:20 | INFO |    Body start: y=400 (start row 16 via below-title+container)
2026-07-01 14:08:20 | INFO | URL Pattern: /w/transicao-energetica/um-brasil-de-energia-caminhos-para-uma-transicao-energetica-justa
2026-07-01 14:08:20 | INFO | Page catalog complete: /workspace/catalog/.pages/nossaenergia_petrobras_com_br_w_transicao-energetica_um-brasil-de-energia-caminhos-para-uma-transicao-energetica-justa--f56109a7/page-catalog.json
2026-07-01 14:08:20 | INFO | SUCCESS: https://nossaenergia.petrobras.com.br/w/transicao-energetica/um-brasil-de-energia-caminhos-para-uma-transicao-energetica-justa
2026-07-01 14:08:21 | INFO | Removed 5 elements: overlay, popup
📐 Detecting header/footer for this page...
2026-07-01 14:08:21 | INFO | Template - Reused saved header selector on current page
2026-07-01 14:08:21 | INFO | Template - Reused saved footer selector on current page
2026-07-01 14:08:21 | INFO | Header: moderate complexity, 2 features
2026-07-01 14:08:21 | INFO | Footer: moderate complexity, 2 features
2026-07-01 14:08:21 | INFO | Phase 2: Identifying main content area...
2026-07-01 14:08:21 | INFO | Main content: #main-content
2026-07-01 14:08:21 | INFO | Phase 3: Detecting blocks...
2026-07-01 14:08:21 | WARNING | Blocks - 50% of blocks are unknown - site uses non-EDS patterns
2026-07-01 14:08:21 | INFO | Phase 4: Capturing block screenshots...
2026-07-01 14:08:22 | INFO | [186/190] Processing: https://nossaenergia.petrobras.com.br/inovacao
2026-07-01 14:08:22 | INFO | Generated slug: nossaenergia_petrobras_com_br_inovacao--f34e88df
2026-07-01 14:08:22 | INFO | Starting analysis: https://nossaenergia.petrobras.com.br/inovacao -> /workspace/catalog/.pages/nossaenergia_petrobras_com_br_inovacao--f34e88df
2026-07-01 14:08:22 | INFO | Loading: https://nossaenergia.petrobras.com.br/inovacao
2026-07-01 14:08:22 | INFO | Captured 8 block screenshots
2026-07-01 14:08:22 | INFO | Detected 8 blocks
2026-07-01 14:08:22 | INFO | Generating fingerprints for template discovery...
2026-07-01 14:08:25 | INFO |    Top-section: 16 rows via title+container
2026-07-01 14:08:25 | INFO |    Body start: y=400 (start row 16 via below-title+container)
2026-07-01 14:08:25 | INFO | URL Pattern: /w/transicao-energetica/voce-conhece-o-mercado-de-carbono-e-a-primeira-gasolina-carbono-neutro-do-brasil
2026-07-01 14:08:25 | INFO | Page catalog complete: /workspace/catalog/.pages/nossaenergia_petrobras_com_br_w_transicao-energetica_voce-conhece-o-mercado-de-carbono-e-a-primeira-gasolina-carbono-neutro-do-brasil--cd40ed14/page-catalog.json
2026-07-01 14:08:25 | INFO | SUCCESS: https://nossaenergia.petrobras.com.br/w/transicao-energetica/voce-conhece-o-mercado-de-carbono-e-a-primeira-gasolina-carbono-neutro-do-brasil
2026-07-01 14:08:27 | INFO | [187/190] Processing: https://nossaenergia.petrobras.com.br/nossas-atividades
2026-07-01 14:08:27 | INFO | Generated slug: nossaenergia_petrobras_com_br_nossas-atividades--f69bb822
2026-07-01 14:08:27 | INFO | Starting analysis: https://nossaenergia.petrobras.com.br/nossas-atividades -> /workspace/catalog/.pages/nossaenergia_petrobras_com_br_nossas-atividades--f69bb822
2026-07-01 14:08:27 | INFO | Loading: https://nossaenergia.petrobras.com.br/nossas-atividades
2026-07-01 14:08:31 | INFO | Phase 0A: Triggering lazy-loaded content...
2026-07-01 14:08:33 | INFO | Lazy-load scroll complete
2026-07-01 14:08:33 | INFO | Phase 0B: Cleaning up overlays...
2026-07-01 14:08:35 | INFO | Phase 0A: Triggering lazy-loaded content...
2026-07-01 14:08:37 | INFO | Lazy-load scroll complete
2026-07-01 14:08:37 | INFO | Phase 0B: Cleaning up overlays...
2026-07-01 14:08:54 | INFO | Removed 5 elements: overlay, popup
📐 Detecting header/footer for this page...
2026-07-01 14:08:54 | INFO | Template - Reused saved header selector on current page
2026-07-01 14:08:54 | INFO | Template - Reused saved footer selector on current page
2026-07-01 14:08:54 | INFO | Header: moderate complexity, 2 features
2026-07-01 14:08:54 | INFO | Footer: moderate complexity, 2 features
2026-07-01 14:08:54 | INFO | Phase 2: Identifying main content area...
2026-07-01 14:08:54 | INFO | Main content: #main-content
2026-07-01 14:08:55 | INFO | Phase 3: Detecting blocks...
2026-07-01 14:08:55 | WARNING | Blocks - 67% of blocks are unknown - site uses non-EDS patterns
2026-07-01 14:08:55 | INFO | Phase 4: Capturing block screenshots...
2026-07-01 14:08:56 | INFO | Captured 9 block screenshots
2026-07-01 14:08:56 | INFO | Detected 9 blocks
2026-07-01 14:08:56 | INFO | Generating fingerprints for template discovery...
2026-07-01 14:08:59 | INFO |    Top-section: 17 rows via title+container
2026-07-01 14:08:59 | INFO |    Body start: y=425 (start row 17 via below-title+container)
2026-07-01 14:08:59 | INFO | URL Pattern: /w/transicao-energetica/voce-sabe-o-que-e-descarbonizacao-da-economia-descubra-tudo-agora-
2026-07-01 14:08:59 | INFO | Page catalog complete: /workspace/catalog/.pages/nossaenergia_petrobras_com_br_w_transicao-energetica_voce-sabe-o-que-e-descarbonizacao-da-economia-descubra-tudo-agora---9c19a51a/page-catalog.json
2026-07-01 14:08:59 | INFO | SUCCESS: https://nossaenergia.petrobras.com.br/w/transicao-energetica/voce-sabe-o-que-e-descarbonizacao-da-economia-descubra-tudo-agora-
2026-07-01 14:09:01 | INFO | [188/190] Processing: https://nossaenergia.petrobras.com.br/produtos-mais-sustentaveis
2026-07-01 14:09:01 | INFO | Generated slug: nossaenergia_petrobras_com_br_produtos-mais-sustentaveis--a3c0046b
2026-07-01 14:09:01 | INFO | Starting analysis: https://nossaenergia.petrobras.com.br/produtos-mais-sustentaveis -> /workspace/catalog/.pages/nossaenergia_petrobras_com_br_produtos-mais-sustentaveis--a3c0046b
2026-07-01 14:09:01 | INFO | Loading: https://nossaenergia.petrobras.com.br/produtos-mais-sustentaveis
2026-07-01 14:09:04 | INFO | Phase 0A: Triggering lazy-loaded content...
2026-07-01 14:09:06 | INFO | Removed 5 elements: overlay, popup
📐 Detecting header/footer for this page...
2026-07-01 14:09:06 | INFO | Template - Reused saved header selector on current page
2026-07-01 14:09:06 | INFO | Template - Reused saved footer selector on current page
2026-07-01 14:09:06 | INFO | Header: moderate complexity, 2 features
2026-07-01 14:09:06 | INFO | Footer: moderate complexity, 2 features
2026-07-01 14:09:06 | INFO | Phase 2: Identifying main content area...
2026-07-01 14:09:06 | INFO | Main content: #main-content
2026-07-01 14:09:06 | INFO | Phase 3: Detecting blocks...
2026-07-01 14:09:06 | WARNING | Blocks - 57% of blocks are unknown - site uses non-EDS patterns
2026-07-01 14:09:06 | INFO | Phase 4: Capturing block screenshots...
2026-07-01 14:09:06 | INFO | Lazy-load scroll complete
2026-07-01 14:09:06 | INFO | Phase 0B: Cleaning up overlays...
2026-07-01 14:09:07 | INFO | Captured 7 block screenshots
2026-07-01 14:09:07 | INFO | Detected 7 blocks
2026-07-01 14:09:07 | INFO | Generating fingerprints for template discovery...
2026-07-01 14:09:10 | INFO |    Top-section: 16 rows via title+container
2026-07-01 14:09:10 | INFO |    Body start: y=400 (start row 16 via below-title+container)
2026-07-01 14:09:10 | INFO | URL Pattern: /w/transicao-energetica/energia-eolica-offshore/acordo-equinor
2026-07-01 14:09:10 | INFO | Page catalog complete: /workspace/catalog/.pages/nossaenergia_petrobras_com_br_w_transicao-energetica_energia-eolica-offshore_acordo-equinor--11870b67/page-catalog.json
2026-07-01 14:09:10 | INFO | SUCCESS: https://nossaenergia.petrobras.com.br/w/transicao-energetica/energia-eolica-offshore/acordo-equinor
2026-07-01 14:09:10 | INFO | PROGRESS: 185/190 analyzed (97% checklist complete) | 185 ok, 0 failed, 0 skipped | ~2 min remaining
2026-07-01 14:09:12 | INFO | [189/190] Processing: https://nossaenergia.petrobras.com.br/sustentabilidade
2026-07-01 14:09:12 | INFO | Generated slug: nossaenergia_petrobras_com_br_sustentabilidade--23096223
2026-07-01 14:09:12 | INFO | Starting analysis: https://nossaenergia.petrobras.com.br/sustentabilidade -> /workspace/catalog/.pages/nossaenergia_petrobras_com_br_sustentabilidade--23096223
2026-07-01 14:09:12 | INFO | Loading: https://nossaenergia.petrobras.com.br/sustentabilidade
2026-07-01 14:09:20 | INFO | Phase 0A: Triggering lazy-loaded content...
2026-07-01 14:09:22 | INFO | Lazy-load scroll complete
2026-07-01 14:09:22 | INFO | Phase 0B: Cleaning up overlays...
2026-07-01 14:09:34 | INFO | Removed 5 elements: overlay, popup
📐 Detecting header/footer for this page...
2026-07-01 14:09:34 | INFO | Template - Reused saved header selector on current page
2026-07-01 14:09:34 | INFO | Template - Reused saved footer selector on current page
2026-07-01 14:09:34 | INFO | Header: moderate complexity, 2 features
2026-07-01 14:09:34 | INFO | Footer: moderate complexity, 2 features
2026-07-01 14:09:34 | INFO | Phase 2: Identifying main content area...
2026-07-01 14:09:34 | INFO | Main content: #main-content
2026-07-01 14:09:34 | INFO | Phase 3: Detecting blocks...
2026-07-01 14:09:34 | WARNING | Blocks - 50% of blocks are unknown - site uses non-EDS patterns
2026-07-01 14:09:34 | INFO | Phase 4: Capturing block screenshots...
2026-07-01 14:09:34 | WARNING | Screenshots - Block not visible: unknown-49f881cc
2026-07-01 14:09:35 | INFO | Captured 1 block screenshots
2026-07-01 14:09:35 | INFO | Detected 2 blocks
2026-07-01 14:09:35 | INFO | Generating fingerprints for template discovery...
2026-07-01 14:09:37 | INFO |    Top-section: 10 rows via title+container
2026-07-01 14:09:37 | INFO |    Body start: y=250 (start row 10 via below-title+container)
2026-07-01 14:09:37 | INFO | URL Pattern: /inovacao
2026-07-01 14:09:37 | INFO | Page catalog complete: /workspace/catalog/.pages/nossaenergia_petrobras_com_br_inovacao--f34e88df/page-catalog.json
2026-07-01 14:09:37 | INFO | SUCCESS: https://nossaenergia.petrobras.com.br/inovacao
2026-07-01 14:09:38 | INFO | Removed 5 elements: overlay, popup
📐 Detecting header/footer for this page...
2026-07-01 14:09:38 | INFO | Template - Reused saved header selector on current page
2026-07-01 14:09:38 | INFO | Template - Reused saved footer selector on current page
2026-07-01 14:09:38 | INFO | Header: moderate complexity, 2 features
2026-07-01 14:09:38 | INFO | Footer: moderate complexity, 2 features
2026-07-01 14:09:38 | INFO | Phase 2: Identifying main content area...
2026-07-01 14:09:38 | INFO | Main content: #main-content
2026-07-01 14:09:38 | INFO | Phase 3: Detecting blocks...
2026-07-01 14:09:38 | WARNING | Blocks - 50% of blocks are unknown - site uses non-EDS patterns
2026-07-01 14:09:38 | INFO | Phase 4: Capturing block screenshots...
2026-07-01 14:09:38 | WARNING | Screenshots - Block not visible: unknown-1e28b4a4
2026-07-01 14:09:39 | INFO | Captured 1 block screenshots
2026-07-01 14:09:39 | INFO | Detected 2 blocks
2026-07-01 14:09:39 | INFO | Generating fingerprints for template discovery...
2026-07-01 14:09:39 | INFO | [190/190] Processing: https://nossaenergia.petrobras.com.br/transicao-energetica
2026-07-01 14:09:39 | INFO | Generated slug: nossaenergia_petrobras_com_br_transicao-energetica--f4a7ed71
2026-07-01 14:09:39 | INFO | Starting analysis: https://nossaenergia.petrobras.com.br/transicao-energetica -> /workspace/catalog/.pages/nossaenergia_petrobras_com_br_transicao-energetica--f4a7ed71
2026-07-01 14:09:39 | INFO | Loading: https://nossaenergia.petrobras.com.br/transicao-energetica
2026-07-01 14:09:41 | INFO |    Top-section: 10 rows via title+container
2026-07-01 14:09:41 | INFO |    Body start: y=250 (start row 10 via below-title+container)
2026-07-01 14:09:41 | INFO | URL Pattern: /nossas-atividades
2026-07-01 14:09:41 | INFO | Page catalog complete: /workspace/catalog/.pages/nossaenergia_petrobras_com_br_nossas-atividades--f69bb822/page-catalog.json
2026-07-01 14:09:41 | INFO | SUCCESS: https://nossaenergia.petrobras.com.br/nossas-atividades
2026-07-01 14:09:44 | INFO | Worker 2 finished
2026-07-01 14:09:46 | INFO | Phase 0A: Triggering lazy-loaded content...
2026-07-01 14:09:48 | INFO | Lazy-load scroll complete
2026-07-01 14:09:48 | INFO | Phase 0B: Cleaning up overlays...
2026-07-01 14:10:08 | INFO | Removed 8 elements: overlay, popup
📐 Detecting header/footer for this page...
2026-07-01 14:10:08 | INFO | Template - Reused saved header selector on current page
2026-07-01 14:10:08 | INFO | Template - Reused saved footer selector on current page
2026-07-01 14:10:08 | INFO | Header: moderate complexity, 2 features
2026-07-01 14:10:08 | INFO | Footer: moderate complexity, 2 features
2026-07-01 14:10:08 | INFO | Phase 2: Identifying main content area...
2026-07-01 14:10:08 | INFO | Main content: #main-content
2026-07-01 14:10:08 | INFO | Phase 3: Detecting blocks...
2026-07-01 14:10:08 | INFO | Phase 4: Capturing block screenshots...
2026-07-01 14:10:10 | INFO | Captured 17 block screenshots
2026-07-01 14:10:10 | INFO | Detected 17 blocks
2026-07-01 14:10:10 | INFO | Generating fingerprints for template discovery...
2026-07-01 14:10:12 | INFO |    Top-section: 11 rows via title+container
2026-07-01 14:10:12 | INFO |    Body start: y=275 (start row 11 via below-title+container)
2026-07-01 14:10:12 | INFO | URL Pattern: /produtos-mais-sustentaveis
2026-07-01 14:10:12 | INFO | Page catalog complete: /workspace/catalog/.pages/nossaenergia_petrobras_com_br_produtos-mais-sustentaveis--a3c0046b/page-catalog.json
2026-07-01 14:10:12 | INFO | SUCCESS: https://nossaenergia.petrobras.com.br/produtos-mais-sustentaveis
2026-07-01 14:10:14 | INFO | Worker 0 finished
2026-07-01 14:10:23 | INFO | Removed 5 elements: overlay, popup
📐 Detecting header/footer for this page...
2026-07-01 14:10:23 | INFO | Template - Reused saved header selector on current page
2026-07-01 14:10:23 | INFO | Template - Reused saved footer selector on current page
2026-07-01 14:10:23 | INFO | Header: moderate complexity, 2 features
2026-07-01 14:10:23 | INFO | Footer: moderate complexity, 2 features
2026-07-01 14:10:23 | INFO | Phase 2: Identifying main content area...
2026-07-01 14:10:23 | INFO | Main content: #main-content
2026-07-01 14:10:23 | INFO | Phase 3: Detecting blocks...
2026-07-01 14:10:23 | WARNING | Blocks - 50% of blocks are unknown - site uses non-EDS patterns
2026-07-01 14:10:23 | INFO | Phase 4: Capturing block screenshots...
2026-07-01 14:10:23 | WARNING | Screenshots - Block not visible: unknown-1b202faa
2026-07-01 14:10:24 | INFO | Captured 1 block screenshots
2026-07-01 14:10:24 | INFO | Detected 2 blocks
2026-07-01 14:10:24 | INFO | Generating fingerprints for template discovery...
2026-07-01 14:10:27 | INFO |    Top-section: 10 rows via title+container
2026-07-01 14:10:27 | INFO |    Body start: y=250 (start row 10 via below-title+container)
2026-07-01 14:10:27 | INFO | URL Pattern: /sustentabilidade
2026-07-01 14:10:27 | INFO | Page catalog complete: /workspace/catalog/.pages/nossaenergia_petrobras_com_br_sustentabilidade--23096223/page-catalog.json
2026-07-01 14:10:27 | INFO | SUCCESS: https://nossaenergia.petrobras.com.br/sustentabilidade
2026-07-01 14:10:29 | INFO | Worker 3 finished
2026-07-01 14:10:50 | INFO | Removed 5 elements: overlay, popup
📐 Detecting header/footer for this page...
2026-07-01 14:10:50 | INFO | Template - Reused saved header selector on current page
2026-07-01 14:10:50 | INFO | Template - Reused saved footer selector on current page
2026-07-01 14:10:50 | INFO | Header: moderate complexity, 2 features
2026-07-01 14:10:50 | INFO | Footer: moderate complexity, 2 features
2026-07-01 14:10:50 | INFO | Phase 2: Identifying main content area...
2026-07-01 14:10:50 | INFO | Main content: #main-content
2026-07-01 14:10:50 | INFO | Phase 3: Detecting blocks...
2026-07-01 14:10:50 | WARNING | Blocks - 50% of blocks are unknown - site uses non-EDS patterns
2026-07-01 14:10:50 | INFO | Phase 4: Capturing block screenshots...
2026-07-01 14:10:50 | WARNING | Screenshots - Block not visible: unknown-67cefc4
2026-07-01 14:10:51 | INFO | Captured 1 block screenshots
2026-07-01 14:10:51 | INFO | Detected 2 blocks
2026-07-01 14:10:51 | INFO | Generating fingerprints for template discovery...
2026-07-01 14:10:53 | INFO |    Top-section: 9 rows via title+container
2026-07-01 14:10:53 | INFO |    Body start: y=225 (start row 9 via below-title+container)
2026-07-01 14:10:53 | INFO | URL Pattern: /transicao-energetica
2026-07-01 14:10:53 | INFO | Page catalog complete: /workspace/catalog/.pages/nossaenergia_petrobras_com_br_transicao-energetica--f4a7ed71/page-catalog.json
2026-07-01 14:10:53 | INFO | SUCCESS: https://nossaenergia.petrobras.com.br/transicao-energetica
2026-07-01 14:10:53 | INFO | PROGRESS: 190/190 analyzed (100% checklist complete) | 190 ok, 0 failed, 0 skipped | ~0 min remaining
2026-07-01 14:10:53 | INFO | Worker 1 finished
2026-07-01 14:10:53 | INFO | PROGRESS: 190/190 analyzed (100% checklist complete) | 190 ok, 0 failed, 0 skipped | ~0 min remaining
2026-07-01 14:10:53 | INFO | ================================================================================
2026-07-01 14:10:53 | INFO | BATCH ANALYSIS COMPLETED
2026-07-01 14:10:53 | INFO | ================================================================================
2026-07-01 14:10:53 | INFO | Total URLs: 190
2026-07-01 14:10:53 | INFO | Attempt successes: 190
2026-07-01 14:10:53 | INFO | Attempt failures: 0
2026-07-01 14:10:53 | INFO | Skipped: 0
2026-07-01 14:10:53 | INFO | Checklist final status: 190 analyzed, 0 failed, 0 marked
2026-07-01 14:10:53 | INFO | Workers: 4
2026-07-01 14:10:53 | INFO | ================================================================================
2026-07-01 14:10:53 | INFO | Session state: ANALYZING → TEMPLATING
2026-07-01T14:12:36.290Z | INFO | Consolidating fingerprints from page catalogs...
2026-07-01T14:12:36.400Z | INFO | consolidate-fingerprints - Consolidated 190 fingerprints
2026-07-01 14:13:22 | INFO | Agent 4 Started - Catalog blocks with similarity
2026-07-01 14:13:22 | INFO | Agent 4 Progress - Starting representative pass with 6 page(s) and 49 block occurrence(s)
2026-07-01 14:13:22 | ERROR | Agent 4 - Block unknown from https://nossaenergia.petrobras.com.br/inovacao has no screenshot - cannot catalog without visual proof
2026-07-01 14:13:22 | INFO | Agent 4 Progress - representative: 6/6 page(s), 48/49 block occurrence(s), 16 unique signatures, 18 variants (16 new, 32 reused)
2026-07-01 14:13:22 | INFO | Agent 4 Progress - Starting backfill pass with 184 page(s) and 1667 block occurrence(s)
2026-07-01 14:13:22 | ERROR | Agent 4 - Block unknown from https://nossaenergia.petrobras.com.br/nossas-atividades has no screenshot - cannot catalog without visual proof
2026-07-01 14:13:22 | ERROR | Agent 4 - Block unknown from https://nossaenergia.petrobras.com.br/sustentabilidade has no screenshot - cannot catalog without visual proof
2026-07-01 14:13:22 | ERROR | Agent 4 - Block unknown from https://nossaenergia.petrobras.com.br/transicao-energetica has no screenshot - cannot catalog without visual proof
2026-07-01 14:13:22 | INFO | Agent 4 Progress - backfill: 25/184 page(s), 183/1667 block occurrence(s), 21 unique signatures, 23 variants (21 new, 210 reused)
2026-07-01 14:13:22 | INFO | Agent 4 Progress - backfill: 50/184 page(s), 403/1667 block occurrence(s), 22 unique signatures, 24 variants (22 new, 429 reused)
2026-07-01 14:13:22 | INFO | Agent 4 Progress - backfill: 75/184 page(s), 669/1667 block occurrence(s), 25 unique signatures, 27 variants (25 new, 692 reused)
2026-07-01 14:13:22 | INFO | Agent 4 Progress - backfill: 100/184 page(s), 902/1667 block occurrence(s), 25 unique signatures, 27 variants (25 new, 925 reused)
2026-07-01 14:13:22 | INFO | Agent 4 Progress - backfill: 125/184 page(s), 1150/1667 block occurrence(s), 27 unique signatures, 29 variants (27 new, 1171 reused)
2026-07-01 14:13:22 | INFO | Agent 4 Progress - backfill: 150/184 page(s), 1373/1667 block occurrence(s), 27 unique signatures, 29 variants (27 new, 1394 reused)
2026-07-01 14:13:22 | INFO | Agent 4 Progress - backfill: 175/184 page(s), 1582/1667 block occurrence(s), 27 unique signatures, 29 variants (27 new, 1603 reused)
2026-07-01 14:13:22 | INFO | Agent 4 Progress - backfill: 184/184 page(s), 1664/1667 block occurrence(s), 27 unique signatures, 29 variants (27 new, 1685 reused)
2026-07-01 14:13:22 | INFO | Agent 4 Completed - Cataloged 29 block variants (27 new, 1685 reused)
2026-07-01 14:13:22 | INFO | Agent 2 Started - Generate summary.json
2026-07-01 14:13:22 | INFO | Session state set to INACTIVE
2026-07-01 14:13:22 | INFO | Agent 2 Completed - Summary generated successfully
