2026-06-30 21:11:37 | INFO | Setting up catalog project for: https://pben.com.br/
2026-06-30 21:11:37 | INFO | Project root: /workspace
2026-06-30 21:11:37 | INFO | Creating catalog folder: /workspace/catalog
2026-06-30 21:11:37 | INFO | Plugin root: /home/node/.excat-marketplaces/excat-marketplace/excat
2026-06-30 21:11:37 | INFO | Config file created: /workspace/catalog/.catalog-config.json
2026-06-30 21:11:37 | INFO | Log file initialized: /workspace/catalog/catalog.log
2026-06-30 21:11:37 | INFO | Session initialized: DISCOVERY
2026-06-30 21:11:37 | INFO | Catalog project setup complete
2026-06-30 21:11:37 | INFO | Catalog folder: /workspace/catalog
2026-06-30 21:11:37 | INFO | Config file: /workspace/catalog/.catalog-config.json
2026-06-30 21:11:37 | INFO | Log file: /workspace/catalog/catalog.log
2026-06-30 21:11:37 | INFO | Session: /workspace/catalog/.catalog_session (DISCOVERY)
2026-06-30 21:12:12 | INFO | Creating sample URLs...
2026-06-30 21:12:12 | INFO | Total URLs in grouped data: 60
2026-06-30 21:12:12 | INFO | Total URLs (60) <= 1000, using ALL URLs
2026-06-30 21:12:12 | INFO | Created urls-sample.json with 60 URLs
2026-06-30 21:12:12 | INFO | Validating urls-sample.json against schema...
✅ VALIDATION PASSED: urls-sample.json matches schema
2026-06-30 21:12:12 | INFO | Schema validation passed
2026-06-30 21:12:12 | INFO | Sample creation complete - urls-sample.json with 60 URLs
2026-06-30 21:12:22 | INFO | Checklist not found, looking for URLs source file...
2026-06-30 21:12:22 | INFO | Validating urls-sample.json against urls-sample.schema.json...
✅ VALIDATION PASSED: urls-sample.json matches schema
2026-06-30 21:12:22 | INFO | Creating checklist from: /workspace/catalog/urls-sample.json
2026-06-30 21:12:22 | INFO | Created urls-checklist.json with 60 URLs
2026-06-30 21:12:22 | INFO | Session state: ANALYZING
2026-06-30 21:12:22 | INFO | ================================================================================
2026-06-30 21:12:22 | INFO | BATCH ANALYSIS STARTED
2026-06-30 21:12:22 | INFO | Catalog: /workspace/catalog
2026-06-30 21:12:22 | INFO | Delay: 1500ms between requests
2026-06-30 21:12:22 | INFO | Workers: 5
2026-06-30 21:12:22 | INFO | Identity profiles: 13 available (workers cycle through them deterministically)
2026-06-30 21:12:22 | INFO | Scheduling: shared queue; each worker pulls the next pending URL as soon as it finishes.
2026-06-30 21:12:22 | INFO | Adaptive backoff: enabled (bot/WAF detection reduces active workers before aborting)
2026-06-30 21:12:22 | INFO | ================================================================================
2026-06-30 21:12:22 | INFO | Found 60 URLs to process (5 workers)
2026-06-30 21:12:22 | INFO | AGENT_RELAY: Share ETA and PROGRESS/HEARTBEAT lines with the user at least every 60 seconds.
2026-06-30 21:12:22 | INFO | Created .pages directory: /workspace/catalog/.pages
2026-06-30 21:12:22 | INFO | Pages to analyze: 60
2026-06-30 21:12:22 | INFO | Processing speed baseline: ~50 pages/minute (5 workers)
2026-06-30 21:12:22 | INFO | Estimated analysis time: ~2 min
2026-06-30 21:12:22 | INFO | Worker 0 started (profile 0: Windows)
2026-06-30 21:12:22 | INFO | Launching stealth browser...
2026-06-30 21:12:22 | INFO | [1/60] Processing: https://pben.com.br/
2026-06-30 21:12:22 | INFO | Generated slug: pben_com_br--c8e97c28
2026-06-30 21:12:22 | INFO | Starting analysis: https://pben.com.br/ -> /workspace/catalog/.pages/pben_com_br--c8e97c28
2026-06-30 21:12:22 | INFO | Loading: https://pben.com.br/
2026-06-30 21:12:24 | INFO | Worker 1 started (profile 1: Windows)
2026-06-30 21:12:24 | INFO | Launching stealth browser...
2026-06-30 21:12:24 | INFO | [2/60] Processing: https://pben.com.br/acesso-a-informacao
2026-06-30 21:12:24 | INFO | Generated slug: pben_com_br_acesso-a-informacao--54fc3e28
2026-06-30 21:12:24 | INFO | Starting analysis: https://pben.com.br/acesso-a-informacao -> /workspace/catalog/.pages/pben_com_br_acesso-a-informacao--54fc3e28
2026-06-30 21:12:24 | INFO | Loading: https://pben.com.br/acesso-a-informacao
2026-06-30 21:12:25 | INFO | Worker 2 started (profile 2: Windows)
2026-06-30 21:12:25 | INFO | Launching stealth browser...
2026-06-30 21:12:25 | INFO | [3/60] Processing: https://pben.com.br/acesso-a-informacao/acoes-e-programas
2026-06-30 21:12:25 | INFO | Generated slug: pben_com_br_acesso-a-informacao_acoes-e-programas--38556246
2026-06-30 21:12:25 | INFO | Starting analysis: https://pben.com.br/acesso-a-informacao/acoes-e-programas -> /workspace/catalog/.pages/pben_com_br_acesso-a-informacao_acoes-e-programas--38556246
2026-06-30 21:12:25 | INFO | Loading: https://pben.com.br/acesso-a-informacao/acoes-e-programas
2026-06-30 21:12:27 | INFO | Worker 3 started (profile 3: Windows)
2026-06-30 21:12:27 | INFO | Launching stealth browser...
2026-06-30 21:12:27 | INFO | [4/60] Processing: https://pben.com.br/acesso-a-informacao/auditorias
2026-06-30 21:12:27 | INFO | Generated slug: pben_com_br_acesso-a-informacao_auditorias--c6060326
2026-06-30 21:12:27 | INFO | Starting analysis: https://pben.com.br/acesso-a-informacao/auditorias -> /workspace/catalog/.pages/pben_com_br_acesso-a-informacao_auditorias--c6060326
2026-06-30 21:12:27 | INFO | Loading: https://pben.com.br/acesso-a-informacao/auditorias
2026-06-30 21:12:28 | INFO | Phase 0A: Triggering lazy-loaded content...
2026-06-30 21:12:28 | INFO | Worker 4 started (profile 4: macOS)
2026-06-30 21:12:28 | INFO | Launching stealth browser...
2026-06-30 21:12:28 | INFO | [5/60] Processing: https://pben.com.br/acesso-a-informacao/convenios-e-transferencias
2026-06-30 21:12:28 | INFO | Generated slug: pben_com_br_acesso-a-informacao_convenios-e-transferencias--6e57e62c
2026-06-30 21:12:28 | INFO | Starting analysis: https://pben.com.br/acesso-a-informacao/convenios-e-transferencias -> /workspace/catalog/.pages/pben_com_br_acesso-a-informacao_convenios-e-transferencias--6e57e62c
2026-06-30 21:12:28 | INFO | Loading: https://pben.com.br/acesso-a-informacao/convenios-e-transferencias
2026-06-30 21:12:30 | INFO | Lazy-load scroll complete
2026-06-30 21:12:30 | INFO | Phase 0B: Cleaning up overlays...
2026-06-30 21:12:31 | INFO | Phase 0A: Triggering lazy-loaded content...
2026-06-30 21:12:31 | INFO | Phase 0A: Triggering lazy-loaded content...
2026-06-30 21:12:32 | INFO | Lazy-load scroll complete
2026-06-30 21:12:32 | INFO | Phase 0B: Cleaning up overlays...
2026-06-30 21:12:32 | INFO | Lazy-load scroll complete
2026-06-30 21:12:32 | INFO | Phase 0B: Cleaning up overlays...
2026-06-30 21:12:32 | INFO | Phase 0A: Triggering lazy-loaded content...
2026-06-30 21:12:34 | INFO | Phase 0A: Triggering lazy-loaded content...
2026-06-30 21:12:34 | INFO | Lazy-load scroll complete
2026-06-30 21:12:34 | INFO | Phase 0B: Cleaning up overlays...
2026-06-30 21:12:35 | INFO | Lazy-load scroll complete
2026-06-30 21:12:35 | INFO | Phase 0B: Cleaning up overlays...
2026-06-30 21:13:32 | INFO | Removed 3 elements: overlay, popup
📐 Detecting header/footer for this page...
   ✅ Saved global header: div.lfr-layout-structure-item-top-menu---empresas.lfr-layout-structure-item-eb47e215-41bd-9837-d3bf-3c048eb74887
   ✅ Saved global footer: #ec-footer
2026-06-30 21:13:32 | INFO | Header: complex complexity, 3 features
2026-06-30 21:13:32 | INFO | Footer: simple complexity, 0 features
2026-06-30 21:13:32 | INFO | Phase 2: Identifying main content area...
2026-06-30 21:13:32 | INFO | Main content: #main-content
2026-06-30 21:13:32 | INFO | Phase 3: Detecting blocks...
2026-06-30 21:13:32 | INFO | Phase 4: Capturing block screenshots...
2026-06-30 21:13:34 | INFO | Removed 3 elements: overlay, popup
📐 Detecting header/footer for this page...
2026-06-30 21:13:34 | INFO | Template - Reused saved footer selector on current page
2026-06-30 21:13:34 | INFO | Header: complex complexity, 3 features
2026-06-30 21:13:34 | INFO | Footer: simple complexity, 0 features
2026-06-30 21:13:34 | INFO | Phase 2: Identifying main content area...
2026-06-30 21:13:34 | INFO | Main content: #main-content
2026-06-30 21:13:34 | INFO | Removed 3 elements: overlay, popup
📐 Detecting header/footer for this page...
2026-06-30 21:13:34 | INFO | Template - Reused saved footer selector on current page
2026-06-30 21:13:34 | INFO | Header: complex complexity, 3 features
2026-06-30 21:13:34 | INFO | Footer: simple complexity, 0 features
2026-06-30 21:13:34 | INFO | Phase 2: Identifying main content area...
2026-06-30 21:13:34 | INFO | Main content: #main-content
2026-06-30 21:13:34 | INFO | Phase 3: Detecting blocks...
2026-06-30 21:13:34 | INFO | Phase 4: Capturing block screenshots...
2026-06-30 21:13:34 | INFO | Phase 3: Detecting blocks...
2026-06-30 21:13:34 | WARNING | Blocks - 50% of blocks are unknown - site uses non-EDS patterns
2026-06-30 21:13:34 | INFO | Phase 4: Capturing block screenshots...
2026-06-30 21:13:34 | INFO | Captured 2 block screenshots
2026-06-30 21:13:34 | INFO | Detected 2 blocks
2026-06-30 21:13:34 | INFO | Generating fingerprints for template discovery...
2026-06-30 21:13:34 | INFO | Captured 2 block screenshots
2026-06-30 21:13:34 | INFO | Detected 2 blocks
2026-06-30 21:13:34 | INFO | Generating fingerprints for template discovery...
2026-06-30 21:13:35 | INFO | Captured 4 block screenshots
2026-06-30 21:13:35 | INFO | Detected 4 blocks
2026-06-30 21:13:35 | INFO | Generating fingerprints for template discovery...
2026-06-30 21:13:35 | INFO | Removed 3 elements: overlay, popup
📐 Detecting header/footer for this page...
2026-06-30 21:13:35 | INFO | Template - Reused saved footer selector on current page
2026-06-30 21:13:35 | INFO | Header: complex complexity, 3 features
2026-06-30 21:13:35 | INFO | Footer: simple complexity, 0 features
2026-06-30 21:13:35 | INFO | Phase 2: Identifying main content area...
2026-06-30 21:13:35 | INFO | Main content: #main-content
2026-06-30 21:13:35 | INFO | Phase 3: Detecting blocks...
2026-06-30 21:13:35 | INFO | Phase 4: Capturing block screenshots...
2026-06-30 21:13:36 | INFO | Captured 2 block screenshots
2026-06-30 21:13:36 | INFO | Detected 2 blocks
2026-06-30 21:13:36 | INFO | Generating fingerprints for template discovery...
2026-06-30 21:13:37 | INFO |    Top-section: 12 rows via title+container
2026-06-30 21:13:37 | INFO |    Body start: y=300 (start row 12 via below-title+container)
2026-06-30 21:13:37 | INFO | URL Pattern: /
2026-06-30 21:13:37 | INFO | Page catalog complete: /workspace/catalog/.pages/pben_com_br--c8e97c28/page-catalog.json
2026-06-30 21:13:37 | INFO | SUCCESS: https://pben.com.br/
2026-06-30 21:13:37 | INFO | Created header-global metadata (selector: div.lfr-layout-structure-item-top-menu---empresas.lfr-layout-structure-item-eb47e215-41bd-9837-d3bf-3c048eb74887)
2026-06-30 21:13:37 | INFO | Created footer-global metadata (selector: #ec-footer)
2026-06-30 21:13:37 | INFO |    Top-section: 7 rows via title+container
2026-06-30 21:13:37 | INFO |    Body start: y=175 (start row 7 via below-title+container)
2026-06-30 21:13:37 | INFO | URL Pattern: /acesso-a-informacao/acoes-e-programas
2026-06-30 21:13:37 | INFO | Page catalog complete: /workspace/catalog/.pages/pben_com_br_acesso-a-informacao_acoes-e-programas--38556246/page-catalog.json
2026-06-30 21:13:37 | INFO | SUCCESS: https://pben.com.br/acesso-a-informacao/acoes-e-programas
2026-06-30 21:13:37 | INFO | Removed 3 elements: overlay, popup
📐 Detecting header/footer for this page...
2026-06-30 21:13:37 | INFO | Template - Reused saved footer selector on current page
2026-06-30 21:13:37 | INFO | Header: complex complexity, 3 features
2026-06-30 21:13:37 | INFO | Footer: simple complexity, 0 features
2026-06-30 21:13:37 | INFO | Phase 2: Identifying main content area...
2026-06-30 21:13:37 | INFO | Main content: #main-content
2026-06-30 21:13:37 | INFO | Phase 3: Detecting blocks...
2026-06-30 21:13:37 | INFO | Phase 4: Capturing block screenshots...
2026-06-30 21:13:37 | INFO |    Top-section: 7 rows via title+container
2026-06-30 21:13:37 | INFO |    Body start: y=175 (start row 7 via below-title+container)
2026-06-30 21:13:37 | INFO | URL Pattern: /acesso-a-informacao
2026-06-30 21:13:37 | INFO | Page catalog complete: /workspace/catalog/.pages/pben_com_br_acesso-a-informacao--54fc3e28/page-catalog.json
2026-06-30 21:13:37 | INFO | SUCCESS: https://pben.com.br/acesso-a-informacao
2026-06-30 21:13:38 | INFO | Captured 4 block screenshots
2026-06-30 21:13:38 | INFO | Detected 4 blocks
2026-06-30 21:13:38 | INFO | Generating fingerprints for template discovery...
2026-06-30 21:13:38 | INFO | [6/60] Processing: https://pben.com.br/acesso-a-informacao/dados-abertos
2026-06-30 21:13:38 | INFO | Generated slug: pben_com_br_acesso-a-informacao_dados-abertos--b0c9a6fe
2026-06-30 21:13:38 | INFO | Starting analysis: https://pben.com.br/acesso-a-informacao/dados-abertos -> /workspace/catalog/.pages/pben_com_br_acesso-a-informacao_dados-abertos--b0c9a6fe
2026-06-30 21:13:38 | INFO | [7/60] Processing: https://pben.com.br/acesso-a-informacao/empregados-publicos
2026-06-30 21:13:38 | INFO | Generated slug: pben_com_br_acesso-a-informacao_empregados-publicos--bbf4049d
2026-06-30 21:13:38 | INFO | Starting analysis: https://pben.com.br/acesso-a-informacao/empregados-publicos -> /workspace/catalog/.pages/pben_com_br_acesso-a-informacao_empregados-publicos--bbf4049d
2026-06-30 21:13:38 | INFO | Loading: https://pben.com.br/acesso-a-informacao/dados-abertos
2026-06-30 21:13:38 | INFO | Loading: https://pben.com.br/acesso-a-informacao/empregados-publicos
2026-06-30 21:13:38 | INFO |    Top-section: 7 rows via title+container
2026-06-30 21:13:38 | INFO |    Body start: y=175 (start row 7 via below-title+container)
2026-06-30 21:13:38 | INFO | URL Pattern: /acesso-a-informacao/auditorias
2026-06-30 21:13:38 | INFO | Page catalog complete: /workspace/catalog/.pages/pben_com_br_acesso-a-informacao_auditorias--c6060326/page-catalog.json
2026-06-30 21:13:38 | INFO | SUCCESS: https://pben.com.br/acesso-a-informacao/auditorias
2026-06-30 21:13:38 | INFO | [8/60] Processing: https://pben.com.br/acesso-a-informacao/informacoes-classificadas
2026-06-30 21:13:38 | INFO | Generated slug: pben_com_br_acesso-a-informacao_informacoes-classificadas--078f554a
2026-06-30 21:13:38 | INFO | Starting analysis: https://pben.com.br/acesso-a-informacao/informacoes-classificadas -> /workspace/catalog/.pages/pben_com_br_acesso-a-informacao_informacoes-classificadas--078f554a
2026-06-30 21:13:38 | INFO | Loading: https://pben.com.br/acesso-a-informacao/informacoes-classificadas
2026-06-30 21:13:40 | INFO | [9/60] Processing: https://pben.com.br/acesso-a-informacao/institucional
2026-06-30 21:13:40 | INFO | Generated slug: pben_com_br_acesso-a-informacao_institucional--092ff959
2026-06-30 21:13:40 | INFO | Starting analysis: https://pben.com.br/acesso-a-informacao/institucional -> /workspace/catalog/.pages/pben_com_br_acesso-a-informacao_institucional--092ff959
2026-06-30 21:13:40 | INFO | Loading: https://pben.com.br/acesso-a-informacao/institucional
2026-06-30 21:13:40 | INFO |    Top-section: 7 rows via title+container
2026-06-30 21:13:40 | INFO |    Body start: y=175 (start row 7 via below-title+container)
2026-06-30 21:13:40 | INFO | URL Pattern: /acesso-a-informacao/convenios-e-transferencias
2026-06-30 21:13:40 | INFO | Page catalog complete: /workspace/catalog/.pages/pben_com_br_acesso-a-informacao_convenios-e-transferencias--6e57e62c/page-catalog.json
2026-06-30 21:13:40 | INFO | SUCCESS: https://pben.com.br/acesso-a-informacao/convenios-e-transferencias
2026-06-30 21:13:40 | INFO | PROGRESS: 5/60 analyzed (8% checklist complete) | 5 ok, 0 failed, 0 skipped | ~15 min remaining
2026-06-30 21:13:41 | INFO | [10/60] Processing: https://pben.com.br/acesso-a-informacao/licitacoes-e-contratos
2026-06-30 21:13:41 | INFO | Generated slug: pben_com_br_acesso-a-informacao_licitacoes-e-contratos--ada3607e
2026-06-30 21:13:41 | INFO | Starting analysis: https://pben.com.br/acesso-a-informacao/licitacoes-e-contratos -> /workspace/catalog/.pages/pben_com_br_acesso-a-informacao_licitacoes-e-contratos--ada3607e
2026-06-30 21:13:41 | INFO | Phase 0A: Triggering lazy-loaded content...
2026-06-30 21:13:41 | INFO | Phase 0A: Triggering lazy-loaded content...
2026-06-30 21:13:41 | INFO | Loading: https://pben.com.br/acesso-a-informacao/licitacoes-e-contratos
2026-06-30 21:13:42 | INFO | Phase 0A: Triggering lazy-loaded content...
2026-06-30 21:13:43 | INFO | Lazy-load scroll complete
2026-06-30 21:13:43 | INFO | Phase 0B: Cleaning up overlays...
2026-06-30 21:13:43 | INFO | Lazy-load scroll complete
2026-06-30 21:13:43 | INFO | Phase 0B: Cleaning up overlays...
2026-06-30 21:13:43 | INFO | Phase 0A: Triggering lazy-loaded content...
2026-06-30 21:13:43 | INFO | Lazy-load scroll complete
2026-06-30 21:13:43 | INFO | Phase 0B: Cleaning up overlays...
2026-06-30 21:13:45 | INFO | Lazy-load scroll complete
2026-06-30 21:13:45 | INFO | Phase 0B: Cleaning up overlays...
2026-06-30 21:13:45 | INFO | Phase 0A: Triggering lazy-loaded content...
2026-06-30 21:13:46 | INFO | Lazy-load scroll complete
2026-06-30 21:13:46 | INFO | Phase 0B: Cleaning up overlays...
2026-06-30 21:14:44 | INFO | Removed 3 elements: overlay, popup
📐 Detecting header/footer for this page...
2026-06-30 21:14:44 | INFO | Removed 3 elements: overlay, popup
📐 Detecting header/footer for this page...
2026-06-30 21:14:44 | INFO | Template - Reused saved footer selector on current page
2026-06-30 21:14:44 | INFO | Header: complex complexity, 3 features
2026-06-30 21:14:44 | INFO | Footer: simple complexity, 0 features
2026-06-30 21:14:44 | INFO | Phase 2: Identifying main content area...
2026-06-30 21:14:44 | INFO | Main content: #main-content
2026-06-30 21:14:44 | INFO | Template - Reused saved footer selector on current page
2026-06-30 21:14:44 | INFO | Header: complex complexity, 3 features
2026-06-30 21:14:44 | INFO | Footer: simple complexity, 0 features
2026-06-30 21:14:44 | INFO | Phase 2: Identifying main content area...
2026-06-30 21:14:44 | INFO | Main content: #main-content
2026-06-30 21:14:44 | INFO | Phase 3: Detecting blocks...
2026-06-30 21:14:44 | INFO | Phase 3: Detecting blocks...
2026-06-30 21:14:44 | INFO | Removed 3 elements: overlay, popup
📐 Detecting header/footer for this page...
2026-06-30 21:14:44 | WARNING | Blocks - 50% of blocks are unknown - site uses non-EDS patterns
2026-06-30 21:14:44 | INFO | Phase 4: Capturing block screenshots...
2026-06-30 21:14:44 | WARNING | Blocks - 50% of blocks are unknown - site uses non-EDS patterns
2026-06-30 21:14:44 | INFO | Phase 4: Capturing block screenshots...
2026-06-30 21:14:44 | INFO | Template - Reused saved footer selector on current page
2026-06-30 21:14:44 | INFO | Header: complex complexity, 3 features
2026-06-30 21:14:44 | INFO | Footer: simple complexity, 0 features
2026-06-30 21:14:44 | INFO | Phase 2: Identifying main content area...
2026-06-30 21:14:44 | INFO | Main content: #main-content
2026-06-30 21:14:45 | INFO | Phase 3: Detecting blocks...
2026-06-30 21:14:45 | INFO | Phase 4: Capturing block screenshots...
2026-06-30 21:14:45 | INFO | Captured 2 block screenshots
2026-06-30 21:14:45 | INFO | Detected 2 blocks
2026-06-30 21:14:45 | INFO | Generating fingerprints for template discovery...
2026-06-30 21:14:45 | INFO | Captured 4 block screenshots
2026-06-30 21:14:45 | INFO | Detected 4 blocks
2026-06-30 21:14:45 | INFO | Generating fingerprints for template discovery...
2026-06-30 21:14:45 | INFO | Captured 2 block screenshots
2026-06-30 21:14:45 | INFO | Detected 2 blocks
2026-06-30 21:14:45 | INFO | Generating fingerprints for template discovery...
2026-06-30 21:14:46 | INFO | Removed 3 elements: overlay, popup
📐 Detecting header/footer for this page...
2026-06-30 21:14:46 | INFO | Template - Reused saved footer selector on current page
2026-06-30 21:14:46 | INFO | Header: complex complexity, 3 features
2026-06-30 21:14:46 | INFO | Footer: simple complexity, 0 features
2026-06-30 21:14:46 | INFO | Phase 2: Identifying main content area...
2026-06-30 21:14:46 | INFO | Main content: #main-content
2026-06-30 21:14:46 | INFO | Phase 3: Detecting blocks...
2026-06-30 21:14:46 | WARNING | Blocks - 78% of blocks are unknown - site uses non-EDS patterns
2026-06-30 21:14:46 | INFO | Phase 4: Capturing block screenshots...
2026-06-30 21:14:47 | INFO | Captured 9 block screenshots
2026-06-30 21:14:47 | INFO | Detected 9 blocks
2026-06-30 21:14:47 | INFO | Generating fingerprints for template discovery...
2026-06-30 21:14:47 | INFO |    Top-section: 7 rows via title+container
2026-06-30 21:14:47 | INFO |    Body start: y=175 (start row 7 via below-title+container)
2026-06-30 21:14:47 | INFO | URL Pattern: /acesso-a-informacao/dados-abertos
2026-06-30 21:14:47 | INFO | Page catalog complete: /workspace/catalog/.pages/pben_com_br_acesso-a-informacao_dados-abertos--b0c9a6fe/page-catalog.json
2026-06-30 21:14:47 | INFO | SUCCESS: https://pben.com.br/acesso-a-informacao/dados-abertos
2026-06-30 21:14:47 | INFO |    Top-section: 7 rows via title+container
2026-06-30 21:14:47 | INFO |    Body start: y=175 (start row 7 via below-title+container)
2026-06-30 21:14:47 | INFO | URL Pattern: /acesso-a-informacao/empregados-publicos
2026-06-30 21:14:47 | INFO | Page catalog complete: /workspace/catalog/.pages/pben_com_br_acesso-a-informacao_empregados-publicos--bbf4049d/page-catalog.json
2026-06-30 21:14:47 | INFO | SUCCESS: https://pben.com.br/acesso-a-informacao/empregados-publicos
2026-06-30 21:14:47 | INFO |    Top-section: 7 rows via title+container
2026-06-30 21:14:47 | INFO |    Body start: y=175 (start row 7 via below-title+container)
2026-06-30 21:14:47 | INFO | URL Pattern: /acesso-a-informacao/informacoes-classificadas
2026-06-30 21:14:47 | INFO | Page catalog complete: /workspace/catalog/.pages/pben_com_br_acesso-a-informacao_informacoes-classificadas--078f554a/page-catalog.json
2026-06-30 21:14:47 | INFO | SUCCESS: https://pben.com.br/acesso-a-informacao/informacoes-classificadas
2026-06-30 21:14:47 | INFO | Removed 3 elements: overlay, popup
📐 Detecting header/footer for this page...
2026-06-30 21:14:48 | INFO | Template - Reused saved footer selector on current page
2026-06-30 21:14:48 | INFO | Header: complex complexity, 3 features
2026-06-30 21:14:48 | INFO | Footer: simple complexity, 0 features
2026-06-30 21:14:48 | INFO | Phase 2: Identifying main content area...
2026-06-30 21:14:48 | INFO | Main content: #main-content
2026-06-30 21:14:48 | INFO | Phase 3: Detecting blocks...
2026-06-30 21:14:48 | INFO | Phase 4: Capturing block screenshots...
2026-06-30 21:14:48 | INFO | Captured 2 block screenshots
2026-06-30 21:14:48 | INFO | Detected 2 blocks
2026-06-30 21:14:48 | INFO | Generating fingerprints for template discovery...
2026-06-30 21:14:49 | INFO | [11/60] Processing: https://pben.com.br/acesso-a-informacao/participacao-social
2026-06-30 21:14:49 | INFO | Generated slug: pben_com_br_acesso-a-informacao_participacao-social--b758e90f
2026-06-30 21:14:49 | INFO | Starting analysis: https://pben.com.br/acesso-a-informacao/participacao-social -> /workspace/catalog/.pages/pben_com_br_acesso-a-informacao_participacao-social--b758e90f
2026-06-30 21:14:49 | INFO | Loading: https://pben.com.br/acesso-a-informacao/participacao-social
2026-06-30 21:14:49 | INFO | [12/60] Processing: https://pben.com.br/acesso-a-informacao/perguntas-frequentes
2026-06-30 21:14:49 | INFO | Generated slug: pben_com_br_acesso-a-informacao_perguntas-frequentes--bd60a921
2026-06-30 21:14:49 | INFO | Starting analysis: https://pben.com.br/acesso-a-informacao/perguntas-frequentes -> /workspace/catalog/.pages/pben_com_br_acesso-a-informacao_perguntas-frequentes--bd60a921
2026-06-30 21:14:49 | INFO | [13/60] Processing: https://pben.com.br/acesso-a-informacao/receitas-e-despesas
2026-06-30 21:14:49 | INFO | Generated slug: pben_com_br_acesso-a-informacao_receitas-e-despesas--24a0247c
2026-06-30 21:14:49 | INFO | Starting analysis: https://pben.com.br/acesso-a-informacao/receitas-e-despesas -> /workspace/catalog/.pages/pben_com_br_acesso-a-informacao_receitas-e-despesas--24a0247c
2026-06-30 21:14:49 | INFO | Loading: https://pben.com.br/acesso-a-informacao/perguntas-frequentes
2026-06-30 21:14:49 | INFO | Loading: https://pben.com.br/acesso-a-informacao/receitas-e-despesas
2026-06-30 21:14:50 | INFO |    Top-section: 13 rows via title
2026-06-30 21:14:50 | INFO |    Body start: y=325 (start row 13 via below-title)
2026-06-30 21:14:50 | INFO | URL Pattern: /acesso-a-informacao/institucional
2026-06-30 21:14:50 | INFO | Page catalog complete: /workspace/catalog/.pages/pben_com_br_acesso-a-informacao_institucional--092ff959/page-catalog.json
2026-06-30 21:14:50 | INFO | SUCCESS: https://pben.com.br/acesso-a-informacao/institucional
2026-06-30 21:14:51 | INFO |    Top-section: 7 rows via title+container
2026-06-30 21:14:51 | INFO |    Body start: y=175 (start row 7 via below-title+container)
2026-06-30 21:14:51 | INFO | URL Pattern: /acesso-a-informacao/licitacoes-e-contratos
2026-06-30 21:14:51 | INFO | Page catalog complete: /workspace/catalog/.pages/pben_com_br_acesso-a-informacao_licitacoes-e-contratos--ada3607e/page-catalog.json
2026-06-30 21:14:51 | INFO | SUCCESS: https://pben.com.br/acesso-a-informacao/licitacoes-e-contratos
2026-06-30 21:14:51 | INFO | PROGRESS: 10/60 analyzed (17% checklist complete) | 10 ok, 0 failed, 0 skipped | ~13 min remaining
2026-06-30 21:14:51 | INFO | [14/60] Processing: https://pben.com.br/acesso-a-informacao/sancoes-administrativas
2026-06-30 21:14:51 | INFO | Generated slug: pben_com_br_acesso-a-informacao_sancoes-administrativas--425eb02b
2026-06-30 21:14:51 | INFO | Starting analysis: https://pben.com.br/acesso-a-informacao/sancoes-administrativas -> /workspace/catalog/.pages/pben_com_br_acesso-a-informacao_sancoes-administrativas--425eb02b
2026-06-30 21:14:51 | INFO | Loading: https://pben.com.br/acesso-a-informacao/sancoes-administrativas
2026-06-30 21:14:52 | INFO | [15/60] Processing: https://pben.com.br/acesso-a-informacao/servico-de-informacao-ao-cidadao-sic
2026-06-30 21:14:52 | INFO | Generated slug: pben_com_br_acesso-a-informacao_servico-de-informacao-ao-cidadao-sic--c1997d63
2026-06-30 21:14:52 | INFO | Starting analysis: https://pben.com.br/acesso-a-informacao/servico-de-informacao-ao-cidadao-sic -> /workspace/catalog/.pages/pben_com_br_acesso-a-informacao_servico-de-informacao-ao-cidadao-sic--c1997d63
2026-06-30 21:14:52 | INFO | Loading: https://pben.com.br/acesso-a-informacao/servico-de-informacao-ao-cidadao-sic
2026-06-30 21:14:52 | INFO | Phase 0A: Triggering lazy-loaded content...
2026-06-30 21:14:52 | INFO | Phase 0A: Triggering lazy-loaded content...
2026-06-30 21:14:52 | INFO | Phase 0A: Triggering lazy-loaded content...
2026-06-30 21:14:54 | INFO | Lazy-load scroll complete
2026-06-30 21:14:54 | INFO | Phase 0B: Cleaning up overlays...
2026-06-30 21:14:54 | INFO | Lazy-load scroll complete
2026-06-30 21:14:54 | INFO | Phase 0B: Cleaning up overlays...
2026-06-30 21:14:54 | INFO | Lazy-load scroll complete
2026-06-30 21:14:54 | INFO | Phase 0B: Cleaning up overlays...
2026-06-30 21:14:54 | INFO | Phase 0A: Triggering lazy-loaded content...
2026-06-30 21:14:55 | INFO | Phase 0A: Triggering lazy-loaded content...
2026-06-30 21:14:56 | INFO | Lazy-load scroll complete
2026-06-30 21:14:56 | INFO | Phase 0B: Cleaning up overlays...
2026-06-30 21:14:57 | INFO | Lazy-load scroll complete
2026-06-30 21:14:57 | INFO | Phase 0B: Cleaning up overlays...
2026-06-30 21:15:55 | INFO | Removed 3 elements: overlay, popup
📐 Detecting header/footer for this page...
2026-06-30 21:15:55 | INFO | Removed 3 elements: overlay, popup
📐 Detecting header/footer for this page...
2026-06-30 21:15:55 | INFO | Removed 3 elements: overlay, popup
📐 Detecting header/footer for this page...
2026-06-30 21:15:55 | INFO | Template - Reused saved footer selector on current page
2026-06-30 21:15:55 | INFO | Header: complex complexity, 3 features
2026-06-30 21:15:55 | INFO | Footer: simple complexity, 0 features
2026-06-30 21:15:55 | INFO | Phase 2: Identifying main content area...
2026-06-30 21:15:55 | INFO | Main content: #main-content
2026-06-30 21:15:55 | INFO | Template - Reused saved footer selector on current page
2026-06-30 21:15:55 | INFO | Header: complex complexity, 3 features
2026-06-30 21:15:55 | INFO | Footer: simple complexity, 0 features
2026-06-30 21:15:55 | INFO | Phase 2: Identifying main content area...
2026-06-30 21:15:55 | INFO | Main content: #main-content
2026-06-30 21:15:55 | INFO | Template - Reused saved footer selector on current page
2026-06-30 21:15:55 | INFO | Header: complex complexity, 3 features
2026-06-30 21:15:55 | INFO | Footer: simple complexity, 0 features
2026-06-30 21:15:55 | INFO | Phase 2: Identifying main content area...
2026-06-30 21:15:55 | INFO | Main content: #main-content
2026-06-30 21:15:55 | INFO | Phase 3: Detecting blocks...
2026-06-30 21:15:55 | INFO | Phase 3: Detecting blocks...
2026-06-30 21:15:55 | INFO | Phase 3: Detecting blocks...
2026-06-30 21:15:55 | INFO | Phase 4: Capturing block screenshots...
2026-06-30 21:15:55 | WARNING | Blocks - 50% of blocks are unknown - site uses non-EDS patterns
2026-06-30 21:15:55 | INFO | Phase 4: Capturing block screenshots...
2026-06-30 21:15:55 | WARNING | Blocks - 67% of blocks are unknown - site uses non-EDS patterns
2026-06-30 21:15:55 | INFO | Phase 4: Capturing block screenshots...
2026-06-30 21:15:56 | INFO | Captured 2 block screenshots
2026-06-30 21:15:56 | INFO | Detected 2 blocks
2026-06-30 21:15:56 | INFO | Generating fingerprints for template discovery...
2026-06-30 21:15:56 | INFO | Captured 2 block screenshots
2026-06-30 21:15:56 | INFO | Detected 2 blocks
2026-06-30 21:15:56 | INFO | Generating fingerprints for template discovery...
2026-06-30 21:15:56 | INFO | Captured 3 block screenshots
2026-06-30 21:15:56 | INFO | Detected 3 blocks
2026-06-30 21:15:56 | INFO | Generating fingerprints for template discovery...
2026-06-30 21:15:57 | INFO | Removed 3 elements: overlay, popup
📐 Detecting header/footer for this page...
2026-06-30 21:15:57 | INFO | Template - Reused saved footer selector on current page
2026-06-30 21:15:57 | INFO | Header: complex complexity, 3 features
2026-06-30 21:15:57 | INFO | Footer: simple complexity, 0 features
2026-06-30 21:15:57 | INFO | Phase 2: Identifying main content area...
2026-06-30 21:15:57 | INFO | Main content: #main-content
2026-06-30 21:15:57 | INFO | Phase 3: Detecting blocks...
2026-06-30 21:15:57 | INFO | Phase 4: Capturing block screenshots...
2026-06-30 21:15:58 | INFO | Captured 3 block screenshots
2026-06-30 21:15:58 | INFO | Detected 3 blocks
2026-06-30 21:15:58 | INFO | Generating fingerprints for template discovery...
2026-06-30 21:15:58 | INFO |    Top-section: 7 rows via title+container
2026-06-30 21:15:58 | INFO |    Body start: y=175 (start row 7 via below-title+container)
2026-06-30 21:15:58 | INFO | URL Pattern: /acesso-a-informacao/participacao-social
2026-06-30 21:15:58 | INFO | Page catalog complete: /workspace/catalog/.pages/pben_com_br_acesso-a-informacao_participacao-social--b758e90f/page-catalog.json
2026-06-30 21:15:58 | INFO |    Top-section: 7 rows via title+container
2026-06-30 21:15:58 | INFO |    Body start: y=175 (start row 7 via below-title+container)
2026-06-30 21:15:58 | INFO | URL Pattern: /acesso-a-informacao/perguntas-frequentes
2026-06-30 21:15:58 | INFO | Page catalog complete: /workspace/catalog/.pages/pben_com_br_acesso-a-informacao_perguntas-frequentes--bd60a921/page-catalog.json
2026-06-30 21:15:58 | INFO |    Top-section: 7 rows via title+container
2026-06-30 21:15:58 | INFO |    Body start: y=175 (start row 7 via below-title+container)
2026-06-30 21:15:58 | INFO | URL Pattern: /acesso-a-informacao/receitas-e-despesas
2026-06-30 21:15:58 | INFO | Page catalog complete: /workspace/catalog/.pages/pben_com_br_acesso-a-informacao_receitas-e-despesas--24a0247c/page-catalog.json
2026-06-30 21:15:58 | INFO | SUCCESS: https://pben.com.br/acesso-a-informacao/participacao-social
2026-06-30 21:15:58 | INFO | SUCCESS: https://pben.com.br/acesso-a-informacao/receitas-e-despesas
2026-06-30 21:15:58 | INFO | SUCCESS: https://pben.com.br/acesso-a-informacao/perguntas-frequentes
2026-06-30 21:15:59 | INFO | Removed 3 elements: overlay, popup
📐 Detecting header/footer for this page...
2026-06-30 21:15:59 | INFO | Template - Reused saved footer selector on current page
2026-06-30 21:15:59 | INFO | Header: complex complexity, 3 features
2026-06-30 21:15:59 | INFO | Footer: simple complexity, 0 features
2026-06-30 21:15:59 | INFO | Phase 2: Identifying main content area...
2026-06-30 21:15:59 | INFO | Main content: #main-content
2026-06-30 21:15:59 | INFO | Phase 3: Detecting blocks...
2026-06-30 21:15:59 | WARNING | Blocks - 71% of blocks are unknown - site uses non-EDS patterns
2026-06-30 21:15:59 | INFO | Phase 4: Capturing block screenshots...
2026-06-30 21:16:00 | INFO | Captured 7 block screenshots
2026-06-30 21:16:00 | INFO | Detected 7 blocks
2026-06-30 21:16:00 | INFO | Generating fingerprints for template discovery...
2026-06-30 21:16:00 | INFO | [16/60] Processing: https://pben.com.br/acesso-a-informacao/transparencia-e-prestacao-de-contas
2026-06-30 21:16:00 | INFO | Generated slug: pben_com_br_acesso-a-informacao_transparencia-e-prestacao-de-contas--4c5c4ded
2026-06-30 21:16:00 | INFO | Starting analysis: https://pben.com.br/acesso-a-informacao/transparencia-e-prestacao-de-contas -> /workspace/catalog/.pages/pben_com_br_acesso-a-informacao_transparencia-e-prestacao-de-contas--4c5c4ded
2026-06-30 21:16:00 | INFO | [17/60] Processing: https://pben.com.br/acesso-a-informacao/acoes-e-programas/carta-de-servicos
2026-06-30 21:16:00 | INFO | Generated slug: pben_com_br_acesso-a-informacao_acoes-e-programas_carta-de-servicos--9cb1a6fd
2026-06-30 21:16:00 | INFO | Starting analysis: https://pben.com.br/acesso-a-informacao/acoes-e-programas/carta-de-servicos -> /workspace/catalog/.pages/pben_com_br_acesso-a-informacao_acoes-e-programas_carta-de-servicos--9cb1a6fd
2026-06-30 21:16:00 | INFO | [18/60] Processing: https://pben.com.br/acesso-a-informacao/acoes-e-programas/governanca
2026-06-30 21:16:00 | INFO | Generated slug: pben_com_br_acesso-a-informacao_acoes-e-programas_governanca--45041771
2026-06-30 21:16:00 | INFO | Starting analysis: https://pben.com.br/acesso-a-informacao/acoes-e-programas/governanca -> /workspace/catalog/.pages/pben_com_br_acesso-a-informacao_acoes-e-programas_governanca--45041771
2026-06-30 21:16:00 | INFO | Loading: https://pben.com.br/acesso-a-informacao/transparencia-e-prestacao-de-contas
2026-06-30 21:16:00 | INFO | Loading: https://pben.com.br/acesso-a-informacao/acoes-e-programas/carta-de-servicos
2026-06-30 21:16:00 | INFO | Loading: https://pben.com.br/acesso-a-informacao/acoes-e-programas/governanca
2026-06-30 21:16:01 | INFO |    Top-section: 7 rows via title+container
2026-06-30 21:16:01 | INFO |    Body start: y=175 (start row 7 via below-title+container)
2026-06-30 21:16:01 | INFO | URL Pattern: /acesso-a-informacao/sancoes-administrativas
2026-06-30 21:16:01 | INFO | Page catalog complete: /workspace/catalog/.pages/pben_com_br_acesso-a-informacao_sancoes-administrativas--425eb02b/page-catalog.json
2026-06-30 21:16:01 | INFO | SUCCESS: https://pben.com.br/acesso-a-informacao/sancoes-administrativas
2026-06-30 21:16:02 | INFO | [19/60] Processing: https://pben.com.br/acesso-a-informacao/acoes-e-programas/programas-finalisticos
2026-06-30 21:16:02 | INFO | Generated slug: pben_com_br_acesso-a-informacao_acoes-e-programas_programas-finalisticos--e12543cb
2026-06-30 21:16:02 | INFO | Starting analysis: https://pben.com.br/acesso-a-informacao/acoes-e-programas/programas-finalisticos -> /workspace/catalog/.pages/pben_com_br_acesso-a-informacao_acoes-e-programas_programas-finalisticos--e12543cb
2026-06-30 21:16:02 | INFO |    Top-section: 7 rows via title+container
2026-06-30 21:16:02 | INFO |    Body start: y=175 (start row 7 via below-title+container)
2026-06-30 21:16:02 | INFO | URL Pattern: /acesso-a-informacao/servico-de-informacao-ao-cidadao-sic
2026-06-30 21:16:02 | INFO | Page catalog complete: /workspace/catalog/.pages/pben_com_br_acesso-a-informacao_servico-de-informacao-ao-cidadao-sic--c1997d63/page-catalog.json
2026-06-30 21:16:02 | INFO | Loading: https://pben.com.br/acesso-a-informacao/acoes-e-programas/programas-finalisticos
2026-06-30 21:16:02 | INFO | SUCCESS: https://pben.com.br/acesso-a-informacao/servico-de-informacao-ao-cidadao-sic
2026-06-30 21:16:02 | INFO | PROGRESS: 15/60 analyzed (25% checklist complete) | 15 ok, 0 failed, 0 skipped | ~12 min remaining
2026-06-30 21:16:03 | INFO | Phase 0A: Triggering lazy-loaded content...
2026-06-30 21:16:03 | INFO | Phase 0A: Triggering lazy-loaded content...
2026-06-30 21:16:03 | INFO | Phase 0A: Triggering lazy-loaded content...
2026-06-30 21:16:04 | INFO | [20/60] Processing: https://pben.com.br/acesso-a-informacao/acoes-e-programas/recursos-financeiros-renuncia-de-receitas
2026-06-30 21:16:04 | INFO | Generated slug: pben_com_br_acesso-a-informacao_acoes-e-programas_recursos-financeiros-renuncia-de-receitas--51c05f3d
2026-06-30 21:16:04 | INFO | Starting analysis: https://pben.com.br/acesso-a-informacao/acoes-e-programas/recursos-financeiros-renuncia-de-receitas -> /workspace/catalog/.pages/pben_com_br_acesso-a-informacao_acoes-e-programas_recursos-financeiros-renuncia-de-receitas--51c05f3d
2026-06-30 21:16:04 | INFO | Loading: https://pben.com.br/acesso-a-informacao/acoes-e-programas/recursos-financeiros-renuncia-de-receitas
2026-06-30 21:16:05 | INFO | Lazy-load scroll complete
2026-06-30 21:16:05 | INFO | Phase 0B: Cleaning up overlays...
2026-06-30 21:16:05 | INFO | Lazy-load scroll complete
2026-06-30 21:16:05 | INFO | Phase 0B: Cleaning up overlays...
2026-06-30 21:16:05 | INFO | Lazy-load scroll complete
2026-06-30 21:16:05 | INFO | Phase 0B: Cleaning up overlays...
2026-06-30 21:16:05 | INFO | Phase 0A: Triggering lazy-loaded content...
2026-06-30 21:16:07 | INFO | Lazy-load scroll complete
2026-06-30 21:16:07 | INFO | Phase 0B: Cleaning up overlays...
2026-06-30 21:16:07 | INFO | Phase 0A: Triggering lazy-loaded content...
2026-06-30 21:16:08 | INFO | Lazy-load scroll complete
2026-06-30 21:16:08 | INFO | Phase 0B: Cleaning up overlays...
2026-06-30 21:17:06 | INFO | Removed 3 elements: overlay, popup
📐 Detecting header/footer for this page...
2026-06-30 21:17:06 | INFO | Removed 3 elements: overlay, popup
📐 Detecting header/footer for this page...
2026-06-30 21:17:06 | INFO | Removed 3 elements: overlay, popup
📐 Detecting header/footer for this page...
2026-06-30 21:17:06 | INFO | Template - Reused saved footer selector on current page
2026-06-30 21:17:06 | INFO | Header: complex complexity, 3 features
2026-06-30 21:17:06 | INFO | Footer: simple complexity, 0 features
2026-06-30 21:17:06 | INFO | Phase 2: Identifying main content area...
2026-06-30 21:17:06 | INFO | Main content: #main-content
2026-06-30 21:17:06 | INFO | Template - Reused saved footer selector on current page
2026-06-30 21:17:06 | INFO | Header: complex complexity, 3 features
2026-06-30 21:17:06 | INFO | Footer: simple complexity, 0 features
2026-06-30 21:17:06 | INFO | Phase 2: Identifying main content area...
2026-06-30 21:17:06 | INFO | Main content: #main-content
2026-06-30 21:17:06 | INFO | Template - Reused saved footer selector on current page
2026-06-30 21:17:06 | INFO | Header: complex complexity, 3 features
2026-06-30 21:17:06 | INFO | Footer: simple complexity, 0 features
2026-06-30 21:17:06 | INFO | Phase 2: Identifying main content area...
2026-06-30 21:17:06 | INFO | Main content: #main-content
2026-06-30 21:17:06 | INFO | Phase 3: Detecting blocks...
2026-06-30 21:17:06 | INFO | Phase 3: Detecting blocks...
2026-06-30 21:17:06 | INFO | Phase 3: Detecting blocks...
2026-06-30 21:17:06 | INFO | Phase 4: Capturing block screenshots...
2026-06-30 21:17:06 | INFO | Phase 4: Capturing block screenshots...
2026-06-30 21:17:06 | INFO | Phase 4: Capturing block screenshots...
2026-06-30 21:17:07 | INFO | Captured 3 block screenshots
2026-06-30 21:17:07 | INFO | Detected 3 blocks
2026-06-30 21:17:07 | INFO | Generating fingerprints for template discovery...
2026-06-30 21:17:07 | INFO | Captured 3 block screenshots
2026-06-30 21:17:07 | INFO | Detected 3 blocks
2026-06-30 21:17:07 | INFO | Generating fingerprints for template discovery...
2026-06-30 21:17:07 | INFO | Captured 3 block screenshots
2026-06-30 21:17:07 | INFO | Detected 3 blocks
2026-06-30 21:17:07 | INFO | Generating fingerprints for template discovery...
2026-06-30 21:17:08 | INFO | Removed 3 elements: overlay, popup
📐 Detecting header/footer for this page...
2026-06-30 21:17:08 | INFO | Template - Reused saved footer selector on current page
2026-06-30 21:17:08 | INFO | Header: complex complexity, 3 features
2026-06-30 21:17:08 | INFO | Footer: simple complexity, 0 features
2026-06-30 21:17:08 | INFO | Phase 2: Identifying main content area...
2026-06-30 21:17:08 | INFO | Main content: #main-content
2026-06-30 21:17:08 | INFO | Phase 3: Detecting blocks...
2026-06-30 21:17:08 | WARNING | Blocks - 67% of blocks are unknown - site uses non-EDS patterns
2026-06-30 21:17:08 | INFO | Phase 4: Capturing block screenshots...
2026-06-30 21:17:09 | INFO | Captured 3 block screenshots
2026-06-30 21:17:09 | INFO | Detected 3 blocks
2026-06-30 21:17:09 | INFO | Generating fingerprints for template discovery...
2026-06-30 21:17:09 | INFO |    Top-section: 7 rows via title+container
2026-06-30 21:17:09 | INFO |    Body start: y=175 (start row 7 via below-title+container)
2026-06-30 21:17:09 | INFO | URL Pattern: /acesso-a-informacao/acoes-e-programas/carta-de-servicos
2026-06-30 21:17:09 | INFO | Page catalog complete: /workspace/catalog/.pages/pben_com_br_acesso-a-informacao_acoes-e-programas_carta-de-servicos--9cb1a6fd/page-catalog.json
2026-06-30 21:17:09 | INFO |    Top-section: 7 rows via title+container
2026-06-30 21:17:09 | INFO |    Body start: y=175 (start row 7 via below-title+container)
2026-06-30 21:17:09 | INFO | URL Pattern: /acesso-a-informacao/acoes-e-programas/governanca
2026-06-30 21:17:09 | INFO | Page catalog complete: /workspace/catalog/.pages/pben_com_br_acesso-a-informacao_acoes-e-programas_governanca--45041771/page-catalog.json
2026-06-30 21:17:09 | INFO | SUCCESS: https://pben.com.br/acesso-a-informacao/acoes-e-programas/carta-de-servicos
2026-06-30 21:17:09 | INFO | SUCCESS: https://pben.com.br/acesso-a-informacao/acoes-e-programas/governanca
2026-06-30 21:17:09 | INFO |    Top-section: 7 rows via title+container
2026-06-30 21:17:09 | INFO |    Body start: y=175 (start row 7 via below-title+container)
2026-06-30 21:17:09 | INFO | URL Pattern: /acesso-a-informacao/transparencia-e-prestacao-de-contas
2026-06-30 21:17:09 | INFO | Page catalog complete: /workspace/catalog/.pages/pben_com_br_acesso-a-informacao_transparencia-e-prestacao-de-contas--4c5c4ded/page-catalog.json
2026-06-30 21:17:09 | INFO | SUCCESS: https://pben.com.br/acesso-a-informacao/transparencia-e-prestacao-de-contas
2026-06-30 21:17:10 | INFO | Removed 3 elements: overlay, popup
📐 Detecting header/footer for this page...
2026-06-30 21:17:10 | INFO | Template - Reused saved footer selector on current page
2026-06-30 21:17:10 | INFO | Header: complex complexity, 3 features
2026-06-30 21:17:10 | INFO | Footer: simple complexity, 0 features
2026-06-30 21:17:10 | INFO | Phase 2: Identifying main content area...
2026-06-30 21:17:10 | INFO | Main content: #main-content
2026-06-30 21:17:10 | INFO | Phase 3: Detecting blocks...
2026-06-30 21:17:10 | INFO | Phase 4: Capturing block screenshots...
2026-06-30 21:17:11 | INFO | Captured 3 block screenshots
2026-06-30 21:17:11 | INFO | Detected 3 blocks
2026-06-30 21:17:11 | INFO | Generating fingerprints for template discovery...
2026-06-30 21:17:11 | INFO | [21/60] Processing: https://pben.com.br/acesso-a-informacao/auditorias/acoes-de-supervisao-controle-e-correicao
2026-06-30 21:17:11 | INFO | Generated slug: pben_com_br_acesso-a-informacao_auditorias_acoes-de-supervisao-controle-e-correicao--e51ea7c0
2026-06-30 21:17:11 | INFO | Starting analysis: https://pben.com.br/acesso-a-informacao/auditorias/acoes-de-supervisao-controle-e-correicao -> /workspace/catalog/.pages/pben_com_br_acesso-a-informacao_auditorias_acoes-de-supervisao-controle-e-correicao--e51ea7c0
2026-06-30 21:17:11 | INFO | [22/60] Processing: https://pben.com.br/acesso-a-informacao/auditorias/demonstracoes-financeiras
2026-06-30 21:17:11 | INFO | Generated slug: pben_com_br_acesso-a-informacao_auditorias_demonstracoes-financeiras--dcd4a8bd
2026-06-30 21:17:11 | INFO | Starting analysis: https://pben.com.br/acesso-a-informacao/auditorias/demonstracoes-financeiras -> /workspace/catalog/.pages/pben_com_br_acesso-a-informacao_auditorias_demonstracoes-financeiras--dcd4a8bd
2026-06-30 21:17:11 | INFO | [23/60] Processing: https://pben.com.br/acesso-a-informacao/auditorias/prestacao-de-contas
2026-06-30 21:17:11 | INFO | Generated slug: pben_com_br_acesso-a-informacao_auditorias_prestacao-de-contas--bf332410
2026-06-30 21:17:11 | INFO | Starting analysis: https://pben.com.br/acesso-a-informacao/auditorias/prestacao-de-contas -> /workspace/catalog/.pages/pben_com_br_acesso-a-informacao_auditorias_prestacao-de-contas--bf332410
2026-06-30 21:17:11 | INFO | Loading: https://pben.com.br/acesso-a-informacao/auditorias/acoes-de-supervisao-controle-e-correicao
2026-06-30 21:17:11 | INFO | Loading: https://pben.com.br/acesso-a-informacao/auditorias/demonstracoes-financeiras
2026-06-30 21:17:11 | INFO | Loading: https://pben.com.br/acesso-a-informacao/auditorias/prestacao-de-contas
2026-06-30 21:17:11 | INFO |    Top-section: 7 rows via title+container
2026-06-30 21:17:11 | INFO |    Body start: y=175 (start row 7 via below-title+container)
2026-06-30 21:17:11 | INFO | URL Pattern: /acesso-a-informacao/acoes-e-programas/programas-finalisticos
2026-06-30 21:17:11 | INFO | Page catalog complete: /workspace/catalog/.pages/pben_com_br_acesso-a-informacao_acoes-e-programas_programas-finalisticos--e12543cb/page-catalog.json
2026-06-30 21:17:11 | INFO | SUCCESS: https://pben.com.br/acesso-a-informacao/acoes-e-programas/programas-finalisticos
2026-06-30 21:17:13 | INFO | [24/60] Processing: https://pben.com.br/acesso-a-informacao/auditorias/relatorios-da-cgu
2026-06-30 21:17:13 | INFO | Generated slug: pben_com_br_acesso-a-informacao_auditorias_relatorios-da-cgu--5d6243da
2026-06-30 21:17:13 | INFO | Starting analysis: https://pben.com.br/acesso-a-informacao/auditorias/relatorios-da-cgu -> /workspace/catalog/.pages/pben_com_br_acesso-a-informacao_auditorias_relatorios-da-cgu--5d6243da
2026-06-30 21:17:13 | INFO |    Top-section: 9 rows via title+container
2026-06-30 21:17:13 | INFO |    Body start: y=225 (start row 9 via below-title+container)
2026-06-30 21:17:13 | INFO | URL Pattern: /acesso-a-informacao/acoes-e-programas/recursos-financeiros-renuncia-de-receitas
2026-06-30 21:17:13 | INFO | Page catalog complete: /workspace/catalog/.pages/pben_com_br_acesso-a-informacao_acoes-e-programas_recursos-financeiros-renuncia-de-receitas--51c05f3d/page-catalog.json
2026-06-30 21:17:13 | INFO | SUCCESS: https://pben.com.br/acesso-a-informacao/acoes-e-programas/recursos-financeiros-renuncia-de-receitas
2026-06-30 21:17:13 | INFO | PROGRESS: 20/60 analyzed (33% checklist complete) | 20 ok, 0 failed, 0 skipped | ~10 min remaining
2026-06-30 21:17:13 | INFO | Loading: https://pben.com.br/acesso-a-informacao/auditorias/relatorios-da-cgu
2026-06-30 21:17:14 | INFO | Phase 0A: Triggering lazy-loaded content...
2026-06-30 21:17:14 | INFO | Phase 0A: Triggering lazy-loaded content...
2026-06-30 21:17:14 | INFO | Phase 0A: Triggering lazy-loaded content...
2026-06-30 21:17:14 | INFO | [25/60] Processing: https://pben.com.br/acesso-a-informacao/institucional/agenda-de-autoridades
2026-06-30 21:17:14 | INFO | Generated slug: pben_com_br_acesso-a-informacao_institucional_agenda-de-autoridades--69ac8a2d
2026-06-30 21:17:14 | INFO | Starting analysis: https://pben.com.br/acesso-a-informacao/institucional/agenda-de-autoridades -> /workspace/catalog/.pages/pben_com_br_acesso-a-informacao_institucional_agenda-de-autoridades--69ac8a2d
2026-06-30 21:17:14 | INFO | Loading: https://pben.com.br/acesso-a-informacao/institucional/agenda-de-autoridades
2026-06-30 21:17:16 | INFO | Lazy-load scroll complete
2026-06-30 21:17:16 | INFO | Phase 0B: Cleaning up overlays...
2026-06-30 21:17:16 | INFO | Lazy-load scroll complete
2026-06-30 21:17:16 | INFO | Phase 0B: Cleaning up overlays...
2026-06-30 21:17:16 | INFO | Lazy-load scroll complete
2026-06-30 21:17:16 | INFO | Phase 0B: Cleaning up overlays...
2026-06-30 21:17:16 | INFO | Phase 0A: Triggering lazy-loaded content...
2026-06-30 21:17:18 | INFO | Lazy-load scroll complete
2026-06-30 21:17:18 | INFO | Phase 0B: Cleaning up overlays...
2026-06-30 21:17:18 | INFO | Phase 0A: Triggering lazy-loaded content...
2026-06-30 21:17:19 | INFO | Lazy-load scroll complete
2026-06-30 21:17:19 | INFO | Phase 0B: Cleaning up overlays...
2026-06-30 21:18:17 | INFO | Removed 3 elements: overlay, popup
📐 Detecting header/footer for this page...
2026-06-30 21:18:17 | INFO | Removed 3 elements: overlay, popup
📐 Detecting header/footer for this page...
2026-06-30 21:18:17 | INFO | Removed 3 elements: overlay, popup
📐 Detecting header/footer for this page...
2026-06-30 21:18:17 | INFO | Template - Reused saved footer selector on current page
2026-06-30 21:18:17 | INFO | Header: complex complexity, 3 features
2026-06-30 21:18:17 | INFO | Footer: simple complexity, 0 features
2026-06-30 21:18:17 | INFO | Phase 2: Identifying main content area...
2026-06-30 21:18:17 | INFO | Main content: #main-content
2026-06-30 21:18:17 | INFO | Template - Reused saved footer selector on current page
2026-06-30 21:18:17 | INFO | Header: complex complexity, 3 features
2026-06-30 21:18:17 | INFO | Footer: simple complexity, 0 features
2026-06-30 21:18:17 | INFO | Phase 2: Identifying main content area...
2026-06-30 21:18:17 | INFO | Main content: #main-content
2026-06-30 21:18:17 | INFO | Template - Reused saved footer selector on current page
2026-06-30 21:18:17 | INFO | Header: complex complexity, 3 features
2026-06-30 21:18:17 | INFO | Footer: simple complexity, 0 features
2026-06-30 21:18:17 | INFO | Phase 2: Identifying main content area...
2026-06-30 21:18:17 | INFO | Main content: #main-content
2026-06-30 21:18:17 | INFO | Phase 3: Detecting blocks...
2026-06-30 21:18:17 | INFO | Phase 3: Detecting blocks...
2026-06-30 21:18:17 | INFO | Phase 3: Detecting blocks...
2026-06-30 21:18:17 | WARNING | Blocks - 50% of blocks are unknown - site uses non-EDS patterns
2026-06-30 21:18:17 | INFO | Phase 4: Capturing block screenshots...
2026-06-30 21:18:17 | WARNING | Blocks - 50% of blocks are unknown - site uses non-EDS patterns
2026-06-30 21:18:17 | INFO | Phase 4: Capturing block screenshots...
2026-06-30 21:18:17 | INFO | Phase 4: Capturing block screenshots...
2026-06-30 21:18:18 | INFO | Captured 2 block screenshots
2026-06-30 21:18:18 | INFO | Detected 2 blocks
2026-06-30 21:18:18 | INFO | Generating fingerprints for template discovery...
2026-06-30 21:18:18 | INFO | Captured 2 block screenshots
2026-06-30 21:18:18 | INFO | Detected 2 blocks
2026-06-30 21:18:18 | INFO | Generating fingerprints for template discovery...
2026-06-30 21:18:18 | INFO | Captured 2 block screenshots
2026-06-30 21:18:18 | INFO | Detected 2 blocks
2026-06-30 21:18:18 | INFO | Generating fingerprints for template discovery...
2026-06-30 21:18:19 | INFO | Removed 3 elements: overlay, popup
📐 Detecting header/footer for this page...
2026-06-30 21:18:19 | INFO | Template - Reused saved footer selector on current page
2026-06-30 21:18:19 | INFO | Header: complex complexity, 3 features
2026-06-30 21:18:19 | INFO | Footer: simple complexity, 0 features
2026-06-30 21:18:19 | INFO | Phase 2: Identifying main content area...
2026-06-30 21:18:19 | INFO | Main content: #main-content
2026-06-30 21:18:19 | INFO | Phase 3: Detecting blocks...
2026-06-30 21:18:19 | WARNING | Blocks - 50% of blocks are unknown - site uses non-EDS patterns
2026-06-30 21:18:19 | INFO | Phase 4: Capturing block screenshots...
2026-06-30 21:18:20 | INFO | Captured 2 block screenshots
2026-06-30 21:18:20 | INFO | Detected 2 blocks
2026-06-30 21:18:20 | INFO | Generating fingerprints for template discovery...
2026-06-30 21:18:20 | INFO |    Top-section: 7 rows via title+container
2026-06-30 21:18:20 | INFO |    Body start: y=175 (start row 7 via below-title+container)
2026-06-30 21:18:20 | INFO | URL Pattern: /acesso-a-informacao/auditorias/demonstracoes-financeiras
2026-06-30 21:18:20 | INFO | Page catalog complete: /workspace/catalog/.pages/pben_com_br_acesso-a-informacao_auditorias_demonstracoes-financeiras--dcd4a8bd/page-catalog.json
2026-06-30 21:18:20 | INFO |    Top-section: 24 rows via fallback
2026-06-30 21:18:20 | INFO |    Body start: y=598 (start row 23 via below-fallback)
2026-06-30 21:18:20 | INFO | URL Pattern: /acesso-a-informacao/auditorias/prestacao-de-contas
2026-06-30 21:18:20 | INFO | Page catalog complete: /workspace/catalog/.pages/pben_com_br_acesso-a-informacao_auditorias_prestacao-de-contas--bf332410/page-catalog.json
2026-06-30 21:18:20 | INFO |    Top-section: 10 rows via title+container
2026-06-30 21:18:20 | INFO |    Body start: y=250 (start row 10 via below-title+container)
2026-06-30 21:18:20 | INFO | URL Pattern: /acesso-a-informacao/auditorias/acoes-de-supervisao-controle-e-correicao
2026-06-30 21:18:20 | INFO | Page catalog complete: /workspace/catalog/.pages/pben_com_br_acesso-a-informacao_auditorias_acoes-de-supervisao-controle-e-correicao--e51ea7c0/page-catalog.json
2026-06-30 21:18:20 | INFO | SUCCESS: https://pben.com.br/acesso-a-informacao/auditorias/demonstracoes-financeiras
2026-06-30 21:18:20 | INFO | SUCCESS: https://pben.com.br/acesso-a-informacao/auditorias/prestacao-de-contas
2026-06-30 21:18:20 | INFO | SUCCESS: https://pben.com.br/acesso-a-informacao/auditorias/acoes-de-supervisao-controle-e-correicao
2026-06-30 21:18:21 | INFO | Removed 3 elements: overlay, popup
📐 Detecting header/footer for this page...
2026-06-30 21:18:21 | INFO | Template - Reused saved footer selector on current page
2026-06-30 21:18:21 | INFO | Header: complex complexity, 3 features
2026-06-30 21:18:21 | INFO | Footer: simple complexity, 0 features
2026-06-30 21:18:21 | INFO | Phase 2: Identifying main content area...
2026-06-30 21:18:21 | INFO | Main content: #main-content
2026-06-30 21:18:21 | INFO | Phase 3: Detecting blocks...
2026-06-30 21:18:21 | INFO | Phase 4: Capturing block screenshots...
2026-06-30 21:18:22 | INFO | Captured 3 block screenshots
2026-06-30 21:18:22 | INFO | Detected 3 blocks
2026-06-30 21:18:22 | INFO | Generating fingerprints for template discovery...
2026-06-30 21:18:22 | INFO | [26/60] Processing: https://pben.com.br/acesso-a-informacao/institucional/atas
2026-06-30 21:18:22 | INFO | Generated slug: pben_com_br_acesso-a-informacao_institucional_atas--eabcd075
2026-06-30 21:18:22 | INFO | Starting analysis: https://pben.com.br/acesso-a-informacao/institucional/atas -> /workspace/catalog/.pages/pben_com_br_acesso-a-informacao_institucional_atas--eabcd075
2026-06-30 21:18:22 | INFO | [27/60] Processing: https://pben.com.br/acesso-a-informacao/institucional/atos-normativos
2026-06-30 21:18:22 | INFO | Generated slug: pben_com_br_acesso-a-informacao_institucional_atos-normativos--c8d8f73e
2026-06-30 21:18:22 | INFO | Starting analysis: https://pben.com.br/acesso-a-informacao/institucional/atos-normativos -> /workspace/catalog/.pages/pben_com_br_acesso-a-informacao_institucional_atos-normativos--c8d8f73e
2026-06-30 21:18:22 | INFO | [28/60] Processing: https://pben.com.br/acesso-a-informacao/institucional/horario-de-atendimento
2026-06-30 21:18:22 | INFO | Generated slug: pben_com_br_acesso-a-informacao_institucional_horario-de-atendimento--666cf523
2026-06-30 21:18:22 | INFO | Starting analysis: https://pben.com.br/acesso-a-informacao/institucional/horario-de-atendimento -> /workspace/catalog/.pages/pben_com_br_acesso-a-informacao_institucional_horario-de-atendimento--666cf523
2026-06-30 21:18:22 | INFO | Loading: https://pben.com.br/acesso-a-informacao/institucional/atas
2026-06-30 21:18:22 | INFO | Loading: https://pben.com.br/acesso-a-informacao/institucional/atos-normativos
2026-06-30 21:18:22 | INFO | Loading: https://pben.com.br/acesso-a-informacao/institucional/horario-de-atendimento
2026-06-30 21:18:22 | INFO |    Top-section: 7 rows via title+container
2026-06-30 21:18:22 | INFO |    Body start: y=175 (start row 7 via below-title+container)
2026-06-30 21:18:22 | INFO | URL Pattern: /acesso-a-informacao/auditorias/relatorios-da-cgu
2026-06-30 21:18:22 | INFO | Page catalog complete: /workspace/catalog/.pages/pben_com_br_acesso-a-informacao_auditorias_relatorios-da-cgu--5d6243da/page-catalog.json
2026-06-30 21:18:22 | INFO | SUCCESS: https://pben.com.br/acesso-a-informacao/auditorias/relatorios-da-cgu
2026-06-30 21:18:24 | INFO | [29/60] Processing: https://pben.com.br/acesso-a-informacao/institucional/hospitalidades
2026-06-30 21:18:24 | INFO | Generated slug: pben_com_br_acesso-a-informacao_institucional_hospitalidades--044ab387
2026-06-30 21:18:24 | INFO | Starting analysis: https://pben.com.br/acesso-a-informacao/institucional/hospitalidades -> /workspace/catalog/.pages/pben_com_br_acesso-a-informacao_institucional_hospitalidades--044ab387
2026-06-30 21:18:24 | INFO | Loading: https://pben.com.br/acesso-a-informacao/institucional/hospitalidades
2026-06-30 21:18:24 | INFO |    Top-section: 7 rows via title+container
2026-06-30 21:18:24 | INFO |    Body start: y=175 (start row 7 via below-title+container)
2026-06-30 21:18:24 | INFO | URL Pattern: /acesso-a-informacao/institucional/agenda-de-autoridades
2026-06-30 21:18:24 | INFO | Page catalog complete: /workspace/catalog/.pages/pben_com_br_acesso-a-informacao_institucional_agenda-de-autoridades--69ac8a2d/page-catalog.json
2026-06-30 21:18:24 | INFO | SUCCESS: https://pben.com.br/acesso-a-informacao/institucional/agenda-de-autoridades
2026-06-30 21:18:24 | INFO | PROGRESS: 25/60 analyzed (42% checklist complete) | 25 ok, 0 failed, 0 skipped | ~9 min remaining
2026-06-30 21:18:25 | INFO | Phase 0A: Triggering lazy-loaded content...
2026-06-30 21:18:25 | INFO | Phase 0A: Triggering lazy-loaded content...
2026-06-30 21:18:25 | INFO | Phase 0A: Triggering lazy-loaded content...
2026-06-30 21:18:25 | INFO | [30/60] Processing: https://pben.com.br/acesso-a-informacao/institucional/presentes
2026-06-30 21:18:25 | INFO | Generated slug: pben_com_br_acesso-a-informacao_institucional_presentes--93050215
2026-06-30 21:18:25 | INFO | Starting analysis: https://pben.com.br/acesso-a-informacao/institucional/presentes -> /workspace/catalog/.pages/pben_com_br_acesso-a-informacao_institucional_presentes--93050215
2026-06-30 21:18:25 | INFO | Loading: https://pben.com.br/acesso-a-informacao/institucional/presentes
2026-06-30 21:18:27 | INFO | Lazy-load scroll complete
2026-06-30 21:18:27 | INFO | Phase 0B: Cleaning up overlays...
2026-06-30 21:18:27 | INFO | Lazy-load scroll complete
2026-06-30 21:18:27 | INFO | Phase 0B: Cleaning up overlays...
2026-06-30 21:18:27 | INFO | Lazy-load scroll complete
2026-06-30 21:18:27 | INFO | Phase 0B: Cleaning up overlays...
2026-06-30 21:18:27 | INFO | Phase 0A: Triggering lazy-loaded content...
2026-06-30 21:18:28 | INFO | Lazy-load scroll complete
2026-06-30 21:18:28 | INFO | Phase 0B: Cleaning up overlays...
2026-06-30 21:18:29 | INFO | Phase 0A: Triggering lazy-loaded content...
2026-06-30 21:18:30 | INFO | Lazy-load scroll complete
2026-06-30 21:18:30 | INFO | Phase 0B: Cleaning up overlays...
2026-06-30 21:19:28 | INFO | Removed 3 elements: overlay, popup
📐 Detecting header/footer for this page...
2026-06-30 21:19:28 | INFO | Removed 3 elements: overlay, popup
📐 Detecting header/footer for this page...
2026-06-30 21:19:28 | INFO | Removed 3 elements: overlay, popup
📐 Detecting header/footer for this page...
2026-06-30 21:19:28 | INFO | Template - Reused saved footer selector on current page
2026-06-30 21:19:28 | INFO | Header: complex complexity, 3 features
2026-06-30 21:19:28 | INFO | Footer: simple complexity, 0 features
2026-06-30 21:19:28 | INFO | Phase 2: Identifying main content area...
2026-06-30 21:19:28 | INFO | Main content: #main-content
2026-06-30 21:19:28 | INFO | Template - Reused saved footer selector on current page
2026-06-30 21:19:28 | INFO | Header: complex complexity, 3 features
2026-06-30 21:19:28 | INFO | Footer: simple complexity, 0 features
2026-06-30 21:19:28 | INFO | Phase 2: Identifying main content area...
2026-06-30 21:19:28 | INFO | Main content: #main-content
2026-06-30 21:19:28 | INFO | Template - Reused saved footer selector on current page
2026-06-30 21:19:28 | INFO | Header: complex complexity, 3 features
2026-06-30 21:19:28 | INFO | Footer: simple complexity, 0 features
2026-06-30 21:19:28 | INFO | Phase 2: Identifying main content area...
2026-06-30 21:19:28 | INFO | Main content: #main-content
2026-06-30 21:19:28 | INFO | Phase 3: Detecting blocks...
2026-06-30 21:19:28 | INFO | Phase 3: Detecting blocks...
2026-06-30 21:19:28 | INFO | Phase 3: Detecting blocks...
2026-06-30 21:19:28 | WARNING | Blocks - 50% of blocks are unknown - site uses non-EDS patterns
2026-06-30 21:19:28 | INFO | Phase 4: Capturing block screenshots...
2026-06-30 21:19:28 | INFO | Phase 4: Capturing block screenshots...
2026-06-30 21:19:28 | WARNING | Blocks - 50% of blocks are unknown - site uses non-EDS patterns
2026-06-30 21:19:28 | INFO | Phase 4: Capturing block screenshots...
2026-06-30 21:19:29 | INFO | Captured 2 block screenshots
2026-06-30 21:19:29 | INFO | Detected 2 blocks
2026-06-30 21:19:29 | INFO | Generating fingerprints for template discovery...
2026-06-30 21:19:29 | INFO | Captured 2 block screenshots
2026-06-30 21:19:29 | INFO | Detected 2 blocks
2026-06-30 21:19:29 | INFO | Generating fingerprints for template discovery...
2026-06-30 21:19:29 | INFO | Captured 2 block screenshots
2026-06-30 21:19:29 | INFO | Detected 2 blocks
2026-06-30 21:19:29 | INFO | Generating fingerprints for template discovery...
2026-06-30 21:19:30 | INFO | Removed 3 elements: overlay, popup
📐 Detecting header/footer for this page...
2026-06-30 21:19:30 | INFO | Template - Reused saved footer selector on current page
2026-06-30 21:19:30 | INFO | Header: complex complexity, 3 features
2026-06-30 21:19:30 | INFO | Footer: simple complexity, 0 features
2026-06-30 21:19:30 | INFO | Phase 2: Identifying main content area...
2026-06-30 21:19:30 | INFO | Main content: #main-content
2026-06-30 21:19:30 | INFO | Phase 3: Detecting blocks...
2026-06-30 21:19:30 | WARNING | Blocks - 67% of blocks are unknown - site uses non-EDS patterns
2026-06-30 21:19:30 | INFO | Phase 4: Capturing block screenshots...
2026-06-30 21:19:31 | INFO | Captured 3 block screenshots
2026-06-30 21:19:31 | INFO | Detected 3 blocks
2026-06-30 21:19:31 | INFO | Generating fingerprints for template discovery...
2026-06-30 21:19:31 | INFO |    Top-section: 7 rows via title+container
2026-06-30 21:19:31 | INFO |    Body start: y=175 (start row 7 via below-title+container)
2026-06-30 21:19:31 | INFO | URL Pattern: /acesso-a-informacao/institucional/atos-normativos
2026-06-30 21:19:31 | INFO | Page catalog complete: /workspace/catalog/.pages/pben_com_br_acesso-a-informacao_institucional_atos-normativos--c8d8f73e/page-catalog.json
2026-06-30 21:19:31 | INFO |    Top-section: 7 rows via title+container
2026-06-30 21:19:31 | INFO |    Body start: y=175 (start row 7 via below-title+container)
2026-06-30 21:19:31 | INFO | URL Pattern: /acesso-a-informacao/institucional/horario-de-atendimento
2026-06-30 21:19:31 | INFO | Page catalog complete: /workspace/catalog/.pages/pben_com_br_acesso-a-informacao_institucional_horario-de-atendimento--666cf523/page-catalog.json
2026-06-30 21:19:31 | INFO |    Top-section: 7 rows via title+container
2026-06-30 21:19:31 | INFO |    Body start: y=175 (start row 7 via below-title+container)
2026-06-30 21:19:31 | INFO | URL Pattern: /acesso-a-informacao/institucional/atas
2026-06-30 21:19:31 | INFO | Page catalog complete: /workspace/catalog/.pages/pben_com_br_acesso-a-informacao_institucional_atas--eabcd075/page-catalog.json
2026-06-30 21:19:31 | INFO | SUCCESS: https://pben.com.br/acesso-a-informacao/institucional/atos-normativos
2026-06-30 21:19:31 | INFO | SUCCESS: https://pben.com.br/acesso-a-informacao/institucional/horario-de-atendimento
2026-06-30 21:19:31 | INFO | SUCCESS: https://pben.com.br/acesso-a-informacao/institucional/atas
2026-06-30 21:19:32 | INFO | Removed 3 elements: overlay, popup
📐 Detecting header/footer for this page...
2026-06-30 21:19:32 | INFO | Template - Reused saved footer selector on current page
2026-06-30 21:19:32 | INFO | Header: complex complexity, 3 features
2026-06-30 21:19:32 | INFO | Footer: simple complexity, 0 features
2026-06-30 21:19:32 | INFO | Phase 2: Identifying main content area...
2026-06-30 21:19:32 | INFO | Main content: #main-content
2026-06-30 21:19:32 | INFO | Phase 3: Detecting blocks...
2026-06-30 21:19:32 | WARNING | Blocks - 67% of blocks are unknown - site uses non-EDS patterns
2026-06-30 21:19:32 | INFO | Phase 4: Capturing block screenshots...
2026-06-30 21:19:32 | INFO | Captured 3 block screenshots
2026-06-30 21:19:32 | INFO | Detected 3 blocks
2026-06-30 21:19:32 | INFO | Generating fingerprints for template discovery...
2026-06-30 21:19:33 | INFO | [31/60] Processing: https://pben.com.br/acesso-a-informacao/institucional/sobre
2026-06-30 21:19:33 | INFO | Generated slug: pben_com_br_acesso-a-informacao_institucional_sobre--79bb57bc
2026-06-30 21:19:33 | INFO | Starting analysis: https://pben.com.br/acesso-a-informacao/institucional/sobre -> /workspace/catalog/.pages/pben_com_br_acesso-a-informacao_institucional_sobre--79bb57bc
2026-06-30 21:19:33 | INFO | [32/60] Processing: https://pben.com.br/acesso-a-informacao/licitacoes-e-contratos/aditivos
2026-06-30 21:19:33 | INFO | Generated slug: pben_com_br_acesso-a-informacao_licitacoes-e-contratos_aditivos--1c96e1d4
2026-06-30 21:19:33 | INFO | Starting analysis: https://pben.com.br/acesso-a-informacao/licitacoes-e-contratos/aditivos -> /workspace/catalog/.pages/pben_com_br_acesso-a-informacao_licitacoes-e-contratos_aditivos--1c96e1d4
2026-06-30 21:19:33 | INFO | [33/60] Processing: https://pben.com.br/acesso-a-informacao/licitacoes-e-contratos/contratos
2026-06-30 21:19:33 | INFO | Generated slug: pben_com_br_acesso-a-informacao_licitacoes-e-contratos_contratos--68fda79a
2026-06-30 21:19:33 | INFO | Starting analysis: https://pben.com.br/acesso-a-informacao/licitacoes-e-contratos/contratos -> /workspace/catalog/.pages/pben_com_br_acesso-a-informacao_licitacoes-e-contratos_contratos--68fda79a
2026-06-30 21:19:33 | INFO | Loading: https://pben.com.br/acesso-a-informacao/institucional/sobre
2026-06-30 21:19:33 | INFO | Loading: https://pben.com.br/acesso-a-informacao/licitacoes-e-contratos/aditivos
2026-06-30 21:19:33 | INFO | Loading: https://pben.com.br/acesso-a-informacao/licitacoes-e-contratos/contratos
2026-06-30 21:19:33 | INFO |    Top-section: 7 rows via title+container
2026-06-30 21:19:33 | INFO |    Body start: y=175 (start row 7 via below-title+container)
2026-06-30 21:19:33 | INFO | URL Pattern: /acesso-a-informacao/institucional/hospitalidades
2026-06-30 21:19:33 | INFO | Page catalog complete: /workspace/catalog/.pages/pben_com_br_acesso-a-informacao_institucional_hospitalidades--044ab387/page-catalog.json
2026-06-30 21:19:33 | INFO | SUCCESS: https://pben.com.br/acesso-a-informacao/institucional/hospitalidades
2026-06-30 21:19:34 | INFO | [34/60] Processing: https://pben.com.br/acesso-a-informacao/licitacoes-e-contratos/contratos-de-transferencia-de-tecnologia
2026-06-30 21:19:34 | INFO | Generated slug: pben_com_br_acesso-a-informacao_licitacoes-e-contratos_contratos-de-transferencia-de-tecnologia--82a2e9b2
2026-06-30 21:19:34 | INFO | Starting analysis: https://pben.com.br/acesso-a-informacao/licitacoes-e-contratos/contratos-de-transferencia-de-tecnologia -> /workspace/catalog/.pages/pben_com_br_acesso-a-informacao_licitacoes-e-contratos_contratos-de-transferencia-de-tecnologia--82a2e9b2
2026-06-30 21:19:34 | INFO | Loading: https://pben.com.br/acesso-a-informacao/licitacoes-e-contratos/contratos-de-transferencia-de-tecnologia
2026-06-30 21:19:35 | INFO |    Top-section: 7 rows via title+container
2026-06-30 21:19:35 | INFO |    Body start: y=175 (start row 7 via below-title+container)
2026-06-30 21:19:35 | INFO | URL Pattern: /acesso-a-informacao/institucional/presentes
2026-06-30 21:19:35 | INFO | Page catalog complete: /workspace/catalog/.pages/pben_com_br_acesso-a-informacao_institucional_presentes--93050215/page-catalog.json
2026-06-30 21:19:35 | INFO | SUCCESS: https://pben.com.br/acesso-a-informacao/institucional/presentes
2026-06-30 21:19:35 | INFO | PROGRESS: 30/60 analyzed (50% checklist complete) | 30 ok, 0 failed, 0 skipped | ~8 min remaining
2026-06-30 21:19:36 | INFO | Phase 0A: Triggering lazy-loaded content...
2026-06-30 21:19:36 | INFO | Phase 0A: Triggering lazy-loaded content...
2026-06-30 21:19:36 | INFO | Phase 0A: Triggering lazy-loaded content...
2026-06-30 21:19:36 | INFO | [35/60] Processing: https://pben.com.br/acesso-a-informacao/licitacoes-e-contratos/licitacoes
2026-06-30 21:19:36 | INFO | Generated slug: pben_com_br_acesso-a-informacao_licitacoes-e-contratos_licitacoes--9e7d21ed
2026-06-30 21:19:36 | INFO | Starting analysis: https://pben.com.br/acesso-a-informacao/licitacoes-e-contratos/licitacoes -> /workspace/catalog/.pages/pben_com_br_acesso-a-informacao_licitacoes-e-contratos_licitacoes--9e7d21ed
2026-06-30 21:19:36 | INFO | Loading: https://pben.com.br/acesso-a-informacao/licitacoes-e-contratos/licitacoes
2026-06-30 21:19:37 | INFO | Lazy-load scroll complete
2026-06-30 21:19:37 | INFO | Phase 0B: Cleaning up overlays...
2026-06-30 21:19:37 | INFO | Lazy-load scroll complete
2026-06-30 21:19:37 | INFO | Phase 0B: Cleaning up overlays...
2026-06-30 21:19:37 | INFO | Lazy-load scroll complete
2026-06-30 21:19:37 | INFO | Phase 0B: Cleaning up overlays...
2026-06-30 21:19:38 | INFO | Phase 0A: Triggering lazy-loaded content...
2026-06-30 21:19:39 | INFO | Lazy-load scroll complete
2026-06-30 21:19:39 | INFO | Phase 0B: Cleaning up overlays...
2026-06-30 21:19:40 | INFO | Phase 0A: Triggering lazy-loaded content...
2026-06-30 21:19:41 | INFO | Lazy-load scroll complete
2026-06-30 21:19:41 | INFO | Phase 0B: Cleaning up overlays...
2026-06-30 21:20:09 | INFO | Removed 3 elements: overlay, popup
📐 Detecting header/footer for this page...
2026-06-30 21:20:09 | INFO | Removed 3 elements: overlay, popup
📐 Detecting header/footer for this page...
2026-06-30 21:20:09 | INFO | Template - Reused saved footer selector on current page
2026-06-30 21:20:09 | INFO | Header: complex complexity, 3 features
2026-06-30 21:20:09 | INFO | Footer: simple complexity, 0 features
2026-06-30 21:20:09 | INFO | Phase 2: Identifying main content area...
2026-06-30 21:20:09 | INFO | Main content: #main-content
2026-06-30 21:20:09 | INFO | Template - Reused saved footer selector on current page
2026-06-30 21:20:09 | INFO | Header: complex complexity, 3 features
2026-06-30 21:20:09 | INFO | Footer: simple complexity, 0 features
2026-06-30 21:20:09 | INFO | Phase 2: Identifying main content area...
2026-06-30 21:20:09 | INFO | Main content: #main-content
2026-06-30 21:20:09 | INFO | Phase 3: Detecting blocks...
2026-06-30 21:20:09 | INFO | Phase 3: Detecting blocks...
2026-06-30 21:20:09 | INFO | Phase 4: Capturing block screenshots...
2026-06-30 21:20:09 | INFO | Phase 4: Capturing block screenshots...
2026-06-30 21:20:10 | INFO | Captured 3 block screenshots
2026-06-30 21:20:10 | INFO | Detected 3 blocks
2026-06-30 21:20:10 | INFO | Generating fingerprints for template discovery...
2026-06-30 21:20:10 | INFO | Captured 3 block screenshots
2026-06-30 21:20:10 | INFO | Detected 3 blocks
2026-06-30 21:20:10 | INFO | Generating fingerprints for template discovery...
2026-06-30 21:20:12 | INFO |    Top-section: 7 rows via title+container
2026-06-30 21:20:12 | INFO |    Body start: y=175 (start row 7 via below-title+container)
2026-06-30 21:20:12 | INFO | URL Pattern: /acesso-a-informacao/licitacoes-e-contratos/contratos
2026-06-30 21:20:12 | INFO | Page catalog complete: /workspace/catalog/.pages/pben_com_br_acesso-a-informacao_licitacoes-e-contratos_contratos--68fda79a/page-catalog.json
2026-06-30 21:20:12 | INFO |    Top-section: 7 rows via title+container
2026-06-30 21:20:12 | INFO |    Body start: y=175 (start row 7 via below-title+container)
2026-06-30 21:20:12 | INFO | URL Pattern: /acesso-a-informacao/licitacoes-e-contratos/aditivos
2026-06-30 21:20:12 | INFO | Page catalog complete: /workspace/catalog/.pages/pben_com_br_acesso-a-informacao_licitacoes-e-contratos_aditivos--1c96e1d4/page-catalog.json
2026-06-30 21:20:12 | INFO | SUCCESS: https://pben.com.br/acesso-a-informacao/licitacoes-e-contratos/aditivos
2026-06-30 21:20:12 | INFO | SUCCESS: https://pben.com.br/acesso-a-informacao/licitacoes-e-contratos/contratos
2026-06-30 21:20:14 | INFO | [36/60] Processing: https://pben.com.br/acesso-a-informacao/licitacoes-e-contratos/patrocinios
2026-06-30 21:20:14 | INFO | Generated slug: pben_com_br_acesso-a-informacao_licitacoes-e-contratos_patrocinios--b4971e05
2026-06-30 21:20:14 | INFO | Starting analysis: https://pben.com.br/acesso-a-informacao/licitacoes-e-contratos/patrocinios -> /workspace/catalog/.pages/pben_com_br_acesso-a-informacao_licitacoes-e-contratos_patrocinios--b4971e05
2026-06-30 21:20:14 | INFO | [37/60] Processing: https://pben.com.br/acesso-a-informacao/participacao-social/audiencias-publicas
2026-06-30 21:20:14 | INFO | Generated slug: pben_com_br_acesso-a-informacao_participacao-social_audiencias-publicas--849d5ec2
2026-06-30 21:20:14 | INFO | Starting analysis: https://pben.com.br/acesso-a-informacao/participacao-social/audiencias-publicas -> /workspace/catalog/.pages/pben_com_br_acesso-a-informacao_participacao-social_audiencias-publicas--849d5ec2
2026-06-30 21:20:14 | INFO | Loading: https://pben.com.br/acesso-a-informacao/participacao-social/audiencias-publicas
2026-06-30 21:20:14 | INFO | Loading: https://pben.com.br/acesso-a-informacao/licitacoes-e-contratos/patrocinios
2026-06-30 21:20:17 | INFO | Phase 0A: Triggering lazy-loaded content...
2026-06-30 21:20:17 | INFO | Phase 0A: Triggering lazy-loaded content...
2026-06-30 21:20:18 | INFO | Lazy-load scroll complete
2026-06-30 21:20:18 | INFO | Phase 0B: Cleaning up overlays...
2026-06-30 21:20:18 | INFO | Lazy-load scroll complete
2026-06-30 21:20:18 | INFO | Phase 0B: Cleaning up overlays...
2026-06-30 21:20:39 | INFO | Removed 3 elements: overlay, popup
📐 Detecting header/footer for this page...
2026-06-30 21:20:39 | INFO | Template - Reused saved footer selector on current page
2026-06-30 21:20:39 | INFO | Header: complex complexity, 3 features
2026-06-30 21:20:39 | INFO | Footer: simple complexity, 0 features
2026-06-30 21:20:39 | INFO | Phase 2: Identifying main content area...
2026-06-30 21:20:39 | INFO | Main content: #main-content
2026-06-30 21:20:39 | INFO | Phase 3: Detecting blocks...
2026-06-30 21:20:39 | WARNING | Blocks - 50% of blocks are unknown - site uses non-EDS patterns
2026-06-30 21:20:39 | INFO | Phase 4: Capturing block screenshots...
2026-06-30 21:20:40 | INFO | Captured 2 block screenshots
2026-06-30 21:20:40 | INFO | Detected 2 blocks
2026-06-30 21:20:40 | INFO | Generating fingerprints for template discovery...
2026-06-30 21:20:41 | INFO | Removed 3 elements: overlay, popup
📐 Detecting header/footer for this page...
2026-06-30 21:20:41 | INFO | Template - Reused saved footer selector on current page
2026-06-30 21:20:41 | INFO | Header: complex complexity, 3 features
2026-06-30 21:20:41 | INFO | Footer: simple complexity, 0 features
2026-06-30 21:20:41 | INFO | Phase 2: Identifying main content area...
2026-06-30 21:20:41 | INFO | Main content: #main-content
2026-06-30 21:20:41 | INFO | Phase 3: Detecting blocks...
2026-06-30 21:20:41 | INFO | Phase 4: Capturing block screenshots...
2026-06-30 21:20:41 | INFO | Captured 3 block screenshots
2026-06-30 21:20:41 | INFO | Detected 3 blocks
2026-06-30 21:20:41 | INFO | Generating fingerprints for template discovery...
2026-06-30 21:20:42 | INFO |    Top-section: 7 rows via title+container
2026-06-30 21:20:42 | INFO |    Body start: y=175 (start row 7 via below-title+container)
2026-06-30 21:20:42 | INFO | URL Pattern: /acesso-a-informacao/institucional/sobre
2026-06-30 21:20:42 | INFO | Page catalog complete: /workspace/catalog/.pages/pben_com_br_acesso-a-informacao_institucional_sobre--79bb57bc/page-catalog.json
2026-06-30 21:20:42 | INFO | SUCCESS: https://pben.com.br/acesso-a-informacao/institucional/sobre
2026-06-30 21:20:42 | INFO | Removed 3 elements: overlay, popup
📐 Detecting header/footer for this page...
2026-06-30 21:20:42 | INFO | Template - Reused saved footer selector on current page
2026-06-30 21:20:42 | INFO | Header: complex complexity, 3 features
2026-06-30 21:20:42 | INFO | Footer: simple complexity, 0 features
2026-06-30 21:20:42 | INFO | Phase 2: Identifying main content area...
2026-06-30 21:20:42 | INFO | Main content: #main-content
2026-06-30 21:20:42 | INFO | Phase 3: Detecting blocks...
2026-06-30 21:20:42 | WARNING | Blocks - 50% of blocks are unknown - site uses non-EDS patterns
2026-06-30 21:20:42 | INFO | Phase 4: Capturing block screenshots...
2026-06-30 21:20:43 | INFO | Captured 4 block screenshots
2026-06-30 21:20:43 | INFO | Detected 4 blocks
2026-06-30 21:20:43 | INFO | Generating fingerprints for template discovery...
2026-06-30 21:20:43 | INFO | [38/60] Processing: https://pben.com.br/acesso-a-informacao/participacao-social/conferencias
2026-06-30 21:20:43 | INFO | Generated slug: pben_com_br_acesso-a-informacao_participacao-social_conferencias--04a780b0
2026-06-30 21:20:43 | INFO | Starting analysis: https://pben.com.br/acesso-a-informacao/participacao-social/conferencias -> /workspace/catalog/.pages/pben_com_br_acesso-a-informacao_participacao-social_conferencias--04a780b0
2026-06-30 21:20:43 | INFO | Loading: https://pben.com.br/acesso-a-informacao/participacao-social/conferencias
2026-06-30 21:20:44 | INFO |    Top-section: 10 rows via title+container
2026-06-30 21:20:44 | INFO |    Body start: y=250 (start row 10 via below-title+container)
2026-06-30 21:20:44 | INFO | URL Pattern: /acesso-a-informacao/licitacoes-e-contratos/contratos-de-transferencia-de-tecnologia
2026-06-30 21:20:44 | INFO | Page catalog complete: /workspace/catalog/.pages/pben_com_br_acesso-a-informacao_licitacoes-e-contratos_contratos-de-transferencia-de-tecnologia--82a2e9b2/page-catalog.json
2026-06-30 21:20:44 | INFO | SUCCESS: https://pben.com.br/acesso-a-informacao/licitacoes-e-contratos/contratos-de-transferencia-de-tecnologia
2026-06-30 21:20:45 | INFO | [39/60] Processing: https://pben.com.br/acesso-a-informacao/participacao-social/conselhos-e-orgaos-colegiados
2026-06-30 21:20:45 | INFO | Generated slug: pben_com_br_acesso-a-informacao_participacao-social_conselhos-e-orgaos-colegiados--069cc1d1
2026-06-30 21:20:45 | INFO | Starting analysis: https://pben.com.br/acesso-a-informacao/participacao-social/conselhos-e-orgaos-colegiados -> /workspace/catalog/.pages/pben_com_br_acesso-a-informacao_participacao-social_conselhos-e-orgaos-colegiados--069cc1d1
2026-06-30 21:20:45 | INFO | Loading: https://pben.com.br/acesso-a-informacao/participacao-social/conselhos-e-orgaos-colegiados
2026-06-30 21:20:46 | INFO |    Top-section: 7 rows via title+container
2026-06-30 21:20:46 | INFO |    Body start: y=175 (start row 7 via below-title+container)
2026-06-30 21:20:46 | INFO | URL Pattern: /acesso-a-informacao/licitacoes-e-contratos/licitacoes
2026-06-30 21:20:46 | INFO | Page catalog complete: /workspace/catalog/.pages/pben_com_br_acesso-a-informacao_licitacoes-e-contratos_licitacoes--9e7d21ed/page-catalog.json
2026-06-30 21:20:46 | INFO | SUCCESS: https://pben.com.br/acesso-a-informacao/licitacoes-e-contratos/licitacoes
2026-06-30 21:20:46 | INFO | PROGRESS: 35/60 analyzed (58% checklist complete) | 35 ok, 0 failed, 0 skipped | ~6 min remaining
2026-06-30 21:20:47 | INFO | Phase 0A: Triggering lazy-loaded content...
2026-06-30 21:20:47 | INFO | [40/60] Processing: https://pben.com.br/acesso-a-informacao/participacao-social/editais-de-chamamento-publico
2026-06-30 21:20:47 | INFO | Generated slug: pben_com_br_acesso-a-informacao_participacao-social_editais-de-chamamento-publico--e6550a69
2026-06-30 21:20:47 | INFO | Starting analysis: https://pben.com.br/acesso-a-informacao/participacao-social/editais-de-chamamento-publico -> /workspace/catalog/.pages/pben_com_br_acesso-a-informacao_participacao-social_editais-de-chamamento-publico--e6550a69
2026-06-30 21:20:47 | INFO | Loading: https://pben.com.br/acesso-a-informacao/participacao-social/editais-de-chamamento-publico
2026-06-30 21:20:48 | INFO | Lazy-load scroll complete
2026-06-30 21:20:48 | INFO | Phase 0B: Cleaning up overlays...
2026-06-30 21:20:48 | INFO | Phase 0A: Triggering lazy-loaded content...
2026-06-30 21:20:50 | INFO | Lazy-load scroll complete
2026-06-30 21:20:50 | INFO | Phase 0B: Cleaning up overlays...
2026-06-30 21:20:51 | INFO | Phase 0A: Triggering lazy-loaded content...
2026-06-30 21:20:52 | INFO | Lazy-load scroll complete
2026-06-30 21:20:52 | INFO | Phase 0B: Cleaning up overlays...
2026-06-30 21:21:20 | INFO | Removed 3 elements: overlay, popup
📐 Detecting header/footer for this page...
2026-06-30 21:21:20 | INFO | Removed 3 elements: overlay, popup
📐 Detecting header/footer for this page...
2026-06-30 21:21:20 | INFO | Template - Reused saved footer selector on current page
2026-06-30 21:21:20 | INFO | Header: complex complexity, 3 features
2026-06-30 21:21:20 | INFO | Footer: simple complexity, 0 features
2026-06-30 21:21:20 | INFO | Phase 2: Identifying main content area...
2026-06-30 21:21:20 | INFO | Main content: #main-content
2026-06-30 21:21:20 | INFO | Template - Reused saved footer selector on current page
2026-06-30 21:21:20 | INFO | Header: complex complexity, 3 features
2026-06-30 21:21:20 | INFO | Footer: simple complexity, 0 features
2026-06-30 21:21:20 | INFO | Phase 2: Identifying main content area...
2026-06-30 21:21:20 | INFO | Main content: #main-content
2026-06-30 21:21:20 | INFO | Phase 3: Detecting blocks...
2026-06-30 21:21:20 | INFO | Phase 3: Detecting blocks...
2026-06-30 21:21:20 | WARNING | Blocks - 50% of blocks are unknown - site uses non-EDS patterns
2026-06-30 21:21:20 | INFO | Phase 4: Capturing block screenshots...
2026-06-30 21:21:20 | WARNING | Blocks - 67% of blocks are unknown - site uses non-EDS patterns
2026-06-30 21:21:20 | INFO | Phase 4: Capturing block screenshots...
2026-06-30 21:21:21 | INFO | Captured 2 block screenshots
2026-06-30 21:21:21 | INFO | Detected 2 blocks
2026-06-30 21:21:21 | INFO | Generating fingerprints for template discovery...
2026-06-30 21:21:21 | INFO | Captured 3 block screenshots
2026-06-30 21:21:21 | INFO | Detected 3 blocks
2026-06-30 21:21:21 | INFO | Generating fingerprints for template discovery...
2026-06-30 21:21:23 | INFO |    Top-section: 7 rows via title+container
2026-06-30 21:21:23 | INFO |    Body start: y=175 (start row 7 via below-title+container)
2026-06-30 21:21:23 | INFO | URL Pattern: /acesso-a-informacao/participacao-social/audiencias-publicas
2026-06-30 21:21:23 | INFO | Page catalog complete: /workspace/catalog/.pages/pben_com_br_acesso-a-informacao_participacao-social_audiencias-publicas--849d5ec2/page-catalog.json
2026-06-30 21:21:23 | INFO |    Top-section: 7 rows via title+container
2026-06-30 21:21:23 | INFO |    Body start: y=175 (start row 7 via below-title+container)
2026-06-30 21:21:23 | INFO | URL Pattern: /acesso-a-informacao/licitacoes-e-contratos/patrocinios
2026-06-30 21:21:23 | INFO | Page catalog complete: /workspace/catalog/.pages/pben_com_br_acesso-a-informacao_licitacoes-e-contratos_patrocinios--b4971e05/page-catalog.json
2026-06-30 21:21:23 | INFO | SUCCESS: https://pben.com.br/acesso-a-informacao/participacao-social/audiencias-publicas
2026-06-30 21:21:23 | INFO | SUCCESS: https://pben.com.br/acesso-a-informacao/licitacoes-e-contratos/patrocinios
2026-06-30 21:21:24 | INFO | [41/60] Processing: https://pben.com.br/acesso-a-informacao/participacao-social/outras-acoes
2026-06-30 21:21:24 | INFO | Generated slug: pben_com_br_acesso-a-informacao_participacao-social_outras-acoes--adf4933b
2026-06-30 21:21:24 | INFO | Starting analysis: https://pben.com.br/acesso-a-informacao/participacao-social/outras-acoes -> /workspace/catalog/.pages/pben_com_br_acesso-a-informacao_participacao-social_outras-acoes--adf4933b
2026-06-30 21:21:24 | INFO | [42/60] Processing: https://pben.com.br/acesso-a-informacao/participacao-social/ouvidoria
2026-06-30 21:21:24 | INFO | Generated slug: pben_com_br_acesso-a-informacao_participacao-social_ouvidoria--faecefeb
2026-06-30 21:21:24 | INFO | Starting analysis: https://pben.com.br/acesso-a-informacao/participacao-social/ouvidoria -> /workspace/catalog/.pages/pben_com_br_acesso-a-informacao_participacao-social_ouvidoria--faecefeb
2026-06-30 21:21:24 | INFO | Loading: https://pben.com.br/acesso-a-informacao/participacao-social/ouvidoria
2026-06-30 21:21:25 | INFO | Loading: https://pben.com.br/acesso-a-informacao/participacao-social/outras-acoes
2026-06-30 21:21:28 | INFO | Phase 0A: Triggering lazy-loaded content...
2026-06-30 21:21:28 | INFO | Phase 0A: Triggering lazy-loaded content...
2026-06-30 21:21:29 | INFO | Lazy-load scroll complete
2026-06-30 21:21:29 | INFO | Phase 0B: Cleaning up overlays...
2026-06-30 21:21:29 | INFO | Lazy-load scroll complete
2026-06-30 21:21:29 | INFO | Phase 0B: Cleaning up overlays...
2026-06-30 21:21:50 | INFO | Removed 3 elements: overlay, popup
📐 Detecting header/footer for this page...
2026-06-30 21:21:50 | INFO | Template - Reused saved footer selector on current page
2026-06-30 21:21:50 | INFO | Header: complex complexity, 3 features
2026-06-30 21:21:50 | INFO | Footer: simple complexity, 0 features
2026-06-30 21:21:50 | INFO | Phase 2: Identifying main content area...
2026-06-30 21:21:50 | INFO | Main content: #main-content
2026-06-30 21:21:50 | INFO | Phase 3: Detecting blocks...
2026-06-30 21:21:50 | WARNING | Blocks - 50% of blocks are unknown - site uses non-EDS patterns
2026-06-30 21:21:50 | INFO | Phase 4: Capturing block screenshots...
2026-06-30 21:21:50 | INFO | Captured 2 block screenshots
2026-06-30 21:21:50 | INFO | Detected 2 blocks
2026-06-30 21:21:50 | INFO | Generating fingerprints for template discovery...
2026-06-30 21:21:51 | INFO | Removed 3 elements: overlay, popup
📐 Detecting header/footer for this page...
2026-06-30 21:21:51 | INFO | Template - Reused saved footer selector on current page
2026-06-30 21:21:51 | INFO | Header: complex complexity, 3 features
2026-06-30 21:21:51 | INFO | Footer: simple complexity, 0 features
2026-06-30 21:21:51 | INFO | Phase 2: Identifying main content area...
2026-06-30 21:21:51 | INFO | Main content: #main-content
2026-06-30 21:21:51 | INFO | Phase 3: Detecting blocks...
2026-06-30 21:21:51 | WARNING | Blocks - 50% of blocks are unknown - site uses non-EDS patterns
2026-06-30 21:21:51 | INFO | Phase 4: Capturing block screenshots...
2026-06-30 21:21:52 | INFO | Captured 2 block screenshots
2026-06-30 21:21:52 | INFO | Detected 2 blocks
2026-06-30 21:21:52 | INFO | Generating fingerprints for template discovery...
2026-06-30 21:21:53 | INFO |    Top-section: 7 rows via title+container
2026-06-30 21:21:53 | INFO |    Body start: y=175 (start row 7 via below-title+container)
2026-06-30 21:21:53 | INFO | URL Pattern: /acesso-a-informacao/participacao-social/conferencias
2026-06-30 21:21:53 | INFO | Page catalog complete: /workspace/catalog/.pages/pben_com_br_acesso-a-informacao_participacao-social_conferencias--04a780b0/page-catalog.json
2026-06-30 21:21:53 | INFO | SUCCESS: https://pben.com.br/acesso-a-informacao/participacao-social/conferencias
2026-06-30 21:21:53 | INFO | Removed 3 elements: overlay, popup
📐 Detecting header/footer for this page...
2026-06-30 21:21:53 | INFO | Template - Reused saved footer selector on current page
2026-06-30 21:21:53 | INFO | Header: complex complexity, 3 features
2026-06-30 21:21:53 | INFO | Footer: simple complexity, 0 features
2026-06-30 21:21:53 | INFO | Phase 2: Identifying main content area...
2026-06-30 21:21:53 | INFO | Main content: #main-content
2026-06-30 21:21:54 | INFO | Phase 3: Detecting blocks...
2026-06-30 21:21:54 | WARNING | Blocks - 50% of blocks are unknown - site uses non-EDS patterns
2026-06-30 21:21:54 | INFO | Phase 4: Capturing block screenshots...
2026-06-30 21:21:54 | INFO | Captured 2 block screenshots
2026-06-30 21:21:54 | INFO | Detected 2 blocks
2026-06-30 21:21:54 | INFO | Generating fingerprints for template discovery...
2026-06-30 21:21:54 | INFO | [43/60] Processing: https://pben.com.br/acesso-a-informacao/receitas-e-despesas/alienacao-de-bens-imoveis
2026-06-30 21:21:54 | INFO | Generated slug: pben_com_br_acesso-a-informacao_receitas-e-despesas_alienacao-de-bens-imoveis--9a8868fd
2026-06-30 21:21:54 | INFO | Starting analysis: https://pben.com.br/acesso-a-informacao/receitas-e-despesas/alienacao-de-bens-imoveis -> /workspace/catalog/.pages/pben_com_br_acesso-a-informacao_receitas-e-despesas_alienacao-de-bens-imoveis--9a8868fd
2026-06-30 21:21:54 | INFO | Loading: https://pben.com.br/acesso-a-informacao/receitas-e-despesas/alienacao-de-bens-imoveis
2026-06-30 21:21:54 | INFO |    Top-section: 8 rows via title+container
2026-06-30 21:21:54 | INFO |    Body start: y=200 (start row 8 via below-title+container)
2026-06-30 21:21:54 | INFO | URL Pattern: /acesso-a-informacao/participacao-social/conselhos-e-orgaos-colegiados
2026-06-30 21:21:54 | INFO | Page catalog complete: /workspace/catalog/.pages/pben_com_br_acesso-a-informacao_participacao-social_conselhos-e-orgaos-colegiados--069cc1d1/page-catalog.json
2026-06-30 21:21:54 | INFO | SUCCESS: https://pben.com.br/acesso-a-informacao/participacao-social/conselhos-e-orgaos-colegiados
2026-06-30 21:21:56 | INFO | [44/60] Processing: https://pben.com.br/acesso-a-informacao/receitas-e-despesas/aquisicao-de-bens
2026-06-30 21:21:56 | INFO | Generated slug: pben_com_br_acesso-a-informacao_receitas-e-despesas_aquisicao-de-bens--fb815aed
2026-06-30 21:21:56 | INFO | Starting analysis: https://pben.com.br/acesso-a-informacao/receitas-e-despesas/aquisicao-de-bens -> /workspace/catalog/.pages/pben_com_br_acesso-a-informacao_receitas-e-despesas_aquisicao-de-bens--fb815aed
2026-06-30 21:21:56 | INFO | Loading: https://pben.com.br/acesso-a-informacao/receitas-e-despesas/aquisicao-de-bens
2026-06-30 21:21:57 | INFO |    Top-section: 8 rows via title+container
2026-06-30 21:21:57 | INFO |    Body start: y=200 (start row 8 via below-title+container)
2026-06-30 21:21:57 | INFO | URL Pattern: /acesso-a-informacao/participacao-social/editais-de-chamamento-publico
2026-06-30 21:21:57 | INFO | Page catalog complete: /workspace/catalog/.pages/pben_com_br_acesso-a-informacao_participacao-social_editais-de-chamamento-publico--e6550a69/page-catalog.json
2026-06-30 21:21:57 | INFO | SUCCESS: https://pben.com.br/acesso-a-informacao/participacao-social/editais-de-chamamento-publico
2026-06-30 21:21:57 | INFO | PROGRESS: 40/60 analyzed (67% checklist complete) | 40 ok, 0 failed, 0 skipped | ~5 min remaining
2026-06-30 21:21:58 | INFO | Phase 0A: Triggering lazy-loaded content...
2026-06-30 21:21:58 | INFO | [45/60] Processing: https://pben.com.br/acesso-a-informacao/receitas-e-despesas/diarias-e-passagens
2026-06-30 21:21:58 | INFO | Generated slug: pben_com_br_acesso-a-informacao_receitas-e-despesas_diarias-e-passagens--30fac04f
2026-06-30 21:21:58 | INFO | Starting analysis: https://pben.com.br/acesso-a-informacao/receitas-e-despesas/diarias-e-passagens -> /workspace/catalog/.pages/pben_com_br_acesso-a-informacao_receitas-e-despesas_diarias-e-passagens--30fac04f
2026-06-30 21:21:58 | INFO | Loading: https://pben.com.br/acesso-a-informacao/receitas-e-despesas/diarias-e-passagens
2026-06-30 21:21:59 | INFO | Lazy-load scroll complete
2026-06-30 21:21:59 | INFO | Phase 0B: Cleaning up overlays...
2026-06-30 21:21:59 | INFO | Phase 0A: Triggering lazy-loaded content...
2026-06-30 21:22:01 | INFO | Lazy-load scroll complete
2026-06-30 21:22:01 | INFO | Phase 0B: Cleaning up overlays...
2026-06-30 21:22:01 | INFO | Phase 0A: Triggering lazy-loaded content...
2026-06-30 21:22:03 | INFO | Lazy-load scroll complete
2026-06-30 21:22:03 | INFO | Phase 0B: Cleaning up overlays...
2026-06-30 21:22:31 | INFO | Removed 3 elements: overlay, popup
📐 Detecting header/footer for this page...
2026-06-30 21:22:31 | INFO | Removed 3 elements: overlay, popup
📐 Detecting header/footer for this page...
2026-06-30 21:22:31 | INFO | Template - Reused saved footer selector on current page
2026-06-30 21:22:31 | INFO | Header: complex complexity, 3 features
2026-06-30 21:22:31 | INFO | Footer: simple complexity, 0 features
2026-06-30 21:22:31 | INFO | Phase 2: Identifying main content area...
2026-06-30 21:22:31 | INFO | Main content: #main-content
2026-06-30 21:22:31 | INFO | Template - Reused saved footer selector on current page
2026-06-30 21:22:31 | INFO | Header: complex complexity, 3 features
2026-06-30 21:22:31 | INFO | Footer: simple complexity, 0 features
2026-06-30 21:22:31 | INFO | Phase 2: Identifying main content area...
2026-06-30 21:22:31 | INFO | Main content: #main-content
2026-06-30 21:22:31 | INFO | Phase 3: Detecting blocks...
2026-06-30 21:22:31 | INFO | Phase 3: Detecting blocks...
2026-06-30 21:22:31 | INFO | Phase 4: Capturing block screenshots...
2026-06-30 21:22:31 | WARNING | Blocks - 67% of blocks are unknown - site uses non-EDS patterns
2026-06-30 21:22:31 | INFO | Phase 4: Capturing block screenshots...
2026-06-30 21:22:31 | INFO | Captured 3 block screenshots
2026-06-30 21:22:31 | INFO | Detected 3 blocks
2026-06-30 21:22:31 | INFO | Generating fingerprints for template discovery...
2026-06-30 21:22:31 | INFO | Captured 3 block screenshots
2026-06-30 21:22:31 | INFO | Detected 3 blocks
2026-06-30 21:22:31 | INFO | Generating fingerprints for template discovery...
2026-06-30 21:22:32 | INFO | Removed 3 elements: overlay, popup
📐 Detecting header/footer for this page...
2026-06-30 21:22:32 | INFO | Template - Reused saved footer selector on current page
2026-06-30 21:22:32 | INFO | Header: complex complexity, 3 features
2026-06-30 21:22:32 | INFO | Footer: simple complexity, 0 features
2026-06-30 21:22:32 | INFO | Phase 2: Identifying main content area...
2026-06-30 21:22:32 | INFO | Main content: #main-content
2026-06-30 21:22:32 | INFO | Phase 3: Detecting blocks...
2026-06-30 21:22:32 | INFO | Phase 4: Capturing block screenshots...
2026-06-30 21:22:33 | INFO | Captured 3 block screenshots
2026-06-30 21:22:33 | INFO | Detected 3 blocks
2026-06-30 21:22:33 | INFO | Generating fingerprints for template discovery...
2026-06-30 21:22:34 | INFO |    Top-section: 7 rows via title+container
2026-06-30 21:22:34 | INFO |    Body start: y=175 (start row 7 via below-title+container)
2026-06-30 21:22:34 | INFO | URL Pattern: /acesso-a-informacao/participacao-social/ouvidoria
2026-06-30 21:22:34 | INFO | Page catalog complete: /workspace/catalog/.pages/pben_com_br_acesso-a-informacao_participacao-social_ouvidoria--faecefeb/page-catalog.json
2026-06-30 21:22:34 | INFO |    Top-section: 7 rows via title+container
2026-06-30 21:22:34 | INFO |    Body start: y=175 (start row 7 via below-title+container)
2026-06-30 21:22:34 | INFO | URL Pattern: /acesso-a-informacao/participacao-social/outras-acoes
2026-06-30 21:22:34 | INFO | Page catalog complete: /workspace/catalog/.pages/pben_com_br_acesso-a-informacao_participacao-social_outras-acoes--adf4933b/page-catalog.json
2026-06-30 21:22:34 | INFO | SUCCESS: https://pben.com.br/acesso-a-informacao/participacao-social/ouvidoria
2026-06-30 21:22:34 | INFO | SUCCESS: https://pben.com.br/acesso-a-informacao/participacao-social/outras-acoes
2026-06-30 21:22:35 | INFO |    Top-section: 7 rows via title+container
2026-06-30 21:22:35 | INFO |    Body start: y=175 (start row 7 via below-title+container)
2026-06-30 21:22:35 | INFO | URL Pattern: /acesso-a-informacao/receitas-e-despesas/aquisicao-de-bens
2026-06-30 21:22:35 | INFO | Page catalog complete: /workspace/catalog/.pages/pben_com_br_acesso-a-informacao_receitas-e-despesas_aquisicao-de-bens--fb815aed/page-catalog.json
2026-06-30 21:22:35 | INFO | SUCCESS: https://pben.com.br/acesso-a-informacao/receitas-e-despesas/aquisicao-de-bens
2026-06-30 21:22:35 | INFO | [46/60] Processing: https://pben.com.br/acesso-a-informacao/receitas-e-despesas/orcamento-de-investimento
2026-06-30 21:22:35 | INFO | Generated slug: pben_com_br_acesso-a-informacao_receitas-e-despesas_orcamento-de-investimento--0e70ce01
2026-06-30 21:22:35 | INFO | Starting analysis: https://pben.com.br/acesso-a-informacao/receitas-e-despesas/orcamento-de-investimento -> /workspace/catalog/.pages/pben_com_br_acesso-a-informacao_receitas-e-despesas_orcamento-de-investimento--0e70ce01
2026-06-30 21:22:35 | INFO | [47/60] Processing: https://pben.com.br/acesso-a-informacao/receitas-e-despesas/politica-de-dividendos
2026-06-30 21:22:35 | INFO | Generated slug: pben_com_br_acesso-a-informacao_receitas-e-despesas_politica-de-dividendos--25d59b89
2026-06-30 21:22:35 | INFO | Starting analysis: https://pben.com.br/acesso-a-informacao/receitas-e-despesas/politica-de-dividendos -> /workspace/catalog/.pages/pben_com_br_acesso-a-informacao_receitas-e-despesas_politica-de-dividendos--25d59b89
2026-06-30 21:22:35 | INFO | Loading: https://pben.com.br/acesso-a-informacao/receitas-e-despesas/politica-de-dividendos
2026-06-30 21:22:35 | INFO | Loading: https://pben.com.br/acesso-a-informacao/receitas-e-despesas/orcamento-de-investimento
2026-06-30 21:22:37 | INFO | [48/60] Processing: https://pben.com.br/acesso-a-informacao/receitas-e-despesas/politica-de-transacoes-com-partes-relacionadas
2026-06-30 21:22:37 | INFO | Generated slug: pben_com_br_acesso-a-informacao_receitas-e-despesas_politica-de-transacoes-com-partes-relacionadas--120e5226
2026-06-30 21:22:37 | INFO | Starting analysis: https://pben.com.br/acesso-a-informacao/receitas-e-despesas/politica-de-transacoes-com-partes-relacionadas -> /workspace/catalog/.pages/pben_com_br_acesso-a-informacao_receitas-e-despesas_politica-de-transacoes-com-partes-relacionadas--120e5226
2026-06-30 21:22:37 | INFO | Loading: https://pben.com.br/acesso-a-informacao/receitas-e-despesas/politica-de-transacoes-com-partes-relacionadas
2026-06-30 21:22:39 | INFO | Phase 0A: Triggering lazy-loaded content...
2026-06-30 21:22:39 | INFO | Phase 0A: Triggering lazy-loaded content...
2026-06-30 21:22:40 | INFO | Lazy-load scroll complete
2026-06-30 21:22:40 | INFO | Phase 0B: Cleaning up overlays...
2026-06-30 21:22:40 | INFO | Lazy-load scroll complete
2026-06-30 21:22:40 | INFO | Phase 0B: Cleaning up overlays...
2026-06-30 21:22:40 | INFO | Phase 0A: Triggering lazy-loaded content...
2026-06-30 21:22:41 | INFO | Lazy-load scroll complete
2026-06-30 21:22:41 | INFO | Phase 0B: Cleaning up overlays...
2026-06-30 21:23:00 | INFO | Removed 3 elements: overlay, popup
📐 Detecting header/footer for this page...
2026-06-30 21:23:00 | INFO | Template - Reused saved footer selector on current page
2026-06-30 21:23:00 | INFO | Header: complex complexity, 3 features
2026-06-30 21:23:00 | INFO | Footer: simple complexity, 0 features
2026-06-30 21:23:00 | INFO | Phase 2: Identifying main content area...
2026-06-30 21:23:00 | INFO | Main content: #main-content
2026-06-30 21:23:00 | INFO | Phase 3: Detecting blocks...
2026-06-30 21:23:00 | WARNING | Blocks - 50% of blocks are unknown - site uses non-EDS patterns
2026-06-30 21:23:00 | INFO | Phase 4: Capturing block screenshots...
2026-06-30 21:23:01 | INFO | Captured 2 block screenshots
2026-06-30 21:23:01 | INFO | Detected 2 blocks
2026-06-30 21:23:01 | INFO | Generating fingerprints for template discovery...
2026-06-30 21:23:04 | INFO |    Top-section: 7 rows via title+container
2026-06-30 21:23:04 | INFO |    Body start: y=175 (start row 7 via below-title+container)
2026-06-30 21:23:04 | INFO | URL Pattern: /acesso-a-informacao/receitas-e-despesas/alienacao-de-bens-imoveis
2026-06-30 21:23:04 | INFO | Page catalog complete: /workspace/catalog/.pages/pben_com_br_acesso-a-informacao_receitas-e-despesas_alienacao-de-bens-imoveis--9a8868fd/page-catalog.json
2026-06-30 21:23:04 | INFO | SUCCESS: https://pben.com.br/acesso-a-informacao/receitas-e-despesas/alienacao-de-bens-imoveis
2026-06-30 21:23:04 | INFO | Removed 3 elements: overlay, popup
📐 Detecting header/footer for this page...
2026-06-30 21:23:04 | INFO | Template - Reused saved footer selector on current page
2026-06-30 21:23:04 | INFO | Header: complex complexity, 3 features
2026-06-30 21:23:04 | INFO | Footer: simple complexity, 0 features
2026-06-30 21:23:04 | INFO | Phase 2: Identifying main content area...
2026-06-30 21:23:04 | INFO | Main content: #main-content
2026-06-30 21:23:04 | INFO | Phase 3: Detecting blocks...
2026-06-30 21:23:04 | INFO | Phase 4: Capturing block screenshots...
2026-06-30 21:23:05 | INFO | Captured 3 block screenshots
2026-06-30 21:23:05 | INFO | Detected 3 blocks
2026-06-30 21:23:05 | INFO | Generating fingerprints for template discovery...
2026-06-30 21:23:05 | INFO | [49/60] Processing: https://pben.com.br/acesso-a-informacao/receitas-e-despesas/publicidade
2026-06-30 21:23:05 | INFO | Generated slug: pben_com_br_acesso-a-informacao_receitas-e-despesas_publicidade--907b8be7
2026-06-30 21:23:05 | INFO | Starting analysis: https://pben.com.br/acesso-a-informacao/receitas-e-despesas/publicidade -> /workspace/catalog/.pages/pben_com_br_acesso-a-informacao_receitas-e-despesas_publicidade--907b8be7
2026-06-30 21:23:05 | INFO | Loading: https://pben.com.br/acesso-a-informacao/receitas-e-despesas/publicidade
2026-06-30 21:23:07 | INFO |    Top-section: 7 rows via title+container
2026-06-30 21:23:07 | INFO |    Body start: y=175 (start row 7 via below-title+container)
2026-06-30 21:23:07 | INFO | URL Pattern: /acesso-a-informacao/receitas-e-despesas/diarias-e-passagens
2026-06-30 21:23:07 | INFO | Page catalog complete: /workspace/catalog/.pages/pben_com_br_acesso-a-informacao_receitas-e-despesas_diarias-e-passagens--30fac04f/page-catalog.json
2026-06-30 21:23:07 | INFO | SUCCESS: https://pben.com.br/acesso-a-informacao/receitas-e-despesas/diarias-e-passagens
2026-06-30 21:23:07 | INFO | PROGRESS: 45/60 analyzed (75% checklist complete) | 45 ok, 0 failed, 0 skipped | ~4 min remaining
2026-06-30 21:23:09 | INFO | [50/60] Processing: https://pben.com.br/acesso-a-informacao/receitas-e-despesas/receitas
2026-06-30 21:23:09 | INFO | Generated slug: pben_com_br_acesso-a-informacao_receitas-e-despesas_receitas--3b4a1765
2026-06-30 21:23:09 | INFO | Starting analysis: https://pben.com.br/acesso-a-informacao/receitas-e-despesas/receitas -> /workspace/catalog/.pages/pben_com_br_acesso-a-informacao_receitas-e-despesas_receitas--3b4a1765
2026-06-30 21:23:09 | INFO | Loading: https://pben.com.br/acesso-a-informacao/receitas-e-despesas/receitas
2026-06-30 21:23:09 | INFO | Phase 0A: Triggering lazy-loaded content...
2026-06-30 21:23:11 | INFO | Lazy-load scroll complete
2026-06-30 21:23:11 | INFO | Phase 0B: Cleaning up overlays...
2026-06-30 21:23:12 | INFO | Phase 0A: Triggering lazy-loaded content...
2026-06-30 21:23:14 | INFO | Lazy-load scroll complete
2026-06-30 21:23:14 | INFO | Phase 0B: Cleaning up overlays...
2026-06-30 21:23:41 | INFO | Removed 3 elements: overlay, popup
📐 Detecting header/footer for this page...
2026-06-30 21:23:41 | INFO | Removed 3 elements: overlay, popup
📐 Detecting header/footer for this page...
2026-06-30 21:23:41 | INFO | Template - Reused saved footer selector on current page
2026-06-30 21:23:41 | INFO | Header: complex complexity, 3 features
2026-06-30 21:23:41 | INFO | Footer: simple complexity, 0 features
2026-06-30 21:23:41 | INFO | Phase 2: Identifying main content area...
2026-06-30 21:23:41 | INFO | Main content: #main-content
2026-06-30 21:23:41 | INFO | Template - Reused saved footer selector on current page
2026-06-30 21:23:41 | INFO | Header: complex complexity, 3 features
2026-06-30 21:23:41 | INFO | Footer: simple complexity, 0 features
2026-06-30 21:23:41 | INFO | Phase 2: Identifying main content area...
2026-06-30 21:23:41 | INFO | Main content: #main-content
2026-06-30 21:23:41 | INFO | Phase 3: Detecting blocks...
2026-06-30 21:23:41 | INFO | Phase 3: Detecting blocks...
2026-06-30 21:23:41 | WARNING | Blocks - 50% of blocks are unknown - site uses non-EDS patterns
2026-06-30 21:23:41 | INFO | Phase 4: Capturing block screenshots...
2026-06-30 21:23:41 | INFO | Phase 4: Capturing block screenshots...
2026-06-30 21:23:42 | INFO | Captured 2 block screenshots
2026-06-30 21:23:42 | INFO | Detected 2 blocks
2026-06-30 21:23:42 | INFO | Generating fingerprints for template discovery...
2026-06-30 21:23:42 | INFO | Captured 3 block screenshots
2026-06-30 21:23:42 | INFO | Detected 3 blocks
2026-06-30 21:23:42 | INFO | Generating fingerprints for template discovery...
2026-06-30 21:23:43 | INFO | Removed 3 elements: overlay, popup
📐 Detecting header/footer for this page...
2026-06-30 21:23:43 | INFO | Template - Reused saved footer selector on current page
2026-06-30 21:23:43 | INFO | Header: complex complexity, 3 features
2026-06-30 21:23:43 | INFO | Footer: simple complexity, 0 features
2026-06-30 21:23:43 | INFO | Phase 2: Identifying main content area...
2026-06-30 21:23:43 | INFO | Main content: #main-content
2026-06-30 21:23:43 | INFO | Phase 3: Detecting blocks...
2026-06-30 21:23:43 | WARNING | Blocks - 50% of blocks are unknown - site uses non-EDS patterns
2026-06-30 21:23:43 | INFO | Phase 4: Capturing block screenshots...
2026-06-30 21:23:44 | INFO | Captured 2 block screenshots
2026-06-30 21:23:44 | INFO | Detected 2 blocks
2026-06-30 21:23:44 | INFO | Generating fingerprints for template discovery...
2026-06-30 21:23:44 | INFO |    Top-section: 7 rows via title+container
2026-06-30 21:23:44 | INFO |    Body start: y=175 (start row 7 via below-title+container)
2026-06-30 21:23:44 | INFO | URL Pattern: /acesso-a-informacao/receitas-e-despesas/politica-de-dividendos
2026-06-30 21:23:44 | INFO | Page catalog complete: /workspace/catalog/.pages/pben_com_br_acesso-a-informacao_receitas-e-despesas_politica-de-dividendos--25d59b89/page-catalog.json
2026-06-30 21:23:44 | INFO | SUCCESS: https://pben.com.br/acesso-a-informacao/receitas-e-despesas/politica-de-dividendos
2026-06-30 21:23:44 | INFO |    Top-section: 7 rows via title+container
2026-06-30 21:23:44 | INFO |    Body start: y=175 (start row 7 via below-title+container)
2026-06-30 21:23:44 | INFO | URL Pattern: /acesso-a-informacao/receitas-e-despesas/orcamento-de-investimento
2026-06-30 21:23:44 | INFO | Page catalog complete: /workspace/catalog/.pages/pben_com_br_acesso-a-informacao_receitas-e-despesas_orcamento-de-investimento--0e70ce01/page-catalog.json
2026-06-30 21:23:44 | INFO | SUCCESS: https://pben.com.br/acesso-a-informacao/receitas-e-despesas/orcamento-de-investimento
2026-06-30 21:23:46 | INFO |    Top-section: 10 rows via title+container
2026-06-30 21:23:46 | INFO |    Body start: y=250 (start row 10 via below-title+container)
2026-06-30 21:23:46 | INFO | URL Pattern: /acesso-a-informacao/receitas-e-despesas/politica-de-transacoes-com-partes-relacionadas
2026-06-30 21:23:46 | INFO | Page catalog complete: /workspace/catalog/.pages/pben_com_br_acesso-a-informacao_receitas-e-despesas_politica-de-transacoes-com-partes-relacionadas--120e5226/page-catalog.json
2026-06-30 21:23:46 | INFO | SUCCESS: https://pben.com.br/acesso-a-informacao/receitas-e-despesas/politica-de-transacoes-com-partes-relacionadas
2026-06-30 21:23:46 | INFO | [51/60] Processing: https://pben.com.br/acesso-a-informacao/servico-de-informacao-ao-cidadao-sic/balcoes-de-atendimento
2026-06-30 21:23:46 | INFO | Generated slug: pben_com_br_acesso-a-informacao_servico-de-informacao-ao-cidadao-sic_balcoes-de-atendimento--8840ea0d
2026-06-30 21:23:46 | INFO | Starting analysis: https://pben.com.br/acesso-a-informacao/servico-de-informacao-ao-cidadao-sic/balcoes-de-atendimento -> /workspace/catalog/.pages/pben_com_br_acesso-a-informacao_servico-de-informacao-ao-cidadao-sic_balcoes-de-atendimento--8840ea0d
2026-06-30 21:23:46 | INFO | [52/60] Processing: https://pben.com.br/acesso-a-informacao/servico-de-informacao-ao-cidadao-sic/estatisticas-do-sic
2026-06-30 21:23:46 | INFO | Generated slug: pben_com_br_acesso-a-informacao_servico-de-informacao-ao-cidadao-sic_estatisticas-do-sic--d57131c8
2026-06-30 21:23:46 | INFO | Starting analysis: https://pben.com.br/acesso-a-informacao/servico-de-informacao-ao-cidadao-sic/estatisticas-do-sic -> /workspace/catalog/.pages/pben_com_br_acesso-a-informacao_servico-de-informacao-ao-cidadao-sic_estatisticas-do-sic--d57131c8
2026-06-30 21:23:46 | INFO | Loading: https://pben.com.br/acesso-a-informacao/servico-de-informacao-ao-cidadao-sic/balcoes-de-atendimento
2026-06-30 21:23:46 | INFO | Loading: https://pben.com.br/acesso-a-informacao/servico-de-informacao-ao-cidadao-sic/estatisticas-do-sic
2026-06-30 21:23:47 | INFO | [53/60] Processing: https://pben.com.br/institucional
2026-06-30 21:23:47 | INFO | Generated slug: pben_com_br_institucional--54e74b4d
2026-06-30 21:23:47 | INFO | Starting analysis: https://pben.com.br/institucional -> /workspace/catalog/.pages/pben_com_br_institucional--54e74b4d
2026-06-30 21:23:47 | INFO | Loading: https://pben.com.br/institucional
2026-06-30 21:23:49 | INFO | Phase 0A: Triggering lazy-loaded content...
2026-06-30 21:23:50 | INFO | Phase 0A: Triggering lazy-loaded content...
2026-06-30 21:23:51 | INFO | Lazy-load scroll complete
2026-06-30 21:23:51 | INFO | Phase 0B: Cleaning up overlays...
2026-06-30 21:23:51 | INFO | Phase 0A: Triggering lazy-loaded content...
2026-06-30 21:23:52 | INFO | Lazy-load scroll complete
2026-06-30 21:23:52 | INFO | Phase 0B: Cleaning up overlays...
2026-06-30 21:23:53 | INFO | Lazy-load scroll complete
2026-06-30 21:23:53 | INFO | Phase 0B: Cleaning up overlays...
2026-06-30 21:24:12 | INFO | Removed 3 elements: overlay, popup
📐 Detecting header/footer for this page...
2026-06-30 21:24:12 | INFO | Template - Reused saved footer selector on current page
2026-06-30 21:24:12 | INFO | Header: complex complexity, 3 features
2026-06-30 21:24:12 | INFO | Footer: simple complexity, 0 features
2026-06-30 21:24:12 | INFO | Phase 2: Identifying main content area...
2026-06-30 21:24:12 | INFO | Main content: #main-content
2026-06-30 21:24:12 | INFO | Phase 3: Detecting blocks...
2026-06-30 21:24:12 | WARNING | Blocks - 67% of blocks are unknown - site uses non-EDS patterns
2026-06-30 21:24:12 | INFO | Phase 4: Capturing block screenshots...
2026-06-30 21:24:13 | INFO | Captured 3 block screenshots
2026-06-30 21:24:13 | INFO | Detected 3 blocks
2026-06-30 21:24:13 | INFO | Generating fingerprints for template discovery...
2026-06-30 21:24:15 | INFO | Removed 3 elements: overlay, popup
📐 Detecting header/footer for this page...
2026-06-30 21:24:15 | INFO | Template - Reused saved footer selector on current page
2026-06-30 21:24:15 | INFO | Header: complex complexity, 3 features
2026-06-30 21:24:15 | INFO | Footer: simple complexity, 0 features
2026-06-30 21:24:15 | INFO | Phase 2: Identifying main content area...
2026-06-30 21:24:15 | INFO | Main content: #main-content
2026-06-30 21:24:15 | INFO | Phase 3: Detecting blocks...
2026-06-30 21:24:15 | INFO | Phase 4: Capturing block screenshots...
2026-06-30 21:24:15 | INFO |    Top-section: 7 rows via title+container
2026-06-30 21:24:15 | INFO |    Body start: y=175 (start row 7 via below-title+container)
2026-06-30 21:24:15 | INFO | URL Pattern: /acesso-a-informacao/receitas-e-despesas/publicidade
2026-06-30 21:24:15 | INFO | Page catalog complete: /workspace/catalog/.pages/pben_com_br_acesso-a-informacao_receitas-e-despesas_publicidade--907b8be7/page-catalog.json
2026-06-30 21:24:15 | INFO | SUCCESS: https://pben.com.br/acesso-a-informacao/receitas-e-despesas/publicidade
2026-06-30 21:24:16 | INFO | Captured 2 block screenshots
2026-06-30 21:24:16 | INFO | Detected 2 blocks
2026-06-30 21:24:16 | INFO | Generating fingerprints for template discovery...
2026-06-30 21:24:17 | INFO | [54/60] Processing: https://pben.com.br/institucional/auditoria
2026-06-30 21:24:17 | INFO | Generated slug: pben_com_br_institucional_auditoria--43dc98f3
2026-06-30 21:24:17 | INFO | Starting analysis: https://pben.com.br/institucional/auditoria -> /workspace/catalog/.pages/pben_com_br_institucional_auditoria--43dc98f3
2026-06-30 21:24:17 | INFO | Loading: https://pben.com.br/institucional/auditoria
2026-06-30 21:24:18 | INFO |    Top-section: 7 rows via title+container
2026-06-30 21:24:18 | INFO |    Body start: y=175 (start row 7 via below-title+container)
2026-06-30 21:24:18 | INFO | URL Pattern: /acesso-a-informacao/receitas-e-despesas/receitas
2026-06-30 21:24:18 | INFO | Page catalog complete: /workspace/catalog/.pages/pben_com_br_acesso-a-informacao_receitas-e-despesas_receitas--3b4a1765/page-catalog.json
2026-06-30 21:24:18 | INFO | SUCCESS: https://pben.com.br/acesso-a-informacao/receitas-e-despesas/receitas
2026-06-30 21:24:18 | INFO | PROGRESS: 50/60 analyzed (83% checklist complete) | 50 ok, 0 failed, 0 skipped | ~3 min remaining
2026-06-30 21:24:20 | INFO | [55/60] Processing: https://pben.com.br/institucional/licitacoes-contratos-e-aquisicao-de-bens
2026-06-30 21:24:20 | INFO | Generated slug: pben_com_br_institucional_licitacoes-contratos-e-aquisicao-de-bens--2aa7dd9f
2026-06-30 21:24:20 | INFO | Starting analysis: https://pben.com.br/institucional/licitacoes-contratos-e-aquisicao-de-bens -> /workspace/catalog/.pages/pben_com_br_institucional_licitacoes-contratos-e-aquisicao-de-bens--2aa7dd9f
2026-06-30 21:24:20 | INFO | Loading: https://pben.com.br/institucional/licitacoes-contratos-e-aquisicao-de-bens
2026-06-30 21:24:21 | INFO | Phase 0A: Triggering lazy-loaded content...
2026-06-30 21:24:23 | INFO | Lazy-load scroll complete
2026-06-30 21:24:23 | INFO | Phase 0B: Cleaning up overlays...
2026-06-30 21:24:24 | INFO | Phase 0A: Triggering lazy-loaded content...
2026-06-30 21:24:26 | INFO | Lazy-load scroll complete
2026-06-30 21:24:26 | INFO | Phase 0B: Cleaning up overlays...
2026-06-30 21:24:52 | INFO | Removed 3 elements: overlay, popup
📐 Detecting header/footer for this page...
2026-06-30 21:24:52 | INFO | Template - Reused saved footer selector on current page
2026-06-30 21:24:52 | INFO | Header: complex complexity, 3 features
2026-06-30 21:24:52 | INFO | Footer: simple complexity, 0 features
2026-06-30 21:24:52 | INFO | Phase 2: Identifying main content area...
2026-06-30 21:24:52 | INFO | Main content: #main-content
2026-06-30 21:24:52 | INFO | Phase 3: Detecting blocks...
2026-06-30 21:24:52 | INFO | Phase 4: Capturing block screenshots...
2026-06-30 21:24:53 | INFO | Removed 3 elements: overlay, popup
📐 Detecting header/footer for this page...
2026-06-30 21:24:53 | INFO | Template - Reused saved footer selector on current page
2026-06-30 21:24:53 | INFO | Header: complex complexity, 3 features
2026-06-30 21:24:53 | INFO | Footer: simple complexity, 0 features
2026-06-30 21:24:53 | INFO | Phase 2: Identifying main content area...
2026-06-30 21:24:53 | INFO | Main content: #main-content
2026-06-30 21:24:53 | INFO | Captured 2 block screenshots
2026-06-30 21:24:53 | INFO | Detected 2 blocks
2026-06-30 21:24:53 | INFO | Generating fingerprints for template discovery...
2026-06-30 21:24:53 | INFO | Phase 3: Detecting blocks...
2026-06-30 21:24:53 | WARNING | Blocks - 50% of blocks are unknown - site uses non-EDS patterns
2026-06-30 21:24:53 | INFO | Phase 4: Capturing block screenshots...
2026-06-30 21:24:54 | INFO | Captured 2 block screenshots
2026-06-30 21:24:54 | INFO | Detected 2 blocks
2026-06-30 21:24:54 | INFO | Generating fingerprints for template discovery...
2026-06-30 21:24:55 | INFO | Removed 3 elements: overlay, popup
📐 Detecting header/footer for this page...
2026-06-30 21:24:55 | INFO | Template - Reused saved header selector on current page
2026-06-30 21:24:55 | INFO | Template - Reused saved footer selector on current page
2026-06-30 21:24:55 | INFO | Header: complex complexity, 3 features
2026-06-30 21:24:55 | INFO | Footer: simple complexity, 0 features
2026-06-30 21:24:55 | INFO | Phase 2: Identifying main content area...
2026-06-30 21:24:55 | INFO | Main content: #main-content
2026-06-30 21:24:55 | INFO | Phase 3: Detecting blocks...
2026-06-30 21:24:55 | INFO | Phase 4: Capturing block screenshots...
2026-06-30 21:24:55 | INFO |    Top-section: 8 rows via title+container
2026-06-30 21:24:55 | INFO |    Body start: y=200 (start row 8 via below-title+container)
2026-06-30 21:24:55 | INFO | URL Pattern: /acesso-a-informacao/servico-de-informacao-ao-cidadao-sic/balcoes-de-atendimento
2026-06-30 21:24:55 | INFO | Page catalog complete: /workspace/catalog/.pages/pben_com_br_acesso-a-informacao_servico-de-informacao-ao-cidadao-sic_balcoes-de-atendimento--8840ea0d/page-catalog.json
2026-06-30 21:24:55 | INFO | SUCCESS: https://pben.com.br/acesso-a-informacao/servico-de-informacao-ao-cidadao-sic/balcoes-de-atendimento
2026-06-30 21:24:56 | INFO | Captured 9 block screenshots
2026-06-30 21:24:56 | INFO | Detected 9 blocks
2026-06-30 21:24:56 | INFO | Generating fingerprints for template discovery...
2026-06-30 21:24:56 | INFO |    Top-section: 8 rows via title+container
2026-06-30 21:24:56 | INFO |    Body start: y=200 (start row 8 via below-title+container)
2026-06-30 21:24:56 | INFO | URL Pattern: /acesso-a-informacao/servico-de-informacao-ao-cidadao-sic/estatisticas-do-sic
2026-06-30 21:24:56 | INFO | Page catalog complete: /workspace/catalog/.pages/pben_com_br_acesso-a-informacao_servico-de-informacao-ao-cidadao-sic_estatisticas-do-sic--d57131c8/page-catalog.json
2026-06-30 21:24:56 | INFO | SUCCESS: https://pben.com.br/acesso-a-informacao/servico-de-informacao-ao-cidadao-sic/estatisticas-do-sic
2026-06-30 21:24:57 | INFO | [56/60] Processing: https://pben.com.br/institucional/orgaos-estatutarios
2026-06-30 21:24:57 | INFO | Generated slug: pben_com_br_institucional_orgaos-estatutarios--8694c3d0
2026-06-30 21:24:57 | INFO | Starting analysis: https://pben.com.br/institucional/orgaos-estatutarios -> /workspace/catalog/.pages/pben_com_br_institucional_orgaos-estatutarios--8694c3d0
2026-06-30 21:24:57 | INFO | Loading: https://pben.com.br/institucional/orgaos-estatutarios
2026-06-30 21:24:58 | INFO | [57/60] Processing: https://pben.com.br/institucional/relatorios-anuais-e-informacoes-financeiras
2026-06-30 21:24:58 | INFO | Generated slug: pben_com_br_institucional_relatorios-anuais-e-informacoes-financeiras--84ebb2c6
2026-06-30 21:24:58 | INFO | Starting analysis: https://pben.com.br/institucional/relatorios-anuais-e-informacoes-financeiras -> /workspace/catalog/.pages/pben_com_br_institucional_relatorios-anuais-e-informacoes-financeiras--84ebb2c6
2026-06-30 21:24:58 | INFO | Loading: https://pben.com.br/institucional/relatorios-anuais-e-informacoes-financeiras
2026-06-30 21:24:58 | INFO |    Top-section: 12 rows via title+container
2026-06-30 21:24:58 | INFO |    Body start: y=300 (start row 12 via below-title+container)
2026-06-30 21:24:58 | INFO | URL Pattern: /institucional
2026-06-30 21:24:58 | INFO | Page catalog complete: /workspace/catalog/.pages/pben_com_br_institucional--54e74b4d/page-catalog.json
2026-06-30 21:24:58 | INFO | SUCCESS: https://pben.com.br/institucional
2026-06-30 21:25:00 | INFO | [58/60] Processing: https://pben.com.br/cartas-de-governanca-e-politicas-publicas
2026-06-30 21:25:00 | INFO | Generated slug: pben_com_br_cartas-de-governanca-e-politicas-publicas--204d134e
2026-06-30 21:25:00 | INFO | Starting analysis: https://pben.com.br/cartas-de-governanca-e-politicas-publicas -> /workspace/catalog/.pages/pben_com_br_cartas-de-governanca-e-politicas-publicas--204d134e
2026-06-30 21:25:00 | INFO | Loading: https://pben.com.br/cartas-de-governanca-e-politicas-publicas
2026-06-30 21:25:04 | INFO | Phase 0A: Triggering lazy-loaded content...
2026-06-30 21:25:04 | INFO | Phase 0A: Triggering lazy-loaded content...
2026-06-30 21:25:06 | INFO | Lazy-load scroll complete
2026-06-30 21:25:06 | INFO | Phase 0B: Cleaning up overlays...
2026-06-30 21:25:06 | INFO | Lazy-load scroll complete
2026-06-30 21:25:06 | INFO | Phase 0B: Cleaning up overlays...
2026-06-30 21:25:08 | INFO | Phase 0A: Triggering lazy-loaded content...
2026-06-30 21:25:09 | INFO | Lazy-load scroll complete
2026-06-30 21:25:09 | INFO | Phase 0B: Cleaning up overlays...
2026-06-30 21:25:24 | INFO | Removed 3 elements: overlay, popup
📐 Detecting header/footer for this page...
2026-06-30 21:25:24 | INFO | Template - Reused saved header selector on current page
2026-06-30 21:25:24 | INFO | Template - Reused saved footer selector on current page
2026-06-30 21:25:24 | INFO | Header: complex complexity, 3 features
2026-06-30 21:25:24 | INFO | Footer: simple complexity, 0 features
2026-06-30 21:25:24 | INFO | Phase 2: Identifying main content area...
2026-06-30 21:25:24 | INFO | Main content: #main-content
2026-06-30 21:25:24 | INFO | Phase 3: Detecting blocks...
2026-06-30 21:25:24 | INFO | Phase 4: Capturing block screenshots...
2026-06-30 21:25:25 | INFO | Captured 4 block screenshots
2026-06-30 21:25:25 | INFO | Detected 4 blocks
2026-06-30 21:25:25 | INFO | Generating fingerprints for template discovery...
2026-06-30 21:25:27 | INFO | Removed 3 elements: overlay, popup
📐 Detecting header/footer for this page...
2026-06-30 21:25:27 | INFO | Template - Reused saved header selector on current page
2026-06-30 21:25:27 | INFO | Template - Reused saved footer selector on current page
2026-06-30 21:25:27 | INFO | Header: complex complexity, 3 features
2026-06-30 21:25:27 | INFO | Footer: simple complexity, 0 features
2026-06-30 21:25:27 | INFO | Phase 2: Identifying main content area...
2026-06-30 21:25:27 | INFO | Main content: #main-content
2026-06-30 21:25:27 | INFO | Phase 3: Detecting blocks...
2026-06-30 21:25:27 | INFO | Phase 4: Capturing block screenshots...
2026-06-30 21:25:27 | INFO |    Top-section: 7 rows via title+container
2026-06-30 21:25:27 | INFO |    Body start: y=175 (start row 7 via below-title+container)
2026-06-30 21:25:27 | INFO | URL Pattern: /institucional/auditoria
2026-06-30 21:25:27 | INFO | Page catalog complete: /workspace/catalog/.pages/pben_com_br_institucional_auditoria--43dc98f3/page-catalog.json
2026-06-30 21:25:27 | INFO | SUCCESS: https://pben.com.br/institucional/auditoria
2026-06-30 21:25:29 | INFO | [59/60] Processing: https://pben.com.br/demonstrativos-de-quadro-de-pessoal-e-acordos-coletivos
2026-06-30 21:25:29 | INFO | Generated slug: pben_com_br_demonstrativos-de-quadro-de-pessoal-e-acordos-coletivos--f599ed6d
2026-06-30 21:25:29 | INFO | Starting analysis: https://pben.com.br/demonstrativos-de-quadro-de-pessoal-e-acordos-coletivos -> /workspace/catalog/.pages/pben_com_br_demonstrativos-de-quadro-de-pessoal-e-acordos-coletivos--f599ed6d
2026-06-30 21:25:29 | INFO | Loading: https://pben.com.br/demonstrativos-de-quadro-de-pessoal-e-acordos-coletivos
2026-06-30 21:25:29 | INFO | Captured 24 block screenshots
2026-06-30 21:25:29 | INFO | Detected 24 blocks
2026-06-30 21:25:29 | INFO | Generating fingerprints for template discovery...
2026-06-30 21:25:32 | INFO |    Top-section: 9 rows via title+container
2026-06-30 21:25:32 | INFO |    Body start: y=225 (start row 9 via below-title+container)
2026-06-30 21:25:32 | INFO | URL Pattern: /institucional/licitacoes-contratos-e-aquisicao-de-bens
2026-06-30 21:25:32 | INFO | Page catalog complete: /workspace/catalog/.pages/pben_com_br_institucional_licitacoes-contratos-e-aquisicao-de-bens--2aa7dd9f/page-catalog.json
2026-06-30 21:25:32 | INFO | SUCCESS: https://pben.com.br/institucional/licitacoes-contratos-e-aquisicao-de-bens
2026-06-30 21:25:32 | INFO | PROGRESS: 55/60 analyzed (92% checklist complete) | 55 ok, 0 failed, 0 skipped | ~2 min remaining
2026-06-30 21:25:32 | INFO | Phase 0A: Triggering lazy-loaded content...
2026-06-30 21:25:33 | INFO | [60/60] Processing: https://pben.com.br/outras-informacoes
2026-06-30 21:25:33 | INFO | Generated slug: pben_com_br_outras-informacoes--041388ef
2026-06-30 21:25:33 | INFO | Starting analysis: https://pben.com.br/outras-informacoes -> /workspace/catalog/.pages/pben_com_br_outras-informacoes--041388ef
2026-06-30 21:25:33 | INFO | Loading: https://pben.com.br/outras-informacoes
2026-06-30 21:25:34 | INFO | Lazy-load scroll complete
2026-06-30 21:25:34 | INFO | Phase 0B: Cleaning up overlays...
2026-06-30 21:25:37 | INFO | Phase 0A: Triggering lazy-loaded content...
2026-06-30 21:25:38 | INFO | Lazy-load scroll complete
2026-06-30 21:25:38 | INFO | Phase 0B: Cleaning up overlays...
2026-06-30 21:26:07 | INFO | Removed 3 elements: overlay, popup
📐 Detecting header/footer for this page...
2026-06-30 21:26:07 | INFO | Removed 3 elements: overlay, popup
📐 Detecting header/footer for this page...
2026-06-30 21:26:07 | INFO | Template - Reused saved header selector on current page
2026-06-30 21:26:07 | INFO | Template - Reused saved footer selector on current page
2026-06-30 21:26:07 | INFO | Header: complex complexity, 3 features
2026-06-30 21:26:07 | INFO | Footer: simple complexity, 0 features
2026-06-30 21:26:07 | INFO | Phase 2: Identifying main content area...
2026-06-30 21:26:07 | INFO | Main content: #main-content
2026-06-30 21:26:07 | INFO | Template - Reused saved header selector on current page
2026-06-30 21:26:07 | INFO | Template - Reused saved footer selector on current page
2026-06-30 21:26:07 | INFO | Header: complex complexity, 3 features
2026-06-30 21:26:07 | INFO | Footer: simple complexity, 0 features
2026-06-30 21:26:07 | INFO | Phase 2: Identifying main content area...
2026-06-30 21:26:07 | INFO | Main content: #main-content
2026-06-30 21:26:07 | INFO | Phase 3: Detecting blocks...
2026-06-30 21:26:07 | INFO | Phase 3: Detecting blocks...
2026-06-30 21:26:07 | INFO | Phase 4: Capturing block screenshots...
2026-06-30 21:26:07 | INFO | Phase 4: Capturing block screenshots...
2026-06-30 21:26:08 | INFO | Captured 6 block screenshots
2026-06-30 21:26:08 | INFO | Detected 6 blocks
2026-06-30 21:26:08 | INFO | Generating fingerprints for template discovery...
2026-06-30 21:26:08 | INFO | Captured 7 block screenshots
2026-06-30 21:26:08 | INFO | Detected 7 blocks
2026-06-30 21:26:08 | INFO | Generating fingerprints for template discovery...
2026-06-30 21:26:10 | INFO |    Top-section: 8 rows via title+container
2026-06-30 21:26:10 | INFO |    Body start: y=200 (start row 8 via below-title+container)
2026-06-30 21:26:10 | INFO | URL Pattern: /cartas-de-governanca-e-politicas-publicas
2026-06-30 21:26:10 | INFO | Page catalog complete: /workspace/catalog/.pages/pben_com_br_cartas-de-governanca-e-politicas-publicas--204d134e/page-catalog.json
2026-06-30 21:26:10 | INFO | SUCCESS: https://pben.com.br/cartas-de-governanca-e-politicas-publicas
2026-06-30 21:26:11 | INFO |    Top-section: 9 rows via title+container
2026-06-30 21:26:11 | INFO |    Body start: y=225 (start row 9 via below-title+container)
2026-06-30 21:26:11 | INFO | URL Pattern: /institucional/relatorios-anuais-e-informacoes-financeiras
2026-06-30 21:26:11 | INFO | Page catalog complete: /workspace/catalog/.pages/pben_com_br_institucional_relatorios-anuais-e-informacoes-financeiras--84ebb2c6/page-catalog.json
2026-06-30 21:26:11 | INFO | SUCCESS: https://pben.com.br/institucional/relatorios-anuais-e-informacoes-financeiras
2026-06-30 21:26:11 | INFO | Removed 3 elements: overlay, popup
📐 Detecting header/footer for this page...
2026-06-30 21:26:11 | INFO | Template - Reused saved header selector on current page
2026-06-30 21:26:11 | INFO | Template - Reused saved footer selector on current page
2026-06-30 21:26:11 | INFO | Header: complex complexity, 3 features
2026-06-30 21:26:11 | INFO | Footer: simple complexity, 0 features
2026-06-30 21:26:11 | INFO | Phase 2: Identifying main content area...
2026-06-30 21:26:11 | INFO | Main content: #main-content
2026-06-30 21:26:11 | INFO | Phase 3: Detecting blocks...
2026-06-30 21:26:11 | INFO | Phase 4: Capturing block screenshots...
2026-06-30 21:26:12 | INFO | Captured 7 block screenshots
2026-06-30 21:26:12 | INFO | Detected 7 blocks
2026-06-30 21:26:12 | INFO | Generating fingerprints for template discovery...
2026-06-30 21:26:12 | INFO | Worker 3 finished
2026-06-30 21:26:12 | INFO | Worker 1 finished
2026-06-30 21:26:14 | INFO |    Top-section: 7 rows via title+container
2026-06-30 21:26:14 | INFO |    Body start: y=175 (start row 7 via below-title+container)
2026-06-30 21:26:14 | INFO | URL Pattern: /institucional/orgaos-estatutarios
2026-06-30 21:26:14 | INFO | Page catalog complete: /workspace/catalog/.pages/pben_com_br_institucional_orgaos-estatutarios--8694c3d0/page-catalog.json
2026-06-30 21:26:14 | INFO | SUCCESS: https://pben.com.br/institucional/orgaos-estatutarios
2026-06-30 21:26:16 | INFO | Worker 2 finished
2026-06-30 21:26:35 | INFO | Removed 3 elements: overlay, popup
📐 Detecting header/footer for this page...
2026-06-30 21:26:35 | INFO | Template - Reused saved header selector on current page
2026-06-30 21:26:35 | INFO | Template - Reused saved footer selector on current page
2026-06-30 21:26:35 | INFO | Header: complex complexity, 3 features
2026-06-30 21:26:35 | INFO | Footer: simple complexity, 0 features
2026-06-30 21:26:35 | INFO | Phase 2: Identifying main content area...
2026-06-30 21:26:35 | INFO | Main content: #main-content
2026-06-30 21:26:35 | INFO | Phase 3: Detecting blocks...
2026-06-30 21:26:35 | INFO | Phase 4: Capturing block screenshots...
2026-06-30 21:26:36 | INFO | Captured 3 block screenshots
2026-06-30 21:26:36 | INFO | Detected 3 blocks
2026-06-30 21:26:36 | INFO | Generating fingerprints for template discovery...
2026-06-30 21:26:38 | INFO |    Top-section: 8 rows via title+container
2026-06-30 21:26:38 | INFO |    Body start: y=200 (start row 8 via below-title+container)
2026-06-30 21:26:38 | INFO | URL Pattern: /demonstrativos-de-quadro-de-pessoal-e-acordos-coletivos
2026-06-30 21:26:38 | INFO | Page catalog complete: /workspace/catalog/.pages/pben_com_br_demonstrativos-de-quadro-de-pessoal-e-acordos-coletivos--f599ed6d/page-catalog.json
2026-06-30 21:26:38 | INFO | SUCCESS: https://pben.com.br/demonstrativos-de-quadro-de-pessoal-e-acordos-coletivos
2026-06-30 21:26:39 | INFO | Removed 3 elements: overlay, popup
📐 Detecting header/footer for this page...
2026-06-30 21:26:39 | INFO | Template - Reused saved header selector on current page
2026-06-30 21:26:39 | INFO | Template - Reused saved footer selector on current page
2026-06-30 21:26:39 | INFO | Header: complex complexity, 3 features
2026-06-30 21:26:39 | INFO | Footer: simple complexity, 0 features
2026-06-30 21:26:39 | INFO | Phase 2: Identifying main content area...
2026-06-30 21:26:39 | INFO | Main content: #main-content
2026-06-30 21:26:39 | INFO | Phase 3: Detecting blocks...
2026-06-30 21:26:40 | INFO | Phase 4: Capturing block screenshots...
2026-06-30 21:26:40 | INFO | Worker 0 finished
2026-06-30 21:26:40 | INFO | Captured 2 block screenshots
2026-06-30 21:26:40 | INFO | Detected 2 blocks
2026-06-30 21:26:40 | INFO | Generating fingerprints for template discovery...
2026-06-30 21:26:43 | INFO |    Top-section: 7 rows via title+container
2026-06-30 21:26:43 | INFO |    Body start: y=175 (start row 7 via below-title+container)
2026-06-30 21:26:43 | INFO | URL Pattern: /outras-informacoes
2026-06-30 21:26:43 | INFO | Page catalog complete: /workspace/catalog/.pages/pben_com_br_outras-informacoes--041388ef/page-catalog.json
2026-06-30 21:26:43 | INFO | SUCCESS: https://pben.com.br/outras-informacoes
2026-06-30 21:26:43 | INFO | PROGRESS: 60/60 analyzed (100% checklist complete) | 60 ok, 0 failed, 0 skipped | ~0 min remaining
2026-06-30 21:26:43 | INFO | Worker 4 finished
2026-06-30 21:26:43 | INFO | PROGRESS: 60/60 analyzed (100% checklist complete) | 60 ok, 0 failed, 0 skipped | ~0 min remaining
2026-06-30 21:26:43 | INFO | ================================================================================
2026-06-30 21:26:43 | INFO | BATCH ANALYSIS COMPLETED
2026-06-30 21:26:43 | INFO | ================================================================================
2026-06-30 21:26:43 | INFO | Total URLs: 60
2026-06-30 21:26:43 | INFO | Attempt successes: 60
2026-06-30 21:26:43 | INFO | Attempt failures: 0
2026-06-30 21:26:43 | INFO | Skipped: 0
2026-06-30 21:26:43 | INFO | Checklist final status: 60 analyzed, 0 failed, 0 marked
2026-06-30 21:26:43 | INFO | Workers: 5
2026-06-30 21:26:43 | INFO | ================================================================================
2026-06-30 21:26:43 | INFO | Session state: ANALYZING → TEMPLATING
2026-06-30T21:26:58.229Z | INFO | Consolidating fingerprints from page catalogs...
2026-06-30T21:26:58.248Z | INFO | consolidate-fingerprints - Consolidated 60 fingerprints
2026-06-30 21:27:13 | INFO | Agent 4 Started - Catalog blocks with similarity
2026-06-30 21:27:13 | INFO | Agent 4 Progress - Starting representative pass with 8 page(s) and 32 block occurrence(s)
2026-06-30 21:27:13 | INFO | Agent 4 Progress - representative: 8/8 page(s), 32/32 block occurrence(s), 12 unique signatures, 14 variants (12 new, 20 reused)
2026-06-30 21:27:13 | INFO | Agent 4 Progress - Starting backfill pass with 52 page(s) and 174 block occurrence(s)
2026-06-30 21:27:13 | INFO | Agent 4 Progress - backfill: 25/52 page(s), 69/174 block occurrence(s), 13 unique signatures, 15 variants (13 new, 88 reused)
2026-06-30 21:27:13 | INFO | Agent 4 Progress - backfill: 50/52 page(s), 165/174 block occurrence(s), 19 unique signatures, 21 variants (19 new, 178 reused)
2026-06-30 21:27:13 | INFO | Agent 4 Progress - backfill: 52/52 page(s), 174/174 block occurrence(s), 21 unique signatures, 23 variants (21 new, 185 reused)
2026-06-30 21:27:13 | INFO | Agent 4 Completed - Cataloged 23 block variants (21 new, 185 reused)
2026-06-30 21:27:13 | INFO | Agent 2 Started - Generate summary.json
2026-06-30 21:27:13 | INFO | Session state set to INACTIVE
2026-06-30 21:27:13 | INFO | Agent 2 Completed - Summary generated successfully
