2026-07-01 12:03:52 | INFO | Setting up catalog project for: https://comunicabaciadesantos.petrobras.com.br/
2026-07-01 12:03:52 | INFO | Project root: /workspace
2026-07-01 12:03:52 | INFO | Creating catalog folder: /workspace/catalog
2026-07-01 12:03:52 | INFO | Plugin root: /home/node/.excat-marketplaces/excat-marketplace/excat
2026-07-01 12:03:52 | INFO | Config file created: /workspace/catalog/.catalog-config.json
2026-07-01 12:03:52 | INFO | Log file initialized: /workspace/catalog/catalog.log
2026-07-01 12:03:52 | INFO | Session initialized: DISCOVERY
2026-07-01 12:03:52 | INFO | Catalog project setup complete
2026-07-01 12:03:52 | INFO | Catalog folder: /workspace/catalog
2026-07-01 12:03:52 | INFO | Config file: /workspace/catalog/.catalog-config.json
2026-07-01 12:03:52 | INFO | Log file: /workspace/catalog/catalog.log
2026-07-01 12:03:52 | INFO | Session: /workspace/catalog/.catalog_session (DISCOVERY)
2026-07-01 12:03:53 | INFO | Creating sample URLs...
2026-07-01 12:03:53 | INFO | Total URLs in grouped data: 138
2026-07-01 12:03:53 | INFO | Total URLs (138) <= 1000, using ALL URLs
2026-07-01 12:03:53 | INFO | Created urls-sample.json with 138 URLs
2026-07-01 12:03:53 | INFO | Validating urls-sample.json against schema...
✅ VALIDATION PASSED: urls-sample.json matches schema
2026-07-01 12:03:53 | INFO | Schema validation passed
2026-07-01 12:03:53 | INFO | Sample creation complete - urls-sample.json with 138 URLs
2026-07-01 12:03:53 | INFO | Checklist not found, looking for URLs source file...
2026-07-01 12:03:53 | INFO | Validating urls-sample.json against urls-sample.schema.json...
✅ VALIDATION PASSED: urls-sample.json matches schema
2026-07-01 12:03:53 | INFO | Creating checklist from: /workspace/catalog/urls-sample.json
2026-07-01 12:03:53 | INFO | Created urls-checklist.json with 138 URLs
2026-07-01 12:03:53 | INFO | Session state: ANALYZING
2026-07-01 12:03:53 | INFO | ================================================================================
2026-07-01 12:03:53 | INFO | BATCH ANALYSIS STARTED
2026-07-01 12:03:53 | INFO | Catalog: /workspace/catalog
2026-07-01 12:03:53 | INFO | Delay: 2000ms between requests
2026-07-01 12:03:53 | INFO | Workers: 4
2026-07-01 12:03:53 | INFO | Identity profiles: 13 available (workers cycle through them deterministically)
2026-07-01 12:03:53 | INFO | Scheduling: shared queue; each worker pulls the next pending URL as soon as it finishes.
2026-07-01 12:03:53 | INFO | Adaptive backoff: enabled (bot/WAF detection reduces active workers before aborting)
2026-07-01 12:03:53 | INFO | ================================================================================
2026-07-01 12:03:53 | INFO | Found 138 URLs to process (4 workers)
2026-07-01 12:03:53 | INFO | AGENT_RELAY: Share ETA and PROGRESS/HEARTBEAT lines with the user at least every 60 seconds.
2026-07-01 12:03:53 | INFO | Created .pages directory: /workspace/catalog/.pages
2026-07-01 12:03:53 | INFO | Pages to analyze: 138
2026-07-01 12:03:53 | INFO | Processing speed baseline: ~40 pages/minute (4 workers)
2026-07-01 12:03:53 | INFO | Estimated analysis time: ~4 min
2026-07-01 12:03:53 | INFO | Worker 0 started (profile 0: Windows)
2026-07-01 12:03:53 | INFO | Launching stealth browser...
2026-07-01 12:03:53 | INFO | [1/138] Processing: https://comunicabaciadesantos.petrobras.com.br/
2026-07-01 12:03:53 | INFO | Generated slug: comunicabaciadesantos_petrobras_com_br--2424e4b6
2026-07-01 12:03:53 | INFO | Starting analysis: https://comunicabaciadesantos.petrobras.com.br/ -> /workspace/catalog/.pages/comunicabaciadesantos_petrobras_com_br--2424e4b6
2026-07-01 12:03:53 | INFO | Loading: https://comunicabaciadesantos.petrobras.com.br/
2026-07-01 12:03:54 | INFO | Worker 1 started (profile 1: Windows)
2026-07-01 12:03:54 | INFO | Launching stealth browser...
2026-07-01 12:03:55 | INFO | [2/138] Processing: https://comunicabaciadesantos.petrobras.com.br/empreendimentos
2026-07-01 12:03:55 | INFO | Generated slug: comunicabaciadesantos_petrobras_com_br_empreendimentos--7b0434ac
2026-07-01 12:03:55 | INFO | Starting analysis: https://comunicabaciadesantos.petrobras.com.br/empreendimentos -> /workspace/catalog/.pages/comunicabaciadesantos_petrobras_com_br_empreendimentos--7b0434ac
2026-07-01 12:03:55 | INFO | Loading: https://comunicabaciadesantos.petrobras.com.br/empreendimentos
2026-07-01 12:03:56 | INFO | Worker 2 started (profile 2: Windows)
2026-07-01 12:03:56 | INFO | Launching stealth browser...
2026-07-01 12:03:56 | INFO | [3/138] Processing: https://comunicabaciadesantos.petrobras.com.br/empreendimentos/etapa-4
2026-07-01 12:03:56 | INFO | Generated slug: comunicabaciadesantos_petrobras_com_br_empreendimentos_etapa-4--a36713e3
2026-07-01 12:03:56 | INFO | Starting analysis: https://comunicabaciadesantos.petrobras.com.br/empreendimentos/etapa-4 -> /workspace/catalog/.pages/comunicabaciadesantos_petrobras_com_br_empreendimentos_etapa-4--a36713e3
2026-07-01 12:03:56 | INFO | Loading: https://comunicabaciadesantos.petrobras.com.br/empreendimentos/etapa-4
2026-07-01 12:03:57 | INFO | Worker 3 started (profile 3: Windows)
2026-07-01 12:03:57 | INFO | Launching stealth browser...
2026-07-01 12:03:58 | INFO | [4/138] Processing: https://comunicabaciadesantos.petrobras.com.br/empreendimentos/etapa-3
2026-07-01 12:03:58 | INFO | Generated slug: comunicabaciadesantos_petrobras_com_br_empreendimentos_etapa-3--3f121fc5
2026-07-01 12:03:58 | INFO | Starting analysis: https://comunicabaciadesantos.petrobras.com.br/empreendimentos/etapa-3 -> /workspace/catalog/.pages/comunicabaciadesantos_petrobras_com_br_empreendimentos_etapa-3--3f121fc5
2026-07-01 12:03:58 | INFO | Loading: https://comunicabaciadesantos.petrobras.com.br/empreendimentos/etapa-3
2026-07-01 12:03:59 | INFO | Phase 0A: Triggering lazy-loaded content...
2026-07-01 12:04:01 | INFO | Lazy-load scroll complete
2026-07-01 12:04:01 | INFO | Phase 0B: Cleaning up overlays...
2026-07-01 12:04:02 | INFO | Phase 0A: Triggering lazy-loaded content...
2026-07-01 12:04:02 | INFO | Phase 0A: Triggering lazy-loaded content...
2026-07-01 12:04:02 | INFO | Removed 5 elements: overlay, popup
📐 Detecting header/footer for this page...
2026-07-01 12:04:03 | INFO | Lazy-load scroll complete
2026-07-01 12:04:03 | INFO | Phase 0B: Cleaning up overlays...
2026-07-01 12:04:04 | INFO | Phase 0A: Triggering lazy-loaded content...
2026-07-01 12:04:04 | INFO | Lazy-load scroll complete
2026-07-01 12:04:04 | INFO | Phase 0B: Cleaning up overlays...
2026-07-01 12:04:04 | INFO | Removed 14 elements: overlay, popup
📐 Detecting header/footer for this page...
2026-07-01 12:04:04 | INFO | Template - Reused saved header selector on current page
   ✅ Saved global footer: div.footer-main
2026-07-01 12:04:04 | INFO | Header: simple complexity, 1 features
2026-07-01 12:04:04 | INFO | Footer: simple complexity, 0 features
2026-07-01 12:04:04 | INFO | Phase 2: Identifying main content area...
2026-07-01 12:04:04 | INFO | Main content: #main-content
2026-07-01 12:04:04 | INFO | Phase 3: Detecting blocks...
2026-07-01 12:04:04 | WARNING | Blocks - 100% of blocks are unknown - site uses non-EDS patterns
2026-07-01 12:04:04 | INFO | Phase 4: Capturing block screenshots...
2026-07-01 12:04:05 | INFO | Removed 5 elements: overlay, popup
📐 Detecting header/footer for this page...
2026-07-01 12:04:05 | INFO | Template - Reused saved header selector on current page
2026-07-01 12:04:05 | INFO | Template - Reused saved footer selector on current page
2026-07-01 12:04:05 | INFO | Header: simple complexity, 1 features
2026-07-01 12:04:05 | INFO | Footer: simple complexity, 0 features
2026-07-01 12:04:05 | INFO | Phase 2: Identifying main content area...
2026-07-01 12:04:05 | INFO | Main content: #main-content
2026-07-01 12:04:05 | INFO | Phase 3: Detecting blocks...
2026-07-01 12:04:05 | INFO | Phase 4: Capturing block screenshots...
2026-07-01 12:04:05 | INFO | Lazy-load scroll complete
2026-07-01 12:04:05 | INFO | Phase 0B: Cleaning up overlays...
2026-07-01 12:04:05 | INFO | Captured 2 block screenshots
2026-07-01 12:04:05 | INFO | Detected 2 blocks
2026-07-01 12:04:05 | INFO | Generating fingerprints for template discovery...
2026-07-01 12:04:05 | INFO | Captured 9 block screenshots
2026-07-01 12:04:05 | INFO | Detected 9 blocks
2026-07-01 12:04:05 | INFO | Generating fingerprints for template discovery...
2026-07-01 12:04:06 | INFO | Removed 5 elements: overlay, popup
📐 Detecting header/footer for this page...
2026-07-01 12:04:06 | INFO | Template - Reused saved header selector on current page
2026-07-01 12:04:06 | INFO | Template - Reused saved footer selector on current page
2026-07-01 12:04:06 | INFO | Header: simple complexity, 1 features
2026-07-01 12:04:06 | INFO | Footer: simple complexity, 0 features
2026-07-01 12:04:06 | INFO | Phase 2: Identifying main content area...
2026-07-01 12:04:06 | INFO | Main content: #main-content
2026-07-01 12:04:06 | INFO | Phase 3: Detecting blocks...
2026-07-01 12:04:06 | INFO | Phase 4: Capturing block screenshots...
2026-07-01 12:04:07 | INFO | Captured 3 block screenshots
2026-07-01 12:04:07 | INFO | Detected 3 blocks
2026-07-01 12:04:07 | INFO | Generating fingerprints for template discovery...
2026-07-01 12:04:08 | INFO |    Top-section: 8 rows via title+container
2026-07-01 12:04:08 | INFO |    Body start: y=200 (start row 8 via below-title+container)
2026-07-01 12:04:08 | INFO | URL Pattern: /empreendimentos/etapa-4
2026-07-01 12:04:08 | INFO | Page catalog complete: /workspace/catalog/.pages/comunicabaciadesantos_petrobras_com_br_empreendimentos_etapa-4--a36713e3/page-catalog.json
2026-07-01 12:04:08 | INFO | SUCCESS: https://comunicabaciadesantos.petrobras.com.br/empreendimentos/etapa-4
2026-07-01 12:04:08 | INFO | Created header-global metadata (selector: div.lfr-layout-structure-item-cabe-alho---comunica.lfr-layout-structure-item-74978f92-cb92-3fc5-722c-9b5d43a39806)
2026-07-01 12:04:08 | INFO | Created footer-global metadata (selector: div.footer-main)
2026-07-01 12:04:08 | INFO |    Top-section: 1 rows via title
2026-07-01 12:04:08 | INFO |    Body start: y=25 (start row 1 via below-title)
2026-07-01 12:04:08 | INFO | URL Pattern: /empreendimentos
2026-07-01 12:04:08 | INFO | Page catalog complete: /workspace/catalog/.pages/comunicabaciadesantos_petrobras_com_br_empreendimentos--7b0434ac/page-catalog.json
2026-07-01 12:04:08 | INFO | SUCCESS: https://comunicabaciadesantos.petrobras.com.br/empreendimentos
2026-07-01 12:04:09 | INFO |    Top-section: 25 rows via title+placeholder
2026-07-01 12:04:09 | INFO |    Body start: y=625 (start row 25 via below-title+placeholder)
2026-07-01 12:04:09 | INFO | URL Pattern: /empreendimentos/etapa-3
2026-07-01 12:04:09 | INFO | Page catalog complete: /workspace/catalog/.pages/comunicabaciadesantos_petrobras_com_br_empreendimentos_etapa-3--3f121fc5/page-catalog.json
2026-07-01 12:04:09 | INFO | SUCCESS: https://comunicabaciadesantos.petrobras.com.br/empreendimentos/etapa-3
2026-07-01 12:04:10 | INFO | [5/138] Processing: https://comunicabaciadesantos.petrobras.com.br/empreendimentos/libra
2026-07-01 12:04:10 | INFO | Generated slug: comunicabaciadesantos_petrobras_com_br_empreendimentos_libra--7e5040e3
2026-07-01 12:04:10 | INFO | Starting analysis: https://comunicabaciadesantos.petrobras.com.br/empreendimentos/libra -> /workspace/catalog/.pages/comunicabaciadesantos_petrobras_com_br_empreendimentos_libra--7e5040e3
2026-07-01 12:04:10 | INFO | Loading: https://comunicabaciadesantos.petrobras.com.br/empreendimentos/libra
2026-07-01 12:04:10 | INFO | [6/138] Processing: https://comunicabaciadesantos.petrobras.com.br/empreendimentos/etapa-2
2026-07-01 12:04:10 | INFO | Generated slug: comunicabaciadesantos_petrobras_com_br_empreendimentos_etapa-2--46917856
2026-07-01 12:04:10 | INFO | Starting analysis: https://comunicabaciadesantos.petrobras.com.br/empreendimentos/etapa-2 -> /workspace/catalog/.pages/comunicabaciadesantos_petrobras_com_br_empreendimentos_etapa-2--46917856
2026-07-01 12:04:10 | INFO | Loading: https://comunicabaciadesantos.petrobras.com.br/empreendimentos/etapa-2
2026-07-01 12:04:11 | INFO | [7/138] Processing: https://comunicabaciadesantos.petrobras.com.br/empreendimentos/etapa-1
2026-07-01 12:04:11 | INFO | Generated slug: comunicabaciadesantos_petrobras_com_br_empreendimentos_etapa-1--da89144c
2026-07-01 12:04:11 | INFO | Starting analysis: https://comunicabaciadesantos.petrobras.com.br/empreendimentos/etapa-1 -> /workspace/catalog/.pages/comunicabaciadesantos_petrobras_com_br_empreendimentos_etapa-1--da89144c
2026-07-01 12:04:11 | INFO | Loading: https://comunicabaciadesantos.petrobras.com.br/empreendimentos/etapa-1
   ✅ Saved global header: div.lfr-layout-structure-item-cabe-alho---comunica.lfr-layout-structure-item-74978f92-cb92-3fc5-722c-9b5d43a39806
2026-07-01 12:04:13 | INFO | Header: simple complexity, 1 features
2026-07-01 12:04:13 | INFO | Footer: simple complexity, 0 features
2026-07-01 12:04:13 | INFO | Phase 2: Identifying main content area...
2026-07-01 12:04:13 | INFO | Main content: #main-content
2026-07-01 12:04:13 | INFO | Phase 3: Detecting blocks...
2026-07-01 12:04:13 | WARNING | Blocks - 80% of blocks are unknown - site uses non-EDS patterns
2026-07-01 12:04:13 | INFO | Phase 4: Capturing block screenshots...
2026-07-01 12:04:14 | INFO | Captured 5 block screenshots
2026-07-01 12:04:14 | INFO | Detected 5 blocks
2026-07-01 12:04:14 | INFO | Generating fingerprints for template discovery...
2026-07-01 12:04:15 | INFO | Phase 0A: Triggering lazy-loaded content...
2026-07-01 12:04:15 | INFO | Phase 0A: Triggering lazy-loaded content...
2026-07-01 12:04:16 | INFO | Phase 0A: Triggering lazy-loaded content...
2026-07-01 12:04:17 | INFO | Lazy-load scroll complete
2026-07-01 12:04:17 | INFO | Phase 0B: Cleaning up overlays...
2026-07-01 12:04:17 | INFO |    Top-section: 7 rows via title+container
2026-07-01 12:04:17 | INFO |    Body start: y=175 (start row 7 via below-title+container)
2026-07-01 12:04:17 | INFO | URL Pattern: /
2026-07-01 12:04:17 | INFO | Page catalog complete: /workspace/catalog/.pages/comunicabaciadesantos_petrobras_com_br--2424e4b6/page-catalog.json
2026-07-01 12:04:17 | INFO | SUCCESS: https://comunicabaciadesantos.petrobras.com.br/
2026-07-01 12:04:17 | INFO | Lazy-load scroll complete
2026-07-01 12:04:17 | INFO | Phase 0B: Cleaning up overlays...
2026-07-01 12:04:17 | INFO | Removed 5 elements: overlay, popup
📐 Detecting header/footer for this page...
2026-07-01 12:04:17 | INFO | Template - Reused saved header selector on current page
2026-07-01 12:04:17 | INFO | Template - Reused saved footer selector on current page
2026-07-01 12:04:17 | INFO | Header: simple complexity, 1 features
2026-07-01 12:04:17 | INFO | Footer: simple complexity, 0 features
2026-07-01 12:04:17 | INFO | Phase 2: Identifying main content area...
2026-07-01 12:04:17 | INFO | Main content: #main-content
2026-07-01 12:04:17 | INFO | Phase 3: Detecting blocks...
2026-07-01 12:04:17 | INFO | Phase 4: Capturing block screenshots...
2026-07-01 12:04:18 | INFO | Removed 5 elements: overlay, popup
📐 Detecting header/footer for this page...
2026-07-01 12:04:18 | INFO | Template - Reused saved header selector on current page
2026-07-01 12:04:18 | INFO | Template - Reused saved footer selector on current page
2026-07-01 12:04:18 | INFO | Header: simple complexity, 1 features
2026-07-01 12:04:18 | INFO | Footer: simple complexity, 0 features
2026-07-01 12:04:18 | INFO | Phase 2: Identifying main content area...
2026-07-01 12:04:18 | INFO | Main content: #main-content
2026-07-01 12:04:18 | INFO | Phase 3: Detecting blocks...
2026-07-01 12:04:18 | INFO | Phase 4: Capturing block screenshots...
2026-07-01 12:04:18 | INFO | Lazy-load scroll complete
2026-07-01 12:04:18 | INFO | Phase 0B: Cleaning up overlays...
2026-07-01 12:04:18 | INFO | Captured 2 block screenshots
2026-07-01 12:04:18 | INFO | Detected 2 blocks
2026-07-01 12:04:18 | INFO | Generating fingerprints for template discovery...
2026-07-01 12:04:18 | INFO | Captured 3 block screenshots
2026-07-01 12:04:18 | INFO | Detected 3 blocks
2026-07-01 12:04:18 | INFO | Generating fingerprints for template discovery...
2026-07-01 12:04:18 | INFO | Removed 5 elements: overlay, popup
📐 Detecting header/footer for this page...
2026-07-01 12:04:18 | INFO | Template - Reused saved header selector on current page
2026-07-01 12:04:18 | INFO | Template - Reused saved footer selector on current page
2026-07-01 12:04:18 | INFO | Header: simple complexity, 1 features
2026-07-01 12:04:18 | INFO | Footer: simple complexity, 0 features
2026-07-01 12:04:18 | INFO | Phase 2: Identifying main content area...
2026-07-01 12:04:18 | INFO | Main content: #main-content
2026-07-01 12:04:19 | INFO | Phase 3: Detecting blocks...
2026-07-01 12:04:19 | INFO | Phase 4: Capturing block screenshots...
2026-07-01 12:04:19 | INFO | [8/138] Processing: https://comunicabaciadesantos.petrobras.com.br/empreendimentos/rota-2
2026-07-01 12:04:19 | INFO | Generated slug: comunicabaciadesantos_petrobras_com_br_empreendimentos_rota-2--d4ae0c5f
2026-07-01 12:04:19 | INFO | Starting analysis: https://comunicabaciadesantos.petrobras.com.br/empreendimentos/rota-2 -> /workspace/catalog/.pages/comunicabaciadesantos_petrobras_com_br_empreendimentos_rota-2--d4ae0c5f
2026-07-01 12:04:19 | INFO | Loading: https://comunicabaciadesantos.petrobras.com.br/empreendimentos/rota-2
2026-07-01 12:04:19 | INFO | Captured 3 block screenshots
2026-07-01 12:04:19 | INFO | Detected 3 blocks
2026-07-01 12:04:19 | INFO | Generating fingerprints for template discovery...
2026-07-01 12:04:20 | INFO |    Top-section: 8 rows via title+container
2026-07-01 12:04:20 | INFO |    Body start: y=200 (start row 8 via below-title+container)
2026-07-01 12:04:20 | INFO | URL Pattern: /empreendimentos/libra
2026-07-01 12:04:20 | INFO | Page catalog complete: /workspace/catalog/.pages/comunicabaciadesantos_petrobras_com_br_empreendimentos_libra--7e5040e3/page-catalog.json
2026-07-01 12:04:20 | INFO | SUCCESS: https://comunicabaciadesantos.petrobras.com.br/empreendimentos/libra
2026-07-01 12:04:20 | INFO | PROGRESS: 5/138 analyzed (4% checklist complete) | 5 ok, 0 failed, 0 skipped | ~13 min remaining
2026-07-01 12:04:21 | INFO |    Top-section: 25 rows via title+placeholder
2026-07-01 12:04:21 | INFO |    Body start: y=625 (start row 25 via below-title+placeholder)
2026-07-01 12:04:21 | INFO | URL Pattern: /empreendimentos/etapa-2
2026-07-01 12:04:21 | INFO | Page catalog complete: /workspace/catalog/.pages/comunicabaciadesantos_petrobras_com_br_empreendimentos_etapa-2--46917856/page-catalog.json
2026-07-01 12:04:21 | INFO | SUCCESS: https://comunicabaciadesantos.petrobras.com.br/empreendimentos/etapa-2
2026-07-01 12:04:22 | INFO |    Top-section: 25 rows via title+placeholder
2026-07-01 12:04:22 | INFO |    Body start: y=625 (start row 25 via below-title+placeholder)
2026-07-01 12:04:22 | INFO | URL Pattern: /empreendimentos/etapa-1
2026-07-01 12:04:22 | INFO | Page catalog complete: /workspace/catalog/.pages/comunicabaciadesantos_petrobras_com_br_empreendimentos_etapa-1--da89144c/page-catalog.json
2026-07-01 12:04:22 | INFO | SUCCESS: https://comunicabaciadesantos.petrobras.com.br/empreendimentos/etapa-1
2026-07-01 12:04:22 | INFO | [9/138] Processing: https://comunicabaciadesantos.petrobras.com.br/empreendimentos/rota-3
2026-07-01 12:04:22 | INFO | Generated slug: comunicabaciadesantos_petrobras_com_br_empreendimentos_rota-3--d65a9f6d
2026-07-01 12:04:22 | INFO | Starting analysis: https://comunicabaciadesantos.petrobras.com.br/empreendimentos/rota-3 -> /workspace/catalog/.pages/comunicabaciadesantos_petrobras_com_br_empreendimentos_rota-3--d65a9f6d
2026-07-01 12:04:22 | INFO | Loading: https://comunicabaciadesantos.petrobras.com.br/empreendimentos/rota-3
2026-07-01 12:04:23 | INFO | [10/138] Processing: https://comunicabaciadesantos.petrobras.com.br/empreendimentos/agbs
2026-07-01 12:04:23 | INFO | Generated slug: comunicabaciadesantos_petrobras_com_br_empreendimentos_agbs--28bd815d
2026-07-01 12:04:23 | INFO | Starting analysis: https://comunicabaciadesantos.petrobras.com.br/empreendimentos/agbs -> /workspace/catalog/.pages/comunicabaciadesantos_petrobras_com_br_empreendimentos_agbs--28bd815d
2026-07-01 12:04:23 | INFO | Loading: https://comunicabaciadesantos.petrobras.com.br/empreendimentos/agbs
2026-07-01 12:04:24 | INFO | [11/138] Processing: https://comunicabaciadesantos.petrobras.com.br/empreendimentos/mexilhao
2026-07-01 12:04:24 | INFO | Generated slug: comunicabaciadesantos_petrobras_com_br_empreendimentos_mexilhao--5d5eaa4c
2026-07-01 12:04:24 | INFO | Starting analysis: https://comunicabaciadesantos.petrobras.com.br/empreendimentos/mexilhao -> /workspace/catalog/.pages/comunicabaciadesantos_petrobras_com_br_empreendimentos_mexilhao--5d5eaa4c
2026-07-01 12:04:24 | INFO | Loading: https://comunicabaciadesantos.petrobras.com.br/empreendimentos/mexilhao
2026-07-01 12:04:24 | INFO | Phase 0A: Triggering lazy-loaded content...
2026-07-01 12:04:26 | INFO | Lazy-load scroll complete
2026-07-01 12:04:26 | INFO | Phase 0B: Cleaning up overlays...
2026-07-01 12:04:27 | INFO | Removed 5 elements: overlay, popup
📐 Detecting header/footer for this page...
2026-07-01 12:04:27 | INFO | Template - Reused saved header selector on current page
2026-07-01 12:04:27 | INFO | Template - Reused saved footer selector on current page
2026-07-01 12:04:27 | INFO | Header: simple complexity, 1 features
2026-07-01 12:04:27 | INFO | Footer: simple complexity, 0 features
2026-07-01 12:04:27 | INFO | Phase 2: Identifying main content area...
2026-07-01 12:04:27 | INFO | Main content: #main-content
2026-07-01 12:04:27 | INFO | Phase 3: Detecting blocks...
2026-07-01 12:04:27 | INFO | Phase 4: Capturing block screenshots...
2026-07-01 12:04:27 | INFO | Captured 3 block screenshots
2026-07-01 12:04:27 | INFO | Detected 3 blocks
2026-07-01 12:04:27 | INFO | Generating fingerprints for template discovery...
2026-07-01 12:04:28 | INFO | Phase 0A: Triggering lazy-loaded content...
2026-07-01 12:04:28 | INFO | Phase 0A: Triggering lazy-loaded content...
2026-07-01 12:04:29 | INFO | Phase 0A: Triggering lazy-loaded content...
2026-07-01 12:04:29 | INFO | Lazy-load scroll complete
2026-07-01 12:04:29 | INFO | Phase 0B: Cleaning up overlays...
2026-07-01 12:04:29 | INFO | Lazy-load scroll complete
2026-07-01 12:04:29 | INFO | Phase 0B: Cleaning up overlays...
2026-07-01 12:04:30 | INFO |    Top-section: 8 rows via title+container
2026-07-01 12:04:30 | INFO |    Body start: y=200 (start row 8 via below-title+container)
2026-07-01 12:04:30 | INFO | URL Pattern: /empreendimentos/rota-2
2026-07-01 12:04:30 | INFO | Page catalog complete: /workspace/catalog/.pages/comunicabaciadesantos_petrobras_com_br_empreendimentos_rota-2--d4ae0c5f/page-catalog.json
2026-07-01 12:04:30 | INFO | SUCCESS: https://comunicabaciadesantos.petrobras.com.br/empreendimentos/rota-2
2026-07-01 12:04:30 | INFO | Removed 5 elements: overlay, popup
📐 Detecting header/footer for this page...
2026-07-01 12:04:30 | INFO | Removed 5 elements: overlay, popup
📐 Detecting header/footer for this page...
2026-07-01 12:04:30 | INFO | Template - Reused saved header selector on current page
2026-07-01 12:04:30 | INFO | Template - Reused saved header selector on current page
2026-07-01 12:04:30 | INFO | Template - Reused saved footer selector on current page
2026-07-01 12:04:30 | INFO | Header: simple complexity, 1 features
2026-07-01 12:04:30 | INFO | Footer: simple complexity, 0 features
2026-07-01 12:04:30 | INFO | Phase 2: Identifying main content area...
2026-07-01 12:04:30 | INFO | Main content: #main-content
2026-07-01 12:04:30 | INFO | Template - Reused saved footer selector on current page
2026-07-01 12:04:30 | INFO | Header: simple complexity, 1 features
2026-07-01 12:04:30 | INFO | Footer: simple complexity, 0 features
2026-07-01 12:04:30 | INFO | Phase 2: Identifying main content area...
2026-07-01 12:04:30 | INFO | Main content: #main-content
2026-07-01 12:04:30 | INFO | Phase 3: Detecting blocks...
2026-07-01 12:04:30 | INFO | Phase 3: Detecting blocks...
2026-07-01 12:04:30 | INFO | Lazy-load scroll complete
2026-07-01 12:04:30 | INFO | Phase 0B: Cleaning up overlays...
2026-07-01 12:04:30 | INFO | Phase 4: Capturing block screenshots...
2026-07-01 12:04:30 | INFO | Phase 4: Capturing block screenshots...
2026-07-01 12:04:31 | INFO | Removed 5 elements: overlay, popup
📐 Detecting header/footer for this page...
2026-07-01 12:04:31 | INFO | Template - Reused saved header selector on current page
2026-07-01 12:04:31 | INFO | Template - Reused saved footer selector on current page
2026-07-01 12:04:31 | INFO | Header: simple complexity, 1 features
2026-07-01 12:04:31 | INFO | Footer: simple complexity, 0 features
2026-07-01 12:04:31 | INFO | Phase 2: Identifying main content area...
2026-07-01 12:04:31 | INFO | Main content: #main-content
2026-07-01 12:04:31 | INFO | Captured 3 block screenshots
2026-07-01 12:04:31 | INFO | Detected 3 blocks
2026-07-01 12:04:31 | INFO | Generating fingerprints for template discovery...
2026-07-01 12:04:31 | INFO | Captured 3 block screenshots
2026-07-01 12:04:31 | INFO | Detected 3 blocks
2026-07-01 12:04:31 | INFO | Generating fingerprints for template discovery...
2026-07-01 12:04:31 | INFO | Phase 3: Detecting blocks...
2026-07-01 12:04:31 | INFO | Phase 4: Capturing block screenshots...
2026-07-01 12:04:32 | INFO | [12/138] Processing: https://comunicabaciadesantos.petrobras.com.br/empreendimentos/piloto-de-tupi
2026-07-01 12:04:32 | INFO | Generated slug: comunicabaciadesantos_petrobras_com_br_empreendimentos_piloto-de-tupi--f153341e
2026-07-01 12:04:32 | INFO | Starting analysis: https://comunicabaciadesantos.petrobras.com.br/empreendimentos/piloto-de-tupi -> /workspace/catalog/.pages/comunicabaciadesantos_petrobras_com_br_empreendimentos_piloto-de-tupi--f153341e
2026-07-01 12:04:32 | INFO | Captured 3 block screenshots
2026-07-01 12:04:32 | INFO | Detected 3 blocks
2026-07-01 12:04:32 | INFO | Generating fingerprints for template discovery...
2026-07-01 12:04:32 | INFO | Loading: https://comunicabaciadesantos.petrobras.com.br/empreendimentos/piloto-de-tupi
2026-07-01 12:04:33 | INFO |    Top-section: 8 rows via title+container
2026-07-01 12:04:33 | INFO |    Body start: y=200 (start row 8 via below-title+container)
2026-07-01 12:04:33 | INFO | URL Pattern: /empreendimentos/rota-3
2026-07-01 12:04:33 | INFO | Page catalog complete: /workspace/catalog/.pages/comunicabaciadesantos_petrobras_com_br_empreendimentos_rota-3--d65a9f6d/page-catalog.json
2026-07-01 12:04:33 | INFO | SUCCESS: https://comunicabaciadesantos.petrobras.com.br/empreendimentos/rota-3
2026-07-01 12:04:33 | INFO |    Top-section: 8 rows via title+container
2026-07-01 12:04:33 | INFO |    Body start: y=200 (start row 8 via below-title+container)
2026-07-01 12:04:33 | INFO | URL Pattern: /empreendimentos/agbs
2026-07-01 12:04:33 | INFO | Page catalog complete: /workspace/catalog/.pages/comunicabaciadesantos_petrobras_com_br_empreendimentos_agbs--28bd815d/page-catalog.json
2026-07-01 12:04:33 | INFO | SUCCESS: https://comunicabaciadesantos.petrobras.com.br/empreendimentos/agbs
2026-07-01 12:04:33 | INFO | PROGRESS: 10/138 analyzed (7% checklist complete) | 10 ok, 0 failed, 0 skipped | ~9 min remaining
2026-07-01 12:04:34 | INFO |    Top-section: 8 rows via title+container
2026-07-01 12:04:34 | INFO |    Body start: y=200 (start row 8 via below-title+container)
2026-07-01 12:04:34 | INFO | URL Pattern: /empreendimentos/mexilhao
2026-07-01 12:04:34 | INFO | Page catalog complete: /workspace/catalog/.pages/comunicabaciadesantos_petrobras_com_br_empreendimentos_mexilhao--5d5eaa4c/page-catalog.json
2026-07-01 12:04:34 | INFO | SUCCESS: https://comunicabaciadesantos.petrobras.com.br/empreendimentos/mexilhao
2026-07-01 12:04:35 | INFO | [13/138] Processing: https://comunicabaciadesantos.petrobras.com.br/empreendimentos/urugua-e-tambau
2026-07-01 12:04:35 | INFO | Generated slug: comunicabaciadesantos_petrobras_com_br_empreendimentos_urugua-e-tambau--1e115123
2026-07-01 12:04:35 | INFO | Starting analysis: https://comunicabaciadesantos.petrobras.com.br/empreendimentos/urugua-e-tambau -> /workspace/catalog/.pages/comunicabaciadesantos_petrobras_com_br_empreendimentos_urugua-e-tambau--1e115123
2026-07-01 12:04:35 | INFO | [14/138] Processing: https://comunicabaciadesantos.petrobras.com.br/empreendimentos/merluza
2026-07-01 12:04:35 | INFO | Generated slug: comunicabaciadesantos_petrobras_com_br_empreendimentos_merluza--c31d9a2a
2026-07-01 12:04:35 | INFO | Starting analysis: https://comunicabaciadesantos.petrobras.com.br/empreendimentos/merluza -> /workspace/catalog/.pages/comunicabaciadesantos_petrobras_com_br_empreendimentos_merluza--c31d9a2a
2026-07-01 12:04:35 | INFO | Loading: https://comunicabaciadesantos.petrobras.com.br/empreendimentos/urugua-e-tambau
2026-07-01 12:04:35 | INFO | Loading: https://comunicabaciadesantos.petrobras.com.br/empreendimentos/merluza
2026-07-01 12:04:36 | INFO | [15/138] Processing: https://comunicabaciadesantos.petrobras.com.br/empreendimentos/pesquisa-sismica-maritima
2026-07-01 12:04:36 | INFO | Generated slug: comunicabaciadesantos_petrobras_com_br_empreendimentos_pesquisa-sismica-maritima--1cbc995c
2026-07-01 12:04:36 | INFO | Starting analysis: https://comunicabaciadesantos.petrobras.com.br/empreendimentos/pesquisa-sismica-maritima -> /workspace/catalog/.pages/comunicabaciadesantos_petrobras_com_br_empreendimentos_pesquisa-sismica-maritima--1cbc995c
2026-07-01 12:04:36 | INFO | Loading: https://comunicabaciadesantos.petrobras.com.br/empreendimentos/pesquisa-sismica-maritima
2026-07-01 12:04:36 | INFO | Phase 0A: Triggering lazy-loaded content...
2026-07-01 12:04:38 | INFO | Lazy-load scroll complete
2026-07-01 12:04:38 | INFO | Phase 0B: Cleaning up overlays...
2026-07-01 12:04:39 | INFO | Removed 5 elements: overlay, popup
📐 Detecting header/footer for this page...
2026-07-01 12:04:39 | INFO | Template - Reused saved header selector on current page
2026-07-01 12:04:39 | INFO | Template - Reused saved footer selector on current page
2026-07-01 12:04:39 | INFO | Header: simple complexity, 1 features
2026-07-01 12:04:39 | INFO | Footer: simple complexity, 0 features
2026-07-01 12:04:39 | INFO | Phase 2: Identifying main content area...
2026-07-01 12:04:39 | INFO | Main content: #main-content
2026-07-01 12:04:39 | INFO | Phase 3: Detecting blocks...
2026-07-01 12:04:39 | INFO | Phase 4: Capturing block screenshots...
2026-07-01 12:04:40 | INFO | Captured 3 block screenshots
2026-07-01 12:04:40 | INFO | Detected 3 blocks
2026-07-01 12:04:40 | INFO | Generating fingerprints for template discovery...
2026-07-01 12:04:40 | INFO | Phase 0A: Triggering lazy-loaded content...
2026-07-01 12:04:41 | INFO | Phase 0A: Triggering lazy-loaded content...
2026-07-01 12:04:41 | INFO | Phase 0A: Triggering lazy-loaded content...
2026-07-01 12:04:42 | INFO | Lazy-load scroll complete
2026-07-01 12:04:42 | INFO | Phase 0B: Cleaning up overlays...
2026-07-01 12:04:42 | INFO |    Top-section: 11 rows via title+container
2026-07-01 12:04:42 | INFO |    Body start: y=275 (start row 11 via below-title+container)
2026-07-01 12:04:42 | INFO | URL Pattern: /empreendimentos/piloto-de-tupi
2026-07-01 12:04:42 | INFO | Page catalog complete: /workspace/catalog/.pages/comunicabaciadesantos_petrobras_com_br_empreendimentos_piloto-de-tupi--f153341e/page-catalog.json
2026-07-01 12:04:42 | INFO | SUCCESS: https://comunicabaciadesantos.petrobras.com.br/empreendimentos/piloto-de-tupi
2026-07-01 12:04:43 | INFO | Lazy-load scroll complete
2026-07-01 12:04:43 | INFO | Phase 0B: Cleaning up overlays...
2026-07-01 12:04:43 | INFO | Removed 5 elements: overlay, popup
📐 Detecting header/footer for this page...
2026-07-01 12:04:43 | INFO | Template - Reused saved header selector on current page
2026-07-01 12:04:43 | INFO | Template - Reused saved footer selector on current page
2026-07-01 12:04:43 | INFO | Header: simple complexity, 1 features
2026-07-01 12:04:43 | INFO | Footer: simple complexity, 0 features
2026-07-01 12:04:43 | INFO | Phase 2: Identifying main content area...
2026-07-01 12:04:43 | INFO | Main content: #main-content
2026-07-01 12:04:43 | INFO | Phase 3: Detecting blocks...
2026-07-01 12:04:43 | INFO | Phase 4: Capturing block screenshots...
2026-07-01 12:04:43 | INFO | Removed 5 elements: overlay, popup
📐 Detecting header/footer for this page...
2026-07-01 12:04:44 | INFO | Template - Reused saved header selector on current page
2026-07-01 12:04:44 | INFO | Template - Reused saved footer selector on current page
2026-07-01 12:04:44 | INFO | Header: simple complexity, 1 features
2026-07-01 12:04:44 | INFO | Footer: simple complexity, 0 features
2026-07-01 12:04:44 | INFO | Phase 2: Identifying main content area...
2026-07-01 12:04:44 | INFO | Main content: #main-content
2026-07-01 12:04:44 | INFO | Phase 3: Detecting blocks...
2026-07-01 12:04:44 | INFO | Phase 4: Capturing block screenshots...
2026-07-01 12:04:44 | INFO | Captured 3 block screenshots
2026-07-01 12:04:44 | INFO | Detected 3 blocks
2026-07-01 12:04:44 | INFO | Generating fingerprints for template discovery...
2026-07-01 12:04:44 | INFO | [16/138] Processing: https://comunicabaciadesantos.petrobras.com.br/fundacao-florestal
2026-07-01 12:04:44 | INFO | Generated slug: comunicabaciadesantos_petrobras_com_br_fundacao-florestal--7cc8118c
2026-07-01 12:04:44 | INFO | Starting analysis: https://comunicabaciadesantos.petrobras.com.br/fundacao-florestal -> /workspace/catalog/.pages/comunicabaciadesantos_petrobras_com_br_fundacao-florestal--7cc8118c
2026-07-01 12:04:44 | INFO | Loading: https://comunicabaciadesantos.petrobras.com.br/fundacao-florestal
2026-07-01 12:04:44 | INFO | Captured 3 block screenshots
2026-07-01 12:04:44 | INFO | Detected 3 blocks
2026-07-01 12:04:44 | INFO | Generating fingerprints for template discovery...
2026-07-01 12:04:45 | INFO | Lazy-load scroll complete
2026-07-01 12:04:45 | INFO | Phase 0B: Cleaning up overlays...
2026-07-01 12:04:45 | INFO | Removed 5 elements: overlay, popup
📐 Detecting header/footer for this page...
2026-07-01 12:04:45 | INFO | Template - Reused saved header selector on current page
2026-07-01 12:04:45 | INFO | Template - Reused saved footer selector on current page
2026-07-01 12:04:45 | INFO | Header: simple complexity, 1 features
2026-07-01 12:04:45 | INFO | Footer: simple complexity, 0 features
2026-07-01 12:04:45 | INFO | Phase 2: Identifying main content area...
2026-07-01 12:04:45 | INFO | Main content: #main-content
2026-07-01 12:04:46 | INFO | Phase 3: Detecting blocks...
2026-07-01 12:04:46 | WARNING | Blocks - 78% of blocks are unknown - site uses non-EDS patterns
2026-07-01 12:04:46 | INFO | Phase 4: Capturing block screenshots...
2026-07-01 12:04:46 | INFO |    Top-section: 8 rows via title+container
2026-07-01 12:04:46 | INFO |    Body start: y=200 (start row 8 via below-title+container)
2026-07-01 12:04:46 | INFO | URL Pattern: /empreendimentos/merluza
2026-07-01 12:04:46 | INFO | Page catalog complete: /workspace/catalog/.pages/comunicabaciadesantos_petrobras_com_br_empreendimentos_merluza--c31d9a2a/page-catalog.json
2026-07-01 12:04:46 | INFO | SUCCESS: https://comunicabaciadesantos.petrobras.com.br/empreendimentos/merluza
2026-07-01 12:04:47 | INFO |    Top-section: 8 rows via title+container
2026-07-01 12:04:47 | INFO |    Body start: y=200 (start row 8 via below-title+container)
2026-07-01 12:04:47 | INFO | URL Pattern: /empreendimentos/urugua-e-tambau
2026-07-01 12:04:47 | INFO | Page catalog complete: /workspace/catalog/.pages/comunicabaciadesantos_petrobras_com_br_empreendimentos_urugua-e-tambau--1e115123/page-catalog.json
2026-07-01 12:04:47 | INFO | SUCCESS: https://comunicabaciadesantos.petrobras.com.br/empreendimentos/urugua-e-tambau
2026-07-01 12:04:47 | INFO | Captured 9 block screenshots
2026-07-01 12:04:47 | INFO | Detected 9 blocks
2026-07-01 12:04:47 | INFO | Generating fingerprints for template discovery...
2026-07-01 12:04:48 | INFO | [17/138] Processing: https://comunicabaciadesantos.petrobras.com.br/fundacao-florestal/etapa-2
2026-07-01 12:04:48 | INFO | Generated slug: comunicabaciadesantos_petrobras_com_br_fundacao-florestal_etapa-2--606d522c
2026-07-01 12:04:48 | INFO | Starting analysis: https://comunicabaciadesantos.petrobras.com.br/fundacao-florestal/etapa-2 -> /workspace/catalog/.pages/comunicabaciadesantos_petrobras_com_br_fundacao-florestal_etapa-2--606d522c
2026-07-01 12:04:48 | INFO | Loading: https://comunicabaciadesantos.petrobras.com.br/fundacao-florestal/etapa-2
2026-07-01 12:04:49 | INFO | [18/138] Processing: https://comunicabaciadesantos.petrobras.com.br/fundacao-florestal/sobre-o-licenciamento
2026-07-01 12:04:49 | INFO | Generated slug: comunicabaciadesantos_petrobras_com_br_fundacao-florestal_sobre-o-licenciamento--2126a262
2026-07-01 12:04:49 | INFO | Starting analysis: https://comunicabaciadesantos.petrobras.com.br/fundacao-florestal/sobre-o-licenciamento -> /workspace/catalog/.pages/comunicabaciadesantos_petrobras_com_br_fundacao-florestal_sobre-o-licenciamento--2126a262
2026-07-01 12:04:49 | INFO | Loading: https://comunicabaciadesantos.petrobras.com.br/fundacao-florestal/sobre-o-licenciamento
2026-07-01 12:04:49 | INFO |    Top-section: 8 rows via title+container
2026-07-01 12:04:49 | INFO |    Body start: y=200 (start row 8 via below-title+container)
2026-07-01 12:04:49 | INFO | URL Pattern: /empreendimentos/pesquisa-sismica-maritima
2026-07-01 12:04:49 | INFO | Page catalog complete: /workspace/catalog/.pages/comunicabaciadesantos_petrobras_com_br_empreendimentos_pesquisa-sismica-maritima--1cbc995c/page-catalog.json
2026-07-01 12:04:49 | INFO | SUCCESS: https://comunicabaciadesantos.petrobras.com.br/empreendimentos/pesquisa-sismica-maritima
2026-07-01 12:04:49 | INFO | PROGRESS: 15/138 analyzed (11% checklist complete) | 15 ok, 0 failed, 0 skipped | ~8 min remaining
2026-07-01 12:04:49 | INFO | Phase 0A: Triggering lazy-loaded content...
2026-07-01 12:04:51 | INFO | Lazy-load scroll complete
2026-07-01 12:04:51 | INFO | Phase 0B: Cleaning up overlays...
2026-07-01 12:04:51 | INFO | [19/138] Processing: https://comunicabaciadesantos.petrobras.com.br/fundacao-florestal/etapa-3
2026-07-01 12:04:51 | INFO | Generated slug: comunicabaciadesantos_petrobras_com_br_fundacao-florestal_etapa-3--0bbe4a29
2026-07-01 12:04:51 | INFO | Starting analysis: https://comunicabaciadesantos.petrobras.com.br/fundacao-florestal/etapa-3 -> /workspace/catalog/.pages/comunicabaciadesantos_petrobras_com_br_fundacao-florestal_etapa-3--0bbe4a29
2026-07-01 12:04:51 | INFO | Loading: https://comunicabaciadesantos.petrobras.com.br/fundacao-florestal/etapa-3
2026-07-01 12:04:52 | INFO | Removed 5 elements: overlay, popup
📐 Detecting header/footer for this page...
2026-07-01 12:04:52 | INFO | Template - Reused saved header selector on current page
2026-07-01 12:04:52 | INFO | Template - Reused saved footer selector on current page
2026-07-01 12:04:52 | INFO | Header: simple complexity, 1 features
2026-07-01 12:04:52 | INFO | Footer: simple complexity, 0 features
2026-07-01 12:04:52 | INFO | Phase 2: Identifying main content area...
2026-07-01 12:04:52 | INFO | Main content: #main-content
2026-07-01 12:04:52 | INFO | Phase 3: Detecting blocks...
2026-07-01 12:04:52 | INFO | Phase 4: Capturing block screenshots...
2026-07-01 12:04:52 | INFO | Captured 2 block screenshots
2026-07-01 12:04:52 | INFO | Detected 2 blocks
2026-07-01 12:04:52 | INFO | Generating fingerprints for template discovery...
2026-07-01 12:04:53 | INFO | Phase 0A: Triggering lazy-loaded content...
2026-07-01 12:04:53 | INFO | Phase 0A: Triggering lazy-loaded content...
2026-07-01 12:04:55 | INFO |    Top-section: 1 rows via title
2026-07-01 12:04:55 | INFO |    Body start: y=25 (start row 1 via below-title)
2026-07-01 12:04:55 | INFO | URL Pattern: /fundacao-florestal
2026-07-01 12:04:55 | INFO | Page catalog complete: /workspace/catalog/.pages/comunicabaciadesantos_petrobras_com_br_fundacao-florestal--7cc8118c/page-catalog.json
2026-07-01 12:04:55 | INFO | SUCCESS: https://comunicabaciadesantos.petrobras.com.br/fundacao-florestal
2026-07-01 12:04:55 | INFO | Lazy-load scroll complete
2026-07-01 12:04:55 | INFO | Phase 0B: Cleaning up overlays...
2026-07-01 12:04:55 | INFO | Lazy-load scroll complete
2026-07-01 12:04:55 | INFO | Phase 0B: Cleaning up overlays...
2026-07-01 12:04:56 | INFO | Removed 5 elements: overlay, popup
📐 Detecting header/footer for this page...
2026-07-01 12:04:56 | INFO | Removed 5 elements: overlay, popup
📐 Detecting header/footer for this page...
2026-07-01 12:04:56 | INFO | Phase 0A: Triggering lazy-loaded content...
2026-07-01 12:04:56 | INFO | Template - Reused saved header selector on current page
2026-07-01 12:04:56 | INFO | Template - Reused saved header selector on current page
2026-07-01 12:04:56 | INFO | Template - Reused saved footer selector on current page
2026-07-01 12:04:56 | INFO | Header: simple complexity, 1 features
2026-07-01 12:04:56 | INFO | Footer: simple complexity, 0 features
2026-07-01 12:04:56 | INFO | Phase 2: Identifying main content area...
2026-07-01 12:04:56 | INFO | Main content: #main-content
2026-07-01 12:04:56 | INFO | Template - Reused saved footer selector on current page
2026-07-01 12:04:56 | INFO | Header: simple complexity, 1 features
2026-07-01 12:04:56 | INFO | Footer: simple complexity, 0 features
2026-07-01 12:04:56 | INFO | Phase 2: Identifying main content area...
2026-07-01 12:04:56 | INFO | Main content: #main-content
2026-07-01 12:04:56 | INFO | Phase 3: Detecting blocks...
2026-07-01 12:04:56 | INFO | Phase 3: Detecting blocks...
2026-07-01 12:04:56 | INFO | Phase 4: Capturing block screenshots...
2026-07-01 12:04:56 | INFO | Phase 4: Capturing block screenshots...
2026-07-01 12:04:57 | INFO | Captured 2 block screenshots
2026-07-01 12:04:57 | INFO | Detected 2 blocks
2026-07-01 12:04:57 | INFO | Generating fingerprints for template discovery...
2026-07-01 12:04:57 | INFO | Captured 2 block screenshots
2026-07-01 12:04:57 | INFO | Detected 2 blocks
2026-07-01 12:04:57 | INFO | Generating fingerprints for template discovery...
2026-07-01 12:04:57 | INFO | [20/138] Processing: https://comunicabaciadesantos.petrobras.com.br/fundacao-florestal/etapa-4
2026-07-01 12:04:57 | INFO | Generated slug: comunicabaciadesantos_petrobras_com_br_fundacao-florestal_etapa-4--33534b62
2026-07-01 12:04:57 | INFO | Starting analysis: https://comunicabaciadesantos.petrobras.com.br/fundacao-florestal/etapa-4 -> /workspace/catalog/.pages/comunicabaciadesantos_petrobras_com_br_fundacao-florestal_etapa-4--33534b62
2026-07-01 12:04:57 | INFO | Loading: https://comunicabaciadesantos.petrobras.com.br/fundacao-florestal/etapa-4
2026-07-01 12:04:57 | INFO | Lazy-load scroll complete
2026-07-01 12:04:57 | INFO | Phase 0B: Cleaning up overlays...
2026-07-01 12:04:58 | INFO | Removed 5 elements: overlay, popup
📐 Detecting header/footer for this page...
2026-07-01 12:04:58 | INFO | Template - Reused saved header selector on current page
2026-07-01 12:04:58 | INFO | Template - Reused saved footer selector on current page
2026-07-01 12:04:58 | INFO | Header: simple complexity, 1 features
2026-07-01 12:04:58 | INFO | Footer: simple complexity, 0 features
2026-07-01 12:04:58 | INFO | Phase 2: Identifying main content area...
2026-07-01 12:04:58 | INFO | Main content: #main-content
2026-07-01 12:04:58 | INFO | Phase 3: Detecting blocks...
2026-07-01 12:04:58 | INFO | Phase 4: Capturing block screenshots...
2026-07-01 12:04:59 | INFO | Captured 2 block screenshots
2026-07-01 12:04:59 | INFO | Detected 2 blocks
2026-07-01 12:04:59 | INFO | Generating fingerprints for template discovery...
2026-07-01 12:04:59 | INFO |    Top-section: 5 rows via title
2026-07-01 12:04:59 | INFO |    Body start: y=175 (start row 7 via below-title)
2026-07-01 12:04:59 | INFO | URL Pattern: /fundacao-florestal/sobre-o-licenciamento
2026-07-01 12:04:59 | INFO | Page catalog complete: /workspace/catalog/.pages/comunicabaciadesantos_petrobras_com_br_fundacao-florestal_sobre-o-licenciamento--2126a262/page-catalog.json
2026-07-01 12:04:59 | INFO | SUCCESS: https://comunicabaciadesantos.petrobras.com.br/fundacao-florestal/sobre-o-licenciamento
2026-07-01 12:04:59 | INFO |    Top-section: 12 rows via title
2026-07-01 12:04:59 | INFO |    Body start: y=350 (start row 14 via below-title)
2026-07-01 12:04:59 | INFO | URL Pattern: /fundacao-florestal/etapa-2
2026-07-01 12:04:59 | INFO | Page catalog complete: /workspace/catalog/.pages/comunicabaciadesantos_petrobras_com_br_fundacao-florestal_etapa-2--606d522c/page-catalog.json
2026-07-01 12:04:59 | INFO | SUCCESS: https://comunicabaciadesantos.petrobras.com.br/fundacao-florestal/etapa-2
2026-07-01 12:05:01 | INFO | [21/138] Processing: https://comunicabaciadesantos.petrobras.com.br/fundacao-florestal/etapa-4/sobre-o-licenciamento
2026-07-01 12:05:01 | INFO | Generated slug: comunicabaciadesantos_petrobras_com_br_fundacao-florestal_etapa-4_sobre-o-licenciamento--4fea88c1
2026-07-01 12:05:01 | INFO | Starting analysis: https://comunicabaciadesantos.petrobras.com.br/fundacao-florestal/etapa-4/sobre-o-licenciamento -> /workspace/catalog/.pages/comunicabaciadesantos_petrobras_com_br_fundacao-florestal_etapa-4_sobre-o-licenciamento--4fea88c1
2026-07-01 12:05:01 | INFO | [22/138] Processing: https://comunicabaciadesantos.petrobras.com.br/fundacao-florestal/etapa-2/estudo-das-areas-de-manguezal-em-caraguatatuba
2026-07-01 12:05:01 | INFO | Generated slug: comunicabaciadesantos_petrobras_com_br_fundacao-florestal_etapa-2_estudo-das-areas-de-manguezal-em-caraguatatuba--61454048
2026-07-01 12:05:01 | INFO | Starting analysis: https://comunicabaciadesantos.petrobras.com.br/fundacao-florestal/etapa-2/estudo-das-areas-de-manguezal-em-caraguatatuba -> /workspace/catalog/.pages/comunicabaciadesantos_petrobras_com_br_fundacao-florestal_etapa-2_estudo-das-areas-de-manguezal-em-caraguatatuba--61454048
2026-07-01 12:05:01 | INFO | Loading: https://comunicabaciadesantos.petrobras.com.br/fundacao-florestal/etapa-4/sobre-o-licenciamento
2026-07-01 12:05:01 | INFO | Loading: https://comunicabaciadesantos.petrobras.com.br/fundacao-florestal/etapa-2/estudo-das-areas-de-manguezal-em-caraguatatuba
2026-07-01 12:05:01 | INFO |    Top-section: 1 rows via title
2026-07-01 12:05:01 | INFO |    Body start: y=25 (start row 1 via below-title)
2026-07-01 12:05:01 | INFO | URL Pattern: /fundacao-florestal/etapa-3
2026-07-01 12:05:01 | INFO | Page catalog complete: /workspace/catalog/.pages/comunicabaciadesantos_petrobras_com_br_fundacao-florestal_etapa-3--0bbe4a29/page-catalog.json
2026-07-01 12:05:01 | INFO | SUCCESS: https://comunicabaciadesantos.petrobras.com.br/fundacao-florestal/etapa-3
2026-07-01 12:05:01 | INFO | Phase 0A: Triggering lazy-loaded content...
2026-07-01 12:05:03 | INFO | Lazy-load scroll complete
2026-07-01 12:05:03 | INFO | Phase 0B: Cleaning up overlays...
2026-07-01 12:05:03 | INFO | [23/138] Processing: https://comunicabaciadesantos.petrobras.com.br/fundacao-florestal/etapa-2/turismo-nautico-apamln
2026-07-01 12:05:03 | INFO | Generated slug: comunicabaciadesantos_petrobras_com_br_fundacao-florestal_etapa-2_turismo-nautico-apamln--08aaa99e
2026-07-01 12:05:03 | INFO | Starting analysis: https://comunicabaciadesantos.petrobras.com.br/fundacao-florestal/etapa-2/turismo-nautico-apamln -> /workspace/catalog/.pages/comunicabaciadesantos_petrobras_com_br_fundacao-florestal_etapa-2_turismo-nautico-apamln--08aaa99e
2026-07-01 12:05:03 | INFO | Loading: https://comunicabaciadesantos.petrobras.com.br/fundacao-florestal/etapa-2/turismo-nautico-apamln
2026-07-01 12:05:04 | INFO | Removed 5 elements: overlay, popup
📐 Detecting header/footer for this page...
2026-07-01 12:05:04 | INFO | Template - Reused saved header selector on current page
2026-07-01 12:05:04 | INFO | Template - Reused saved footer selector on current page
2026-07-01 12:05:04 | INFO | Header: simple complexity, 1 features
2026-07-01 12:05:04 | INFO | Footer: simple complexity, 0 features
2026-07-01 12:05:04 | INFO | Phase 2: Identifying main content area...
2026-07-01 12:05:04 | INFO | Main content: #main-content
2026-07-01 12:05:04 | INFO | Phase 3: Detecting blocks...
2026-07-01 12:05:04 | INFO | Phase 4: Capturing block screenshots...
2026-07-01 12:05:04 | INFO | Captured 2 block screenshots
2026-07-01 12:05:04 | INFO | Detected 2 blocks
2026-07-01 12:05:04 | INFO | Generating fingerprints for template discovery...
2026-07-01 12:05:06 | INFO | Phase 0A: Triggering lazy-loaded content...
2026-07-01 12:05:06 | INFO | Phase 0A: Triggering lazy-loaded content...
2026-07-01 12:05:07 | INFO |    Top-section: 12 rows via title
2026-07-01 12:05:07 | INFO |    Body start: y=350 (start row 14 via below-title)
2026-07-01 12:05:07 | INFO | URL Pattern: /fundacao-florestal/etapa-4
2026-07-01 12:05:07 | INFO | Page catalog complete: /workspace/catalog/.pages/comunicabaciadesantos_petrobras_com_br_fundacao-florestal_etapa-4--33534b62/page-catalog.json
2026-07-01 12:05:07 | INFO | SUCCESS: https://comunicabaciadesantos.petrobras.com.br/fundacao-florestal/etapa-4
2026-07-01 12:05:07 | INFO | PROGRESS: 20/138 analyzed (14% checklist complete) | 20 ok, 0 failed, 0 skipped | ~8 min remaining
2026-07-01 12:05:07 | INFO | Lazy-load scroll complete
2026-07-01 12:05:07 | INFO | Phase 0B: Cleaning up overlays...
2026-07-01 12:05:07 | INFO | Lazy-load scroll complete
2026-07-01 12:05:07 | INFO | Phase 0B: Cleaning up overlays...
2026-07-01 12:05:07 | INFO | Phase 0A: Triggering lazy-loaded content...
2026-07-01 12:05:08 | INFO | Removed 5 elements: overlay, popup
📐 Detecting header/footer for this page...
2026-07-01 12:05:08 | INFO | Template - Reused saved header selector on current page
2026-07-01 12:05:08 | INFO | Template - Reused saved footer selector on current page
2026-07-01 12:05:08 | INFO | Header: simple complexity, 1 features
2026-07-01 12:05:08 | INFO | Footer: simple complexity, 0 features
2026-07-01 12:05:08 | INFO | Phase 2: Identifying main content area...
2026-07-01 12:05:08 | INFO | Main content: #main-content
2026-07-01 12:05:08 | INFO | Removed 5 elements: overlay, popup
📐 Detecting header/footer for this page...
2026-07-01 12:05:08 | INFO | Phase 3: Detecting blocks...
2026-07-01 12:05:08 | INFO | Template - Reused saved header selector on current page
2026-07-01 12:05:08 | INFO | Template - Reused saved footer selector on current page
2026-07-01 12:05:08 | INFO | Header: simple complexity, 1 features
2026-07-01 12:05:08 | INFO | Footer: simple complexity, 0 features
2026-07-01 12:05:08 | INFO | Phase 2: Identifying main content area...
2026-07-01 12:05:08 | INFO | Main content: #main-content
2026-07-01 12:05:08 | INFO | Phase 4: Capturing block screenshots...
2026-07-01 12:05:08 | INFO | Phase 3: Detecting blocks...
2026-07-01 12:05:08 | INFO | Phase 4: Capturing block screenshots...
2026-07-01 12:05:09 | INFO | [24/138] Processing: https://comunicabaciadesantos.petrobras.com.br/fundacao-florestal/etapa-3/sobre-o-licenciamento
2026-07-01 12:05:09 | INFO | Generated slug: comunicabaciadesantos_petrobras_com_br_fundacao-florestal_etapa-3_sobre-o-licenciamento--50b8e7ea
2026-07-01 12:05:09 | INFO | Starting analysis: https://comunicabaciadesantos.petrobras.com.br/fundacao-florestal/etapa-3/sobre-o-licenciamento -> /workspace/catalog/.pages/comunicabaciadesantos_petrobras_com_br_fundacao-florestal_etapa-3_sobre-o-licenciamento--50b8e7ea
2026-07-01 12:05:09 | INFO | Captured 2 block screenshots
2026-07-01 12:05:09 | INFO | Detected 2 blocks
2026-07-01 12:05:09 | INFO | Generating fingerprints for template discovery...
2026-07-01 12:05:09 | INFO | Loading: https://comunicabaciadesantos.petrobras.com.br/fundacao-florestal/etapa-3/sobre-o-licenciamento
2026-07-01 12:05:09 | INFO | Captured 2 block screenshots
2026-07-01 12:05:09 | INFO | Detected 2 blocks
2026-07-01 12:05:09 | INFO | Generating fingerprints for template discovery...
2026-07-01 12:05:09 | INFO | Lazy-load scroll complete
2026-07-01 12:05:09 | INFO | Phase 0B: Cleaning up overlays...
2026-07-01 12:05:10 | INFO | Removed 5 elements: overlay, popup
📐 Detecting header/footer for this page...
2026-07-01 12:05:10 | INFO | Template - Reused saved header selector on current page
2026-07-01 12:05:10 | INFO | Template - Reused saved footer selector on current page
2026-07-01 12:05:10 | INFO | Header: simple complexity, 1 features
2026-07-01 12:05:10 | INFO | Footer: simple complexity, 0 features
2026-07-01 12:05:10 | INFO | Phase 2: Identifying main content area...
2026-07-01 12:05:10 | INFO | Main content: #main-content
2026-07-01 12:05:10 | INFO | Phase 3: Detecting blocks...
2026-07-01 12:05:10 | INFO | Phase 4: Capturing block screenshots...
2026-07-01 12:05:10 | INFO | Captured 2 block screenshots
2026-07-01 12:05:10 | INFO | Detected 2 blocks
2026-07-01 12:05:10 | INFO | Generating fingerprints for template discovery...
2026-07-01 12:05:11 | INFO |    Top-section: 5 rows via title
2026-07-01 12:05:11 | INFO |    Body start: y=175 (start row 7 via below-title)
2026-07-01 12:05:11 | INFO | URL Pattern: /fundacao-florestal/etapa-4/sobre-o-licenciamento
2026-07-01 12:05:11 | INFO | Page catalog complete: /workspace/catalog/.pages/comunicabaciadesantos_petrobras_com_br_fundacao-florestal_etapa-4_sobre-o-licenciamento--4fea88c1/page-catalog.json
2026-07-01 12:05:11 | INFO | SUCCESS: https://comunicabaciadesantos.petrobras.com.br/fundacao-florestal/etapa-4/sobre-o-licenciamento
2026-07-01 12:05:11 | INFO |    Top-section: 14 rows via title
2026-07-01 12:05:11 | INFO |    Body start: y=400 (start row 16 via below-title)
2026-07-01 12:05:11 | INFO | URL Pattern: /fundacao-florestal/etapa-2/estudo-das-areas-de-manguezal-em-caraguatatuba
2026-07-01 12:05:11 | INFO | Page catalog complete: /workspace/catalog/.pages/comunicabaciadesantos_petrobras_com_br_fundacao-florestal_etapa-2_estudo-das-areas-de-manguezal-em-caraguatatuba--61454048/page-catalog.json
2026-07-01 12:05:11 | INFO | SUCCESS: https://comunicabaciadesantos.petrobras.com.br/fundacao-florestal/etapa-2/estudo-das-areas-de-manguezal-em-caraguatatuba
2026-07-01 12:05:13 | INFO |    Top-section: 15 rows via title
2026-07-01 12:05:13 | INFO |    Body start: y=525 (start row 21 via below-title)
2026-07-01 12:05:13 | INFO | URL Pattern: /fundacao-florestal/etapa-2/turismo-nautico-apamln
2026-07-01 12:05:13 | INFO | Page catalog complete: /workspace/catalog/.pages/comunicabaciadesantos_petrobras_com_br_fundacao-florestal_etapa-2_turismo-nautico-apamln--08aaa99e/page-catalog.json
2026-07-01 12:05:13 | INFO | SUCCESS: https://comunicabaciadesantos.petrobras.com.br/fundacao-florestal/etapa-2/turismo-nautico-apamln
2026-07-01 12:05:13 | INFO | [25/138] Processing: https://comunicabaciadesantos.petrobras.com.br/fundacao-florestal/etapa-3/cond-1
2026-07-01 12:05:13 | INFO | Generated slug: comunicabaciadesantos_petrobras_com_br_fundacao-florestal_etapa-3_cond-1--15b8b20c
2026-07-01 12:05:13 | INFO | Starting analysis: https://comunicabaciadesantos.petrobras.com.br/fundacao-florestal/etapa-3/cond-1 -> /workspace/catalog/.pages/comunicabaciadesantos_petrobras_com_br_fundacao-florestal_etapa-3_cond-1--15b8b20c
2026-07-01 12:05:13 | INFO | [26/138] Processing: https://comunicabaciadesantos.petrobras.com.br/fundacao-florestal/etapa-3/cond-2
2026-07-01 12:05:13 | INFO | Generated slug: comunicabaciadesantos_petrobras_com_br_fundacao-florestal_etapa-3_cond-2--e7eeab5d
2026-07-01 12:05:13 | INFO | Starting analysis: https://comunicabaciadesantos.petrobras.com.br/fundacao-florestal/etapa-3/cond-2 -> /workspace/catalog/.pages/comunicabaciadesantos_petrobras_com_br_fundacao-florestal_etapa-3_cond-2--e7eeab5d
2026-07-01 12:05:13 | INFO | Loading: https://comunicabaciadesantos.petrobras.com.br/fundacao-florestal/etapa-3/cond-1
2026-07-01 12:05:13 | INFO | Loading: https://comunicabaciadesantos.petrobras.com.br/fundacao-florestal/etapa-3/cond-2
2026-07-01 12:05:14 | INFO | Phase 0A: Triggering lazy-loaded content...
2026-07-01 12:05:15 | INFO | [27/138] Processing: https://comunicabaciadesantos.petrobras.com.br/fundacao-florestal/etapa-3/cond-3
2026-07-01 12:05:15 | INFO | Generated slug: comunicabaciadesantos_petrobras_com_br_fundacao-florestal_etapa-3_cond-3--a8594fa2
2026-07-01 12:05:15 | INFO | Starting analysis: https://comunicabaciadesantos.petrobras.com.br/fundacao-florestal/etapa-3/cond-3 -> /workspace/catalog/.pages/comunicabaciadesantos_petrobras_com_br_fundacao-florestal_etapa-3_cond-3--a8594fa2
2026-07-01 12:05:15 | INFO | Loading: https://comunicabaciadesantos.petrobras.com.br/fundacao-florestal/etapa-3/cond-3
2026-07-01 12:05:15 | INFO | Lazy-load scroll complete
2026-07-01 12:05:15 | INFO | Phase 0B: Cleaning up overlays...
2026-07-01 12:05:16 | INFO | Removed 5 elements: overlay, popup
📐 Detecting header/footer for this page...
2026-07-01 12:05:16 | INFO | Template - Reused saved header selector on current page
2026-07-01 12:05:16 | INFO | Template - Reused saved footer selector on current page
2026-07-01 12:05:16 | INFO | Header: simple complexity, 1 features
2026-07-01 12:05:16 | INFO | Footer: simple complexity, 0 features
2026-07-01 12:05:16 | INFO | Phase 2: Identifying main content area...
2026-07-01 12:05:16 | INFO | Main content: #main-content
2026-07-01 12:05:16 | INFO | Phase 3: Detecting blocks...
2026-07-01 12:05:16 | INFO | Phase 4: Capturing block screenshots...
2026-07-01 12:05:17 | INFO | Captured 2 block screenshots
2026-07-01 12:05:17 | INFO | Detected 2 blocks
2026-07-01 12:05:17 | INFO | Generating fingerprints for template discovery...
2026-07-01 12:05:18 | INFO | Phase 0A: Triggering lazy-loaded content...
2026-07-01 12:05:19 | INFO | Phase 0A: Triggering lazy-loaded content...
2026-07-01 12:05:19 | INFO |    Top-section: 1 rows via title
2026-07-01 12:05:19 | INFO |    Body start: y=25 (start row 1 via below-title)
2026-07-01 12:05:19 | INFO | URL Pattern: /fundacao-florestal/etapa-3/sobre-o-licenciamento
2026-07-01 12:05:19 | INFO | Page catalog complete: /workspace/catalog/.pages/comunicabaciadesantos_petrobras_com_br_fundacao-florestal_etapa-3_sobre-o-licenciamento--50b8e7ea/page-catalog.json
2026-07-01 12:05:19 | INFO | SUCCESS: https://comunicabaciadesantos.petrobras.com.br/fundacao-florestal/etapa-3/sobre-o-licenciamento
2026-07-01 12:05:19 | INFO | Phase 0A: Triggering lazy-loaded content...
2026-07-01 12:05:20 | INFO | Lazy-load scroll complete
2026-07-01 12:05:20 | INFO | Phase 0B: Cleaning up overlays...
2026-07-01 12:05:20 | INFO | Lazy-load scroll complete
2026-07-01 12:05:20 | INFO | Phase 0B: Cleaning up overlays...
2026-07-01 12:05:21 | INFO | Removed 5 elements: overlay, popup
📐 Detecting header/footer for this page...
2026-07-01 12:05:21 | INFO | Template - Reused saved header selector on current page
2026-07-01 12:05:21 | INFO | Template - Reused saved footer selector on current page
2026-07-01 12:05:21 | INFO | Header: simple complexity, 1 features
2026-07-01 12:05:21 | INFO | Footer: simple complexity, 0 features
2026-07-01 12:05:21 | INFO | Phase 2: Identifying main content area...
2026-07-01 12:05:21 | INFO | Main content: #main-content
2026-07-01 12:05:21 | INFO | Phase 3: Detecting blocks...
2026-07-01 12:05:21 | INFO | Phase 4: Capturing block screenshots...
2026-07-01 12:05:21 | INFO | Lazy-load scroll complete
2026-07-01 12:05:21 | INFO | Phase 0B: Cleaning up overlays...
2026-07-01 12:05:21 | INFO | Removed 5 elements: overlay, popup
📐 Detecting header/footer for this page...
2026-07-01 12:05:21 | INFO | Template - Reused saved header selector on current page
2026-07-01 12:05:21 | INFO | Template - Reused saved footer selector on current page
2026-07-01 12:05:21 | INFO | Header: simple complexity, 1 features
2026-07-01 12:05:21 | INFO | Footer: simple complexity, 0 features
2026-07-01 12:05:21 | INFO | Phase 2: Identifying main content area...
2026-07-01 12:05:21 | INFO | Main content: #main-content
2026-07-01 12:05:21 | INFO | Phase 3: Detecting blocks...
2026-07-01 12:05:21 | INFO | Phase 4: Capturing block screenshots...
2026-07-01 12:05:21 | INFO | [28/138] Processing: https://comunicabaciadesantos.petrobras.com.br/fundacao-florestal/etapa-3/cond-4
2026-07-01 12:05:21 | INFO | Generated slug: comunicabaciadesantos_petrobras_com_br_fundacao-florestal_etapa-3_cond-4--f69358e9
2026-07-01 12:05:21 | INFO | Starting analysis: https://comunicabaciadesantos.petrobras.com.br/fundacao-florestal/etapa-3/cond-4 -> /workspace/catalog/.pages/comunicabaciadesantos_petrobras_com_br_fundacao-florestal_etapa-3_cond-4--f69358e9
2026-07-01 12:05:21 | INFO | Loading: https://comunicabaciadesantos.petrobras.com.br/fundacao-florestal/etapa-3/cond-4
2026-07-01 12:05:21 | INFO | Captured 2 block screenshots
2026-07-01 12:05:21 | INFO | Detected 2 blocks
2026-07-01 12:05:21 | INFO | Generating fingerprints for template discovery...
2026-07-01 12:05:22 | INFO | Removed 5 elements: overlay, popup
📐 Detecting header/footer for this page...
2026-07-01 12:05:22 | INFO | Template - Reused saved header selector on current page
2026-07-01 12:05:22 | INFO | Template - Reused saved footer selector on current page
2026-07-01 12:05:22 | INFO | Header: simple complexity, 1 features
2026-07-01 12:05:22 | INFO | Footer: simple complexity, 0 features
2026-07-01 12:05:22 | INFO | Phase 2: Identifying main content area...
2026-07-01 12:05:22 | INFO | Main content: #main-content
2026-07-01 12:05:22 | INFO | Captured 2 block screenshots
2026-07-01 12:05:22 | INFO | Detected 2 blocks
2026-07-01 12:05:22 | INFO | Generating fingerprints for template discovery...
2026-07-01 12:05:22 | INFO | Phase 3: Detecting blocks...
2026-07-01 12:05:22 | INFO | Phase 4: Capturing block screenshots...
2026-07-01 12:05:22 | INFO | Captured 2 block screenshots
2026-07-01 12:05:22 | INFO | Detected 2 blocks
2026-07-01 12:05:22 | INFO | Generating fingerprints for template discovery...
2026-07-01 12:05:24 | INFO |    Top-section: 1 rows via title
2026-07-01 12:05:24 | INFO |    Body start: y=25 (start row 1 via below-title)
2026-07-01 12:05:24 | INFO | URL Pattern: /fundacao-florestal/etapa-3/cond-1
2026-07-01 12:05:24 | INFO | Page catalog complete: /workspace/catalog/.pages/comunicabaciadesantos_petrobras_com_br_fundacao-florestal_etapa-3_cond-1--15b8b20c/page-catalog.json
2026-07-01 12:05:24 | INFO | SUCCESS: https://comunicabaciadesantos.petrobras.com.br/fundacao-florestal/etapa-3/cond-1
2026-07-01 12:05:24 | INFO | PROGRESS: 25/138 analyzed (18% checklist complete) | 25 ok, 0 failed, 0 skipped | ~7 min remaining
2026-07-01 12:05:24 | INFO |    Top-section: 1 rows via title
2026-07-01 12:05:24 | INFO |    Body start: y=25 (start row 1 via below-title)
2026-07-01 12:05:24 | INFO | URL Pattern: /fundacao-florestal/etapa-3/cond-2
2026-07-01 12:05:24 | INFO | Page catalog complete: /workspace/catalog/.pages/comunicabaciadesantos_petrobras_com_br_fundacao-florestal_etapa-3_cond-2--e7eeab5d/page-catalog.json
2026-07-01 12:05:24 | INFO | SUCCESS: https://comunicabaciadesantos.petrobras.com.br/fundacao-florestal/etapa-3/cond-2
2026-07-01 12:05:25 | INFO |    Top-section: 19 rows via title
2026-07-01 12:05:25 | INFO |    Body start: y=525 (start row 21 via below-title)
2026-07-01 12:05:25 | INFO | URL Pattern: /fundacao-florestal/etapa-3/cond-3
2026-07-01 12:05:25 | INFO | Page catalog complete: /workspace/catalog/.pages/comunicabaciadesantos_petrobras_com_br_fundacao-florestal_etapa-3_cond-3--a8594fa2/page-catalog.json
2026-07-01 12:05:25 | INFO | SUCCESS: https://comunicabaciadesantos.petrobras.com.br/fundacao-florestal/etapa-3/cond-3
2026-07-01 12:05:26 | INFO | Phase 0A: Triggering lazy-loaded content...
2026-07-01 12:05:26 | INFO | [29/138] Processing: https://comunicabaciadesantos.petrobras.com.br/fundacao-florestal/etapa-3/cond-5-11
2026-07-01 12:05:26 | INFO | Generated slug: comunicabaciadesantos_petrobras_com_br_fundacao-florestal_etapa-3_cond-5-11--7f1cb21f
2026-07-01 12:05:26 | INFO | Starting analysis: https://comunicabaciadesantos.petrobras.com.br/fundacao-florestal/etapa-3/cond-5-11 -> /workspace/catalog/.pages/comunicabaciadesantos_petrobras_com_br_fundacao-florestal_etapa-3_cond-5-11--7f1cb21f
2026-07-01 12:05:26 | INFO | Loading: https://comunicabaciadesantos.petrobras.com.br/fundacao-florestal/etapa-3/cond-5-11
2026-07-01 12:05:26 | INFO | [30/138] Processing: https://comunicabaciadesantos.petrobras.com.br/fundacao-florestal/etapa-3/cond-8
2026-07-01 12:05:26 | INFO | Generated slug: comunicabaciadesantos_petrobras_com_br_fundacao-florestal_etapa-3_cond-8--f4c44ba6
2026-07-01 12:05:26 | INFO | Starting analysis: https://comunicabaciadesantos.petrobras.com.br/fundacao-florestal/etapa-3/cond-8 -> /workspace/catalog/.pages/comunicabaciadesantos_petrobras_com_br_fundacao-florestal_etapa-3_cond-8--f4c44ba6
2026-07-01 12:05:26 | INFO | Loading: https://comunicabaciadesantos.petrobras.com.br/fundacao-florestal/etapa-3/cond-8
2026-07-01 12:05:27 | INFO | [31/138] Processing: https://comunicabaciadesantos.petrobras.com.br/fundacao-florestal/etapa-3/cond-10
2026-07-01 12:05:27 | INFO | Generated slug: comunicabaciadesantos_petrobras_com_br_fundacao-florestal_etapa-3_cond-10--a7225e05
2026-07-01 12:05:27 | INFO | Starting analysis: https://comunicabaciadesantos.petrobras.com.br/fundacao-florestal/etapa-3/cond-10 -> /workspace/catalog/.pages/comunicabaciadesantos_petrobras_com_br_fundacao-florestal_etapa-3_cond-10--a7225e05
2026-07-01 12:05:27 | INFO | Loading: https://comunicabaciadesantos.petrobras.com.br/fundacao-florestal/etapa-3/cond-10
2026-07-01 12:05:27 | INFO | Lazy-load scroll complete
2026-07-01 12:05:27 | INFO | Phase 0B: Cleaning up overlays...
2026-07-01 12:05:28 | INFO | Removed 5 elements: overlay, popup
📐 Detecting header/footer for this page...
2026-07-01 12:05:28 | INFO | Template - Reused saved header selector on current page
2026-07-01 12:05:28 | INFO | Template - Reused saved footer selector on current page
2026-07-01 12:05:28 | INFO | Header: simple complexity, 1 features
2026-07-01 12:05:28 | INFO | Footer: simple complexity, 0 features
2026-07-01 12:05:28 | INFO | Phase 2: Identifying main content area...
2026-07-01 12:05:28 | INFO | Main content: #main-content
2026-07-01 12:05:28 | INFO | Phase 3: Detecting blocks...
2026-07-01 12:05:28 | INFO | Phase 4: Capturing block screenshots...
2026-07-01 12:05:29 | INFO | Captured 2 block screenshots
2026-07-01 12:05:29 | INFO | Detected 2 blocks
2026-07-01 12:05:29 | INFO | Generating fingerprints for template discovery...
2026-07-01 12:05:31 | INFO |    Top-section: 1 rows via title
2026-07-01 12:05:31 | INFO |    Body start: y=25 (start row 1 via below-title)
2026-07-01 12:05:31 | INFO | URL Pattern: /fundacao-florestal/etapa-3/cond-4
2026-07-01 12:05:31 | INFO | Page catalog complete: /workspace/catalog/.pages/comunicabaciadesantos_petrobras_com_br_fundacao-florestal_etapa-3_cond-4--f69358e9/page-catalog.json
2026-07-01 12:05:31 | INFO | SUCCESS: https://comunicabaciadesantos.petrobras.com.br/fundacao-florestal/etapa-3/cond-4
2026-07-01 12:05:31 | INFO | Phase 0A: Triggering lazy-loaded content...
2026-07-01 12:05:31 | INFO | Phase 0A: Triggering lazy-loaded content...
2026-07-01 12:05:32 | INFO | Phase 0A: Triggering lazy-loaded content...
2026-07-01 12:05:33 | INFO | Lazy-load scroll complete
2026-07-01 12:05:33 | INFO | Phase 0B: Cleaning up overlays...
2026-07-01 12:05:33 | INFO | Lazy-load scroll complete
2026-07-01 12:05:33 | INFO | Phase 0B: Cleaning up overlays...
2026-07-01 12:05:33 | INFO | Lazy-load scroll complete
2026-07-01 12:05:33 | INFO | Phase 0B: Cleaning up overlays...
2026-07-01 12:05:33 | INFO | [32/138] Processing: https://comunicabaciadesantos.petrobras.com.br/fundacao-florestal/etapa-3/cond-12
2026-07-01 12:05:33 | INFO | Generated slug: comunicabaciadesantos_petrobras_com_br_fundacao-florestal_etapa-3_cond-12--c9a27bc8
2026-07-01 12:05:33 | INFO | Starting analysis: https://comunicabaciadesantos.petrobras.com.br/fundacao-florestal/etapa-3/cond-12 -> /workspace/catalog/.pages/comunicabaciadesantos_petrobras_com_br_fundacao-florestal_etapa-3_cond-12--c9a27bc8
2026-07-01 12:05:33 | INFO | Loading: https://comunicabaciadesantos.petrobras.com.br/fundacao-florestal/etapa-3/cond-12
2026-07-01 12:05:33 | INFO | Removed 5 elements: overlay, popup
📐 Detecting header/footer for this page...
2026-07-01 12:05:33 | INFO | Template - Reused saved header selector on current page
2026-07-01 12:05:33 | INFO | Template - Reused saved footer selector on current page
2026-07-01 12:05:33 | INFO | Header: simple complexity, 1 features
2026-07-01 12:05:33 | INFO | Footer: simple complexity, 0 features
2026-07-01 12:05:33 | INFO | Phase 2: Identifying main content area...
2026-07-01 12:05:33 | INFO | Main content: #main-content
2026-07-01 12:05:34 | INFO | Phase 3: Detecting blocks...
2026-07-01 12:05:34 | INFO | Phase 4: Capturing block screenshots...
2026-07-01 12:05:34 | INFO | Removed 5 elements: overlay, popup
📐 Detecting header/footer for this page...
2026-07-01 12:05:34 | INFO | Template - Reused saved header selector on current page
2026-07-01 12:05:34 | INFO | Template - Reused saved footer selector on current page
2026-07-01 12:05:34 | INFO | Header: simple complexity, 1 features
2026-07-01 12:05:34 | INFO | Footer: simple complexity, 0 features
2026-07-01 12:05:34 | INFO | Phase 2: Identifying main content area...
2026-07-01 12:05:34 | INFO | Main content: #main-content
2026-07-01 12:05:34 | INFO | Removed 5 elements: overlay, popup
📐 Detecting header/footer for this page...
2026-07-01 12:05:34 | INFO | Template - Reused saved header selector on current page
2026-07-01 12:05:34 | INFO | Template - Reused saved footer selector on current page
2026-07-01 12:05:34 | INFO | Header: simple complexity, 1 features
2026-07-01 12:05:34 | INFO | Footer: simple complexity, 0 features
2026-07-01 12:05:34 | INFO | Phase 2: Identifying main content area...
2026-07-01 12:05:34 | INFO | Main content: #main-content
2026-07-01 12:05:34 | INFO | Phase 3: Detecting blocks...
2026-07-01 12:05:34 | INFO | Phase 4: Capturing block screenshots...
2026-07-01 12:05:34 | INFO | Phase 3: Detecting blocks...
2026-07-01 12:05:34 | WARNING | Blocks - 60% of blocks are unknown - site uses non-EDS patterns
2026-07-01 12:05:34 | INFO | Phase 4: Capturing block screenshots...
2026-07-01 12:05:34 | INFO | Captured 2 block screenshots
2026-07-01 12:05:34 | INFO | Detected 2 blocks
2026-07-01 12:05:34 | INFO | Generating fingerprints for template discovery...
2026-07-01 12:05:35 | INFO | Captured 2 block screenshots
2026-07-01 12:05:35 | INFO | Detected 2 blocks
2026-07-01 12:05:35 | INFO | Generating fingerprints for template discovery...
2026-07-01 12:05:35 | INFO | Captured 5 block screenshots
2026-07-01 12:05:35 | INFO | Detected 5 blocks
2026-07-01 12:05:35 | INFO | Generating fingerprints for template discovery...
2026-07-01 12:05:36 | INFO |    Top-section: 1 rows via title
2026-07-01 12:05:36 | INFO |    Body start: y=25 (start row 1 via below-title)
2026-07-01 12:05:36 | INFO | URL Pattern: /fundacao-florestal/etapa-3/cond-5-11
2026-07-01 12:05:36 | INFO | Page catalog complete: /workspace/catalog/.pages/comunicabaciadesantos_petrobras_com_br_fundacao-florestal_etapa-3_cond-5-11--7f1cb21f/page-catalog.json
2026-07-01 12:05:36 | INFO | SUCCESS: https://comunicabaciadesantos.petrobras.com.br/fundacao-florestal/etapa-3/cond-5-11
2026-07-01 12:05:37 | INFO |    Top-section: 7 rows via title
2026-07-01 12:05:37 | INFO |    Body start: y=225 (start row 9 via below-title)
2026-07-01 12:05:37 | INFO | URL Pattern: /fundacao-florestal/etapa-3/cond-10
2026-07-01 12:05:37 | INFO | Page catalog complete: /workspace/catalog/.pages/comunicabaciadesantos_petrobras_com_br_fundacao-florestal_etapa-3_cond-10--a7225e05/page-catalog.json
2026-07-01 12:05:37 | INFO | SUCCESS: https://comunicabaciadesantos.petrobras.com.br/fundacao-florestal/etapa-3/cond-10
2026-07-01 12:05:37 | INFO | PROGRESS: 30/138 analyzed (22% checklist complete) | 30 ok, 0 failed, 0 skipped | ~7 min remaining
2026-07-01 12:05:37 | INFO |    Top-section: 1 rows via title
2026-07-01 12:05:37 | INFO |    Body start: y=25 (start row 1 via below-title)
2026-07-01 12:05:37 | INFO | URL Pattern: /fundacao-florestal/etapa-3/cond-8
2026-07-01 12:05:37 | INFO | Page catalog complete: /workspace/catalog/.pages/comunicabaciadesantos_petrobras_com_br_fundacao-florestal_etapa-3_cond-8--f4c44ba6/page-catalog.json
2026-07-01 12:05:37 | INFO | SUCCESS: https://comunicabaciadesantos.petrobras.com.br/fundacao-florestal/etapa-3/cond-8
2026-07-01 12:05:38 | INFO | [33/138] Processing: https://comunicabaciadesantos.petrobras.com.br/fundacao-florestal/etapa-3/cond-13
2026-07-01 12:05:38 | INFO | Generated slug: comunicabaciadesantos_petrobras_com_br_fundacao-florestal_etapa-3_cond-13--cd1035a0
2026-07-01 12:05:38 | INFO | Starting analysis: https://comunicabaciadesantos.petrobras.com.br/fundacao-florestal/etapa-3/cond-13 -> /workspace/catalog/.pages/comunicabaciadesantos_petrobras_com_br_fundacao-florestal_etapa-3_cond-13--cd1035a0
2026-07-01 12:05:39 | INFO | Loading: https://comunicabaciadesantos.petrobras.com.br/fundacao-florestal/etapa-3/cond-13
2026-07-01 12:05:39 | INFO | Phase 0A: Triggering lazy-loaded content...
2026-07-01 12:05:39 | INFO | [34/138] Processing: https://comunicabaciadesantos.petrobras.com.br/fundacao-florestal/etapa-3/cond-14
2026-07-01 12:05:39 | INFO | Generated slug: comunicabaciadesantos_petrobras_com_br_fundacao-florestal_etapa-3_cond-14--7380554b
2026-07-01 12:05:39 | INFO | Starting analysis: https://comunicabaciadesantos.petrobras.com.br/fundacao-florestal/etapa-3/cond-14 -> /workspace/catalog/.pages/comunicabaciadesantos_petrobras_com_br_fundacao-florestal_etapa-3_cond-14--7380554b
2026-07-01 12:05:39 | INFO | Loading: https://comunicabaciadesantos.petrobras.com.br/fundacao-florestal/etapa-3/cond-14
2026-07-01 12:05:39 | INFO | [35/138] Processing: https://comunicabaciadesantos.petrobras.com.br/fundacao-florestal/etapa-3/cond-16
2026-07-01 12:05:39 | INFO | Generated slug: comunicabaciadesantos_petrobras_com_br_fundacao-florestal_etapa-3_cond-16--2da644ee
2026-07-01 12:05:39 | INFO | Starting analysis: https://comunicabaciadesantos.petrobras.com.br/fundacao-florestal/etapa-3/cond-16 -> /workspace/catalog/.pages/comunicabaciadesantos_petrobras_com_br_fundacao-florestal_etapa-3_cond-16--2da644ee
2026-07-01 12:05:39 | INFO | Loading: https://comunicabaciadesantos.petrobras.com.br/fundacao-florestal/etapa-3/cond-16
2026-07-01 12:05:41 | INFO | Lazy-load scroll complete
2026-07-01 12:05:41 | INFO | Phase 0B: Cleaning up overlays...
2026-07-01 12:05:41 | INFO | Removed 5 elements: overlay, popup
📐 Detecting header/footer for this page...
2026-07-01 12:05:41 | INFO | Template - Reused saved header selector on current page
2026-07-01 12:05:41 | INFO | Template - Reused saved footer selector on current page
2026-07-01 12:05:41 | INFO | Header: simple complexity, 1 features
2026-07-01 12:05:41 | INFO | Footer: simple complexity, 0 features
2026-07-01 12:05:41 | INFO | Phase 2: Identifying main content area...
2026-07-01 12:05:41 | INFO | Main content: #main-content
2026-07-01 12:05:41 | INFO | Phase 3: Detecting blocks...
2026-07-01 12:05:41 | INFO | Phase 4: Capturing block screenshots...
2026-07-01 12:05:42 | INFO | Captured 2 block screenshots
2026-07-01 12:05:42 | INFO | Detected 2 blocks
2026-07-01 12:05:42 | INFO | Generating fingerprints for template discovery...
2026-07-01 12:05:43 | INFO | Phase 0A: Triggering lazy-loaded content...
2026-07-01 12:05:43 | INFO | Phase 0A: Triggering lazy-loaded content...
2026-07-01 12:05:44 | INFO | Phase 0A: Triggering lazy-loaded content...
2026-07-01 12:05:45 | INFO |    Top-section: 1 rows via title
2026-07-01 12:05:45 | INFO |    Body start: y=25 (start row 1 via below-title)
2026-07-01 12:05:45 | INFO | URL Pattern: /fundacao-florestal/etapa-3/cond-12
2026-07-01 12:05:45 | INFO | Page catalog complete: /workspace/catalog/.pages/comunicabaciadesantos_petrobras_com_br_fundacao-florestal_etapa-3_cond-12--c9a27bc8/page-catalog.json
2026-07-01 12:05:45 | INFO | SUCCESS: https://comunicabaciadesantos.petrobras.com.br/fundacao-florestal/etapa-3/cond-12
2026-07-01 12:05:45 | INFO | Lazy-load scroll complete
2026-07-01 12:05:45 | INFO | Phase 0B: Cleaning up overlays...
2026-07-01 12:05:45 | INFO | Lazy-load scroll complete
2026-07-01 12:05:45 | INFO | Phase 0B: Cleaning up overlays...
2026-07-01 12:05:45 | INFO | Lazy-load scroll complete
2026-07-01 12:05:45 | INFO | Phase 0B: Cleaning up overlays...
2026-07-01 12:05:45 | INFO | Removed 5 elements: overlay, popup
📐 Detecting header/footer for this page...
2026-07-01 12:05:45 | INFO | Removed 5 elements: overlay, popup
📐 Detecting header/footer for this page...
2026-07-01 12:05:46 | INFO | Template - Reused saved header selector on current page
2026-07-01 12:05:46 | INFO | Template - Reused saved header selector on current page
2026-07-01 12:05:46 | INFO | Template - Reused saved footer selector on current page
2026-07-01 12:05:46 | INFO | Header: simple complexity, 1 features
2026-07-01 12:05:46 | INFO | Footer: simple complexity, 0 features
2026-07-01 12:05:46 | INFO | Phase 2: Identifying main content area...
2026-07-01 12:05:46 | INFO | Main content: #main-content
2026-07-01 12:05:46 | INFO | Template - Reused saved footer selector on current page
2026-07-01 12:05:46 | INFO | Header: simple complexity, 1 features
2026-07-01 12:05:46 | INFO | Footer: simple complexity, 0 features
2026-07-01 12:05:46 | INFO | Phase 2: Identifying main content area...
2026-07-01 12:05:46 | INFO | Main content: #main-content
2026-07-01 12:05:46 | INFO | Phase 3: Detecting blocks...
2026-07-01 12:05:46 | INFO | Phase 3: Detecting blocks...
2026-07-01 12:05:46 | INFO | Phase 4: Capturing block screenshots...
2026-07-01 12:05:46 | INFO | Phase 4: Capturing block screenshots...
2026-07-01 12:05:46 | INFO | Removed 5 elements: overlay, popup
📐 Detecting header/footer for this page...
2026-07-01 12:05:46 | INFO | Template - Reused saved header selector on current page
2026-07-01 12:05:46 | INFO | Template - Reused saved footer selector on current page
2026-07-01 12:05:46 | INFO | Header: simple complexity, 1 features
2026-07-01 12:05:46 | INFO | Footer: simple complexity, 0 features
2026-07-01 12:05:46 | INFO | Phase 2: Identifying main content area...
2026-07-01 12:05:46 | INFO | Main content: #main-content
2026-07-01 12:05:46 | INFO | Phase 3: Detecting blocks...
2026-07-01 12:05:46 | INFO | Phase 4: Capturing block screenshots...
2026-07-01 12:05:46 | INFO | Captured 2 block screenshots
2026-07-01 12:05:46 | INFO | Detected 2 blocks
2026-07-01 12:05:46 | INFO | Generating fingerprints for template discovery...
2026-07-01 12:05:46 | INFO | Captured 2 block screenshots
2026-07-01 12:05:46 | INFO | Detected 2 blocks
2026-07-01 12:05:46 | INFO | Generating fingerprints for template discovery...
2026-07-01 12:05:47 | INFO | [36/138] Processing: https://comunicabaciadesantos.petrobras.com.br/fundacao-florestal/etapa-3/cond-17
2026-07-01 12:05:47 | INFO | Generated slug: comunicabaciadesantos_petrobras_com_br_fundacao-florestal_etapa-3_cond-17--9225862d
2026-07-01 12:05:47 | INFO | Starting analysis: https://comunicabaciadesantos.petrobras.com.br/fundacao-florestal/etapa-3/cond-17 -> /workspace/catalog/.pages/comunicabaciadesantos_petrobras_com_br_fundacao-florestal_etapa-3_cond-17--9225862d
2026-07-01 12:05:47 | INFO | Captured 2 block screenshots
2026-07-01 12:05:47 | INFO | Detected 2 blocks
2026-07-01 12:05:47 | INFO | Generating fingerprints for template discovery...
2026-07-01 12:05:47 | INFO | Loading: https://comunicabaciadesantos.petrobras.com.br/fundacao-florestal/etapa-3/cond-17
2026-07-01 12:05:49 | INFO |    Top-section: 19 rows via title
2026-07-01 12:05:49 | INFO |    Body start: y=525 (start row 21 via below-title)
2026-07-01 12:05:49 | INFO | URL Pattern: /fundacao-florestal/etapa-3/cond-14
2026-07-01 12:05:49 | INFO | Page catalog complete: /workspace/catalog/.pages/comunicabaciadesantos_petrobras_com_br_fundacao-florestal_etapa-3_cond-14--7380554b/page-catalog.json
2026-07-01 12:05:49 | INFO |    Top-section: 1 rows via title
2026-07-01 12:05:49 | INFO |    Body start: y=25 (start row 1 via below-title)
2026-07-01 12:05:49 | INFO | URL Pattern: /fundacao-florestal/etapa-3/cond-13
2026-07-01 12:05:49 | INFO | Page catalog complete: /workspace/catalog/.pages/comunicabaciadesantos_petrobras_com_br_fundacao-florestal_etapa-3_cond-13--cd1035a0/page-catalog.json
2026-07-01 12:05:49 | INFO | SUCCESS: https://comunicabaciadesantos.petrobras.com.br/fundacao-florestal/etapa-3/cond-14
2026-07-01 12:05:49 | INFO | SUCCESS: https://comunicabaciadesantos.petrobras.com.br/fundacao-florestal/etapa-3/cond-13
2026-07-01 12:05:49 | INFO |    Top-section: 16 rows via title
2026-07-01 12:05:49 | INFO |    Body start: y=450 (start row 18 via below-title)
2026-07-01 12:05:49 | INFO | URL Pattern: /fundacao-florestal/etapa-3/cond-16
2026-07-01 12:05:49 | INFO | Page catalog complete: /workspace/catalog/.pages/comunicabaciadesantos_petrobras_com_br_fundacao-florestal_etapa-3_cond-16--2da644ee/page-catalog.json
2026-07-01 12:05:49 | INFO | SUCCESS: https://comunicabaciadesantos.petrobras.com.br/fundacao-florestal/etapa-3/cond-16
2026-07-01 12:05:49 | INFO | PROGRESS: 35/138 analyzed (25% checklist complete) | 35 ok, 0 failed, 0 skipped | ~6 min remaining
2026-07-01 12:05:51 | INFO | [37/138] Processing: https://comunicabaciadesantos.petrobras.com.br/fundacao-florestal/etapa-3/cond-18
2026-07-01 12:05:51 | INFO | Generated slug: comunicabaciadesantos_petrobras_com_br_fundacao-florestal_etapa-3_cond-18--7f0c9bd5
2026-07-01 12:05:51 | INFO | Starting analysis: https://comunicabaciadesantos.petrobras.com.br/fundacao-florestal/etapa-3/cond-18 -> /workspace/catalog/.pages/comunicabaciadesantos_petrobras_com_br_fundacao-florestal_etapa-3_cond-18--7f0c9bd5
2026-07-01 12:05:51 | INFO | [38/138] Processing: https://comunicabaciadesantos.petrobras.com.br/icmbio/sobre-o-licenciamento
2026-07-01 12:05:51 | INFO | Generated slug: comunicabaciadesantos_petrobras_com_br_icmbio_sobre-o-licenciamento--91a5fbd3
2026-07-01 12:05:51 | INFO | Starting analysis: https://comunicabaciadesantos.petrobras.com.br/icmbio/sobre-o-licenciamento -> /workspace/catalog/.pages/comunicabaciadesantos_petrobras_com_br_icmbio_sobre-o-licenciamento--91a5fbd3
2026-07-01 12:05:51 | INFO | Loading: https://comunicabaciadesantos.petrobras.com.br/fundacao-florestal/etapa-3/cond-18
2026-07-01 12:05:51 | INFO | Loading: https://comunicabaciadesantos.petrobras.com.br/icmbio/sobre-o-licenciamento
2026-07-01 12:05:51 | INFO | [39/138] Processing: https://comunicabaciadesantos.petrobras.com.br/icmbio/pcea
2026-07-01 12:05:51 | INFO | Generated slug: comunicabaciadesantos_petrobras_com_br_icmbio_pcea--1282e0aa
2026-07-01 12:05:51 | INFO | Starting analysis: https://comunicabaciadesantos.petrobras.com.br/icmbio/pcea -> /workspace/catalog/.pages/comunicabaciadesantos_petrobras_com_br_icmbio_pcea--1282e0aa
2026-07-01 12:05:51 | INFO | Loading: https://comunicabaciadesantos.petrobras.com.br/icmbio/pcea
2026-07-01 12:05:52 | INFO | Phase 0A: Triggering lazy-loaded content...
2026-07-01 12:05:53 | INFO | Lazy-load scroll complete
2026-07-01 12:05:53 | INFO | Phase 0B: Cleaning up overlays...
2026-07-01 12:05:54 | INFO | Removed 5 elements: overlay, popup
📐 Detecting header/footer for this page...
2026-07-01 12:05:54 | INFO | Template - Reused saved header selector on current page
2026-07-01 12:05:54 | INFO | Template - Reused saved footer selector on current page
2026-07-01 12:05:54 | INFO | Header: simple complexity, 1 features
2026-07-01 12:05:54 | INFO | Footer: simple complexity, 0 features
2026-07-01 12:05:54 | INFO | Phase 2: Identifying main content area...
2026-07-01 12:05:54 | INFO | Main content: #main-content
2026-07-01 12:05:54 | INFO | Phase 3: Detecting blocks...
2026-07-01 12:05:54 | INFO | Phase 4: Capturing block screenshots...
2026-07-01 12:05:55 | INFO | Captured 2 block screenshots
2026-07-01 12:05:55 | INFO | Detected 2 blocks
2026-07-01 12:05:55 | INFO | Generating fingerprints for template discovery...
2026-07-01 12:05:55 | INFO | Phase 0A: Triggering lazy-loaded content...
2026-07-01 12:05:55 | INFO | Phase 0A: Triggering lazy-loaded content...
2026-07-01 12:05:55 | INFO | Phase 0A: Triggering lazy-loaded content...
2026-07-01 12:05:57 | INFO | Lazy-load scroll complete
2026-07-01 12:05:57 | INFO | Phase 0B: Cleaning up overlays...
2026-07-01 12:05:57 | INFO | Lazy-load scroll complete
2026-07-01 12:05:57 | INFO | Phase 0B: Cleaning up overlays...
2026-07-01 12:05:57 | INFO |    Top-section: 19 rows via title
2026-07-01 12:05:57 | INFO |    Body start: y=525 (start row 21 via below-title)
2026-07-01 12:05:57 | INFO | URL Pattern: /fundacao-florestal/etapa-3/cond-17
2026-07-01 12:05:57 | INFO | Page catalog complete: /workspace/catalog/.pages/comunicabaciadesantos_petrobras_com_br_fundacao-florestal_etapa-3_cond-17--9225862d/page-catalog.json
2026-07-01 12:05:57 | INFO | SUCCESS: https://comunicabaciadesantos.petrobras.com.br/fundacao-florestal/etapa-3/cond-17
2026-07-01 12:05:57 | INFO | Lazy-load scroll complete
2026-07-01 12:05:57 | INFO | Phase 0B: Cleaning up overlays...
2026-07-01 12:05:58 | INFO | Removed 5 elements: overlay, popup
📐 Detecting header/footer for this page...
2026-07-01 12:05:58 | INFO | Removed 5 elements: overlay, popup
📐 Detecting header/footer for this page...
2026-07-01 12:05:58 | INFO | Template - Reused saved header selector on current page
2026-07-01 12:05:58 | INFO | Template - Reused saved header selector on current page
2026-07-01 12:05:58 | INFO | Template - Reused saved footer selector on current page
2026-07-01 12:05:58 | INFO | Header: simple complexity, 1 features
2026-07-01 12:05:58 | INFO | Footer: simple complexity, 0 features
2026-07-01 12:05:58 | INFO | Phase 2: Identifying main content area...
2026-07-01 12:05:58 | INFO | Main content: #main-content
2026-07-01 12:05:58 | INFO | Template - Reused saved footer selector on current page
2026-07-01 12:05:58 | INFO | Header: simple complexity, 1 features
2026-07-01 12:05:58 | INFO | Footer: simple complexity, 0 features
2026-07-01 12:05:58 | INFO | Phase 2: Identifying main content area...
2026-07-01 12:05:58 | INFO | Main content: #main-content
2026-07-01 12:05:58 | INFO | Phase 3: Detecting blocks...
2026-07-01 12:05:58 | INFO | Phase 3: Detecting blocks...
2026-07-01 12:05:58 | INFO | Phase 4: Capturing block screenshots...
2026-07-01 12:05:58 | INFO | Phase 4: Capturing block screenshots...
2026-07-01 12:05:58 | INFO | Removed 5 elements: overlay, popup
📐 Detecting header/footer for this page...
2026-07-01 12:05:58 | INFO | Template - Reused saved header selector on current page
2026-07-01 12:05:58 | INFO | Template - Reused saved footer selector on current page
2026-07-01 12:05:58 | INFO | Header: simple complexity, 1 features
2026-07-01 12:05:58 | INFO | Footer: simple complexity, 0 features
2026-07-01 12:05:58 | INFO | Phase 2: Identifying main content area...
2026-07-01 12:05:58 | INFO | Main content: #main-content
2026-07-01 12:05:58 | INFO | Phase 3: Detecting blocks...
2026-07-01 12:05:58 | WARNING | Blocks - 50% of blocks are unknown - site uses non-EDS patterns
2026-07-01 12:05:58 | INFO | Phase 4: Capturing block screenshots...
2026-07-01 12:05:58 | INFO | Captured 2 block screenshots
2026-07-01 12:05:58 | INFO | Detected 2 blocks
2026-07-01 12:05:58 | INFO | Generating fingerprints for template discovery...
2026-07-01 12:05:58 | INFO | Captured 2 block screenshots
2026-07-01 12:05:58 | INFO | Detected 2 blocks
2026-07-01 12:05:58 | INFO | Generating fingerprints for template discovery...
2026-07-01 12:05:59 | INFO | Captured 4 block screenshots
2026-07-01 12:05:59 | INFO | Detected 4 blocks
2026-07-01 12:05:59 | INFO | Generating fingerprints for template discovery...
2026-07-01 12:05:59 | INFO | [40/138] Processing: https://comunicabaciadesantos.petrobras.com.br/icmbio/pmic
2026-07-01 12:05:59 | INFO | Generated slug: comunicabaciadesantos_petrobras_com_br_icmbio_pmic--0db3cdad
2026-07-01 12:05:59 | INFO | Starting analysis: https://comunicabaciadesantos.petrobras.com.br/icmbio/pmic -> /workspace/catalog/.pages/comunicabaciadesantos_petrobras_com_br_icmbio_pmic--0db3cdad
2026-07-01 12:05:59 | INFO | Loading: https://comunicabaciadesantos.petrobras.com.br/icmbio/pmic
2026-07-01 12:06:01 | INFO |    Top-section: 19 rows via title
2026-07-01 12:06:01 | INFO |    Body start: y=525 (start row 21 via below-title)
2026-07-01 12:06:01 | INFO | URL Pattern: /fundacao-florestal/etapa-3/cond-18
2026-07-01 12:06:01 | INFO | Page catalog complete: /workspace/catalog/.pages/comunicabaciadesantos_petrobras_com_br_fundacao-florestal_etapa-3_cond-18--7f0c9bd5/page-catalog.json
2026-07-01 12:06:01 | INFO |    Top-section: 1 rows via title
2026-07-01 12:06:01 | INFO |    Body start: y=25 (start row 1 via below-title)
2026-07-01 12:06:01 | INFO | URL Pattern: /icmbio/sobre-o-licenciamento
2026-07-01 12:06:01 | INFO | Page catalog complete: /workspace/catalog/.pages/comunicabaciadesantos_petrobras_com_br_icmbio_sobre-o-licenciamento--91a5fbd3/page-catalog.json
2026-07-01 12:06:01 | INFO | SUCCESS: https://comunicabaciadesantos.petrobras.com.br/fundacao-florestal/etapa-3/cond-18
2026-07-01 12:06:01 | INFO | SUCCESS: https://comunicabaciadesantos.petrobras.com.br/icmbio/sobre-o-licenciamento
2026-07-01 12:06:01 | INFO |    Top-section: 1 rows via title
2026-07-01 12:06:01 | INFO |    Body start: y=25 (start row 1 via below-title)
2026-07-01 12:06:01 | INFO | URL Pattern: /icmbio/pcea
2026-07-01 12:06:01 | INFO | Page catalog complete: /workspace/catalog/.pages/comunicabaciadesantos_petrobras_com_br_icmbio_pcea--1282e0aa/page-catalog.json
2026-07-01 12:06:01 | INFO | SUCCESS: https://comunicabaciadesantos.petrobras.com.br/icmbio/pcea
2026-07-01 12:06:03 | INFO | [41/138] Processing: https://comunicabaciadesantos.petrobras.com.br/icmbio/apa-cairucu
2026-07-01 12:06:03 | INFO | Generated slug: comunicabaciadesantos_petrobras_com_br_icmbio_apa-cairucu--fe8708a2
2026-07-01 12:06:03 | INFO | Starting analysis: https://comunicabaciadesantos.petrobras.com.br/icmbio/apa-cairucu -> /workspace/catalog/.pages/comunicabaciadesantos_petrobras_com_br_icmbio_apa-cairucu--fe8708a2
2026-07-01 12:06:03 | INFO | [42/138] Processing: https://comunicabaciadesantos.petrobras.com.br/icmbio/parna-superagui
2026-07-01 12:06:03 | INFO | Generated slug: comunicabaciadesantos_petrobras_com_br_icmbio_parna-superagui--4923bcac
2026-07-01 12:06:03 | INFO | Starting analysis: https://comunicabaciadesantos.petrobras.com.br/icmbio/parna-superagui -> /workspace/catalog/.pages/comunicabaciadesantos_petrobras_com_br_icmbio_parna-superagui--4923bcac
2026-07-01 12:06:03 | INFO | Loading: https://comunicabaciadesantos.petrobras.com.br/icmbio/apa-cairucu
2026-07-01 12:06:03 | INFO | Loading: https://comunicabaciadesantos.petrobras.com.br/icmbio/parna-superagui
2026-07-01 12:06:03 | INFO | [43/138] Processing: https://comunicabaciadesantos.petrobras.com.br/w/pea-costa-verde-a-petrobras-avan%C3%A7a-na-retomada-da-fase-3
2026-07-01 12:06:03 | INFO | Generated slug: comunicabaciadesantos_petrobras_com_br_w_pea-costa-verde-a-petrobras-avan_C3_A7a-na-retomada-da-fase-3--cf131320
2026-07-01 12:06:03 | INFO | Starting analysis: https://comunicabaciadesantos.petrobras.com.br/w/pea-costa-verde-a-petrobras-avan%C3%A7a-na-retomada-da-fase-3 -> /workspace/catalog/.pages/comunicabaciadesantos_petrobras_com_br_w_pea-costa-verde-a-petrobras-avan_C3_A7a-na-retomada-da-fase-3--cf131320
2026-07-01 12:06:04 | INFO | Loading: https://comunicabaciadesantos.petrobras.com.br/w/pea-costa-verde-a-petrobras-avan%C3%A7a-na-retomada-da-fase-3
2026-07-01 12:06:05 | INFO | Phase 0A: Triggering lazy-loaded content...
2026-07-01 12:06:06 | INFO | Lazy-load scroll complete
2026-07-01 12:06:06 | INFO | Phase 0B: Cleaning up overlays...
2026-07-01 12:06:07 | INFO | Removed 5 elements: overlay, popup
📐 Detecting header/footer for this page...
2026-07-01 12:06:07 | INFO | Template - Reused saved header selector on current page
2026-07-01 12:06:07 | INFO | Template - Reused saved footer selector on current page
2026-07-01 12:06:07 | INFO | Header: simple complexity, 1 features
2026-07-01 12:06:07 | INFO | Footer: simple complexity, 0 features
2026-07-01 12:06:07 | INFO | Phase 2: Identifying main content area...
2026-07-01 12:06:07 | INFO | Main content: #main-content
2026-07-01 12:06:07 | INFO | Phase 3: Detecting blocks...
2026-07-01 12:06:07 | INFO | Phase 4: Capturing block screenshots...
2026-07-01 12:06:08 | INFO | Captured 2 block screenshots
2026-07-01 12:06:08 | INFO | Detected 2 blocks
2026-07-01 12:06:08 | INFO | Generating fingerprints for template discovery...
2026-07-01 12:06:08 | INFO | Phase 0A: Triggering lazy-loaded content...
2026-07-01 12:06:08 | INFO | Phase 0A: Triggering lazy-loaded content...
2026-07-01 12:06:09 | INFO | Phase 0A: Triggering lazy-loaded content...
2026-07-01 12:06:10 | INFO | Lazy-load scroll complete
2026-07-01 12:06:10 | INFO | Phase 0B: Cleaning up overlays...
2026-07-01 12:06:10 | INFO | Lazy-load scroll complete
2026-07-01 12:06:10 | INFO | Phase 0B: Cleaning up overlays...
2026-07-01 12:06:10 | INFO |    Top-section: 7 rows via title
2026-07-01 12:06:10 | INFO |    Body start: y=225 (start row 9 via below-title)
2026-07-01 12:06:10 | INFO | URL Pattern: /icmbio/pmic
2026-07-01 12:06:10 | INFO | Page catalog complete: /workspace/catalog/.pages/comunicabaciadesantos_petrobras_com_br_icmbio_pmic--0db3cdad/page-catalog.json
2026-07-01 12:06:10 | INFO | SUCCESS: https://comunicabaciadesantos.petrobras.com.br/icmbio/pmic
2026-07-01 12:06:10 | INFO | PROGRESS: 40/138 analyzed (29% checklist complete) | 40 ok, 0 failed, 0 skipped | ~6 min remaining
2026-07-01 12:06:10 | INFO | Removed 5 elements: overlay, popup
📐 Detecting header/footer for this page...
2026-07-01 12:06:10 | INFO | Template - Reused saved header selector on current page
2026-07-01 12:06:10 | INFO | Template - Reused saved footer selector on current page
2026-07-01 12:06:10 | INFO | Header: simple complexity, 1 features
2026-07-01 12:06:10 | INFO | Footer: simple complexity, 0 features
2026-07-01 12:06:10 | INFO | Phase 2: Identifying main content area...
2026-07-01 12:06:10 | INFO | Main content: #main-content
2026-07-01 12:06:11 | INFO | Phase 3: Detecting blocks...
2026-07-01 12:06:11 | INFO | Removed 5 elements: overlay, popup
📐 Detecting header/footer for this page...
2026-07-01 12:06:11 | INFO | Phase 4: Capturing block screenshots...
2026-07-01 12:06:11 | INFO | Lazy-load scroll complete
2026-07-01 12:06:11 | INFO | Phase 0B: Cleaning up overlays...
2026-07-01 12:06:11 | INFO | Template - Reused saved header selector on current page
2026-07-01 12:06:11 | INFO | Template - Reused saved footer selector on current page
2026-07-01 12:06:11 | INFO | Header: simple complexity, 1 features
2026-07-01 12:06:11 | INFO | Footer: simple complexity, 0 features
2026-07-01 12:06:11 | INFO | Phase 2: Identifying main content area...
2026-07-01 12:06:11 | INFO | Main content: #main-content
2026-07-01 12:06:11 | INFO | Phase 3: Detecting blocks...
2026-07-01 12:06:11 | INFO | Phase 4: Capturing block screenshots...
2026-07-01 12:06:11 | INFO | Captured 2 block screenshots
2026-07-01 12:06:11 | INFO | Detected 2 blocks
2026-07-01 12:06:11 | INFO | Generating fingerprints for template discovery...
2026-07-01 12:06:11 | INFO | Removed 5 elements: overlay, popup
📐 Detecting header/footer for this page...
2026-07-01 12:06:11 | INFO | Template - Reused saved header selector on current page
2026-07-01 12:06:11 | INFO | Template - Reused saved footer selector on current page
2026-07-01 12:06:11 | INFO | Header: simple complexity, 1 features
2026-07-01 12:06:11 | INFO | Footer: simple complexity, 0 features
2026-07-01 12:06:11 | INFO | Phase 2: Identifying main content area...
2026-07-01 12:06:11 | INFO | Main content: #main-content
2026-07-01 12:06:11 | INFO | Captured 2 block screenshots
2026-07-01 12:06:11 | INFO | Detected 2 blocks
2026-07-01 12:06:11 | INFO | Generating fingerprints for template discovery...
2026-07-01 12:06:11 | INFO | Phase 3: Detecting blocks...
2026-07-01 12:06:11 | INFO | Phase 4: Capturing block screenshots...
2026-07-01 12:06:12 | INFO | Captured 2 block screenshots
2026-07-01 12:06:12 | INFO | Detected 2 blocks
2026-07-01 12:06:12 | INFO | Generating fingerprints for template discovery...
2026-07-01 12:06:12 | INFO | [44/138] Processing: https://comunicabaciadesantos.petrobras.com.br/w/como-s%C3%A3o-definidos-os-projetos-condicionantes-
2026-07-01 12:06:12 | INFO | Generated slug: comunicabaciadesantos_petrobras_com_br_w_como-s_C3_A3o-definidos-os-projetos-condicionantes---0f3d87da
2026-07-01 12:06:12 | INFO | Starting analysis: https://comunicabaciadesantos.petrobras.com.br/w/como-s%C3%A3o-definidos-os-projetos-condicionantes- -> /workspace/catalog/.pages/comunicabaciadesantos_petrobras_com_br_w_como-s_C3_A3o-definidos-os-projetos-condicionantes---0f3d87da
2026-07-01 12:06:12 | INFO | Loading: https://comunicabaciadesantos.petrobras.com.br/w/como-s%C3%A3o-definidos-os-projetos-condicionantes-
2026-07-01 12:06:13 | INFO |    Top-section: 1 rows via title
2026-07-01 12:06:13 | INFO |    Body start: y=25 (start row 1 via below-title)
2026-07-01 12:06:13 | INFO | URL Pattern: /icmbio/apa-cairucu
2026-07-01 12:06:13 | INFO | Page catalog complete: /workspace/catalog/.pages/comunicabaciadesantos_petrobras_com_br_icmbio_apa-cairucu--fe8708a2/page-catalog.json
2026-07-01 12:06:13 | INFO | SUCCESS: https://comunicabaciadesantos.petrobras.com.br/icmbio/apa-cairucu
2026-07-01 12:06:14 | INFO |    Top-section: 1 rows via title
2026-07-01 12:06:14 | INFO |    Body start: y=25 (start row 1 via below-title)
2026-07-01 12:06:14 | INFO | URL Pattern: /icmbio/parna-superagui
2026-07-01 12:06:14 | INFO | Page catalog complete: /workspace/catalog/.pages/comunicabaciadesantos_petrobras_com_br_icmbio_parna-superagui--4923bcac/page-catalog.json
2026-07-01 12:06:14 | INFO | SUCCESS: https://comunicabaciadesantos.petrobras.com.br/icmbio/parna-superagui
2026-07-01 12:06:14 | INFO |    Top-section: 35 rows via title+hero
2026-07-01 12:06:14 | INFO |    Body start: y=950 (start row 38 via below-title+hero)
2026-07-01 12:06:14 | INFO | URL Pattern: /w/pea-costa-verde-a-petrobras-avan%C3%A7a-na-retomada-da-fase-3
2026-07-01 12:06:14 | INFO | Page catalog complete: /workspace/catalog/.pages/comunicabaciadesantos_petrobras_com_br_w_pea-costa-verde-a-petrobras-avan_C3_A7a-na-retomada-da-fase-3--cf131320/page-catalog.json
2026-07-01 12:06:14 | INFO | SUCCESS: https://comunicabaciadesantos.petrobras.com.br/w/pea-costa-verde-a-petrobras-avan%C3%A7a-na-retomada-da-fase-3
2026-07-01 12:06:15 | INFO | [45/138] Processing: https://comunicabaciadesantos.petrobras.com.br/w/dia-do-meio-ambiente-refor%C3%A7a-rela%C3%A7%C3%A3o-entre-ci%C3%AAncia-e-comunidades
2026-07-01 12:06:15 | INFO | Generated slug: comunicabaciadesantos_petrobras_com_br_w_dia-do-meio-ambiente-refor_C3_A7a-rela_C3_A7_C3_A3o-entre-ci_C3_AAncia-e-comunidades--682b4091
2026-07-01 12:06:15 | INFO | Starting analysis: https://comunicabaciadesantos.petrobras.com.br/w/dia-do-meio-ambiente-refor%C3%A7a-rela%C3%A7%C3%A3o-entre-ci%C3%AAncia-e-comunidades -> /workspace/catalog/.pages/comunicabaciadesantos_petrobras_com_br_w_dia-do-meio-ambiente-refor_C3_A7a-rela_C3_A7_C3_A3o-entre-ci_C3_AAncia-e-comunidades--682b4091
2026-07-01 12:06:15 | INFO | Loading: https://comunicabaciadesantos.petrobras.com.br/w/dia-do-meio-ambiente-refor%C3%A7a-rela%C3%A7%C3%A3o-entre-ci%C3%AAncia-e-comunidades
2026-07-01 12:06:16 | INFO | [46/138] Processing: https://comunicabaciadesantos.petrobras.com.br/w/pea-costa-verde-projeto-redes-petrobras-se-re%C3%BAne-com-ibama-para-dialogar-sobre-o-plano-de-trabalho-para-a-fase-3-e-os-ptas
2026-07-01 12:06:16 | INFO | Generated slug: comunicabaciadesantos_petrobras_com_br_w_pea-costa-verde-projeto-redes-petrobras-se-re_C3_BAne-com-ibama-para-dialogar-sobre-o-plano-de-trabalho-para-a-fase-3-e-os-ptas--cd46114e
2026-07-01 12:06:16 | INFO | Starting analysis: https://comunicabaciadesantos.petrobras.com.br/w/pea-costa-verde-projeto-redes-petrobras-se-re%C3%BAne-com-ibama-para-dialogar-sobre-o-plano-de-trabalho-para-a-fase-3-e-os-ptas -> /workspace/catalog/.pages/comunicabaciadesantos_petrobras_com_br_w_pea-costa-verde-projeto-redes-petrobras-se-re_C3_BAne-com-ibama-para-dialogar-sobre-o-plano-de-trabalho-para-a-fase-3-e-os-ptas--cd46114e
2026-07-01 12:06:16 | INFO | Loading: https://comunicabaciadesantos.petrobras.com.br/w/pea-costa-verde-projeto-redes-petrobras-se-re%C3%BAne-com-ibama-para-dialogar-sobre-o-plano-de-trabalho-para-a-fase-3-e-os-ptas
2026-07-01 12:06:16 | INFO | [47/138] Processing: https://comunicabaciadesantos.petrobras.com.br/w/resgates-de-animais-alertam-sobre-o-descarte-inadequado-de-lixo
2026-07-01 12:06:16 | INFO | Generated slug: comunicabaciadesantos_petrobras_com_br_w_resgates-de-animais-alertam-sobre-o-descarte-inadequado-de-lixo--6362c870
2026-07-01 12:06:16 | INFO | Starting analysis: https://comunicabaciadesantos.petrobras.com.br/w/resgates-de-animais-alertam-sobre-o-descarte-inadequado-de-lixo -> /workspace/catalog/.pages/comunicabaciadesantos_petrobras_com_br_w_resgates-de-animais-alertam-sobre-o-descarte-inadequado-de-lixo--6362c870
2026-07-01 12:06:16 | INFO | Loading: https://comunicabaciadesantos.petrobras.com.br/w/resgates-de-animais-alertam-sobre-o-descarte-inadequado-de-lixo
2026-07-01 12:06:17 | INFO | Phase 0A: Triggering lazy-loaded content...
2026-07-01 12:06:19 | INFO | Lazy-load scroll complete
2026-07-01 12:06:19 | INFO | Phase 0B: Cleaning up overlays...
2026-07-01 12:06:20 | INFO | Removed 5 elements: overlay, popup
📐 Detecting header/footer for this page...
2026-07-01 12:06:20 | INFO | Template - Reused saved header selector on current page
2026-07-01 12:06:20 | INFO | Template - Reused saved footer selector on current page
2026-07-01 12:06:20 | INFO | Header: simple complexity, 1 features
2026-07-01 12:06:20 | INFO | Footer: simple complexity, 0 features
2026-07-01 12:06:20 | INFO | Phase 2: Identifying main content area...
2026-07-01 12:06:20 | INFO | Main content: #main-content
2026-07-01 12:06:20 | INFO | Phase 3: Detecting blocks...
2026-07-01 12:06:20 | INFO | Phase 4: Capturing block screenshots...
2026-07-01 12:06:20 | INFO | Captured 1 block screenshots
2026-07-01 12:06:20 | INFO | Detected 1 blocks
2026-07-01 12:06:20 | INFO | Generating fingerprints for template discovery...
2026-07-01 12:06:21 | INFO | Phase 0A: Triggering lazy-loaded content...
2026-07-01 12:06:22 | INFO | Phase 0A: Triggering lazy-loaded content...
2026-07-01 12:06:22 | INFO | Phase 0A: Triggering lazy-loaded content...
2026-07-01 12:06:23 | INFO |    Top-section: 1 rows via title
2026-07-01 12:06:23 | INFO |    Body start: y=25 (start row 1 via below-title)
2026-07-01 12:06:23 | INFO | URL Pattern: /w/como-s%C3%A3o-definidos-os-projetos-condicionantes-
2026-07-01 12:06:23 | INFO | Page catalog complete: /workspace/catalog/.pages/comunicabaciadesantos_petrobras_com_br_w_como-s_C3_A3o-definidos-os-projetos-condicionantes---0f3d87da/page-catalog.json
2026-07-01 12:06:23 | INFO | SUCCESS: https://comunicabaciadesantos.petrobras.com.br/w/como-s%C3%A3o-definidos-os-projetos-condicionantes-
2026-07-01 12:06:23 | INFO | Lazy-load scroll complete
2026-07-01 12:06:23 | INFO | Phase 0B: Cleaning up overlays...
2026-07-01 12:06:23 | INFO | Lazy-load scroll complete
2026-07-01 12:06:23 | INFO | Phase 0B: Cleaning up overlays...
2026-07-01 12:06:24 | INFO | Removed 5 elements: overlay, popup
📐 Detecting header/footer for this page...
2026-07-01 12:06:24 | INFO | Template - Reused saved header selector on current page
2026-07-01 12:06:24 | INFO | Template - Reused saved footer selector on current page
2026-07-01 12:06:24 | INFO | Header: simple complexity, 1 features
2026-07-01 12:06:24 | INFO | Footer: simple complexity, 0 features
2026-07-01 12:06:24 | INFO | Phase 2: Identifying main content area...
2026-07-01 12:06:24 | INFO | Main content: #main-content
2026-07-01 12:06:24 | INFO | Phase 3: Detecting blocks...
2026-07-01 12:06:24 | WARNING | Blocks - 60% of blocks are unknown - site uses non-EDS patterns
2026-07-01 12:06:24 | INFO | Phase 4: Capturing block screenshots...
2026-07-01 12:06:24 | INFO | Removed 5 elements: overlay, popup
📐 Detecting header/footer for this page...
2026-07-01 12:06:24 | INFO | Template - Reused saved header selector on current page
2026-07-01 12:06:24 | INFO | Template - Reused saved footer selector on current page
2026-07-01 12:06:24 | INFO | Header: simple complexity, 1 features
2026-07-01 12:06:24 | INFO | Footer: simple complexity, 0 features
2026-07-01 12:06:24 | INFO | Phase 2: Identifying main content area...
2026-07-01 12:06:24 | INFO | Main content: #main-content
2026-07-01 12:06:24 | INFO | Phase 3: Detecting blocks...
2026-07-01 12:06:24 | INFO | Phase 4: Capturing block screenshots...
2026-07-01 12:06:24 | INFO | Lazy-load scroll complete
2026-07-01 12:06:24 | INFO | Phase 0B: Cleaning up overlays...
2026-07-01 12:06:24 | INFO | Captured 5 block screenshots
2026-07-01 12:06:24 | INFO | Detected 5 blocks
2026-07-01 12:06:24 | INFO | Generating fingerprints for template discovery...
2026-07-01 12:06:25 | INFO | [48/138] Processing: https://comunicabaciadesantos.petrobras.com.br/w/petrobras-inicia-produ%C3%A7%C3%A3o-de-b%C3%BAzios-8-p-79-
2026-07-01 12:06:25 | INFO | Generated slug: comunicabaciadesantos_petrobras_com_br_w_petrobras-inicia-produ_C3_A7_C3_A3o-de-b_C3_BAzios-8-p-79---e76a8946
2026-07-01 12:06:25 | INFO | Starting analysis: https://comunicabaciadesantos.petrobras.com.br/w/petrobras-inicia-produ%C3%A7%C3%A3o-de-b%C3%BAzios-8-p-79- -> /workspace/catalog/.pages/comunicabaciadesantos_petrobras_com_br_w_petrobras-inicia-produ_C3_A7_C3_A3o-de-b_C3_BAzios-8-p-79---e76a8946
2026-07-01 12:06:25 | INFO | Loading: https://comunicabaciadesantos.petrobras.com.br/w/petrobras-inicia-produ%C3%A7%C3%A3o-de-b%C3%BAzios-8-p-79-
2026-07-01 12:06:25 | INFO | Captured 2 block screenshots
2026-07-01 12:06:25 | INFO | Detected 2 blocks
2026-07-01 12:06:25 | INFO | Generating fingerprints for template discovery...
2026-07-01 12:06:25 | INFO | Removed 5 elements: overlay, popup
📐 Detecting header/footer for this page...
2026-07-01 12:06:25 | INFO | Template - Reused saved header selector on current page
2026-07-01 12:06:25 | INFO | Template - Reused saved footer selector on current page
2026-07-01 12:06:25 | INFO | Header: simple complexity, 1 features
2026-07-01 12:06:25 | INFO | Footer: simple complexity, 0 features
2026-07-01 12:06:25 | INFO | Phase 2: Identifying main content area...
2026-07-01 12:06:25 | INFO | Main content: #main-content
2026-07-01 12:06:25 | INFO | Phase 3: Detecting blocks...
2026-07-01 12:06:25 | WARNING | Blocks - 75% of blocks are unknown - site uses non-EDS patterns
2026-07-01 12:06:25 | INFO | Phase 4: Capturing block screenshots...
2026-07-01 12:06:26 | INFO | Captured 4 block screenshots
2026-07-01 12:06:26 | INFO | Detected 4 blocks
2026-07-01 12:06:26 | INFO | Generating fingerprints for template discovery...
2026-07-01 12:06:27 | INFO |    Top-section: 37 rows via title+hero
2026-07-01 12:06:27 | INFO |    Body start: y=984 (start row 39 via below-title+hero)
2026-07-01 12:06:27 | INFO | URL Pattern: /w/dia-do-meio-ambiente-refor%C3%A7a-rela%C3%A7%C3%A3o-entre-ci%C3%AAncia-e-comunidades
2026-07-01 12:06:27 | INFO | Page catalog complete: /workspace/catalog/.pages/comunicabaciadesantos_petrobras_com_br_w_dia-do-meio-ambiente-refor_C3_A7a-rela_C3_A7_C3_A3o-entre-ci_C3_AAncia-e-comunidades--682b4091/page-catalog.json
2026-07-01 12:06:27 | INFO | SUCCESS: https://comunicabaciadesantos.petrobras.com.br/w/dia-do-meio-ambiente-refor%C3%A7a-rela%C3%A7%C3%A3o-entre-ci%C3%AAncia-e-comunidades
2026-07-01 12:06:27 | INFO | PROGRESS: 45/138 analyzed (33% checklist complete) | 45 ok, 0 failed, 0 skipped | ~6 min remaining
2026-07-01 12:06:27 | INFO |    Top-section: 39 rows via title+hero
2026-07-01 12:06:27 | INFO |    Body start: y=1050 (start row 42 via below-title+hero)
2026-07-01 12:06:27 | INFO | URL Pattern: /w/pea-costa-verde-projeto-redes-petrobras-se-re%C3%BAne-com-ibama-para-dialogar-sobre-o-plano-de-trabalho-para-a-fase-3-e-os-ptas
2026-07-01 12:06:27 | INFO | Page catalog complete: /workspace/catalog/.pages/comunicabaciadesantos_petrobras_com_br_w_pea-costa-verde-projeto-redes-petrobras-se-re_C3_BAne-com-ibama-para-dialogar-sobre-o-plano-de-trabalho-para-a-fase-3-e-os-ptas--cd46114e/page-catalog.json
2026-07-01 12:06:27 | INFO | SUCCESS: https://comunicabaciadesantos.petrobras.com.br/w/pea-costa-verde-projeto-redes-petrobras-se-re%C3%BAne-com-ibama-para-dialogar-sobre-o-plano-de-trabalho-para-a-fase-3-e-os-ptas
2026-07-01 12:06:28 | INFO |    Top-section: 1 rows via title
2026-07-01 12:06:28 | INFO |    Body start: y=25 (start row 1 via below-title)
2026-07-01 12:06:28 | INFO | URL Pattern: /w/resgates-de-animais-alertam-sobre-o-descarte-inadequado-de-lixo
2026-07-01 12:06:28 | INFO | Page catalog complete: /workspace/catalog/.pages/comunicabaciadesantos_petrobras_com_br_w_resgates-de-animais-alertam-sobre-o-descarte-inadequado-de-lixo--6362c870/page-catalog.json
2026-07-01 12:06:28 | INFO | SUCCESS: https://comunicabaciadesantos.petrobras.com.br/w/resgates-de-animais-alertam-sobre-o-descarte-inadequado-de-lixo
2026-07-01 12:06:29 | INFO | [49/138] Processing: https://comunicabaciadesantos.petrobras.com.br/w/pea-costa-verde-projeto-redes-petrobras-d%C3%A1-in%C3%ADcio-ao-plano-de-comunica%C3%A7%C3%A3o-e-repactua%C3%A7%C3%A3o
2026-07-01 12:06:29 | INFO | Generated slug: comunicabaciadesantos_petrobras_com_br_w_pea-costa-verde-projeto-redes-petrobras-d_C3_A1-in_C3_ADcio-ao-plano-de-comunica_C3_A7_C3_A3o-e-repactua_C3_A7_C3_A3o--888d5752
2026-07-01 12:06:29 | INFO | Starting analysis: https://comunicabaciadesantos.petrobras.com.br/w/pea-costa-verde-projeto-redes-petrobras-d%C3%A1-in%C3%ADcio-ao-plano-de-comunica%C3%A7%C3%A3o-e-repactua%C3%A7%C3%A3o -> /workspace/catalog/.pages/comunicabaciadesantos_petrobras_com_br_w_pea-costa-verde-projeto-redes-petrobras-d_C3_A1-in_C3_ADcio-ao-plano-de-comunica_C3_A7_C3_A3o-e-repactua_C3_A7_C3_A3o--888d5752
2026-07-01 12:06:29 | INFO | Loading: https://comunicabaciadesantos.petrobras.com.br/w/pea-costa-verde-projeto-redes-petrobras-d%C3%A1-in%C3%ADcio-ao-plano-de-comunica%C3%A7%C3%A3o-e-repactua%C3%A7%C3%A3o
2026-07-01 12:06:29 | INFO | [50/138] Processing: https://comunicabaciadesantos.petrobras.com.br/w/por-que-executamos-projetos-condicionantes-
2026-07-01 12:06:29 | INFO | Generated slug: comunicabaciadesantos_petrobras_com_br_w_por-que-executamos-projetos-condicionantes---2b13cf36
2026-07-01 12:06:29 | INFO | Starting analysis: https://comunicabaciadesantos.petrobras.com.br/w/por-que-executamos-projetos-condicionantes- -> /workspace/catalog/.pages/comunicabaciadesantos_petrobras_com_br_w_por-que-executamos-projetos-condicionantes---2b13cf36
2026-07-01 12:06:29 | INFO | Loading: https://comunicabaciadesantos.petrobras.com.br/w/por-que-executamos-projetos-condicionantes-
2026-07-01 12:06:30 | INFO | [51/138] Processing: https://comunicabaciadesantos.petrobras.com.br/w/projeto-semin%C3%A1rios-da-condicionante-13-passa-a-se-chamar-conectamar-e-avan%C3%A7a-com-etapa-de-refinamento-metodol%C3%B3gico-participativo-junto-ao-gt-semin%C3%A1rios
2026-07-01 12:06:30 | INFO | Generated slug: comunicabaciadesantos_petrobras_com_br_w_projeto-semin_C3_A1rios-da-condicionante-13-passa-a-se-chamar-conectamar-e-avan_C3_A7a-com-etapa-de-refinamento-metodol_C3_B3gico-participativo-junto-ao-gt-semin_C3_A1rios--7b22647f
2026-07-01 12:06:30 | INFO | Starting analysis: https://comunicabaciadesantos.petrobras.com.br/w/projeto-semin%C3%A1rios-da-condicionante-13-passa-a-se-chamar-conectamar-e-avan%C3%A7a-com-etapa-de-refinamento-metodol%C3%B3gico-participativo-junto-ao-gt-semin%C3%A1rios -> /workspace/catalog/.pages/comunicabaciadesantos_petrobras_com_br_w_projeto-semin_C3_A1rios-da-condicionante-13-passa-a-se-chamar-conectamar-e-avan_C3_A7a-com-etapa-de-refinamento-metodol_C3_B3gico-participativo-junto-ao-gt-semin_C3_A1rios--7b22647f
2026-07-01 12:06:30 | INFO | Loading: https://comunicabaciadesantos.petrobras.com.br/w/projeto-semin%C3%A1rios-da-condicionante-13-passa-a-se-chamar-conectamar-e-avan%C3%A7a-com-etapa-de-refinamento-metodol%C3%B3gico-participativo-junto-ao-gt-semin%C3%A1rios
2026-07-01 12:06:31 | INFO | Phase 0A: Triggering lazy-loaded content...
2026-07-01 12:06:32 | INFO | Lazy-load scroll complete
2026-07-01 12:06:32 | INFO | Phase 0B: Cleaning up overlays...
2026-07-01 12:06:33 | INFO | Removed 5 elements: overlay, popup
📐 Detecting header/footer for this page...
2026-07-01 12:06:33 | INFO | Template - Reused saved header selector on current page
2026-07-01 12:06:33 | INFO | Template - Reused saved footer selector on current page
2026-07-01 12:06:33 | INFO | Header: simple complexity, 1 features
2026-07-01 12:06:33 | INFO | Footer: simple complexity, 0 features
2026-07-01 12:06:33 | INFO | Phase 2: Identifying main content area...
2026-07-01 12:06:33 | INFO | Main content: #main-content
2026-07-01 12:06:33 | INFO | Phase 3: Detecting blocks...
2026-07-01 12:06:33 | INFO | Phase 4: Capturing block screenshots...
2026-07-01 12:06:34 | INFO | Captured 2 block screenshots
2026-07-01 12:06:34 | INFO | Detected 2 blocks
2026-07-01 12:06:34 | INFO | Generating fingerprints for template discovery...
2026-07-01 12:06:35 | INFO | Phase 0A: Triggering lazy-loaded content...
2026-07-01 12:06:36 | INFO | Phase 0A: Triggering lazy-loaded content...
2026-07-01 12:06:36 | INFO |    Top-section: 36 rows via title+hero
2026-07-01 12:06:36 | INFO |    Body start: y=975 (start row 39 via below-title+hero)
2026-07-01 12:06:36 | INFO | URL Pattern: /w/petrobras-inicia-produ%C3%A7%C3%A3o-de-b%C3%BAzios-8-p-79-
2026-07-01 12:06:36 | INFO | Page catalog complete: /workspace/catalog/.pages/comunicabaciadesantos_petrobras_com_br_w_petrobras-inicia-produ_C3_A7_C3_A3o-de-b_C3_BAzios-8-p-79---e76a8946/page-catalog.json
2026-07-01 12:06:36 | INFO | SUCCESS: https://comunicabaciadesantos.petrobras.com.br/w/petrobras-inicia-produ%C3%A7%C3%A3o-de-b%C3%BAzios-8-p-79-
2026-07-01 12:06:37 | INFO | Lazy-load scroll complete
2026-07-01 12:06:37 | INFO | Phase 0B: Cleaning up overlays...
2026-07-01 12:06:37 | INFO | Phase 0A: Triggering lazy-loaded content...
2026-07-01 12:06:38 | INFO | Removed 5 elements: overlay, popup
📐 Detecting header/footer for this page...
2026-07-01 12:06:38 | INFO | Template - Reused saved header selector on current page
2026-07-01 12:06:38 | INFO | Template - Reused saved footer selector on current page
2026-07-01 12:06:38 | INFO | Header: simple complexity, 1 features
2026-07-01 12:06:38 | INFO | Footer: simple complexity, 0 features
2026-07-01 12:06:38 | INFO | Phase 2: Identifying main content area...
2026-07-01 12:06:38 | INFO | Main content: #main-content
2026-07-01 12:06:38 | INFO | Phase 3: Detecting blocks...
2026-07-01 12:06:38 | INFO | Phase 4: Capturing block screenshots...
2026-07-01 12:06:38 | INFO | Lazy-load scroll complete
2026-07-01 12:06:38 | INFO | Phase 0B: Cleaning up overlays...
2026-07-01 12:06:38 | INFO | [52/138] Processing: https://comunicabaciadesantos.petrobras.com.br/w/equipes-do-pmp-bs-se-preparam-para-nova-temporada-de-esp%C3%A9cies-migrat%C3%B3rias
2026-07-01 12:06:38 | INFO | Generated slug: comunicabaciadesantos_petrobras_com_br_w_equipes-do-pmp-bs-se-preparam-para-nova-temporada-de-esp_C3_A9cies-migrat_C3_B3rias--5d860f89
2026-07-01 12:06:38 | INFO | Starting analysis: https://comunicabaciadesantos.petrobras.com.br/w/equipes-do-pmp-bs-se-preparam-para-nova-temporada-de-esp%C3%A9cies-migrat%C3%B3rias -> /workspace/catalog/.pages/comunicabaciadesantos_petrobras_com_br_w_equipes-do-pmp-bs-se-preparam-para-nova-temporada-de-esp_C3_A9cies-migrat_C3_B3rias--5d860f89
2026-07-01 12:06:38 | INFO | Loading: https://comunicabaciadesantos.petrobras.com.br/w/equipes-do-pmp-bs-se-preparam-para-nova-temporada-de-esp%C3%A9cies-migrat%C3%B3rias
2026-07-01 12:06:38 | INFO | Captured 1 block screenshots
2026-07-01 12:06:38 | INFO | Detected 1 blocks
2026-07-01 12:06:38 | INFO | Generating fingerprints for template discovery...
2026-07-01 12:06:39 | INFO | Removed 5 elements: overlay, popup
📐 Detecting header/footer for this page...
2026-07-01 12:06:39 | INFO | Template - Reused saved header selector on current page
2026-07-01 12:06:39 | INFO | Template - Reused saved footer selector on current page
2026-07-01 12:06:39 | INFO | Header: simple complexity, 1 features
2026-07-01 12:06:39 | INFO | Footer: simple complexity, 0 features
2026-07-01 12:06:39 | INFO | Phase 2: Identifying main content area...
2026-07-01 12:06:39 | INFO | Main content: #main-content
2026-07-01 12:06:39 | INFO | Phase 3: Detecting blocks...
2026-07-01 12:06:39 | INFO | Phase 4: Capturing block screenshots...
2026-07-01 12:06:39 | INFO | Lazy-load scroll complete
2026-07-01 12:06:39 | INFO | Phase 0B: Cleaning up overlays...
2026-07-01 12:06:39 | INFO | Captured 3 block screenshots
2026-07-01 12:06:39 | INFO | Detected 3 blocks
2026-07-01 12:06:39 | INFO | Generating fingerprints for template discovery...
2026-07-01 12:06:40 | INFO | Removed 5 elements: overlay, popup
📐 Detecting header/footer for this page...
2026-07-01 12:06:40 | INFO | Template - Reused saved header selector on current page
2026-07-01 12:06:40 | INFO | Template - Reused saved footer selector on current page
2026-07-01 12:06:40 | INFO | Header: simple complexity, 1 features
2026-07-01 12:06:40 | INFO | Footer: simple complexity, 0 features
2026-07-01 12:06:40 | INFO | Phase 2: Identifying main content area...
2026-07-01 12:06:40 | INFO | Main content: #main-content
2026-07-01 12:06:40 | INFO | Phase 3: Detecting blocks...
2026-07-01 12:06:40 | INFO | Phase 4: Capturing block screenshots...
2026-07-01 12:06:40 | INFO | Captured 2 block screenshots
2026-07-01 12:06:40 | INFO | Detected 2 blocks
2026-07-01 12:06:40 | INFO | Generating fingerprints for template discovery...
2026-07-01 12:06:40 | INFO |    Top-section: 7 rows via title
2026-07-01 12:06:40 | INFO |    Body start: y=250 (start row 10 via below-title)
2026-07-01 12:06:40 | INFO | URL Pattern: /w/projeto-semin%C3%A1rios-da-condicionante-13-passa-a-se-chamar-conectamar-e-avan%C3%A7a-com-etapa-de-refinamento-metodol%C3%B3gico-participativo-junto-ao-gt-semin%C3%A1rios
2026-07-01 12:06:40 | INFO | Page catalog complete: /workspace/catalog/.pages/comunicabaciadesantos_petrobras_com_br_w_projeto-semin_C3_A1rios-da-condicionante-13-passa-a-se-chamar-conectamar-e-avan_C3_A7a-com-etapa-de-refinamento-metodol_C3_B3gico-participativo-junto-ao-gt-semin_C3_A1rios--7b22647f/page-catalog.json
2026-07-01 12:06:40 | INFO | SUCCESS: https://comunicabaciadesantos.petrobras.com.br/w/projeto-semin%C3%A1rios-da-condicionante-13-passa-a-se-chamar-conectamar-e-avan%C3%A7a-com-etapa-de-refinamento-metodol%C3%B3gico-participativo-junto-ao-gt-semin%C3%A1rios
2026-07-01 12:06:42 | INFO |    Top-section: 37 rows via title+hero
2026-07-01 12:06:42 | INFO |    Body start: y=1000 (start row 40 via below-title+hero)
2026-07-01 12:06:42 | INFO | URL Pattern: /w/pea-costa-verde-projeto-redes-petrobras-d%C3%A1-in%C3%ADcio-ao-plano-de-comunica%C3%A7%C3%A3o-e-repactua%C3%A7%C3%A3o
2026-07-01 12:06:42 | INFO | Page catalog complete: /workspace/catalog/.pages/comunicabaciadesantos_petrobras_com_br_w_pea-costa-verde-projeto-redes-petrobras-d_C3_A1-in_C3_ADcio-ao-plano-de-comunica_C3_A7_C3_A3o-e-repactua_C3_A7_C3_A3o--888d5752/page-catalog.json
2026-07-01 12:06:42 | INFO | SUCCESS: https://comunicabaciadesantos.petrobras.com.br/w/pea-costa-verde-projeto-redes-petrobras-d%C3%A1-in%C3%ADcio-ao-plano-de-comunica%C3%A7%C3%A3o-e-repactua%C3%A7%C3%A3o
2026-07-01 12:06:42 | INFO | PROGRESS: 50/138 analyzed (36% checklist complete) | 50 ok, 0 failed, 0 skipped | ~5 min remaining
2026-07-01 12:06:42 | INFO | [53/138] Processing: https://comunicabaciadesantos.petrobras.com.br/w/programa-visa-proteger-esp%C3%A9cies-amea%C3%A7adas-de-extin%C3%A7%C3%A3o-na-ba%C3%ADa-de-guanabara
2026-07-01 12:06:42 | INFO | Generated slug: comunicabaciadesantos_petrobras_com_br_w_programa-visa-proteger-esp_C3_A9cies-amea_C3_A7adas-de-extin_C3_A7_C3_A3o-na-ba_C3_ADa-de-guanabara--42d41da2
2026-07-01 12:06:42 | INFO | Starting analysis: https://comunicabaciadesantos.petrobras.com.br/w/programa-visa-proteger-esp%C3%A9cies-amea%C3%A7adas-de-extin%C3%A7%C3%A3o-na-ba%C3%ADa-de-guanabara -> /workspace/catalog/.pages/comunicabaciadesantos_petrobras_com_br_w_programa-visa-proteger-esp_C3_A9cies-amea_C3_A7adas-de-extin_C3_A7_C3_A3o-na-ba_C3_ADa-de-guanabara--42d41da2
2026-07-01 12:06:42 | INFO | Loading: https://comunicabaciadesantos.petrobras.com.br/w/programa-visa-proteger-esp%C3%A9cies-amea%C3%A7adas-de-extin%C3%A7%C3%A3o-na-ba%C3%ADa-de-guanabara
2026-07-01 12:06:43 | INFO |    Top-section: 34 rows via title+hero
2026-07-01 12:06:43 | INFO |    Body start: y=925 (start row 37 via below-title+hero)
2026-07-01 12:06:43 | INFO | URL Pattern: /w/por-que-executamos-projetos-condicionantes-
2026-07-01 12:06:43 | INFO | Page catalog complete: /workspace/catalog/.pages/comunicabaciadesantos_petrobras_com_br_w_por-que-executamos-projetos-condicionantes---2b13cf36/page-catalog.json
2026-07-01 12:06:43 | INFO | SUCCESS: https://comunicabaciadesantos.petrobras.com.br/w/por-que-executamos-projetos-condicionantes-
2026-07-01 12:06:44 | INFO | [54/138] Processing: https://comunicabaciadesantos.petrobras.com.br/w/t%C3%A9rmino-da-atividade-de-pesquisa-s%C3%ADsmica-mar%C3%ADtima-4d-nodes-campo-de-itapu-bacia-de-santos
2026-07-01 12:06:44 | INFO | Generated slug: comunicabaciadesantos_petrobras_com_br_w_t_C3_A9rmino-da-atividade-de-pesquisa-s_C3_ADsmica-mar_C3_ADtima-4d-nodes-campo-de-itapu-bacia-de-santos--e3257cb6
2026-07-01 12:06:44 | INFO | Starting analysis: https://comunicabaciadesantos.petrobras.com.br/w/t%C3%A9rmino-da-atividade-de-pesquisa-s%C3%ADsmica-mar%C3%ADtima-4d-nodes-campo-de-itapu-bacia-de-santos -> /workspace/catalog/.pages/comunicabaciadesantos_petrobras_com_br_w_t_C3_A9rmino-da-atividade-de-pesquisa-s_C3_ADsmica-mar_C3_ADtima-4d-nodes-campo-de-itapu-bacia-de-santos--e3257cb6
2026-07-01 12:06:44 | INFO | Loading: https://comunicabaciadesantos.petrobras.com.br/w/t%C3%A9rmino-da-atividade-de-pesquisa-s%C3%ADsmica-mar%C3%ADtima-4d-nodes-campo-de-itapu-bacia-de-santos
2026-07-01 12:06:44 | INFO | Phase 0A: Triggering lazy-loaded content...
2026-07-01 12:06:45 | INFO | [55/138] Processing: https://comunicabaciadesantos.petrobras.com.br/w/sispmc-%C3%A9-substitu%C3%ADdo-pelo-prisma
2026-07-01 12:06:45 | INFO | Generated slug: comunicabaciadesantos_petrobras_com_br_w_sispmc-_C3_A9-substitu_C3_ADdo-pelo-prisma--dad467b1
2026-07-01 12:06:45 | INFO | Starting analysis: https://comunicabaciadesantos.petrobras.com.br/w/sispmc-%C3%A9-substitu%C3%ADdo-pelo-prisma -> /workspace/catalog/.pages/comunicabaciadesantos_petrobras_com_br_w_sispmc-_C3_A9-substitu_C3_ADdo-pelo-prisma--dad467b1
2026-07-01 12:06:45 | INFO | Loading: https://comunicabaciadesantos.petrobras.com.br/w/sispmc-%C3%A9-substitu%C3%ADdo-pelo-prisma
2026-07-01 12:06:46 | INFO | Lazy-load scroll complete
2026-07-01 12:06:46 | INFO | Phase 0B: Cleaning up overlays...
2026-07-01 12:06:47 | INFO | Removed 5 elements: overlay, popup
📐 Detecting header/footer for this page...
2026-07-01 12:06:47 | INFO | Template - Reused saved header selector on current page
2026-07-01 12:06:47 | INFO | Template - Reused saved footer selector on current page
2026-07-01 12:06:47 | INFO | Header: simple complexity, 1 features
2026-07-01 12:06:47 | INFO | Footer: simple complexity, 0 features
2026-07-01 12:06:47 | INFO | Phase 2: Identifying main content area...
2026-07-01 12:06:47 | INFO | Main content: #main-content
2026-07-01 12:06:47 | INFO | Phase 3: Detecting blocks...
2026-07-01 12:06:47 | WARNING | Blocks - 50% of blocks are unknown - site uses non-EDS patterns
2026-07-01 12:06:47 | INFO | Phase 4: Capturing block screenshots...
2026-07-01 12:06:48 | INFO | Captured 4 block screenshots
2026-07-01 12:06:48 | INFO | Detected 4 blocks
2026-07-01 12:06:48 | INFO | Generating fingerprints for template discovery...
2026-07-01 12:06:48 | INFO | Phase 0A: Triggering lazy-loaded content...
2026-07-01 12:06:50 | INFO | Phase 0A: Triggering lazy-loaded content...
2026-07-01 12:06:50 | INFO | Lazy-load scroll complete
2026-07-01 12:06:50 | INFO | Phase 0B: Cleaning up overlays...
2026-07-01 12:06:50 | INFO |    Top-section: 36 rows via title+hero
2026-07-01 12:06:50 | INFO |    Body start: y=975 (start row 39 via below-title+hero)
2026-07-01 12:06:50 | INFO | URL Pattern: /w/equipes-do-pmp-bs-se-preparam-para-nova-temporada-de-esp%C3%A9cies-migrat%C3%B3rias
2026-07-01 12:06:50 | INFO | Page catalog complete: /workspace/catalog/.pages/comunicabaciadesantos_petrobras_com_br_w_equipes-do-pmp-bs-se-preparam-para-nova-temporada-de-esp_C3_A9cies-migrat_C3_B3rias--5d860f89/page-catalog.json
2026-07-01 12:06:50 | INFO | SUCCESS: https://comunicabaciadesantos.petrobras.com.br/w/equipes-do-pmp-bs-se-preparam-para-nova-temporada-de-esp%C3%A9cies-migrat%C3%B3rias
2026-07-01 12:06:51 | INFO | Removed 5 elements: overlay, popup
📐 Detecting header/footer for this page...
2026-07-01 12:06:51 | INFO | Template - Reused saved header selector on current page
2026-07-01 12:06:51 | INFO | Template - Reused saved footer selector on current page
2026-07-01 12:06:51 | INFO | Header: simple complexity, 1 features
2026-07-01 12:06:51 | INFO | Footer: simple complexity, 0 features
2026-07-01 12:06:51 | INFO | Phase 2: Identifying main content area...
2026-07-01 12:06:51 | INFO | Main content: #main-content
2026-07-01 12:06:51 | INFO | Phase 3: Detecting blocks...
2026-07-01 12:06:51 | WARNING | Blocks - 60% of blocks are unknown - site uses non-EDS patterns
2026-07-01 12:06:51 | INFO | Phase 4: Capturing block screenshots...
2026-07-01 12:06:51 | INFO | Lazy-load scroll complete
2026-07-01 12:06:51 | INFO | Phase 0B: Cleaning up overlays...
2026-07-01 12:06:52 | INFO | Phase 0A: Triggering lazy-loaded content...
2026-07-01 12:06:52 | INFO | Captured 5 block screenshots
2026-07-01 12:06:52 | INFO | Detected 5 blocks
2026-07-01 12:06:52 | INFO | Generating fingerprints for template discovery...
2026-07-01 12:06:52 | INFO | Removed 5 elements: overlay, popup
📐 Detecting header/footer for this page...
2026-07-01 12:06:52 | INFO | Template - Reused saved header selector on current page
2026-07-01 12:06:52 | INFO | Template - Reused saved footer selector on current page
2026-07-01 12:06:52 | INFO | Header: simple complexity, 1 features
2026-07-01 12:06:52 | INFO | Footer: simple complexity, 0 features
2026-07-01 12:06:52 | INFO | Phase 2: Identifying main content area...
2026-07-01 12:06:52 | INFO | Main content: #main-content
2026-07-01 12:06:52 | INFO | Phase 3: Detecting blocks...
2026-07-01 12:06:52 | INFO | Phase 4: Capturing block screenshots...
2026-07-01 12:06:52 | INFO | [56/138] Processing: https://comunicabaciadesantos.petrobras.com.br/glossario
2026-07-01 12:06:52 | INFO | Generated slug: comunicabaciadesantos_petrobras_com_br_glossario--e680cb94
2026-07-01 12:06:52 | INFO | Starting analysis: https://comunicabaciadesantos.petrobras.com.br/glossario -> /workspace/catalog/.pages/comunicabaciadesantos_petrobras_com_br_glossario--e680cb94
2026-07-01 12:06:52 | INFO | Loading: https://comunicabaciadesantos.petrobras.com.br/glossario
2026-07-01 12:06:53 | INFO | Captured 2 block screenshots
2026-07-01 12:06:53 | INFO | Detected 2 blocks
2026-07-01 12:06:53 | INFO | Generating fingerprints for template discovery...
2026-07-01 12:06:53 | INFO | Lazy-load scroll complete
2026-07-01 12:06:53 | INFO | Phase 0B: Cleaning up overlays...
2026-07-01 12:06:54 | INFO | Removed 5 elements: overlay, popup
📐 Detecting header/footer for this page...
2026-07-01 12:06:54 | INFO | Template - Reused saved header selector on current page
2026-07-01 12:06:54 | INFO | Template - Reused saved footer selector on current page
2026-07-01 12:06:54 | INFO | Header: simple complexity, 1 features
2026-07-01 12:06:54 | INFO | Footer: simple complexity, 0 features
2026-07-01 12:06:54 | INFO | Phase 2: Identifying main content area...
2026-07-01 12:06:54 | INFO | Main content: #main-content
2026-07-01 12:06:54 | INFO | Phase 3: Detecting blocks...
2026-07-01 12:06:54 | INFO | Phase 4: Capturing block screenshots...
2026-07-01 12:06:54 | INFO |    Top-section: 37 rows via title+hero
2026-07-01 12:06:54 | INFO |    Body start: y=984 (start row 39 via below-title+hero)
2026-07-01 12:06:54 | INFO | URL Pattern: /w/programa-visa-proteger-esp%C3%A9cies-amea%C3%A7adas-de-extin%C3%A7%C3%A3o-na-ba%C3%ADa-de-guanabara
2026-07-01 12:06:54 | INFO | Page catalog complete: /workspace/catalog/.pages/comunicabaciadesantos_petrobras_com_br_w_programa-visa-proteger-esp_C3_A9cies-amea_C3_A7adas-de-extin_C3_A7_C3_A3o-na-ba_C3_ADa-de-guanabara--42d41da2/page-catalog.json
2026-07-01 12:06:54 | INFO | SUCCESS: https://comunicabaciadesantos.petrobras.com.br/w/programa-visa-proteger-esp%C3%A9cies-amea%C3%A7adas-de-extin%C3%A7%C3%A3o-na-ba%C3%ADa-de-guanabara
2026-07-01 12:06:55 | INFO | Captured 2 block screenshots
2026-07-01 12:06:55 | INFO | Detected 2 blocks
2026-07-01 12:06:55 | INFO | Generating fingerprints for template discovery...
2026-07-01 12:06:55 | INFO |    Top-section: 47 rows via title+hero
2026-07-01 12:06:55 | INFO |    Body start: y=1250 (start row 50 via below-title+hero)
2026-07-01 12:06:55 | INFO | URL Pattern: /w/t%C3%A9rmino-da-atividade-de-pesquisa-s%C3%ADsmica-mar%C3%ADtima-4d-nodes-campo-de-itapu-bacia-de-santos
2026-07-01 12:06:55 | INFO | Page catalog complete: /workspace/catalog/.pages/comunicabaciadesantos_petrobras_com_br_w_t_C3_A9rmino-da-atividade-de-pesquisa-s_C3_ADsmica-mar_C3_ADtima-4d-nodes-campo-de-itapu-bacia-de-santos--e3257cb6/page-catalog.json
2026-07-01 12:06:55 | INFO | SUCCESS: https://comunicabaciadesantos.petrobras.com.br/w/t%C3%A9rmino-da-atividade-de-pesquisa-s%C3%ADsmica-mar%C3%ADtima-4d-nodes-campo-de-itapu-bacia-de-santos
2026-07-01 12:06:56 | INFO | [57/138] Processing: https://comunicabaciadesantos.petrobras.com.br/cadastro
2026-07-01 12:06:56 | INFO | Generated slug: comunicabaciadesantos_petrobras_com_br_cadastro--a7dcde6b
2026-07-01 12:06:56 | INFO | Starting analysis: https://comunicabaciadesantos.petrobras.com.br/cadastro -> /workspace/catalog/.pages/comunicabaciadesantos_petrobras_com_br_cadastro--a7dcde6b
2026-07-01 12:06:56 | INFO | Loading: https://comunicabaciadesantos.petrobras.com.br/cadastro
2026-07-01 12:06:57 | INFO | [58/138] Processing: https://comunicabaciadesantos.petrobras.com.br/quem-somos
2026-07-01 12:06:57 | INFO | Generated slug: comunicabaciadesantos_petrobras_com_br_quem-somos--0d6d1673
2026-07-01 12:06:57 | INFO | Starting analysis: https://comunicabaciadesantos.petrobras.com.br/quem-somos -> /workspace/catalog/.pages/comunicabaciadesantos_petrobras_com_br_quem-somos--0d6d1673
2026-07-01 12:06:57 | INFO | Loading: https://comunicabaciadesantos.petrobras.com.br/quem-somos
2026-07-01 12:06:57 | INFO | Phase 0A: Triggering lazy-loaded content...
2026-07-01 12:06:57 | INFO |    Top-section: 34 rows via title+hero
2026-07-01 12:06:57 | INFO |    Body start: y=925 (start row 37 via below-title+hero)
2026-07-01 12:06:57 | INFO | URL Pattern: /w/sispmc-%C3%A9-substitu%C3%ADdo-pelo-prisma
2026-07-01 12:06:57 | INFO | Page catalog complete: /workspace/catalog/.pages/comunicabaciadesantos_petrobras_com_br_w_sispmc-_C3_A9-substitu_C3_ADdo-pelo-prisma--dad467b1/page-catalog.json
2026-07-01 12:06:57 | INFO | SUCCESS: https://comunicabaciadesantos.petrobras.com.br/w/sispmc-%C3%A9-substitu%C3%ADdo-pelo-prisma
2026-07-01 12:06:57 | INFO | PROGRESS: 55/138 analyzed (40% checklist complete) | 55 ok, 0 failed, 0 skipped | ~5 min remaining
2026-07-01 12:06:58 | INFO | Lazy-load scroll complete
2026-07-01 12:06:58 | INFO | Phase 0B: Cleaning up overlays...
2026-07-01 12:06:59 | INFO | [59/138] Processing: https://comunicabaciadesantos.petrobras.com.br/mapa
2026-07-01 12:06:59 | INFO | Generated slug: comunicabaciadesantos_petrobras_com_br_mapa--62cf140e
2026-07-01 12:06:59 | INFO | Starting analysis: https://comunicabaciadesantos.petrobras.com.br/mapa -> /workspace/catalog/.pages/comunicabaciadesantos_petrobras_com_br_mapa--62cf140e
2026-07-01 12:06:59 | INFO | Removed 5 elements: overlay, popup
📐 Detecting header/footer for this page...
2026-07-01 12:06:59 | INFO | Loading: https://comunicabaciadesantos.petrobras.com.br/mapa
2026-07-01 12:06:59 | INFO | Template - Reused saved header selector on current page
2026-07-01 12:06:59 | INFO | Template - Reused saved footer selector on current page
2026-07-01 12:06:59 | INFO | Header: simple complexity, 1 features
2026-07-01 12:06:59 | INFO | Footer: simple complexity, 0 features
2026-07-01 12:06:59 | INFO | Phase 2: Identifying main content area...
2026-07-01 12:06:59 | INFO | Main content: #main-content
2026-07-01 12:06:59 | INFO | Phase 3: Detecting blocks...
2026-07-01 12:06:59 | INFO | Phase 4: Capturing block screenshots...
2026-07-01 12:07:00 | INFO | Captured 1 block screenshots
2026-07-01 12:07:00 | INFO | Detected 1 blocks
2026-07-01 12:07:00 | INFO | Generating fingerprints for template discovery...
2026-07-01 12:07:02 | INFO | Phase 0A: Triggering lazy-loaded content...
2026-07-01 12:07:02 | INFO | Phase 0A: Triggering lazy-loaded content...
2026-07-01 12:07:02 | INFO |    Top-section: 1 rows via title
2026-07-01 12:07:02 | INFO |    Body start: y=25 (start row 1 via below-title)
2026-07-01 12:07:02 | INFO | URL Pattern: /glossario
2026-07-01 12:07:02 | INFO | Page catalog complete: /workspace/catalog/.pages/comunicabaciadesantos_petrobras_com_br_glossario--e680cb94/page-catalog.json
2026-07-01 12:07:02 | INFO | SUCCESS: https://comunicabaciadesantos.petrobras.com.br/glossario
2026-07-01 12:07:03 | INFO | Lazy-load scroll complete
2026-07-01 12:07:03 | INFO | Phase 0B: Cleaning up overlays...
2026-07-01 12:07:03 | INFO | Lazy-load scroll complete
2026-07-01 12:07:03 | INFO | Phase 0B: Cleaning up overlays...
2026-07-01 12:07:04 | INFO | Removed 5 elements: overlay, popup
📐 Detecting header/footer for this page...
2026-07-01 12:07:04 | INFO | Template - Reused saved header selector on current page
2026-07-01 12:07:04 | INFO | Template - Reused saved footer selector on current page
2026-07-01 12:07:04 | INFO | Header: simple complexity, 1 features
2026-07-01 12:07:04 | INFO | Footer: simple complexity, 0 features
2026-07-01 12:07:04 | INFO | Phase 2: Identifying main content area...
2026-07-01 12:07:04 | INFO | Main content: #content
2026-07-01 12:07:04 | INFO | Phase 0A: Triggering lazy-loaded content...
2026-07-01 12:07:04 | INFO | Phase 3: Detecting blocks...
2026-07-01 12:07:04 | INFO | Phase 4: Capturing block screenshots...
2026-07-01 12:07:04 | WARNING | Screenshots - Block not visible: form-4ff7c7f8
2026-07-01 12:07:04 | WARNING | Screenshots - Block not visible: unknown-3eb25f69
2026-07-01 12:07:04 | WARNING | Screenshots - Block not visible: form-77826036
2026-07-01 12:07:04 | WARNING | Screenshots - Block not visible: unknown-30f026ed
2026-07-01 12:07:04 | INFO | [60/138] Processing: https://comunicabaciadesantos.petrobras.com.br/licenciamento
2026-07-01 12:07:04 | INFO | Generated slug: comunicabaciadesantos_petrobras_com_br_licenciamento--ed15fdcb
2026-07-01 12:07:04 | INFO | Starting analysis: https://comunicabaciadesantos.petrobras.com.br/licenciamento -> /workspace/catalog/.pages/comunicabaciadesantos_petrobras_com_br_licenciamento--ed15fdcb
2026-07-01 12:07:04 | INFO | Loading: https://comunicabaciadesantos.petrobras.com.br/licenciamento
2026-07-01 12:07:04 | INFO | Removed 5 elements: overlay, popup
📐 Detecting header/footer for this page...
2026-07-01 12:07:04 | INFO | Template - Reused saved header selector on current page
2026-07-01 12:07:04 | INFO | Template - Reused saved footer selector on current page
2026-07-01 12:07:04 | INFO | Header: simple complexity, 1 features
2026-07-01 12:07:04 | INFO | Footer: simple complexity, 0 features
2026-07-01 12:07:04 | INFO | Phase 2: Identifying main content area...
2026-07-01 12:07:04 | INFO | Main content: #main-content
2026-07-01 12:07:04 | INFO | Phase 3: Detecting blocks...
2026-07-01 12:07:04 | WARNING | Blocks - No blocks detected on page (may be text-only or detection failed)
2026-07-01 12:07:04 | INFO | Phase 4: Capturing block screenshots...
2026-07-01 12:07:04 | INFO | Captured 1 block screenshots
2026-07-01 12:07:04 | INFO | Detected 5 blocks
2026-07-01 12:07:04 | INFO | Generating fingerprints for template discovery...
2026-07-01 12:07:05 | INFO | Captured 0 block screenshots
2026-07-01 12:07:05 | INFO | Detected 0 blocks
2026-07-01 12:07:05 | INFO | Generating fingerprints for template discovery...
2026-07-01 12:07:05 | INFO | Lazy-load scroll complete
2026-07-01 12:07:05 | INFO | Phase 0B: Cleaning up overlays...
2026-07-01 12:07:06 | INFO | Removed 6 elements: overlay, popup
📐 Detecting header/footer for this page...
2026-07-01 12:07:06 | INFO | Template - Reused saved header selector on current page
2026-07-01 12:07:06 | INFO | Template - Reused saved footer selector on current page
2026-07-01 12:07:06 | INFO | Header: simple complexity, 1 features
2026-07-01 12:07:06 | INFO | Footer: simple complexity, 0 features
2026-07-01 12:07:06 | INFO | Phase 2: Identifying main content area...
2026-07-01 12:07:06 | INFO | Main content: #main-content
2026-07-01 12:07:06 | INFO | Phase 3: Detecting blocks...
2026-07-01 12:07:06 | INFO | Phase 4: Capturing block screenshots...
2026-07-01 12:07:07 | INFO |    Top-section: 1 rows via title
2026-07-01 12:07:07 | INFO |    Body start: y=25 (start row 1 via below-title)
2026-07-01 12:07:07 | INFO | URL Pattern: /cadastro
2026-07-01 12:07:07 | INFO | Page catalog complete: /workspace/catalog/.pages/comunicabaciadesantos_petrobras_com_br_cadastro--a7dcde6b/page-catalog.json
2026-07-01 12:07:07 | INFO | SUCCESS: https://comunicabaciadesantos.petrobras.com.br/cadastro
2026-07-01 12:07:07 | INFO | Captured 2 block screenshots
2026-07-01 12:07:07 | INFO | Detected 2 blocks
2026-07-01 12:07:07 | INFO | Generating fingerprints for template discovery...
2026-07-01 12:07:07 | INFO |    Top-section: 1 rows via title
2026-07-01 12:07:07 | INFO |    Body start: y=25 (start row 1 via below-title)
2026-07-01 12:07:07 | INFO | URL Pattern: /quem-somos
2026-07-01 12:07:07 | INFO | Page catalog complete: /workspace/catalog/.pages/comunicabaciadesantos_petrobras_com_br_quem-somos--0d6d1673/page-catalog.json
2026-07-01 12:07:07 | INFO | SUCCESS: https://comunicabaciadesantos.petrobras.com.br/quem-somos
2026-07-01 12:07:09 | INFO | [61/138] Processing: https://comunicabaciadesantos.petrobras.com.br/impactos
2026-07-01 12:07:09 | INFO | Generated slug: comunicabaciadesantos_petrobras_com_br_impactos--ebc6c0b2
2026-07-01 12:07:09 | INFO | Starting analysis: https://comunicabaciadesantos.petrobras.com.br/impactos -> /workspace/catalog/.pages/comunicabaciadesantos_petrobras_com_br_impactos--ebc6c0b2
2026-07-01 12:07:09 | INFO | Loading: https://comunicabaciadesantos.petrobras.com.br/impactos
2026-07-01 12:07:09 | INFO | Phase 0A: Triggering lazy-loaded content...
2026-07-01 12:07:09 | INFO | [62/138] Processing: https://comunicabaciadesantos.petrobras.com.br/condicionantes
2026-07-01 12:07:09 | INFO | Generated slug: comunicabaciadesantos_petrobras_com_br_condicionantes--8f868b33
2026-07-01 12:07:09 | INFO | Starting analysis: https://comunicabaciadesantos.petrobras.com.br/condicionantes -> /workspace/catalog/.pages/comunicabaciadesantos_petrobras_com_br_condicionantes--8f868b33
2026-07-01 12:07:09 | INFO |    Top-section: 17 rows via title
2026-07-01 12:07:09 | INFO |    Body start: y=525 (start row 21 via below-title)
2026-07-01 12:07:09 | INFO | URL Pattern: /mapa
2026-07-01 12:07:09 | INFO | Page catalog complete: /workspace/catalog/.pages/comunicabaciadesantos_petrobras_com_br_mapa--62cf140e/page-catalog.json
2026-07-01 12:07:09 | INFO | Loading: https://comunicabaciadesantos.petrobras.com.br/condicionantes
2026-07-01 12:07:09 | INFO | SUCCESS: https://comunicabaciadesantos.petrobras.com.br/mapa
2026-07-01 12:07:11 | INFO | Lazy-load scroll complete
2026-07-01 12:07:11 | INFO | Phase 0B: Cleaning up overlays...
2026-07-01 12:07:11 | INFO | [63/138] Processing: https://comunicabaciadesantos.petrobras.com.br/noticias
2026-07-01 12:07:11 | INFO | Generated slug: comunicabaciadesantos_petrobras_com_br_noticias--564b8f38
2026-07-01 12:07:11 | INFO | Starting analysis: https://comunicabaciadesantos.petrobras.com.br/noticias -> /workspace/catalog/.pages/comunicabaciadesantos_petrobras_com_br_noticias--564b8f38
2026-07-01 12:07:11 | INFO | Loading: https://comunicabaciadesantos.petrobras.com.br/noticias
2026-07-01 12:07:11 | INFO | Removed 5 elements: overlay, popup
📐 Detecting header/footer for this page...
2026-07-01 12:07:11 | INFO | Template - Reused saved header selector on current page
2026-07-01 12:07:11 | INFO | Template - Reused saved footer selector on current page
2026-07-01 12:07:11 | INFO | Header: simple complexity, 1 features
2026-07-01 12:07:11 | INFO | Footer: simple complexity, 0 features
2026-07-01 12:07:11 | INFO | Phase 2: Identifying main content area...
2026-07-01 12:07:11 | INFO | Main content: #main-content
2026-07-01 12:07:11 | INFO | Phase 3: Detecting blocks...
2026-07-01 12:07:11 | INFO | Phase 4: Capturing block screenshots...
2026-07-01 12:07:12 | INFO | Captured 1 block screenshots
2026-07-01 12:07:12 | INFO | Detected 1 blocks
2026-07-01 12:07:12 | INFO | Generating fingerprints for template discovery...
2026-07-01 12:07:14 | INFO | Phase 0A: Triggering lazy-loaded content...
2026-07-01 12:07:14 | INFO | Phase 0A: Triggering lazy-loaded content...
2026-07-01 12:07:14 | INFO |    Top-section: 6 rows via title+container
2026-07-01 12:07:14 | INFO |    Body start: y=150 (start row 6 via below-title+container)
2026-07-01 12:07:14 | INFO | URL Pattern: /licenciamento
2026-07-01 12:07:14 | INFO | Page catalog complete: /workspace/catalog/.pages/comunicabaciadesantos_petrobras_com_br_licenciamento--ed15fdcb/page-catalog.json
2026-07-01 12:07:14 | INFO | SUCCESS: https://comunicabaciadesantos.petrobras.com.br/licenciamento
2026-07-01 12:07:14 | INFO | PROGRESS: 60/138 analyzed (43% checklist complete) | 60 ok, 0 failed, 0 skipped | ~5 min remaining
2026-07-01 12:07:15 | INFO | Lazy-load scroll complete
2026-07-01 12:07:15 | INFO | Phase 0B: Cleaning up overlays...
2026-07-01 12:07:15 | INFO | Lazy-load scroll complete
2026-07-01 12:07:15 | INFO | Phase 0B: Cleaning up overlays...
2026-07-01 12:07:16 | INFO | Phase 0A: Triggering lazy-loaded content...
2026-07-01 12:07:16 | INFO | Removed 5 elements: overlay, popup
📐 Detecting header/footer for this page...
2026-07-01 12:07:16 | INFO | Template - Reused saved header selector on current page
2026-07-01 12:07:16 | INFO | Template - Reused saved footer selector on current page
2026-07-01 12:07:16 | INFO | Header: simple complexity, 1 features
2026-07-01 12:07:16 | INFO | Footer: simple complexity, 0 features
2026-07-01 12:07:16 | INFO | Phase 2: Identifying main content area...
2026-07-01 12:07:16 | INFO | Main content: #main-content
2026-07-01 12:07:16 | INFO | Removed 5 elements: overlay, popup
📐 Detecting header/footer for this page...
2026-07-01 12:07:16 | INFO | Phase 3: Detecting blocks...
2026-07-01 12:07:16 | INFO | Template - Reused saved header selector on current page
2026-07-01 12:07:16 | INFO | Template - Reused saved footer selector on current page
2026-07-01 12:07:16 | INFO | Header: simple complexity, 1 features
2026-07-01 12:07:16 | INFO | Footer: simple complexity, 0 features
2026-07-01 12:07:16 | INFO | Phase 2: Identifying main content area...
2026-07-01 12:07:16 | INFO | Main content: #main-content
2026-07-01 12:07:16 | INFO | Phase 4: Capturing block screenshots...
2026-07-01 12:07:16 | INFO | [64/138] Processing: https://comunicabaciadesantos.petrobras.com.br/informe
2026-07-01 12:07:16 | INFO | Generated slug: comunicabaciadesantos_petrobras_com_br_informe--4bdc6bb4
2026-07-01 12:07:16 | INFO | Starting analysis: https://comunicabaciadesantos.petrobras.com.br/informe -> /workspace/catalog/.pages/comunicabaciadesantos_petrobras_com_br_informe--4bdc6bb4
2026-07-01 12:07:16 | INFO | Loading: https://comunicabaciadesantos.petrobras.com.br/informe
2026-07-01 12:07:16 | INFO | Phase 3: Detecting blocks...
2026-07-01 12:07:16 | INFO | Phase 4: Capturing block screenshots...
2026-07-01 12:07:17 | INFO | Captured 2 block screenshots
2026-07-01 12:07:17 | INFO | Detected 2 blocks
2026-07-01 12:07:17 | INFO | Generating fingerprints for template discovery...
2026-07-01 12:07:17 | INFO | Captured 6 block screenshots
2026-07-01 12:07:17 | INFO | Detected 6 blocks
2026-07-01 12:07:17 | INFO | Generating fingerprints for template discovery...
2026-07-01 12:07:18 | INFO | Lazy-load scroll complete
2026-07-01 12:07:18 | INFO | Phase 0B: Cleaning up overlays...
2026-07-01 12:07:18 | INFO | Removed 5 elements: overlay, popup
📐 Detecting header/footer for this page...
2026-07-01 12:07:18 | INFO | Template - Reused saved header selector on current page
2026-07-01 12:07:18 | INFO | Template - Reused saved footer selector on current page
2026-07-01 12:07:18 | INFO | Header: simple complexity, 1 features
2026-07-01 12:07:18 | INFO | Footer: simple complexity, 0 features
2026-07-01 12:07:18 | INFO | Phase 2: Identifying main content area...
2026-07-01 12:07:18 | INFO | Main content: #main-content
2026-07-01 12:07:18 | INFO | Phase 3: Detecting blocks...
2026-07-01 12:07:18 | INFO | Phase 4: Capturing block screenshots...
2026-07-01 12:07:19 | INFO |    Top-section: 8 rows via title+container
2026-07-01 12:07:19 | INFO |    Body start: y=200 (start row 8 via below-title+container)
2026-07-01 12:07:19 | INFO | URL Pattern: /impactos
2026-07-01 12:07:19 | INFO | Page catalog complete: /workspace/catalog/.pages/comunicabaciadesantos_petrobras_com_br_impactos--ebc6c0b2/page-catalog.json
2026-07-01 12:07:19 | INFO | SUCCESS: https://comunicabaciadesantos.petrobras.com.br/impactos
2026-07-01 12:07:19 | INFO |    Top-section: 1 rows via title
2026-07-01 12:07:19 | INFO |    Body start: y=25 (start row 1 via below-title)
2026-07-01 12:07:19 | INFO | URL Pattern: /condicionantes
2026-07-01 12:07:19 | INFO | Page catalog complete: /workspace/catalog/.pages/comunicabaciadesantos_petrobras_com_br_condicionantes--8f868b33/page-catalog.json
2026-07-01 12:07:19 | INFO | SUCCESS: https://comunicabaciadesantos.petrobras.com.br/condicionantes
2026-07-01 12:07:20 | INFO | Captured 9 block screenshots
2026-07-01 12:07:20 | INFO | Detected 9 blocks
2026-07-01 12:07:20 | INFO | Generating fingerprints for template discovery...
2026-07-01 12:07:21 | INFO | [65/138] Processing: https://comunicabaciadesantos.petrobras.com.br/royalties
2026-07-01 12:07:21 | INFO | Generated slug: comunicabaciadesantos_petrobras_com_br_royalties--8877afcc
2026-07-01 12:07:21 | INFO | Starting analysis: https://comunicabaciadesantos.petrobras.com.br/royalties -> /workspace/catalog/.pages/comunicabaciadesantos_petrobras_com_br_royalties--8877afcc
2026-07-01 12:07:21 | INFO | Loading: https://comunicabaciadesantos.petrobras.com.br/royalties
2026-07-01 12:07:21 | INFO | [66/138] Processing: https://comunicabaciadesantos.petrobras.com.br/fale-conosco
2026-07-01 12:07:21 | INFO | Generated slug: comunicabaciadesantos_petrobras_com_br_fale-conosco--a249d758
2026-07-01 12:07:21 | INFO | Starting analysis: https://comunicabaciadesantos.petrobras.com.br/fale-conosco -> /workspace/catalog/.pages/comunicabaciadesantos_petrobras_com_br_fale-conosco--a249d758
2026-07-01 12:07:22 | INFO | Loading: https://comunicabaciadesantos.petrobras.com.br/fale-conosco
2026-07-01 12:07:22 | INFO |    Top-section: 9 rows via title
2026-07-01 12:07:22 | INFO |    Body start: y=225 (start row 9 via below-title)
2026-07-01 12:07:22 | INFO | URL Pattern: /noticias
2026-07-01 12:07:22 | INFO | Page catalog complete: /workspace/catalog/.pages/comunicabaciadesantos_petrobras_com_br_noticias--564b8f38/page-catalog.json
2026-07-01 12:07:22 | INFO | SUCCESS: https://comunicabaciadesantos.petrobras.com.br/noticias
2026-07-01 12:07:24 | INFO | [67/138] Processing: https://comunicabaciadesantos.petrobras.com.br/pre-sal-bacia-de-santos
2026-07-01 12:07:24 | INFO | Generated slug: comunicabaciadesantos_petrobras_com_br_pre-sal-bacia-de-santos--9c31eb64
2026-07-01 12:07:24 | INFO | Starting analysis: https://comunicabaciadesantos.petrobras.com.br/pre-sal-bacia-de-santos -> /workspace/catalog/.pages/comunicabaciadesantos_petrobras_com_br_pre-sal-bacia-de-santos--9c31eb64
2026-07-01 12:07:24 | INFO | Loading: https://comunicabaciadesantos.petrobras.com.br/pre-sal-bacia-de-santos
2026-07-01 12:07:25 | INFO | Phase 0A: Triggering lazy-loaded content...
2026-07-01 12:07:26 | INFO | Phase 0A: Triggering lazy-loaded content...
2026-07-01 12:07:26 | INFO | Phase 0A: Triggering lazy-loaded content...
2026-07-01 12:07:27 | INFO | Lazy-load scroll complete
2026-07-01 12:07:27 | INFO | Phase 0B: Cleaning up overlays...
2026-07-01 12:07:27 | INFO | Removed 5 elements: overlay, popup
📐 Detecting header/footer for this page...
2026-07-01 12:07:27 | INFO | Template - Reused saved header selector on current page
2026-07-01 12:07:27 | INFO | Template - Reused saved footer selector on current page
2026-07-01 12:07:27 | INFO | Header: simple complexity, 1 features
2026-07-01 12:07:27 | INFO | Footer: simple complexity, 0 features
2026-07-01 12:07:27 | INFO | Phase 2: Identifying main content area...
2026-07-01 12:07:27 | INFO | Main content: #main-content
2026-07-01 12:07:27 | INFO | Phase 3: Detecting blocks...
2026-07-01 12:07:27 | INFO | Lazy-load scroll complete
2026-07-01 12:07:27 | INFO | Phase 0B: Cleaning up overlays...
2026-07-01 12:07:27 | INFO | Phase 4: Capturing block screenshots...
2026-07-01 12:07:28 | INFO | Lazy-load scroll complete
2026-07-01 12:07:28 | INFO | Phase 0B: Cleaning up overlays...
2026-07-01 12:07:28 | INFO | Removed 5 elements: overlay, popup
📐 Detecting header/footer for this page...
2026-07-01 12:07:28 | INFO | Template - Reused saved header selector on current page
2026-07-01 12:07:28 | INFO | Template - Reused saved footer selector on current page
2026-07-01 12:07:28 | INFO | Header: simple complexity, 1 features
2026-07-01 12:07:28 | INFO | Footer: simple complexity, 0 features
2026-07-01 12:07:28 | INFO | Phase 2: Identifying main content area...
2026-07-01 12:07:28 | INFO | Main content: #main-content
2026-07-01 12:07:28 | INFO | Removed 5 elements: overlay, popup
📐 Detecting header/footer for this page...
2026-07-01 12:07:28 | INFO | Template - Reused saved header selector on current page
2026-07-01 12:07:28 | INFO | Template - Reused saved footer selector on current page
2026-07-01 12:07:28 | INFO | Header: simple complexity, 1 features
2026-07-01 12:07:28 | INFO | Footer: simple complexity, 0 features
2026-07-01 12:07:28 | INFO | Phase 2: Identifying main content area...
2026-07-01 12:07:28 | INFO | Main content: #main-content
2026-07-01 12:07:28 | INFO | Phase 3: Detecting blocks...
2026-07-01 12:07:28 | INFO | Phase 4: Capturing block screenshots...
2026-07-01 12:07:28 | WARNING | Screenshots - Block not visible: form-4e4d40cf
2026-07-01 12:07:28 | INFO | Phase 3: Detecting blocks...
2026-07-01 12:07:28 | INFO | Phase 4: Capturing block screenshots...
2026-07-01 12:07:29 | INFO | Captured 1 block screenshots
2026-07-01 12:07:29 | INFO | Detected 2 blocks
2026-07-01 12:07:29 | INFO | Generating fingerprints for template discovery...
2026-07-01 12:07:29 | INFO | Captured 1 block screenshots
2026-07-01 12:07:29 | INFO | Detected 1 blocks
2026-07-01 12:07:29 | INFO | Generating fingerprints for template discovery...
2026-07-01 12:07:29 | INFO | Captured 16 block screenshots
2026-07-01 12:07:29 | INFO | Detected 16 blocks
2026-07-01 12:07:29 | INFO | Generating fingerprints for template discovery...
2026-07-01 12:07:29 | INFO | Phase 0A: Triggering lazy-loaded content...
2026-07-01 12:07:31 | INFO | Lazy-load scroll complete
2026-07-01 12:07:31 | INFO | Phase 0B: Cleaning up overlays...
2026-07-01 12:07:31 | INFO |    Top-section: 1 rows via title
2026-07-01 12:07:31 | INFO |    Body start: y=25 (start row 1 via below-title)
2026-07-01 12:07:31 | INFO | URL Pattern: /fale-conosco
2026-07-01 12:07:31 | INFO | Page catalog complete: /workspace/catalog/.pages/comunicabaciadesantos_petrobras_com_br_fale-conosco--a249d758/page-catalog.json
2026-07-01 12:07:31 | INFO | SUCCESS: https://comunicabaciadesantos.petrobras.com.br/fale-conosco
2026-07-01 12:07:31 | INFO |    Top-section: 80 rows via title+hero
2026-07-01 12:07:31 | INFO |    Body start: y=2000 (start row 80 via below-title+hero)
2026-07-01 12:07:31 | INFO | URL Pattern: /royalties
2026-07-01 12:07:31 | INFO | Page catalog complete: /workspace/catalog/.pages/comunicabaciadesantos_petrobras_com_br_royalties--8877afcc/page-catalog.json
2026-07-01 12:07:31 | INFO | SUCCESS: https://comunicabaciadesantos.petrobras.com.br/royalties
2026-07-01 12:07:31 | INFO | PROGRESS: 65/138 analyzed (47% checklist complete) | 65 ok, 0 failed, 0 skipped | ~5 min remaining
2026-07-01 12:07:31 | INFO |    Top-section: 1 rows via title
2026-07-01 12:07:31 | INFO |    Body start: y=25 (start row 1 via below-title)
2026-07-01 12:07:31 | INFO | URL Pattern: /informe
2026-07-01 12:07:31 | INFO | Page catalog complete: /workspace/catalog/.pages/comunicabaciadesantos_petrobras_com_br_informe--4bdc6bb4/page-catalog.json
2026-07-01 12:07:31 | INFO | SUCCESS: https://comunicabaciadesantos.petrobras.com.br/informe
2026-07-01 12:07:32 | INFO | Removed 5 elements: overlay, popup
📐 Detecting header/footer for this page...
2026-07-01 12:07:32 | INFO | Template - Reused saved header selector on current page
2026-07-01 12:07:32 | INFO | Template - Reused saved footer selector on current page
2026-07-01 12:07:32 | INFO | Header: simple complexity, 1 features
2026-07-01 12:07:32 | INFO | Footer: simple complexity, 0 features
2026-07-01 12:07:32 | INFO | Phase 2: Identifying main content area...
2026-07-01 12:07:32 | INFO | Main content: #main-content
2026-07-01 12:07:32 | INFO | Phase 3: Detecting blocks...
2026-07-01 12:07:32 | INFO | Phase 4: Capturing block screenshots...
2026-07-01 12:07:32 | INFO | Captured 1 block screenshots
2026-07-01 12:07:32 | INFO | Detected 1 blocks
2026-07-01 12:07:32 | INFO | Generating fingerprints for template discovery...
2026-07-01 12:07:33 | INFO | [68/138] Processing: https://comunicabaciadesantos.petrobras.com.br/tipos-de-plataformas-utilizadas-na-bacia-de-santos
2026-07-01 12:07:33 | INFO | Generated slug: comunicabaciadesantos_petrobras_com_br_tipos-de-plataformas-utilizadas-na-bacia-de-santos--cb65f4b6
2026-07-01 12:07:33 | INFO | Starting analysis: https://comunicabaciadesantos.petrobras.com.br/tipos-de-plataformas-utilizadas-na-bacia-de-santos -> /workspace/catalog/.pages/comunicabaciadesantos_petrobras_com_br_tipos-de-plataformas-utilizadas-na-bacia-de-santos--cb65f4b6
2026-07-01 12:07:33 | INFO | [69/138] Processing: https://comunicabaciadesantos.petrobras.com.br/areas-de-exclusao-em-torno-das-plataformas
2026-07-01 12:07:33 | INFO | Generated slug: comunicabaciadesantos_petrobras_com_br_areas-de-exclusao-em-torno-das-plataformas--8900b9ef
2026-07-01 12:07:33 | INFO | Starting analysis: https://comunicabaciadesantos.petrobras.com.br/areas-de-exclusao-em-torno-das-plataformas -> /workspace/catalog/.pages/comunicabaciadesantos_petrobras_com_br_areas-de-exclusao-em-torno-das-plataformas--8900b9ef
2026-07-01 12:07:33 | INFO | Loading: https://comunicabaciadesantos.petrobras.com.br/tipos-de-plataformas-utilizadas-na-bacia-de-santos
2026-07-01 12:07:33 | INFO | Loading: https://comunicabaciadesantos.petrobras.com.br/areas-de-exclusao-em-torno-das-plataformas
2026-07-01 12:07:33 | INFO | [70/138] Processing: https://comunicabaciadesantos.petrobras.com.br/compensacao
2026-07-01 12:07:33 | INFO | Generated slug: comunicabaciadesantos_petrobras_com_br_compensacao--6820c48a
2026-07-01 12:07:33 | INFO | Starting analysis: https://comunicabaciadesantos.petrobras.com.br/compensacao -> /workspace/catalog/.pages/comunicabaciadesantos_petrobras_com_br_compensacao--6820c48a
2026-07-01 12:07:33 | INFO | Loading: https://comunicabaciadesantos.petrobras.com.br/compensacao
2026-07-01 12:07:35 | INFO |    Top-section: 37 rows via title+hero
2026-07-01 12:07:35 | INFO |    Body start: y=925 (start row 37 via below-title+hero)
2026-07-01 12:07:35 | INFO | URL Pattern: /pre-sal-bacia-de-santos
2026-07-01 12:07:35 | INFO | Page catalog complete: /workspace/catalog/.pages/comunicabaciadesantos_petrobras_com_br_pre-sal-bacia-de-santos--9c31eb64/page-catalog.json
2026-07-01 12:07:35 | INFO | SUCCESS: https://comunicabaciadesantos.petrobras.com.br/pre-sal-bacia-de-santos
2026-07-01 12:07:37 | INFO | [71/138] Processing: https://comunicabaciadesantos.petrobras.com.br/plano-de-compensacao-da-atividade-pesqueira-pcap-
2026-07-01 12:07:37 | INFO | Generated slug: comunicabaciadesantos_petrobras_com_br_plano-de-compensacao-da-atividade-pesqueira-pcap---e34f24b3
2026-07-01 12:07:37 | INFO | Starting analysis: https://comunicabaciadesantos.petrobras.com.br/plano-de-compensacao-da-atividade-pesqueira-pcap- -> /workspace/catalog/.pages/comunicabaciadesantos_petrobras_com_br_plano-de-compensacao-da-atividade-pesqueira-pcap---e34f24b3
2026-07-01 12:07:37 | INFO | Loading: https://comunicabaciadesantos.petrobras.com.br/plano-de-compensacao-da-atividade-pesqueira-pcap-
2026-07-01 12:07:38 | INFO | Phase 0A: Triggering lazy-loaded content...
2026-07-01 12:07:38 | INFO | Phase 0A: Triggering lazy-loaded content...
2026-07-01 12:07:38 | INFO | Phase 0A: Triggering lazy-loaded content...
2026-07-01 12:07:40 | INFO | Lazy-load scroll complete
2026-07-01 12:07:40 | INFO | Phase 0B: Cleaning up overlays...
2026-07-01 12:07:40 | INFO | Lazy-load scroll complete
2026-07-01 12:07:40 | INFO | Phase 0B: Cleaning up overlays...
2026-07-01 12:07:40 | INFO | Lazy-load scroll complete
2026-07-01 12:07:40 | INFO | Phase 0B: Cleaning up overlays...
2026-07-01 12:07:40 | INFO | Removed 5 elements: overlay, popup
📐 Detecting header/footer for this page...
2026-07-01 12:07:40 | INFO | Removed 5 elements: overlay, popup
📐 Detecting header/footer for this page...
2026-07-01 12:07:40 | INFO | Template - Reused saved header selector on current page
2026-07-01 12:07:40 | INFO | Template - Reused saved footer selector on current page
2026-07-01 12:07:40 | INFO | Header: simple complexity, 1 features
2026-07-01 12:07:40 | INFO | Footer: simple complexity, 0 features
2026-07-01 12:07:40 | INFO | Phase 2: Identifying main content area...
2026-07-01 12:07:40 | INFO | Main content: #main-content
2026-07-01 12:07:40 | INFO | Template - Reused saved header selector on current page
2026-07-01 12:07:40 | INFO | Template - Reused saved footer selector on current page
2026-07-01 12:07:40 | INFO | Header: simple complexity, 1 features
2026-07-01 12:07:40 | INFO | Footer: simple complexity, 0 features
2026-07-01 12:07:40 | INFO | Phase 2: Identifying main content area...
2026-07-01 12:07:40 | INFO | Main content: #main-content
2026-07-01 12:07:40 | INFO | Phase 3: Detecting blocks...
2026-07-01 12:07:40 | INFO | Phase 3: Detecting blocks...
2026-07-01 12:07:40 | WARNING | Blocks - No blocks detected on page (may be text-only or detection failed)
2026-07-01 12:07:40 | INFO | Phase 4: Capturing block screenshots...
2026-07-01 12:07:40 | INFO | Phase 4: Capturing block screenshots...
2026-07-01 12:07:41 | INFO | Removed 5 elements: overlay, popup
📐 Detecting header/footer for this page...
2026-07-01 12:07:41 | INFO | Template - Reused saved header selector on current page
2026-07-01 12:07:41 | INFO | Template - Reused saved footer selector on current page
2026-07-01 12:07:41 | INFO | Header: simple complexity, 1 features
2026-07-01 12:07:41 | INFO | Footer: simple complexity, 0 features
2026-07-01 12:07:41 | INFO | Phase 2: Identifying main content area...
2026-07-01 12:07:41 | INFO | Main content: #main-content
2026-07-01 12:07:41 | INFO | Phase 3: Detecting blocks...
2026-07-01 12:07:41 | INFO | Captured 0 block screenshots
2026-07-01 12:07:41 | INFO | Detected 0 blocks
2026-07-01 12:07:41 | INFO | Generating fingerprints for template discovery...
2026-07-01 12:07:41 | WARNING | Blocks - 67% of blocks are unknown - site uses non-EDS patterns
2026-07-01 12:07:41 | INFO | Phase 4: Capturing block screenshots...
2026-07-01 12:07:41 | INFO | Captured 1 block screenshots
2026-07-01 12:07:41 | INFO | Detected 1 blocks
2026-07-01 12:07:41 | INFO | Generating fingerprints for template discovery...
2026-07-01 12:07:41 | INFO | Phase 0A: Triggering lazy-loaded content...
2026-07-01 12:07:42 | INFO | Captured 3 block screenshots
2026-07-01 12:07:42 | INFO | Detected 3 blocks
2026-07-01 12:07:42 | INFO | Generating fingerprints for template discovery...
2026-07-01 12:07:43 | INFO |    Top-section: 1 rows via title
2026-07-01 12:07:43 | INFO |    Body start: y=25 (start row 1 via below-title)
2026-07-01 12:07:43 | INFO | URL Pattern: /compensacao
2026-07-01 12:07:43 | INFO | Page catalog complete: /workspace/catalog/.pages/comunicabaciadesantos_petrobras_com_br_compensacao--6820c48a/page-catalog.json
2026-07-01 12:07:43 | INFO | SUCCESS: https://comunicabaciadesantos.petrobras.com.br/compensacao
2026-07-01 12:07:43 | INFO | Lazy-load scroll complete
2026-07-01 12:07:43 | INFO | Phase 0B: Cleaning up overlays...
2026-07-01 12:07:43 | INFO |    Top-section: 36 rows via title+hero
2026-07-01 12:07:43 | INFO |    Body start: y=900 (start row 36 via below-title+hero)
2026-07-01 12:07:43 | INFO | URL Pattern: /areas-de-exclusao-em-torno-das-plataformas
2026-07-01 12:07:43 | INFO | Page catalog complete: /workspace/catalog/.pages/comunicabaciadesantos_petrobras_com_br_areas-de-exclusao-em-torno-das-plataformas--8900b9ef/page-catalog.json
2026-07-01 12:07:43 | INFO | SUCCESS: https://comunicabaciadesantos.petrobras.com.br/areas-de-exclusao-em-torno-das-plataformas
2026-07-01 12:07:44 | INFO |    Top-section: 38 rows via title+hero
2026-07-01 12:07:44 | INFO |    Body start: y=950 (start row 38 via below-title+hero)
2026-07-01 12:07:44 | INFO | URL Pattern: /tipos-de-plataformas-utilizadas-na-bacia-de-santos
2026-07-01 12:07:44 | INFO | Page catalog complete: /workspace/catalog/.pages/comunicabaciadesantos_petrobras_com_br_tipos-de-plataformas-utilizadas-na-bacia-de-santos--cb65f4b6/page-catalog.json
2026-07-01 12:07:44 | INFO | Removed 5 elements: overlay, popup
📐 Detecting header/footer for this page...
2026-07-01 12:07:44 | INFO | SUCCESS: https://comunicabaciadesantos.petrobras.com.br/tipos-de-plataformas-utilizadas-na-bacia-de-santos
2026-07-01 12:07:44 | INFO | PROGRESS: 70/138 analyzed (51% checklist complete) | 70 ok, 0 failed, 0 skipped | ~4 min remaining
2026-07-01 12:07:44 | INFO | Template - Reused saved header selector on current page
2026-07-01 12:07:44 | INFO | Template - Reused saved footer selector on current page
2026-07-01 12:07:44 | INFO | Header: simple complexity, 1 features
2026-07-01 12:07:44 | INFO | Footer: simple complexity, 0 features
2026-07-01 12:07:44 | INFO | Phase 2: Identifying main content area...
2026-07-01 12:07:44 | INFO | Main content: #main-content
2026-07-01 12:07:44 | INFO | Phase 3: Detecting blocks...
2026-07-01 12:07:44 | INFO | Phase 4: Capturing block screenshots...
2026-07-01 12:07:45 | INFO | Captured 1 block screenshots
2026-07-01 12:07:45 | INFO | Detected 1 blocks
2026-07-01 12:07:45 | INFO | Generating fingerprints for template discovery...
2026-07-01 12:07:45 | INFO | [72/138] Processing: https://comunicabaciadesantos.petrobras.com.br/compensacao-ambiental-por-significativo-impacto-ca-
2026-07-01 12:07:45 | INFO | Generated slug: comunicabaciadesantos_petrobras_com_br_compensacao-ambiental-por-significativo-impacto-ca---ec0e3c79
2026-07-01 12:07:45 | INFO | Starting analysis: https://comunicabaciadesantos.petrobras.com.br/compensacao-ambiental-por-significativo-impacto-ca- -> /workspace/catalog/.pages/comunicabaciadesantos_petrobras_com_br_compensacao-ambiental-por-significativo-impacto-ca---ec0e3c79
2026-07-01 12:07:45 | INFO | Loading: https://comunicabaciadesantos.petrobras.com.br/compensacao-ambiental-por-significativo-impacto-ca-
2026-07-01 12:07:45 | INFO | [73/138] Processing: https://comunicabaciadesantos.petrobras.com.br/emergencia
2026-07-01 12:07:45 | INFO | Generated slug: comunicabaciadesantos_petrobras_com_br_emergencia--3dfbee26
2026-07-01 12:07:45 | INFO | Starting analysis: https://comunicabaciadesantos.petrobras.com.br/emergencia -> /workspace/catalog/.pages/comunicabaciadesantos_petrobras_com_br_emergencia--3dfbee26
2026-07-01 12:07:45 | INFO | Loading: https://comunicabaciadesantos.petrobras.com.br/emergencia
2026-07-01 12:07:46 | INFO | [74/138] Processing: https://comunicabaciadesantos.petrobras.com.br/plano-de-emergencia-para-vazamento-de-oleo-pevo-
2026-07-01 12:07:46 | INFO | Generated slug: comunicabaciadesantos_petrobras_com_br_plano-de-emergencia-para-vazamento-de-oleo-pevo---fb9c9cb2
2026-07-01 12:07:46 | INFO | Starting analysis: https://comunicabaciadesantos.petrobras.com.br/plano-de-emergencia-para-vazamento-de-oleo-pevo- -> /workspace/catalog/.pages/comunicabaciadesantos_petrobras_com_br_plano-de-emergencia-para-vazamento-de-oleo-pevo---fb9c9cb2
2026-07-01 12:07:46 | INFO | Loading: https://comunicabaciadesantos.petrobras.com.br/plano-de-emergencia-para-vazamento-de-oleo-pevo-
2026-07-01 12:07:47 | INFO |    Top-section: 8 rows via title+container
2026-07-01 12:07:47 | INFO |    Body start: y=350 (start row 14 via below-title+container)
2026-07-01 12:07:47 | INFO | URL Pattern: /plano-de-compensacao-da-atividade-pesqueira-pcap-
2026-07-01 12:07:47 | INFO | Page catalog complete: /workspace/catalog/.pages/comunicabaciadesantos_petrobras_com_br_plano-de-compensacao-da-atividade-pesqueira-pcap---e34f24b3/page-catalog.json
2026-07-01 12:07:47 | INFO | SUCCESS: https://comunicabaciadesantos.petrobras.com.br/plano-de-compensacao-da-atividade-pesqueira-pcap-
2026-07-01 12:07:49 | INFO | [75/138] Processing: https://comunicabaciadesantos.petrobras.com.br/plano-de-emergencia-individual-pei-
2026-07-01 12:07:49 | INFO | Generated slug: comunicabaciadesantos_petrobras_com_br_plano-de-emergencia-individual-pei---307eaa07
2026-07-01 12:07:49 | INFO | Starting analysis: https://comunicabaciadesantos.petrobras.com.br/plano-de-emergencia-individual-pei- -> /workspace/catalog/.pages/comunicabaciadesantos_petrobras_com_br_plano-de-emergencia-individual-pei---307eaa07
2026-07-01 12:07:49 | INFO | Loading: https://comunicabaciadesantos.petrobras.com.br/plano-de-emergencia-individual-pei-
2026-07-01 12:07:50 | INFO | Phase 0A: Triggering lazy-loaded content...
2026-07-01 12:07:50 | INFO | Phase 0A: Triggering lazy-loaded content...
2026-07-01 12:07:50 | INFO | Phase 0A: Triggering lazy-loaded content...
2026-07-01 12:07:51 | INFO | Lazy-load scroll complete
2026-07-01 12:07:51 | INFO | Phase 0B: Cleaning up overlays...
2026-07-01 12:07:52 | INFO | Lazy-load scroll complete
2026-07-01 12:07:52 | INFO | Phase 0B: Cleaning up overlays...
2026-07-01 12:07:52 | INFO | Lazy-load scroll complete
2026-07-01 12:07:52 | INFO | Phase 0B: Cleaning up overlays...
2026-07-01 12:07:52 | INFO | Removed 5 elements: overlay, popup
📐 Detecting header/footer for this page...
2026-07-01 12:07:52 | INFO | Template - Reused saved header selector on current page
2026-07-01 12:07:52 | INFO | Template - Reused saved footer selector on current page
2026-07-01 12:07:52 | INFO | Header: simple complexity, 1 features
2026-07-01 12:07:52 | INFO | Footer: simple complexity, 0 features
2026-07-01 12:07:52 | INFO | Phase 2: Identifying main content area...
2026-07-01 12:07:52 | INFO | Main content: #main-content
2026-07-01 12:07:52 | INFO | Phase 3: Detecting blocks...
2026-07-01 12:07:52 | INFO | Phase 4: Capturing block screenshots...
2026-07-01 12:07:52 | INFO | Removed 5 elements: overlay, popup
📐 Detecting header/footer for this page...
2026-07-01 12:07:52 | INFO | Template - Reused saved header selector on current page
2026-07-01 12:07:52 | INFO | Template - Reused saved footer selector on current page
2026-07-01 12:07:52 | INFO | Header: simple complexity, 1 features
2026-07-01 12:07:52 | INFO | Footer: simple complexity, 0 features
2026-07-01 12:07:52 | INFO | Phase 2: Identifying main content area...
2026-07-01 12:07:52 | INFO | Main content: #main-content
2026-07-01 12:07:53 | INFO | Phase 3: Detecting blocks...
2026-07-01 12:07:53 | WARNING | Blocks - No blocks detected on page (may be text-only or detection failed)
2026-07-01 12:07:53 | INFO | Phase 4: Capturing block screenshots...
2026-07-01 12:07:53 | INFO | Removed 5 elements: overlay, popup
📐 Detecting header/footer for this page...
2026-07-01 12:07:53 | INFO | Template - Reused saved header selector on current page
2026-07-01 12:07:53 | INFO | Template - Reused saved footer selector on current page
2026-07-01 12:07:53 | INFO | Header: simple complexity, 1 features
2026-07-01 12:07:53 | INFO | Footer: simple complexity, 0 features
2026-07-01 12:07:53 | INFO | Phase 2: Identifying main content area...
2026-07-01 12:07:53 | INFO | Main content: #main-content
2026-07-01 12:07:53 | INFO | Phase 3: Detecting blocks...
2026-07-01 12:07:53 | INFO | Phase 4: Capturing block screenshots...
2026-07-01 12:07:53 | INFO | Captured 1 block screenshots
2026-07-01 12:07:53 | INFO | Detected 1 blocks
2026-07-01 12:07:53 | INFO | Generating fingerprints for template discovery...
2026-07-01 12:07:53 | INFO | Captured 0 block screenshots
2026-07-01 12:07:53 | INFO | Detected 0 blocks
2026-07-01 12:07:53 | INFO | Generating fingerprints for template discovery...
2026-07-01 12:07:53 | INFO | Captured 1 block screenshots
2026-07-01 12:07:53 | INFO | Detected 1 blocks
2026-07-01 12:07:53 | INFO | Generating fingerprints for template discovery...
2026-07-01 12:07:53 | INFO | Phase 0A: Triggering lazy-loaded content...
2026-07-01 12:07:55 | INFO | Lazy-load scroll complete
2026-07-01 12:07:55 | INFO | Phase 0B: Cleaning up overlays...
2026-07-01 12:07:55 | INFO |    Top-section: 1 rows via title
2026-07-01 12:07:55 | INFO |    Body start: y=25 (start row 1 via below-title)
2026-07-01 12:07:55 | INFO | URL Pattern: /emergencia
2026-07-01 12:07:55 | INFO | Page catalog complete: /workspace/catalog/.pages/comunicabaciadesantos_petrobras_com_br_emergencia--3dfbee26/page-catalog.json
2026-07-01 12:07:55 | INFO | SUCCESS: https://comunicabaciadesantos.petrobras.com.br/emergencia
2026-07-01 12:07:55 | INFO |    Top-section: 8 rows via title+container
2026-07-01 12:07:55 | INFO |    Body start: y=250 (start row 10 via below-title+container)
2026-07-01 12:07:55 | INFO | URL Pattern: /compensacao-ambiental-por-significativo-impacto-ca-
2026-07-01 12:07:55 | INFO | Page catalog complete: /workspace/catalog/.pages/comunicabaciadesantos_petrobras_com_br_compensacao-ambiental-por-significativo-impacto-ca---ec0e3c79/page-catalog.json
2026-07-01 12:07:55 | INFO | SUCCESS: https://comunicabaciadesantos.petrobras.com.br/compensacao-ambiental-por-significativo-impacto-ca-
2026-07-01 12:07:56 | INFO |    Top-section: 8 rows via title+container
2026-07-01 12:07:56 | INFO |    Body start: y=250 (start row 10 via below-title+container)
2026-07-01 12:07:56 | INFO | URL Pattern: /plano-de-emergencia-para-vazamento-de-oleo-pevo-
2026-07-01 12:07:56 | INFO | Page catalog complete: /workspace/catalog/.pages/comunicabaciadesantos_petrobras_com_br_plano-de-emergencia-para-vazamento-de-oleo-pevo---fb9c9cb2/page-catalog.json
2026-07-01 12:07:56 | INFO | SUCCESS: https://comunicabaciadesantos.petrobras.com.br/plano-de-emergencia-para-vazamento-de-oleo-pevo-
2026-07-01 12:07:56 | INFO | Removed 5 elements: overlay, popup
📐 Detecting header/footer for this page...
2026-07-01 12:07:56 | INFO | Template - Reused saved header selector on current page
2026-07-01 12:07:56 | INFO | Template - Reused saved footer selector on current page
2026-07-01 12:07:56 | INFO | Header: simple complexity, 1 features
2026-07-01 12:07:56 | INFO | Footer: simple complexity, 0 features
2026-07-01 12:07:56 | INFO | Phase 2: Identifying main content area...
2026-07-01 12:07:56 | INFO | Main content: #main-content
2026-07-01 12:07:56 | INFO | Phase 3: Detecting blocks...
2026-07-01 12:07:56 | INFO | Phase 4: Capturing block screenshots...
2026-07-01 12:07:56 | INFO | Captured 1 block screenshots
2026-07-01 12:07:56 | INFO | Detected 1 blocks
2026-07-01 12:07:56 | INFO | Generating fingerprints for template discovery...
2026-07-01 12:07:57 | INFO | [76/138] Processing: https://comunicabaciadesantos.petrobras.com.br/plano-de-protecao-a-fauna-ppaf-
2026-07-01 12:07:57 | INFO | Generated slug: comunicabaciadesantos_petrobras_com_br_plano-de-protecao-a-fauna-ppaf---39f765a2
2026-07-01 12:07:57 | INFO | Starting analysis: https://comunicabaciadesantos.petrobras.com.br/plano-de-protecao-a-fauna-ppaf- -> /workspace/catalog/.pages/comunicabaciadesantos_petrobras_com_br_plano-de-protecao-a-fauna-ppaf---39f765a2
2026-07-01 12:07:57 | INFO | Loading: https://comunicabaciadesantos.petrobras.com.br/plano-de-protecao-a-fauna-ppaf-
2026-07-01 12:07:57 | INFO | [77/138] Processing: https://comunicabaciadesantos.petrobras.com.br/mitigacao
2026-07-01 12:07:57 | INFO | Generated slug: comunicabaciadesantos_petrobras_com_br_mitigacao--b5aa3c58
2026-07-01 12:07:57 | INFO | Starting analysis: https://comunicabaciadesantos.petrobras.com.br/mitigacao -> /workspace/catalog/.pages/comunicabaciadesantos_petrobras_com_br_mitigacao--b5aa3c58
2026-07-01 12:07:57 | INFO | Loading: https://comunicabaciadesantos.petrobras.com.br/mitigacao
2026-07-01 12:07:58 | INFO | [78/138] Processing: https://comunicabaciadesantos.petrobras.com.br/projeto-de-controle-da-poluicao-pcp-
2026-07-01 12:07:58 | INFO | Generated slug: comunicabaciadesantos_petrobras_com_br_projeto-de-controle-da-poluicao-pcp---56d00e28
2026-07-01 12:07:58 | INFO | Starting analysis: https://comunicabaciadesantos.petrobras.com.br/projeto-de-controle-da-poluicao-pcp- -> /workspace/catalog/.pages/comunicabaciadesantos_petrobras_com_br_projeto-de-controle-da-poluicao-pcp---56d00e28
2026-07-01 12:07:58 | INFO | Loading: https://comunicabaciadesantos.petrobras.com.br/projeto-de-controle-da-poluicao-pcp-
2026-07-01 12:07:59 | INFO |    Top-section: 8 rows via title+container
2026-07-01 12:07:59 | INFO |    Body start: y=350 (start row 14 via below-title+container)
2026-07-01 12:07:59 | INFO | URL Pattern: /plano-de-emergencia-individual-pei-
2026-07-01 12:07:59 | INFO | Page catalog complete: /workspace/catalog/.pages/comunicabaciadesantos_petrobras_com_br_plano-de-emergencia-individual-pei---307eaa07/page-catalog.json
2026-07-01 12:07:59 | INFO | SUCCESS: https://comunicabaciadesantos.petrobras.com.br/plano-de-emergencia-individual-pei-
2026-07-01 12:07:59 | INFO | PROGRESS: 75/138 analyzed (54% checklist complete) | 75 ok, 0 failed, 0 skipped | ~4 min remaining
2026-07-01 12:08:01 | INFO | [79/138] Processing: https://comunicabaciadesantos.petrobras.com.br/projeto-de-prevencao-e-controle-de-especies-exoticas-invasoras-petrobras-ppcex-petrobras-
2026-07-01 12:08:01 | INFO | Generated slug: comunicabaciadesantos_petrobras_com_br_projeto-de-prevencao-e-controle-de-especies-exoticas-invasoras-petrobras-ppcex-petrobras---70eac7c9
2026-07-01 12:08:01 | INFO | Starting analysis: https://comunicabaciadesantos.petrobras.com.br/projeto-de-prevencao-e-controle-de-especies-exoticas-invasoras-petrobras-ppcex-petrobras- -> /workspace/catalog/.pages/comunicabaciadesantos_petrobras_com_br_projeto-de-prevencao-e-controle-de-especies-exoticas-invasoras-petrobras-ppcex-petrobras---70eac7c9
2026-07-01 12:08:01 | INFO | Loading: https://comunicabaciadesantos.petrobras.com.br/projeto-de-prevencao-e-controle-de-especies-exoticas-invasoras-petrobras-ppcex-petrobras-
2026-07-01 12:08:02 | INFO | Phase 0A: Triggering lazy-loaded content...
2026-07-01 12:08:02 | INFO | Phase 0A: Triggering lazy-loaded content...
2026-07-01 12:08:02 | INFO | Phase 0A: Triggering lazy-loaded content...
2026-07-01 12:08:03 | INFO | Lazy-load scroll complete
2026-07-01 12:08:03 | INFO | Phase 0B: Cleaning up overlays...
2026-07-01 12:08:03 | INFO | Lazy-load scroll complete
2026-07-01 12:08:03 | INFO | Phase 0B: Cleaning up overlays...
2026-07-01 12:08:04 | INFO | Lazy-load scroll complete
2026-07-01 12:08:04 | INFO | Phase 0B: Cleaning up overlays...
2026-07-01 12:08:04 | INFO | Removed 5 elements: overlay, popup
📐 Detecting header/footer for this page...
2026-07-01 12:08:04 | INFO | Template - Reused saved header selector on current page
2026-07-01 12:08:04 | INFO | Template - Reused saved footer selector on current page
2026-07-01 12:08:04 | INFO | Header: simple complexity, 1 features
2026-07-01 12:08:04 | INFO | Footer: simple complexity, 0 features
2026-07-01 12:08:04 | INFO | Phase 2: Identifying main content area...
2026-07-01 12:08:04 | INFO | Main content: #main-content
2026-07-01 12:08:04 | INFO | Phase 3: Detecting blocks...
2026-07-01 12:08:04 | INFO | Phase 4: Capturing block screenshots...
2026-07-01 12:08:04 | INFO | Removed 5 elements: overlay, popup
📐 Detecting header/footer for this page...
2026-07-01 12:08:04 | INFO | Template - Reused saved header selector on current page
2026-07-01 12:08:04 | INFO | Template - Reused saved footer selector on current page
2026-07-01 12:08:04 | INFO | Header: simple complexity, 1 features
2026-07-01 12:08:04 | INFO | Footer: simple complexity, 0 features
2026-07-01 12:08:04 | INFO | Phase 2: Identifying main content area...
2026-07-01 12:08:04 | INFO | Main content: #main-content
2026-07-01 12:08:04 | INFO | Phase 3: Detecting blocks...
2026-07-01 12:08:04 | INFO | Phase 4: Capturing block screenshots...
2026-07-01 12:08:04 | INFO | Removed 5 elements: overlay, popup
📐 Detecting header/footer for this page...
2026-07-01 12:08:04 | INFO | Template - Reused saved header selector on current page
2026-07-01 12:08:04 | INFO | Template - Reused saved footer selector on current page
2026-07-01 12:08:04 | INFO | Header: simple complexity, 1 features
2026-07-01 12:08:04 | INFO | Footer: simple complexity, 0 features
2026-07-01 12:08:04 | INFO | Phase 2: Identifying main content area...
2026-07-01 12:08:04 | INFO | Main content: #main-content
2026-07-01 12:08:04 | INFO | Phase 3: Detecting blocks...
2026-07-01 12:08:04 | INFO | Phase 4: Capturing block screenshots...
2026-07-01 12:08:05 | INFO | Captured 1 block screenshots
2026-07-01 12:08:05 | INFO | Detected 1 blocks
2026-07-01 12:08:05 | INFO | Generating fingerprints for template discovery...
2026-07-01 12:08:05 | INFO | Captured 1 block screenshots
2026-07-01 12:08:05 | INFO | Detected 1 blocks
2026-07-01 12:08:05 | INFO | Generating fingerprints for template discovery...
2026-07-01 12:08:05 | INFO | Captured 1 block screenshots
2026-07-01 12:08:05 | INFO | Detected 1 blocks
2026-07-01 12:08:05 | INFO | Generating fingerprints for template discovery...
2026-07-01 12:08:06 | INFO | Phase 0A: Triggering lazy-loaded content...
2026-07-01 12:08:07 | INFO |    Top-section: 1 rows via title
2026-07-01 12:08:07 | INFO |    Body start: y=25 (start row 1 via below-title)
2026-07-01 12:08:07 | INFO | URL Pattern: /mitigacao
2026-07-01 12:08:07 | INFO | Page catalog complete: /workspace/catalog/.pages/comunicabaciadesantos_petrobras_com_br_mitigacao--b5aa3c58/page-catalog.json
2026-07-01 12:08:07 | INFO | SUCCESS: https://comunicabaciadesantos.petrobras.com.br/mitigacao
2026-07-01 12:08:07 | INFO |    Top-section: 8 rows via title+container
2026-07-01 12:08:07 | INFO |    Body start: y=250 (start row 10 via below-title+container)
2026-07-01 12:08:07 | INFO | URL Pattern: /plano-de-protecao-a-fauna-ppaf-
2026-07-01 12:08:07 | INFO | Page catalog complete: /workspace/catalog/.pages/comunicabaciadesantos_petrobras_com_br_plano-de-protecao-a-fauna-ppaf---39f765a2/page-catalog.json
2026-07-01 12:08:07 | INFO | SUCCESS: https://comunicabaciadesantos.petrobras.com.br/plano-de-protecao-a-fauna-ppaf-
2026-07-01 12:08:07 | INFO | Lazy-load scroll complete
2026-07-01 12:08:07 | INFO | Phase 0B: Cleaning up overlays...
2026-07-01 12:08:07 | INFO |    Top-section: 17 rows via title+container
2026-07-01 12:08:07 | INFO |    Body start: y=475 (start row 19 via below-title+container)
2026-07-01 12:08:07 | INFO | URL Pattern: /projeto-de-controle-da-poluicao-pcp-
2026-07-01 12:08:07 | INFO | Page catalog complete: /workspace/catalog/.pages/comunicabaciadesantos_petrobras_com_br_projeto-de-controle-da-poluicao-pcp---56d00e28/page-catalog.json
2026-07-01 12:08:07 | INFO | SUCCESS: https://comunicabaciadesantos.petrobras.com.br/projeto-de-controle-da-poluicao-pcp-
2026-07-01 12:08:08 | INFO | Removed 5 elements: overlay, popup
📐 Detecting header/footer for this page...
2026-07-01 12:08:08 | INFO | Template - Reused saved header selector on current page
2026-07-01 12:08:08 | INFO | Template - Reused saved footer selector on current page
2026-07-01 12:08:08 | INFO | Header: simple complexity, 1 features
2026-07-01 12:08:08 | INFO | Footer: simple complexity, 0 features
2026-07-01 12:08:08 | INFO | Phase 2: Identifying main content area...
2026-07-01 12:08:08 | INFO | Main content: #main-content
2026-07-01 12:08:08 | INFO | Phase 3: Detecting blocks...
2026-07-01 12:08:08 | INFO | Phase 4: Capturing block screenshots...
2026-07-01 12:08:09 | INFO | Captured 1 block screenshots
2026-07-01 12:08:09 | INFO | Detected 1 blocks
2026-07-01 12:08:09 | INFO | Generating fingerprints for template discovery...
2026-07-01 12:08:09 | INFO | [80/138] Processing: https://comunicabaciadesantos.petrobras.com.br/projeto-de-educacao-ambiental-dos-trabalhadores-peat-
2026-07-01 12:08:09 | INFO | Generated slug: comunicabaciadesantos_petrobras_com_br_projeto-de-educacao-ambiental-dos-trabalhadores-peat---704398ae
2026-07-01 12:08:09 | INFO | Starting analysis: https://comunicabaciadesantos.petrobras.com.br/projeto-de-educacao-ambiental-dos-trabalhadores-peat- -> /workspace/catalog/.pages/comunicabaciadesantos_petrobras_com_br_projeto-de-educacao-ambiental-dos-trabalhadores-peat---704398ae
2026-07-01 12:08:09 | INFO | Loading: https://comunicabaciadesantos.petrobras.com.br/projeto-de-educacao-ambiental-dos-trabalhadores-peat-
2026-07-01 12:08:09 | INFO | [81/138] Processing: https://comunicabaciadesantos.petrobras.com.br/projeto-de-monitoramento-da-biota-marinha-para-atividade-de-sismica
2026-07-01 12:08:09 | INFO | Generated slug: comunicabaciadesantos_petrobras_com_br_projeto-de-monitoramento-da-biota-marinha-para-atividade-de-sismica--b4418fff
2026-07-01 12:08:09 | INFO | Starting analysis: https://comunicabaciadesantos.petrobras.com.br/projeto-de-monitoramento-da-biota-marinha-para-atividade-de-sismica -> /workspace/catalog/.pages/comunicabaciadesantos_petrobras_com_br_projeto-de-monitoramento-da-biota-marinha-para-atividade-de-sismica--b4418fff
2026-07-01 12:08:09 | INFO | Loading: https://comunicabaciadesantos.petrobras.com.br/projeto-de-monitoramento-da-biota-marinha-para-atividade-de-sismica
2026-07-01 12:08:09 | INFO | [82/138] Processing: https://comunicabaciadesantos.petrobras.com.br/programa-de-educacao-ambiental-pea-
2026-07-01 12:08:09 | INFO | Generated slug: comunicabaciadesantos_petrobras_com_br_programa-de-educacao-ambiental-pea---25a38591
2026-07-01 12:08:09 | INFO | Starting analysis: https://comunicabaciadesantos.petrobras.com.br/programa-de-educacao-ambiental-pea- -> /workspace/catalog/.pages/comunicabaciadesantos_petrobras_com_br_programa-de-educacao-ambiental-pea---25a38591
2026-07-01 12:08:09 | INFO | Loading: https://comunicabaciadesantos.petrobras.com.br/programa-de-educacao-ambiental-pea-
2026-07-01 12:08:11 | INFO |    Top-section: 9 rows via title
2026-07-01 12:08:11 | INFO |    Body start: y=225 (start row 9 via below-title)
2026-07-01 12:08:11 | INFO | URL Pattern: /projeto-de-prevencao-e-controle-de-especies-exoticas-invasoras-petrobras-ppcex-petrobras-
2026-07-01 12:08:11 | INFO | Page catalog complete: /workspace/catalog/.pages/comunicabaciadesantos_petrobras_com_br_projeto-de-prevencao-e-controle-de-especies-exoticas-invasoras-petrobras-ppcex-petrobras---70eac7c9/page-catalog.json
2026-07-01 12:08:11 | INFO | SUCCESS: https://comunicabaciadesantos.petrobras.com.br/projeto-de-prevencao-e-controle-de-especies-exoticas-invasoras-petrobras-ppcex-petrobras-
2026-07-01 12:08:13 | INFO | [83/138] Processing: https://comunicabaciadesantos.petrobras.com.br/pea-bg
2026-07-01 12:08:13 | INFO | Generated slug: comunicabaciadesantos_petrobras_com_br_pea-bg--c1b97e3f
2026-07-01 12:08:13 | INFO | Starting analysis: https://comunicabaciadesantos.petrobras.com.br/pea-bg -> /workspace/catalog/.pages/comunicabaciadesantos_petrobras_com_br_pea-bg--c1b97e3f
2026-07-01 12:08:13 | INFO | Loading: https://comunicabaciadesantos.petrobras.com.br/pea-bg
2026-07-01 12:08:14 | INFO | Phase 0A: Triggering lazy-loaded content...
2026-07-01 12:08:14 | INFO | Phase 0A: Triggering lazy-loaded content...
2026-07-01 12:08:14 | INFO | Phase 0A: Triggering lazy-loaded content...
2026-07-01 12:08:15 | INFO | Lazy-load scroll complete
2026-07-01 12:08:15 | INFO | Phase 0B: Cleaning up overlays...
2026-07-01 12:08:15 | INFO | Lazy-load scroll complete
2026-07-01 12:08:15 | INFO | Phase 0B: Cleaning up overlays...
2026-07-01 12:08:16 | INFO | Removed 5 elements: overlay, popup
📐 Detecting header/footer for this page...
2026-07-01 12:08:16 | INFO | Template - Reused saved header selector on current page
2026-07-01 12:08:16 | INFO | Template - Reused saved footer selector on current page
2026-07-01 12:08:16 | INFO | Header: simple complexity, 1 features
2026-07-01 12:08:16 | INFO | Footer: simple complexity, 0 features
2026-07-01 12:08:16 | INFO | Phase 2: Identifying main content area...
2026-07-01 12:08:16 | INFO | Main content: #main-content
2026-07-01 12:08:16 | INFO | Phase 3: Detecting blocks...
2026-07-01 12:08:16 | INFO | Phase 4: Capturing block screenshots...
2026-07-01 12:08:16 | INFO | Removed 5 elements: overlay, popup
📐 Detecting header/footer for this page...
2026-07-01 12:08:16 | INFO | Template - Reused saved header selector on current page
2026-07-01 12:08:16 | INFO | Template - Reused saved footer selector on current page
2026-07-01 12:08:16 | INFO | Header: simple complexity, 1 features
2026-07-01 12:08:16 | INFO | Footer: simple complexity, 0 features
2026-07-01 12:08:16 | INFO | Phase 2: Identifying main content area...
2026-07-01 12:08:16 | INFO | Main content: #main-content
2026-07-01 12:08:16 | INFO | Phase 3: Detecting blocks...
2026-07-01 12:08:16 | INFO | Phase 4: Capturing block screenshots...
2026-07-01 12:08:17 | INFO | Captured 1 block screenshots
2026-07-01 12:08:17 | INFO | Detected 1 blocks
2026-07-01 12:08:17 | INFO | Generating fingerprints for template discovery...
2026-07-01 12:08:17 | INFO | Lazy-load scroll complete
2026-07-01 12:08:17 | INFO | Phase 0B: Cleaning up overlays...
2026-07-01 12:08:17 | INFO | Captured 1 block screenshots
2026-07-01 12:08:17 | INFO | Detected 1 blocks
2026-07-01 12:08:17 | INFO | Generating fingerprints for template discovery...
2026-07-01 12:08:17 | INFO | Removed 5 elements: overlay, popup
📐 Detecting header/footer for this page...
2026-07-01 12:08:17 | INFO | Template - Reused saved header selector on current page
2026-07-01 12:08:17 | INFO | Template - Reused saved footer selector on current page
2026-07-01 12:08:17 | INFO | Header: simple complexity, 1 features
2026-07-01 12:08:17 | INFO | Footer: simple complexity, 0 features
2026-07-01 12:08:17 | INFO | Phase 2: Identifying main content area...
2026-07-01 12:08:17 | INFO | Main content: #main-content
2026-07-01 12:08:17 | INFO | Phase 3: Detecting blocks...
2026-07-01 12:08:17 | INFO | Phase 4: Capturing block screenshots...
2026-07-01 12:08:18 | INFO | Captured 1 block screenshots
2026-07-01 12:08:18 | INFO | Detected 1 blocks
2026-07-01 12:08:18 | INFO | Generating fingerprints for template discovery...
2026-07-01 12:08:18 | INFO | Phase 0A: Triggering lazy-loaded content...
2026-07-01 12:08:19 | INFO |    Top-section: 17 rows via title+container
2026-07-01 12:08:19 | INFO |    Body start: y=475 (start row 19 via below-title+container)
2026-07-01 12:08:19 | INFO | URL Pattern: /projeto-de-monitoramento-da-biota-marinha-para-atividade-de-sismica
2026-07-01 12:08:19 | INFO | Page catalog complete: /workspace/catalog/.pages/comunicabaciadesantos_petrobras_com_br_projeto-de-monitoramento-da-biota-marinha-para-atividade-de-sismica--b4418fff/page-catalog.json
2026-07-01 12:08:19 | INFO | SUCCESS: https://comunicabaciadesantos.petrobras.com.br/projeto-de-monitoramento-da-biota-marinha-para-atividade-de-sismica
2026-07-01 12:08:19 | INFO | PROGRESS: 80/138 analyzed (58% checklist complete) | 80 ok, 0 failed, 0 skipped | ~4 min remaining
2026-07-01 12:08:19 | INFO |    Top-section: 17 rows via title+container
2026-07-01 12:08:19 | INFO |    Body start: y=475 (start row 19 via below-title+container)
2026-07-01 12:08:19 | INFO | URL Pattern: /projeto-de-educacao-ambiental-dos-trabalhadores-peat-
2026-07-01 12:08:19 | INFO | Page catalog complete: /workspace/catalog/.pages/comunicabaciadesantos_petrobras_com_br_projeto-de-educacao-ambiental-dos-trabalhadores-peat---704398ae/page-catalog.json
2026-07-01 12:08:19 | INFO | SUCCESS: https://comunicabaciadesantos.petrobras.com.br/projeto-de-educacao-ambiental-dos-trabalhadores-peat-
2026-07-01 12:08:20 | INFO | Lazy-load scroll complete
2026-07-01 12:08:20 | INFO | Phase 0B: Cleaning up overlays...
2026-07-01 12:08:20 | INFO |    Top-section: 1 rows via title
2026-07-01 12:08:20 | INFO |    Body start: y=25 (start row 1 via below-title)
2026-07-01 12:08:20 | INFO | URL Pattern: /programa-de-educacao-ambiental-pea-
2026-07-01 12:08:20 | INFO | Page catalog complete: /workspace/catalog/.pages/comunicabaciadesantos_petrobras_com_br_programa-de-educacao-ambiental-pea---25a38591/page-catalog.json
2026-07-01 12:08:20 | INFO | SUCCESS: https://comunicabaciadesantos.petrobras.com.br/programa-de-educacao-ambiental-pea-
2026-07-01 12:08:21 | INFO | [84/138] Processing: https://comunicabaciadesantos.petrobras.com.br/pea-costa-verde-projeto-redes
2026-07-01 12:08:21 | INFO | Generated slug: comunicabaciadesantos_petrobras_com_br_pea-costa-verde-projeto-redes--6644be28
2026-07-01 12:08:21 | INFO | Starting analysis: https://comunicabaciadesantos.petrobras.com.br/pea-costa-verde-projeto-redes -> /workspace/catalog/.pages/comunicabaciadesantos_petrobras_com_br_pea-costa-verde-projeto-redes--6644be28
2026-07-01 12:08:21 | INFO | Loading: https://comunicabaciadesantos.petrobras.com.br/pea-costa-verde-projeto-redes
2026-07-01 12:08:21 | INFO | [85/138] Processing: https://comunicabaciadesantos.petrobras.com.br/pea-rendas
2026-07-01 12:08:21 | INFO | Generated slug: comunicabaciadesantos_petrobras_com_br_pea-rendas--e8153513
2026-07-01 12:08:21 | INFO | Starting analysis: https://comunicabaciadesantos.petrobras.com.br/pea-rendas -> /workspace/catalog/.pages/comunicabaciadesantos_petrobras_com_br_pea-rendas--e8153513
2026-07-01 12:08:21 | INFO | Loading: https://comunicabaciadesantos.petrobras.com.br/pea-rendas
2026-07-01 12:08:21 | INFO | Removed 5 elements: overlay, popup
📐 Detecting header/footer for this page...
2026-07-01 12:08:21 | INFO | Template - Reused saved header selector on current page
2026-07-01 12:08:21 | INFO | Template - Reused saved footer selector on current page
2026-07-01 12:08:21 | INFO | Header: simple complexity, 1 features
2026-07-01 12:08:21 | INFO | Footer: simple complexity, 0 features
2026-07-01 12:08:21 | INFO | Phase 2: Identifying main content area...
2026-07-01 12:08:21 | INFO | Main content: #main-content
2026-07-01 12:08:21 | INFO | Phase 3: Detecting blocks...
2026-07-01 12:08:21 | INFO | Phase 4: Capturing block screenshots...
2026-07-01 12:08:22 | INFO | Captured 1 block screenshots
2026-07-01 12:08:22 | INFO | Detected 1 blocks
2026-07-01 12:08:22 | INFO | Generating fingerprints for template discovery...
2026-07-01 12:08:22 | INFO | [86/138] Processing: https://comunicabaciadesantos.petrobras.com.br/programa-de-comunicacao-social-regional-da-bacia-de-santos-pcsr-bs-
2026-07-01 12:08:22 | INFO | Generated slug: comunicabaciadesantos_petrobras_com_br_programa-de-comunicacao-social-regional-da-bacia-de-santos-pcsr-bs---6399b916
2026-07-01 12:08:22 | INFO | Starting analysis: https://comunicabaciadesantos.petrobras.com.br/programa-de-comunicacao-social-regional-da-bacia-de-santos-pcsr-bs- -> /workspace/catalog/.pages/comunicabaciadesantos_petrobras_com_br_programa-de-comunicacao-social-regional-da-bacia-de-santos-pcsr-bs---6399b916
2026-07-01 12:08:22 | INFO | Loading: https://comunicabaciadesantos.petrobras.com.br/programa-de-comunicacao-social-regional-da-bacia-de-santos-pcsr-bs-
2026-07-01 12:08:24 | INFO |    Top-section: 8 rows via title
2026-07-01 12:08:24 | INFO |    Body start: y=350 (start row 14 via below-title)
2026-07-01 12:08:24 | INFO | URL Pattern: /pea-bg
2026-07-01 12:08:24 | INFO | Page catalog complete: /workspace/catalog/.pages/comunicabaciadesantos_petrobras_com_br_pea-bg--c1b97e3f/page-catalog.json
2026-07-01 12:08:24 | INFO | SUCCESS: https://comunicabaciadesantos.petrobras.com.br/pea-bg
2026-07-01 12:08:25 | INFO | Phase 0A: Triggering lazy-loaded content...
2026-07-01 12:08:25 | INFO | Phase 0A: Triggering lazy-loaded content...
2026-07-01 12:08:26 | INFO | [87/138] Processing: https://comunicabaciadesantos.petrobras.com.br/projeto-de-monitoramento-de-impactos-de-plataformas-e-embarcacoes-sobre-a-avifauna-da-bacia-de-santos-pmave-
2026-07-01 12:08:26 | INFO | Generated slug: comunicabaciadesantos_petrobras_com_br_projeto-de-monitoramento-de-impactos-de-plataformas-e-embarcacoes-sobre-a-avifauna-da-bacia-de-santos-pmave---6a9240d4
2026-07-01 12:08:26 | INFO | Starting analysis: https://comunicabaciadesantos.petrobras.com.br/projeto-de-monitoramento-de-impactos-de-plataformas-e-embarcacoes-sobre-a-avifauna-da-bacia-de-santos-pmave- -> /workspace/catalog/.pages/comunicabaciadesantos_petrobras_com_br_projeto-de-monitoramento-de-impactos-de-plataformas-e-embarcacoes-sobre-a-avifauna-da-bacia-de-santos-pmave---6a9240d4
2026-07-01 12:08:26 | INFO | Loading: https://comunicabaciadesantos.petrobras.com.br/projeto-de-monitoramento-de-impactos-de-plataformas-e-embarcacoes-sobre-a-avifauna-da-bacia-de-santos-pmave-
2026-07-01 12:08:27 | INFO | Lazy-load scroll complete
2026-07-01 12:08:27 | INFO | Phase 0B: Cleaning up overlays...
2026-07-01 12:08:27 | INFO | Lazy-load scroll complete
2026-07-01 12:08:27 | INFO | Phase 0B: Cleaning up overlays...
2026-07-01 12:08:28 | INFO | Removed 5 elements: overlay, popup
📐 Detecting header/footer for this page...
2026-07-01 12:08:28 | INFO | Template - Reused saved header selector on current page
2026-07-01 12:08:28 | INFO | Template - Reused saved footer selector on current page
2026-07-01 12:08:28 | INFO | Header: simple complexity, 1 features
2026-07-01 12:08:28 | INFO | Footer: simple complexity, 0 features
2026-07-01 12:08:28 | INFO | Phase 2: Identifying main content area...
2026-07-01 12:08:28 | INFO | Main content: #main-content
2026-07-01 12:08:28 | INFO | Phase 3: Detecting blocks...
2026-07-01 12:08:28 | INFO | Phase 4: Capturing block screenshots...
2026-07-01 12:08:28 | INFO | Phase 0A: Triggering lazy-loaded content...
2026-07-01 12:08:28 | INFO | Removed 5 elements: overlay, popup
📐 Detecting header/footer for this page...
2026-07-01 12:08:28 | INFO | Template - Reused saved header selector on current page
2026-07-01 12:08:28 | INFO | Template - Reused saved footer selector on current page
2026-07-01 12:08:28 | INFO | Header: simple complexity, 1 features
2026-07-01 12:08:28 | INFO | Footer: simple complexity, 0 features
2026-07-01 12:08:28 | INFO | Phase 2: Identifying main content area...
2026-07-01 12:08:28 | INFO | Main content: #main-content
2026-07-01 12:08:28 | INFO | Phase 3: Detecting blocks...
2026-07-01 12:08:28 | WARNING | Blocks - 50% of blocks are unknown - site uses non-EDS patterns
2026-07-01 12:08:28 | INFO | Phase 4: Capturing block screenshots...
2026-07-01 12:08:29 | INFO | Captured 1 block screenshots
2026-07-01 12:08:29 | INFO | Detected 1 blocks
2026-07-01 12:08:29 | INFO | Generating fingerprints for template discovery...
2026-07-01 12:08:29 | INFO | Captured 2 block screenshots
2026-07-01 12:08:29 | INFO | Detected 2 blocks
2026-07-01 12:08:29 | INFO | Generating fingerprints for template discovery...
2026-07-01 12:08:30 | INFO | Lazy-load scroll complete
2026-07-01 12:08:30 | INFO | Phase 0B: Cleaning up overlays...
2026-07-01 12:08:30 | INFO | Removed 5 elements: overlay, popup
📐 Detecting header/footer for this page...
2026-07-01 12:08:30 | INFO | Template - Reused saved header selector on current page
2026-07-01 12:08:30 | INFO | Template - Reused saved footer selector on current page
2026-07-01 12:08:30 | INFO | Header: simple complexity, 1 features
2026-07-01 12:08:30 | INFO | Footer: simple complexity, 0 features
2026-07-01 12:08:30 | INFO | Phase 2: Identifying main content area...
2026-07-01 12:08:30 | INFO | Main content: #main-content
2026-07-01 12:08:31 | INFO | Phase 3: Detecting blocks...
2026-07-01 12:08:31 | INFO | Phase 4: Capturing block screenshots...
2026-07-01 12:08:31 | INFO |    Top-section: 17 rows via title+container
2026-07-01 12:08:31 | INFO |    Body start: y=475 (start row 19 via below-title+container)
2026-07-01 12:08:31 | INFO | URL Pattern: /pea-rendas
2026-07-01 12:08:31 | INFO | Page catalog complete: /workspace/catalog/.pages/comunicabaciadesantos_petrobras_com_br_pea-rendas--e8153513/page-catalog.json
2026-07-01 12:08:31 | INFO | SUCCESS: https://comunicabaciadesantos.petrobras.com.br/pea-rendas
2026-07-01 12:08:31 | INFO | Captured 1 block screenshots
2026-07-01 12:08:31 | INFO | Detected 1 blocks
2026-07-01 12:08:31 | INFO | Generating fingerprints for template discovery...
2026-07-01 12:08:31 | INFO |    Top-section: 1 rows via title
2026-07-01 12:08:31 | INFO |    Body start: y=25 (start row 1 via below-title)
2026-07-01 12:08:31 | INFO | URL Pattern: /pea-costa-verde-projeto-redes
2026-07-01 12:08:31 | INFO | Page catalog complete: /workspace/catalog/.pages/comunicabaciadesantos_petrobras_com_br_pea-costa-verde-projeto-redes--6644be28/page-catalog.json
2026-07-01 12:08:31 | INFO | SUCCESS: https://comunicabaciadesantos.petrobras.com.br/pea-costa-verde-projeto-redes
2026-07-01 12:08:31 | INFO | PROGRESS: 85/138 analyzed (62% checklist complete) | 85 ok, 0 failed, 0 skipped | ~3 min remaining
2026-07-01 12:08:31 | INFO | Phase 0A: Triggering lazy-loaded content...
2026-07-01 12:08:33 | INFO | [88/138] Processing: https://comunicabaciadesantos.petrobras.com.br/programa-sobre-mudan%C3%A7as-clim%C3%A1ticas
2026-07-01 12:08:33 | INFO | Generated slug: comunicabaciadesantos_petrobras_com_br_programa-sobre-mudan_C3_A7as-clim_C3_A1ticas--2ee95720
2026-07-01 12:08:33 | INFO | Starting analysis: https://comunicabaciadesantos.petrobras.com.br/programa-sobre-mudan%C3%A7as-clim%C3%A1ticas -> /workspace/catalog/.pages/comunicabaciadesantos_petrobras_com_br_programa-sobre-mudan_C3_A7as-clim_C3_A1ticas--2ee95720
2026-07-01 12:08:33 | INFO | Lazy-load scroll complete
2026-07-01 12:08:33 | INFO | Phase 0B: Cleaning up overlays...
2026-07-01 12:08:33 | INFO | Loading: https://comunicabaciadesantos.petrobras.com.br/programa-sobre-mudan%C3%A7as-clim%C3%A1ticas
2026-07-01 12:08:33 | INFO | [89/138] Processing: https://comunicabaciadesantos.petrobras.com.br/caracterizacao
2026-07-01 12:08:33 | INFO | Generated slug: comunicabaciadesantos_petrobras_com_br_caracterizacao--b566b4e4
2026-07-01 12:08:33 | INFO | Starting analysis: https://comunicabaciadesantos.petrobras.com.br/caracterizacao -> /workspace/catalog/.pages/comunicabaciadesantos_petrobras_com_br_caracterizacao--b566b4e4
2026-07-01 12:08:33 | INFO | Loading: https://comunicabaciadesantos.petrobras.com.br/caracterizacao
2026-07-01 12:08:33 | INFO |    Top-section: 1 rows via title
2026-07-01 12:08:33 | INFO |    Body start: y=25 (start row 1 via below-title)
2026-07-01 12:08:33 | INFO | URL Pattern: /programa-de-comunicacao-social-regional-da-bacia-de-santos-pcsr-bs-
2026-07-01 12:08:33 | INFO | Page catalog complete: /workspace/catalog/.pages/comunicabaciadesantos_petrobras_com_br_programa-de-comunicacao-social-regional-da-bacia-de-santos-pcsr-bs---6399b916/page-catalog.json
2026-07-01 12:08:33 | INFO | SUCCESS: https://comunicabaciadesantos.petrobras.com.br/programa-de-comunicacao-social-regional-da-bacia-de-santos-pcsr-bs-
2026-07-01 12:08:34 | INFO | Removed 5 elements: overlay, popup
📐 Detecting header/footer for this page...
2026-07-01 12:08:34 | INFO | Template - Reused saved header selector on current page
2026-07-01 12:08:34 | INFO | Template - Reused saved footer selector on current page
2026-07-01 12:08:34 | INFO | Header: simple complexity, 1 features
2026-07-01 12:08:34 | INFO | Footer: simple complexity, 0 features
2026-07-01 12:08:34 | INFO | Phase 2: Identifying main content area...
2026-07-01 12:08:34 | INFO | Main content: #main-content
2026-07-01 12:08:34 | INFO | Phase 3: Detecting blocks...
2026-07-01 12:08:34 | INFO | Phase 4: Capturing block screenshots...
2026-07-01 12:08:34 | INFO | Captured 1 block screenshots
2026-07-01 12:08:34 | INFO | Detected 1 blocks
2026-07-01 12:08:34 | INFO | Generating fingerprints for template discovery...
2026-07-01 12:08:35 | INFO | [90/138] Processing: https://comunicabaciadesantos.petrobras.com.br/projeto-de-caracterizacao-de-territorios-tradicionais-pctt-
2026-07-01 12:08:35 | INFO | Generated slug: comunicabaciadesantos_petrobras_com_br_projeto-de-caracterizacao-de-territorios-tradicionais-pctt---fd4355ea
2026-07-01 12:08:35 | INFO | Starting analysis: https://comunicabaciadesantos.petrobras.com.br/projeto-de-caracterizacao-de-territorios-tradicionais-pctt- -> /workspace/catalog/.pages/comunicabaciadesantos_petrobras_com_br_projeto-de-caracterizacao-de-territorios-tradicionais-pctt---fd4355ea
2026-07-01 12:08:36 | INFO | Loading: https://comunicabaciadesantos.petrobras.com.br/projeto-de-caracterizacao-de-territorios-tradicionais-pctt-
2026-07-01 12:08:37 | INFO |    Top-section: 17 rows via title+container
2026-07-01 12:08:37 | INFO |    Body start: y=475 (start row 19 via below-title+container)
2026-07-01 12:08:37 | INFO | URL Pattern: /projeto-de-monitoramento-de-impactos-de-plataformas-e-embarcacoes-sobre-a-avifauna-da-bacia-de-santos-pmave-
2026-07-01 12:08:37 | INFO | Page catalog complete: /workspace/catalog/.pages/comunicabaciadesantos_petrobras_com_br_projeto-de-monitoramento-de-impactos-de-plataformas-e-embarcacoes-sobre-a-avifauna-da-bacia-de-santos-pmave---6a9240d4/page-catalog.json
2026-07-01 12:08:37 | INFO | SUCCESS: https://comunicabaciadesantos.petrobras.com.br/projeto-de-monitoramento-de-impactos-de-plataformas-e-embarcacoes-sobre-a-avifauna-da-bacia-de-santos-pmave-
2026-07-01 12:08:38 | INFO | Phase 0A: Triggering lazy-loaded content...
2026-07-01 12:08:38 | INFO | Phase 0A: Triggering lazy-loaded content...
2026-07-01 12:08:39 | INFO | [91/138] Processing: https://comunicabaciadesantos.petrobras.com.br/projeto-de-caracterizacao-socioeconomica-da-pesca-e-aquicultura-pcspa-bs-
2026-07-01 12:08:39 | INFO | Generated slug: comunicabaciadesantos_petrobras_com_br_projeto-de-caracterizacao-socioeconomica-da-pesca-e-aquicultura-pcspa-bs---9641077a
2026-07-01 12:08:39 | INFO | Starting analysis: https://comunicabaciadesantos.petrobras.com.br/projeto-de-caracterizacao-socioeconomica-da-pesca-e-aquicultura-pcspa-bs- -> /workspace/catalog/.pages/comunicabaciadesantos_petrobras_com_br_projeto-de-caracterizacao-socioeconomica-da-pesca-e-aquicultura-pcspa-bs---9641077a
2026-07-01 12:08:39 | INFO | Loading: https://comunicabaciadesantos.petrobras.com.br/projeto-de-caracterizacao-socioeconomica-da-pesca-e-aquicultura-pcspa-bs-
2026-07-01 12:08:39 | INFO | Lazy-load scroll complete
2026-07-01 12:08:39 | INFO | Phase 0B: Cleaning up overlays...
2026-07-01 12:08:40 | INFO | Lazy-load scroll complete
2026-07-01 12:08:40 | INFO | Phase 0B: Cleaning up overlays...
2026-07-01 12:08:40 | INFO | Removed 5 elements: overlay, popup
📐 Detecting header/footer for this page...
2026-07-01 12:08:40 | INFO | Template - Reused saved header selector on current page
2026-07-01 12:08:40 | INFO | Template - Reused saved footer selector on current page
2026-07-01 12:08:40 | INFO | Header: simple complexity, 1 features
2026-07-01 12:08:40 | INFO | Footer: simple complexity, 0 features
2026-07-01 12:08:40 | INFO | Phase 2: Identifying main content area...
2026-07-01 12:08:40 | INFO | Main content: #main-content
2026-07-01 12:08:40 | INFO | Phase 0A: Triggering lazy-loaded content...
2026-07-01 12:08:40 | INFO | Phase 3: Detecting blocks...
2026-07-01 12:08:40 | INFO | Phase 4: Capturing block screenshots...
2026-07-01 12:08:40 | INFO | Removed 5 elements: overlay, popup
📐 Detecting header/footer for this page...
2026-07-01 12:08:40 | INFO | Template - Reused saved header selector on current page
2026-07-01 12:08:40 | INFO | Template - Reused saved footer selector on current page
2026-07-01 12:08:40 | INFO | Header: simple complexity, 1 features
2026-07-01 12:08:40 | INFO | Footer: simple complexity, 0 features
2026-07-01 12:08:40 | INFO | Phase 2: Identifying main content area...
2026-07-01 12:08:40 | INFO | Main content: #main-content
2026-07-01 12:08:40 | INFO | Phase 3: Detecting blocks...
2026-07-01 12:08:40 | INFO | Phase 4: Capturing block screenshots...
2026-07-01 12:08:41 | INFO | Captured 1 block screenshots
2026-07-01 12:08:41 | INFO | Detected 1 blocks
2026-07-01 12:08:41 | INFO | Generating fingerprints for template discovery...
2026-07-01 12:08:41 | INFO | Captured 1 block screenshots
2026-07-01 12:08:41 | INFO | Detected 1 blocks
2026-07-01 12:08:41 | INFO | Generating fingerprints for template discovery...
2026-07-01 12:08:42 | INFO | Lazy-load scroll complete
2026-07-01 12:08:42 | INFO | Phase 0B: Cleaning up overlays...
2026-07-01 12:08:43 | INFO | Removed 5 elements: overlay, popup
📐 Detecting header/footer for this page...
2026-07-01 12:08:43 | INFO | Template - Reused saved header selector on current page
2026-07-01 12:08:43 | INFO | Template - Reused saved footer selector on current page
2026-07-01 12:08:43 | INFO | Header: simple complexity, 1 features
2026-07-01 12:08:43 | INFO | Footer: simple complexity, 0 features
2026-07-01 12:08:43 | INFO | Phase 2: Identifying main content area...
2026-07-01 12:08:43 | INFO | Main content: #main-content
2026-07-01 12:08:43 | INFO | Phase 3: Detecting blocks...
2026-07-01 12:08:43 | INFO | Phase 4: Capturing block screenshots...
2026-07-01 12:08:43 | INFO |    Top-section: 1 rows via title
2026-07-01 12:08:43 | INFO |    Body start: y=25 (start row 1 via below-title)
2026-07-01 12:08:43 | INFO | URL Pattern: /programa-sobre-mudan%C3%A7as-clim%C3%A1ticas
2026-07-01 12:08:43 | INFO | Page catalog complete: /workspace/catalog/.pages/comunicabaciadesantos_petrobras_com_br_programa-sobre-mudan_C3_A7as-clim_C3_A1ticas--2ee95720/page-catalog.json
2026-07-01 12:08:43 | INFO | SUCCESS: https://comunicabaciadesantos.petrobras.com.br/programa-sobre-mudan%C3%A7as-clim%C3%A1ticas
2026-07-01 12:08:43 | INFO |    Top-section: 1 rows via title
2026-07-01 12:08:43 | INFO |    Body start: y=25 (start row 1 via below-title)
2026-07-01 12:08:43 | INFO | URL Pattern: /caracterizacao
2026-07-01 12:08:43 | INFO | Page catalog complete: /workspace/catalog/.pages/comunicabaciadesantos_petrobras_com_br_caracterizacao--b566b4e4/page-catalog.json
2026-07-01 12:08:43 | INFO | SUCCESS: https://comunicabaciadesantos.petrobras.com.br/caracterizacao
2026-07-01 12:08:43 | INFO | Captured 1 block screenshots
2026-07-01 12:08:43 | INFO | Detected 1 blocks
2026-07-01 12:08:43 | INFO | Generating fingerprints for template discovery...
2026-07-01 12:08:44 | INFO | Phase 0A: Triggering lazy-loaded content...
2026-07-01 12:08:45 | INFO | [92/138] Processing: https://comunicabaciadesantos.petrobras.com.br/projeto-de-caracterizacao-regional-da-bacia-de-santos-pcr-bs-
2026-07-01 12:08:45 | INFO | Generated slug: comunicabaciadesantos_petrobras_com_br_projeto-de-caracterizacao-regional-da-bacia-de-santos-pcr-bs---9b5ab2c3
2026-07-01 12:08:45 | INFO | Starting analysis: https://comunicabaciadesantos.petrobras.com.br/projeto-de-caracterizacao-regional-da-bacia-de-santos-pcr-bs- -> /workspace/catalog/.pages/comunicabaciadesantos_petrobras_com_br_projeto-de-caracterizacao-regional-da-bacia-de-santos-pcr-bs---9b5ab2c3
2026-07-01 12:08:45 | INFO | Lazy-load scroll complete
2026-07-01 12:08:45 | INFO | Phase 0B: Cleaning up overlays...
2026-07-01 12:08:45 | INFO | Loading: https://comunicabaciadesantos.petrobras.com.br/projeto-de-caracterizacao-regional-da-bacia-de-santos-pcr-bs-
2026-07-01 12:08:45 | INFO | [93/138] Processing: https://comunicabaciadesantos.petrobras.com.br/projeto-de-avaliacao-de-impactos-resultantes-daperfuracao-pai-bs-
2026-07-01 12:08:45 | INFO | Generated slug: comunicabaciadesantos_petrobras_com_br_projeto-de-avaliacao-de-impactos-resultantes-daperfuracao-pai-bs---82df3daf
2026-07-01 12:08:45 | INFO | Starting analysis: https://comunicabaciadesantos.petrobras.com.br/projeto-de-avaliacao-de-impactos-resultantes-daperfuracao-pai-bs- -> /workspace/catalog/.pages/comunicabaciadesantos_petrobras_com_br_projeto-de-avaliacao-de-impactos-resultantes-daperfuracao-pai-bs---82df3daf
2026-07-01 12:08:45 | INFO | Loading: https://comunicabaciadesantos.petrobras.com.br/projeto-de-avaliacao-de-impactos-resultantes-daperfuracao-pai-bs-
2026-07-01 12:08:46 | INFO |    Top-section: 8 rows via title+container
2026-07-01 12:08:46 | INFO |    Body start: y=250 (start row 10 via below-title+container)
2026-07-01 12:08:46 | INFO | URL Pattern: /projeto-de-caracterizacao-de-territorios-tradicionais-pctt-
2026-07-01 12:08:46 | INFO | Page catalog complete: /workspace/catalog/.pages/comunicabaciadesantos_petrobras_com_br_projeto-de-caracterizacao-de-territorios-tradicionais-pctt---fd4355ea/page-catalog.json
2026-07-01 12:08:46 | INFO | SUCCESS: https://comunicabaciadesantos.petrobras.com.br/projeto-de-caracterizacao-de-territorios-tradicionais-pctt-
2026-07-01 12:08:46 | INFO | PROGRESS: 90/138 analyzed (65% checklist complete) | 90 ok, 0 failed, 0 skipped | ~3 min remaining
2026-07-01 12:08:46 | INFO | Removed 5 elements: overlay, popup
📐 Detecting header/footer for this page...
2026-07-01 12:08:46 | INFO | Template - Reused saved header selector on current page
2026-07-01 12:08:46 | INFO | Template - Reused saved footer selector on current page
2026-07-01 12:08:46 | INFO | Header: simple complexity, 1 features
2026-07-01 12:08:46 | INFO | Footer: simple complexity, 0 features
2026-07-01 12:08:46 | INFO | Phase 2: Identifying main content area...
2026-07-01 12:08:46 | INFO | Main content: #main-content
2026-07-01 12:08:46 | INFO | Phase 3: Detecting blocks...
2026-07-01 12:08:46 | INFO | Phase 4: Capturing block screenshots...
2026-07-01 12:08:46 | INFO | Captured 1 block screenshots
2026-07-01 12:08:46 | INFO | Detected 1 blocks
2026-07-01 12:08:46 | INFO | Generating fingerprints for template discovery...
2026-07-01 12:08:48 | INFO | [94/138] Processing: https://comunicabaciadesantos.petrobras.com.br/monitoramento
2026-07-01 12:08:48 | INFO | Generated slug: comunicabaciadesantos_petrobras_com_br_monitoramento--8ecce439
2026-07-01 12:08:48 | INFO | Starting analysis: https://comunicabaciadesantos.petrobras.com.br/monitoramento -> /workspace/catalog/.pages/comunicabaciadesantos_petrobras_com_br_monitoramento--8ecce439
2026-07-01 12:08:48 | INFO | Loading: https://comunicabaciadesantos.petrobras.com.br/monitoramento
2026-07-01 12:08:49 | INFO |    Top-section: 8 rows via title+container
2026-07-01 12:08:49 | INFO |    Body start: y=350 (start row 14 via below-title+container)
2026-07-01 12:08:49 | INFO | URL Pattern: /projeto-de-caracterizacao-socioeconomica-da-pesca-e-aquicultura-pcspa-bs-
2026-07-01 12:08:49 | INFO | Page catalog complete: /workspace/catalog/.pages/comunicabaciadesantos_petrobras_com_br_projeto-de-caracterizacao-socioeconomica-da-pesca-e-aquicultura-pcspa-bs---9641077a/page-catalog.json
2026-07-01 12:08:49 | INFO | SUCCESS: https://comunicabaciadesantos.petrobras.com.br/projeto-de-caracterizacao-socioeconomica-da-pesca-e-aquicultura-pcspa-bs-
2026-07-01 12:08:50 | INFO | Phase 0A: Triggering lazy-loaded content...
2026-07-01 12:08:50 | INFO | Phase 0A: Triggering lazy-loaded content...
2026-07-01 12:08:51 | INFO | [95/138] Processing: https://comunicabaciadesantos.petrobras.com.br/projeto-de-monitoramento-ambiental-pma
2026-07-01 12:08:51 | INFO | Generated slug: comunicabaciadesantos_petrobras_com_br_projeto-de-monitoramento-ambiental-pma--63fbf979
2026-07-01 12:08:51 | INFO | Starting analysis: https://comunicabaciadesantos.petrobras.com.br/projeto-de-monitoramento-ambiental-pma -> /workspace/catalog/.pages/comunicabaciadesantos_petrobras_com_br_projeto-de-monitoramento-ambiental-pma--63fbf979
2026-07-01 12:08:51 | INFO | Loading: https://comunicabaciadesantos.petrobras.com.br/projeto-de-monitoramento-ambiental-pma
2026-07-01 12:08:52 | INFO | Lazy-load scroll complete
2026-07-01 12:08:52 | INFO | Phase 0B: Cleaning up overlays...
2026-07-01 12:08:52 | INFO | Lazy-load scroll complete
2026-07-01 12:08:52 | INFO | Phase 0B: Cleaning up overlays...
2026-07-01 12:08:52 | INFO | Phase 0A: Triggering lazy-loaded content...
2026-07-01 12:08:53 | INFO | Removed 5 elements: overlay, popup
📐 Detecting header/footer for this page...
2026-07-01 12:08:53 | INFO | Template - Reused saved header selector on current page
2026-07-01 12:08:53 | INFO | Template - Reused saved footer selector on current page
2026-07-01 12:08:53 | INFO | Header: simple complexity, 1 features
2026-07-01 12:08:53 | INFO | Footer: simple complexity, 0 features
2026-07-01 12:08:53 | INFO | Phase 2: Identifying main content area...
2026-07-01 12:08:53 | INFO | Main content: #main-content
2026-07-01 12:08:53 | INFO | Removed 5 elements: overlay, popup
📐 Detecting header/footer for this page...
2026-07-01 12:08:53 | INFO | Phase 3: Detecting blocks...
2026-07-01 12:08:53 | INFO | Template - Reused saved header selector on current page
2026-07-01 12:08:53 | INFO | Template - Reused saved footer selector on current page
2026-07-01 12:08:53 | INFO | Header: simple complexity, 1 features
2026-07-01 12:08:53 | INFO | Footer: simple complexity, 0 features
2026-07-01 12:08:53 | INFO | Phase 2: Identifying main content area...
2026-07-01 12:08:53 | INFO | Main content: #main-content
2026-07-01 12:08:53 | INFO | Phase 4: Capturing block screenshots...
2026-07-01 12:08:53 | INFO | Phase 3: Detecting blocks...
2026-07-01 12:08:53 | INFO | Phase 4: Capturing block screenshots...
2026-07-01 12:08:53 | INFO | Captured 1 block screenshots
2026-07-01 12:08:53 | INFO | Detected 1 blocks
2026-07-01 12:08:53 | INFO | Generating fingerprints for template discovery...
2026-07-01 12:08:53 | INFO | Lazy-load scroll complete
2026-07-01 12:08:53 | INFO | Phase 0B: Cleaning up overlays...
2026-07-01 12:08:53 | INFO | Captured 1 block screenshots
2026-07-01 12:08:53 | INFO | Detected 1 blocks
2026-07-01 12:08:53 | INFO | Generating fingerprints for template discovery...
2026-07-01 12:08:54 | INFO | Removed 5 elements: overlay, popup
📐 Detecting header/footer for this page...
2026-07-01 12:08:54 | INFO | Template - Reused saved header selector on current page
2026-07-01 12:08:54 | INFO | Template - Reused saved footer selector on current page
2026-07-01 12:08:54 | INFO | Header: simple complexity, 1 features
2026-07-01 12:08:54 | INFO | Footer: simple complexity, 0 features
2026-07-01 12:08:54 | INFO | Phase 2: Identifying main content area...
2026-07-01 12:08:54 | INFO | Main content: #main-content
2026-07-01 12:08:54 | INFO | Phase 3: Detecting blocks...
2026-07-01 12:08:54 | INFO | Phase 4: Capturing block screenshots...
2026-07-01 12:08:55 | INFO | Captured 1 block screenshots
2026-07-01 12:08:55 | INFO | Detected 1 blocks
2026-07-01 12:08:55 | INFO | Generating fingerprints for template discovery...
2026-07-01 12:08:56 | INFO |    Top-section: 8 rows via title+container
2026-07-01 12:08:56 | INFO |    Body start: y=250 (start row 10 via below-title+container)
2026-07-01 12:08:56 | INFO | URL Pattern: /projeto-de-avaliacao-de-impactos-resultantes-daperfuracao-pai-bs-
2026-07-01 12:08:56 | INFO | Page catalog complete: /workspace/catalog/.pages/comunicabaciadesantos_petrobras_com_br_projeto-de-avaliacao-de-impactos-resultantes-daperfuracao-pai-bs---82df3daf/page-catalog.json
2026-07-01 12:08:56 | INFO | SUCCESS: https://comunicabaciadesantos.petrobras.com.br/projeto-de-avaliacao-de-impactos-resultantes-daperfuracao-pai-bs-
2026-07-01 12:08:56 | INFO |    Top-section: 8 rows via title+container
2026-07-01 12:08:56 | INFO |    Body start: y=250 (start row 10 via below-title+container)
2026-07-01 12:08:56 | INFO | URL Pattern: /projeto-de-caracterizacao-regional-da-bacia-de-santos-pcr-bs-
2026-07-01 12:08:56 | INFO | Page catalog complete: /workspace/catalog/.pages/comunicabaciadesantos_petrobras_com_br_projeto-de-caracterizacao-regional-da-bacia-de-santos-pcr-bs---9b5ab2c3/page-catalog.json
2026-07-01 12:08:56 | INFO | SUCCESS: https://comunicabaciadesantos.petrobras.com.br/projeto-de-caracterizacao-regional-da-bacia-de-santos-pcr-bs-
2026-07-01 12:08:56 | INFO | Phase 0A: Triggering lazy-loaded content...
2026-07-01 12:08:57 | INFO |    Top-section: 1 rows via title
2026-07-01 12:08:57 | INFO |    Body start: y=25 (start row 1 via below-title)
2026-07-01 12:08:57 | INFO | URL Pattern: /monitoramento
2026-07-01 12:08:57 | INFO | Page catalog complete: /workspace/catalog/.pages/comunicabaciadesantos_petrobras_com_br_monitoramento--8ecce439/page-catalog.json
2026-07-01 12:08:57 | INFO | SUCCESS: https://comunicabaciadesantos.petrobras.com.br/monitoramento
2026-07-01 12:08:57 | INFO | Lazy-load scroll complete
2026-07-01 12:08:57 | INFO | Phase 0B: Cleaning up overlays...
2026-07-01 12:08:58 | INFO | [96/138] Processing: https://comunicabaciadesantos.petrobras.com.br/perfuracao
2026-07-01 12:08:58 | INFO | Generated slug: comunicabaciadesantos_petrobras_com_br_perfuracao--7081c206
2026-07-01 12:08:58 | INFO | Starting analysis: https://comunicabaciadesantos.petrobras.com.br/perfuracao -> /workspace/catalog/.pages/comunicabaciadesantos_petrobras_com_br_perfuracao--7081c206
2026-07-01 12:08:58 | INFO | Loading: https://comunicabaciadesantos.petrobras.com.br/perfuracao
2026-07-01 12:08:58 | INFO | [97/138] Processing: https://comunicabaciadesantos.petrobras.com.br/monitoramento-ambiental-da-atividade-de-perfuracao
2026-07-01 12:08:58 | INFO | Generated slug: comunicabaciadesantos_petrobras_com_br_monitoramento-ambiental-da-atividade-de-perfuracao--1e3f8c62
2026-07-01 12:08:58 | INFO | Starting analysis: https://comunicabaciadesantos.petrobras.com.br/monitoramento-ambiental-da-atividade-de-perfuracao -> /workspace/catalog/.pages/comunicabaciadesantos_petrobras_com_br_monitoramento-ambiental-da-atividade-de-perfuracao--1e3f8c62
2026-07-01 12:08:58 | INFO | Loading: https://comunicabaciadesantos.petrobras.com.br/monitoramento-ambiental-da-atividade-de-perfuracao
2026-07-01 12:08:58 | INFO | Removed 5 elements: overlay, popup
📐 Detecting header/footer for this page...
2026-07-01 12:08:58 | INFO | Template - Reused saved header selector on current page
2026-07-01 12:08:58 | INFO | Template - Reused saved footer selector on current page
2026-07-01 12:08:58 | INFO | Header: simple complexity, 1 features
2026-07-01 12:08:58 | INFO | Footer: simple complexity, 0 features
2026-07-01 12:08:58 | INFO | Phase 2: Identifying main content area...
2026-07-01 12:08:58 | INFO | Main content: #main-content
2026-07-01 12:08:58 | INFO | Phase 3: Detecting blocks...
2026-07-01 12:08:58 | INFO | Phase 4: Capturing block screenshots...
2026-07-01 12:08:59 | INFO | Captured 1 block screenshots
2026-07-01 12:08:59 | INFO | Detected 1 blocks
2026-07-01 12:08:59 | INFO | Generating fingerprints for template discovery...
2026-07-01 12:08:59 | INFO | [98/138] Processing: https://comunicabaciadesantos.petrobras.com.br/gasodutos
2026-07-01 12:08:59 | INFO | Generated slug: comunicabaciadesantos_petrobras_com_br_gasodutos--6206b918
2026-07-01 12:08:59 | INFO | Starting analysis: https://comunicabaciadesantos.petrobras.com.br/gasodutos -> /workspace/catalog/.pages/comunicabaciadesantos_petrobras_com_br_gasodutos--6206b918
2026-07-01 12:08:59 | INFO | Loading: https://comunicabaciadesantos.petrobras.com.br/gasodutos
2026-07-01 12:09:01 | INFO |    Top-section: 1 rows via title
2026-07-01 12:09:01 | INFO |    Body start: y=25 (start row 1 via below-title)
2026-07-01 12:09:01 | INFO | URL Pattern: /projeto-de-monitoramento-ambiental-pma
2026-07-01 12:09:01 | INFO | Page catalog complete: /workspace/catalog/.pages/comunicabaciadesantos_petrobras_com_br_projeto-de-monitoramento-ambiental-pma--63fbf979/page-catalog.json
2026-07-01 12:09:01 | INFO | SUCCESS: https://comunicabaciadesantos.petrobras.com.br/projeto-de-monitoramento-ambiental-pma
2026-07-01 12:09:01 | INFO | PROGRESS: 95/138 analyzed (69% checklist complete) | 95 ok, 0 failed, 0 skipped | ~3 min remaining
2026-07-01 12:09:03 | INFO | Phase 0A: Triggering lazy-loaded content...
2026-07-01 12:09:03 | INFO | [99/138] Processing: https://comunicabaciadesantos.petrobras.com.br/monitoramento-de-corais-em-aguas-profundas
2026-07-01 12:09:03 | INFO | Generated slug: comunicabaciadesantos_petrobras_com_br_monitoramento-de-corais-em-aguas-profundas--5466ebff
2026-07-01 12:09:03 | INFO | Starting analysis: https://comunicabaciadesantos.petrobras.com.br/monitoramento-de-corais-em-aguas-profundas -> /workspace/catalog/.pages/comunicabaciadesantos_petrobras_com_br_monitoramento-de-corais-em-aguas-profundas--5466ebff
2026-07-01 12:09:03 | INFO | Loading: https://comunicabaciadesantos.petrobras.com.br/monitoramento-de-corais-em-aguas-profundas
2026-07-01 12:09:03 | INFO | Phase 0A: Triggering lazy-loaded content...
2026-07-01 12:09:03 | INFO | Phase 0A: Triggering lazy-loaded content...
2026-07-01 12:09:04 | INFO | Lazy-load scroll complete
2026-07-01 12:09:04 | INFO | Phase 0B: Cleaning up overlays...
2026-07-01 12:09:04 | INFO | Lazy-load scroll complete
2026-07-01 12:09:04 | INFO | Phase 0B: Cleaning up overlays...
2026-07-01 12:09:05 | INFO | Lazy-load scroll complete
2026-07-01 12:09:05 | INFO | Phase 0B: Cleaning up overlays...
2026-07-01 12:09:05 | INFO | Removed 5 elements: overlay, popup
📐 Detecting header/footer for this page...
2026-07-01 12:09:05 | INFO | Template - Reused saved header selector on current page
2026-07-01 12:09:05 | INFO | Template - Reused saved footer selector on current page
2026-07-01 12:09:05 | INFO | Header: simple complexity, 1 features
2026-07-01 12:09:05 | INFO | Footer: simple complexity, 0 features
2026-07-01 12:09:05 | INFO | Phase 2: Identifying main content area...
2026-07-01 12:09:05 | INFO | Main content: #main-content
2026-07-01 12:09:05 | INFO | Phase 3: Detecting blocks...
2026-07-01 12:09:05 | INFO | Phase 4: Capturing block screenshots...
2026-07-01 12:09:05 | INFO | Removed 5 elements: overlay, popup
📐 Detecting header/footer for this page...
2026-07-01 12:09:05 | INFO | Template - Reused saved header selector on current page
2026-07-01 12:09:05 | INFO | Template - Reused saved footer selector on current page
2026-07-01 12:09:05 | INFO | Header: simple complexity, 1 features
2026-07-01 12:09:05 | INFO | Footer: simple complexity, 0 features
2026-07-01 12:09:05 | INFO | Phase 2: Identifying main content area...
2026-07-01 12:09:05 | INFO | Main content: #main-content
2026-07-01 12:09:05 | INFO | Phase 3: Detecting blocks...
2026-07-01 12:09:05 | INFO | Phase 4: Capturing block screenshots...
2026-07-01 12:09:05 | INFO | Removed 5 elements: overlay, popup
📐 Detecting header/footer for this page...
2026-07-01 12:09:05 | INFO | Template - Reused saved header selector on current page
2026-07-01 12:09:05 | INFO | Template - Reused saved footer selector on current page
2026-07-01 12:09:05 | INFO | Header: simple complexity, 1 features
2026-07-01 12:09:05 | INFO | Footer: simple complexity, 0 features
2026-07-01 12:09:05 | INFO | Phase 2: Identifying main content area...
2026-07-01 12:09:05 | INFO | Main content: #main-content
2026-07-01 12:09:05 | INFO | Captured 1 block screenshots
2026-07-01 12:09:05 | INFO | Detected 1 blocks
2026-07-01 12:09:05 | INFO | Generating fingerprints for template discovery...
2026-07-01 12:09:05 | INFO | Phase 3: Detecting blocks...
2026-07-01 12:09:05 | INFO | Phase 4: Capturing block screenshots...
2026-07-01 12:09:06 | INFO | Captured 1 block screenshots
2026-07-01 12:09:06 | INFO | Detected 1 blocks
2026-07-01 12:09:06 | INFO | Generating fingerprints for template discovery...
2026-07-01 12:09:06 | INFO | Captured 1 block screenshots
2026-07-01 12:09:06 | INFO | Detected 1 blocks
2026-07-01 12:09:06 | INFO | Generating fingerprints for template discovery...
2026-07-01 12:09:08 | INFO |    Top-section: 1 rows via title
2026-07-01 12:09:08 | INFO |    Body start: y=25 (start row 1 via below-title)
2026-07-01 12:09:08 | INFO | URL Pattern: /perfuracao
2026-07-01 12:09:08 | INFO | Page catalog complete: /workspace/catalog/.pages/comunicabaciadesantos_petrobras_com_br_perfuracao--7081c206/page-catalog.json
2026-07-01 12:09:08 | INFO | SUCCESS: https://comunicabaciadesantos.petrobras.com.br/perfuracao
2026-07-01 12:09:08 | INFO | Phase 0A: Triggering lazy-loaded content...
2026-07-01 12:09:08 | INFO |    Top-section: 6 rows via title
2026-07-01 12:09:08 | INFO |    Body start: y=200 (start row 8 via below-title)
2026-07-01 12:09:08 | INFO | URL Pattern: /monitoramento-ambiental-da-atividade-de-perfuracao
2026-07-01 12:09:08 | INFO | Page catalog complete: /workspace/catalog/.pages/comunicabaciadesantos_petrobras_com_br_monitoramento-ambiental-da-atividade-de-perfuracao--1e3f8c62/page-catalog.json
2026-07-01 12:09:08 | INFO | SUCCESS: https://comunicabaciadesantos.petrobras.com.br/monitoramento-ambiental-da-atividade-de-perfuracao
2026-07-01 12:09:08 | INFO |    Top-section: 1 rows via title
2026-07-01 12:09:08 | INFO |    Body start: y=25 (start row 1 via below-title)
2026-07-01 12:09:08 | INFO | URL Pattern: /gasodutos
2026-07-01 12:09:08 | INFO | Page catalog complete: /workspace/catalog/.pages/comunicabaciadesantos_petrobras_com_br_gasodutos--6206b918/page-catalog.json
2026-07-01 12:09:08 | INFO | SUCCESS: https://comunicabaciadesantos.petrobras.com.br/gasodutos
2026-07-01 12:09:09 | INFO | Lazy-load scroll complete
2026-07-01 12:09:09 | INFO | Phase 0B: Cleaning up overlays...
2026-07-01 12:09:10 | INFO | [100/138] Processing: https://comunicabaciadesantos.petrobras.com.br/inspecao-do-enterramento-do-duto
2026-07-01 12:09:10 | INFO | Generated slug: comunicabaciadesantos_petrobras_com_br_inspecao-do-enterramento-do-duto--f2828b7e
2026-07-01 12:09:10 | INFO | Starting analysis: https://comunicabaciadesantos.petrobras.com.br/inspecao-do-enterramento-do-duto -> /workspace/catalog/.pages/comunicabaciadesantos_petrobras_com_br_inspecao-do-enterramento-do-duto--f2828b7e
2026-07-01 12:09:10 | INFO | Loading: https://comunicabaciadesantos.petrobras.com.br/inspecao-do-enterramento-do-duto
2026-07-01 12:09:10 | INFO | [101/138] Processing: https://comunicabaciadesantos.petrobras.com.br/monitoramento-da-morfodinamica-praial
2026-07-01 12:09:10 | INFO | Generated slug: comunicabaciadesantos_petrobras_com_br_monitoramento-da-morfodinamica-praial--2382fc96
2026-07-01 12:09:10 | INFO | Starting analysis: https://comunicabaciadesantos.petrobras.com.br/monitoramento-da-morfodinamica-praial -> /workspace/catalog/.pages/comunicabaciadesantos_petrobras_com_br_monitoramento-da-morfodinamica-praial--2382fc96
2026-07-01 12:09:10 | INFO | Loading: https://comunicabaciadesantos.petrobras.com.br/monitoramento-da-morfodinamica-praial
2026-07-01 12:09:10 | INFO | Removed 5 elements: overlay, popup
📐 Detecting header/footer for this page...
2026-07-01 12:09:10 | INFO | Template - Reused saved header selector on current page
2026-07-01 12:09:10 | INFO | Template - Reused saved footer selector on current page
2026-07-01 12:09:10 | INFO | Header: simple complexity, 1 features
2026-07-01 12:09:10 | INFO | Footer: simple complexity, 0 features
2026-07-01 12:09:10 | INFO | Phase 2: Identifying main content area...
2026-07-01 12:09:10 | INFO | Main content: #main-content
2026-07-01 12:09:10 | INFO | [102/138] Processing: https://comunicabaciadesantos.petrobras.com.br/producao
2026-07-01 12:09:10 | INFO | Generated slug: comunicabaciadesantos_petrobras_com_br_producao--b8ca7efe
2026-07-01 12:09:10 | INFO | Starting analysis: https://comunicabaciadesantos.petrobras.com.br/producao -> /workspace/catalog/.pages/comunicabaciadesantos_petrobras_com_br_producao--b8ca7efe
2026-07-01 12:09:10 | INFO | Phase 3: Detecting blocks...
2026-07-01 12:09:10 | INFO | Phase 4: Capturing block screenshots...
2026-07-01 12:09:10 | INFO | Loading: https://comunicabaciadesantos.petrobras.com.br/producao
2026-07-01 12:09:11 | INFO | Captured 1 block screenshots
2026-07-01 12:09:11 | INFO | Detected 1 blocks
2026-07-01 12:09:11 | INFO | Generating fingerprints for template discovery...
2026-07-01 12:09:13 | INFO |    Top-section: 6 rows via title
2026-07-01 12:09:13 | INFO |    Body start: y=300 (start row 12 via below-title)
2026-07-01 12:09:13 | INFO | URL Pattern: /monitoramento-de-corais-em-aguas-profundas
2026-07-01 12:09:13 | INFO | Page catalog complete: /workspace/catalog/.pages/comunicabaciadesantos_petrobras_com_br_monitoramento-de-corais-em-aguas-profundas--5466ebff/page-catalog.json
2026-07-01 12:09:13 | INFO | SUCCESS: https://comunicabaciadesantos.petrobras.com.br/monitoramento-de-corais-em-aguas-profundas
2026-07-01 12:09:14 | INFO | Phase 0A: Triggering lazy-loaded content...
2026-07-01 12:09:15 | INFO | Phase 0A: Triggering lazy-loaded content...
2026-07-01 12:09:15 | INFO | Phase 0A: Triggering lazy-loaded content...
2026-07-01 12:09:15 | INFO | [103/138] Processing: https://comunicabaciadesantos.petrobras.com.br/caracterizacao-fisico-quimica-e-ecotoxicologica-do-oleo-produzido
2026-07-01 12:09:15 | INFO | Generated slug: comunicabaciadesantos_petrobras_com_br_caracterizacao-fisico-quimica-e-ecotoxicologica-do-oleo-produzido--0cfcd178
2026-07-01 12:09:15 | INFO | Starting analysis: https://comunicabaciadesantos.petrobras.com.br/caracterizacao-fisico-quimica-e-ecotoxicologica-do-oleo-produzido -> /workspace/catalog/.pages/comunicabaciadesantos_petrobras_com_br_caracterizacao-fisico-quimica-e-ecotoxicologica-do-oleo-produzido--0cfcd178
2026-07-01 12:09:15 | INFO | Loading: https://comunicabaciadesantos.petrobras.com.br/caracterizacao-fisico-quimica-e-ecotoxicologica-do-oleo-produzido
2026-07-01 12:09:16 | INFO | Lazy-load scroll complete
2026-07-01 12:09:16 | INFO | Phase 0B: Cleaning up overlays...
2026-07-01 12:09:16 | INFO | Lazy-load scroll complete
2026-07-01 12:09:16 | INFO | Phase 0B: Cleaning up overlays...
2026-07-01 12:09:16 | INFO | Lazy-load scroll complete
2026-07-01 12:09:16 | INFO | Phase 0B: Cleaning up overlays...
2026-07-01 12:09:16 | INFO | Removed 5 elements: overlay, popup
📐 Detecting header/footer for this page...
2026-07-01 12:09:16 | INFO | Template - Reused saved header selector on current page
2026-07-01 12:09:16 | INFO | Template - Reused saved footer selector on current page
2026-07-01 12:09:16 | INFO | Header: simple complexity, 1 features
2026-07-01 12:09:16 | INFO | Footer: simple complexity, 0 features
2026-07-01 12:09:16 | INFO | Phase 2: Identifying main content area...
2026-07-01 12:09:16 | INFO | Main content: #main-content
2026-07-01 12:09:17 | INFO | Phase 3: Detecting blocks...
2026-07-01 12:09:17 | INFO | Phase 4: Capturing block screenshots...
2026-07-01 12:09:17 | INFO | Removed 5 elements: overlay, popup
📐 Detecting header/footer for this page...
2026-07-01 12:09:17 | INFO | Removed 5 elements: overlay, popup
📐 Detecting header/footer for this page...
2026-07-01 12:09:17 | INFO | Template - Reused saved header selector on current page
2026-07-01 12:09:17 | INFO | Template - Reused saved header selector on current page
2026-07-01 12:09:17 | INFO | Template - Reused saved footer selector on current page
2026-07-01 12:09:17 | INFO | Header: simple complexity, 1 features
2026-07-01 12:09:17 | INFO | Footer: simple complexity, 0 features
2026-07-01 12:09:17 | INFO | Phase 2: Identifying main content area...
2026-07-01 12:09:17 | INFO | Main content: #main-content
2026-07-01 12:09:17 | INFO | Template - Reused saved footer selector on current page
2026-07-01 12:09:17 | INFO | Header: simple complexity, 1 features
2026-07-01 12:09:17 | INFO | Footer: simple complexity, 0 features
2026-07-01 12:09:17 | INFO | Phase 2: Identifying main content area...
2026-07-01 12:09:17 | INFO | Main content: #main-content
2026-07-01 12:09:17 | INFO | Phase 3: Detecting blocks...
2026-07-01 12:09:17 | INFO | Phase 3: Detecting blocks...
2026-07-01 12:09:17 | INFO | Phase 4: Capturing block screenshots...
2026-07-01 12:09:17 | INFO | Phase 4: Capturing block screenshots...
2026-07-01 12:09:17 | INFO | Captured 1 block screenshots
2026-07-01 12:09:17 | INFO | Detected 1 blocks
2026-07-01 12:09:17 | INFO | Generating fingerprints for template discovery...
2026-07-01 12:09:17 | INFO | Captured 1 block screenshots
2026-07-01 12:09:17 | INFO | Detected 1 blocks
2026-07-01 12:09:17 | INFO | Generating fingerprints for template discovery...
2026-07-01 12:09:17 | INFO | Captured 1 block screenshots
2026-07-01 12:09:17 | INFO | Detected 1 blocks
2026-07-01 12:09:17 | INFO | Generating fingerprints for template discovery...
2026-07-01 12:09:19 | INFO |    Top-section: 10 rows via title
2026-07-01 12:09:19 | INFO |    Body start: y=300 (start row 12 via below-title)
2026-07-01 12:09:19 | INFO | URL Pattern: /inspecao-do-enterramento-do-duto
2026-07-01 12:09:19 | INFO | Page catalog complete: /workspace/catalog/.pages/comunicabaciadesantos_petrobras_com_br_inspecao-do-enterramento-do-duto--f2828b7e/page-catalog.json
2026-07-01 12:09:19 | INFO | SUCCESS: https://comunicabaciadesantos.petrobras.com.br/inspecao-do-enterramento-do-duto
2026-07-01 12:09:19 | INFO | PROGRESS: 100/138 analyzed (72% checklist complete) | 100 ok, 0 failed, 0 skipped | ~3 min remaining
2026-07-01 12:09:20 | INFO |    Top-section: 1 rows via title
2026-07-01 12:09:20 | INFO |    Body start: y=25 (start row 1 via below-title)
2026-07-01 12:09:20 | INFO | URL Pattern: /producao
2026-07-01 12:09:20 | INFO | Page catalog complete: /workspace/catalog/.pages/comunicabaciadesantos_petrobras_com_br_producao--b8ca7efe/page-catalog.json
2026-07-01 12:09:20 | INFO | SUCCESS: https://comunicabaciadesantos.petrobras.com.br/producao
2026-07-01 12:09:20 | INFO |    Top-section: 6 rows via title
2026-07-01 12:09:20 | INFO |    Body start: y=200 (start row 8 via below-title)
2026-07-01 12:09:20 | INFO | URL Pattern: /monitoramento-da-morfodinamica-praial
2026-07-01 12:09:20 | INFO | Page catalog complete: /workspace/catalog/.pages/comunicabaciadesantos_petrobras_com_br_monitoramento-da-morfodinamica-praial--2382fc96/page-catalog.json
2026-07-01 12:09:20 | INFO | SUCCESS: https://comunicabaciadesantos.petrobras.com.br/monitoramento-da-morfodinamica-praial
2026-07-01 12:09:20 | INFO | Phase 0A: Triggering lazy-loaded content...
2026-07-01 12:09:21 | INFO | [104/138] Processing: https://comunicabaciadesantos.petrobras.com.br/monitoramento-da-qualidade-da-agua-sedimento-e-biota-associada
2026-07-01 12:09:21 | INFO | Generated slug: comunicabaciadesantos_petrobras_com_br_monitoramento-da-qualidade-da-agua-sedimento-e-biota-associada--4b28cec2
2026-07-01 12:09:21 | INFO | Starting analysis: https://comunicabaciadesantos.petrobras.com.br/monitoramento-da-qualidade-da-agua-sedimento-e-biota-associada -> /workspace/catalog/.pages/comunicabaciadesantos_petrobras_com_br_monitoramento-da-qualidade-da-agua-sedimento-e-biota-associada--4b28cec2
2026-07-01 12:09:21 | INFO | Loading: https://comunicabaciadesantos.petrobras.com.br/monitoramento-da-qualidade-da-agua-sedimento-e-biota-associada
2026-07-01 12:09:22 | INFO | [105/138] Processing: https://comunicabaciadesantos.petrobras.com.br/monitoramento-de-agua-produzida
2026-07-01 12:09:22 | INFO | Generated slug: comunicabaciadesantos_petrobras_com_br_monitoramento-de-agua-produzida--82c449ba
2026-07-01 12:09:22 | INFO | Starting analysis: https://comunicabaciadesantos.petrobras.com.br/monitoramento-de-agua-produzida -> /workspace/catalog/.pages/comunicabaciadesantos_petrobras_com_br_monitoramento-de-agua-produzida--82c449ba
2026-07-01 12:09:22 | INFO | [106/138] Processing: https://comunicabaciadesantos.petrobras.com.br/monitoramento-meteocenografico-operacional
2026-07-01 12:09:22 | INFO | Generated slug: comunicabaciadesantos_petrobras_com_br_monitoramento-meteocenografico-operacional--85191aed
2026-07-01 12:09:22 | INFO | Starting analysis: https://comunicabaciadesantos.petrobras.com.br/monitoramento-meteocenografico-operacional -> /workspace/catalog/.pages/comunicabaciadesantos_petrobras_com_br_monitoramento-meteocenografico-operacional--85191aed
2026-07-01 12:09:22 | INFO | Lazy-load scroll complete
2026-07-01 12:09:22 | INFO | Phase 0B: Cleaning up overlays...
2026-07-01 12:09:22 | INFO | Loading: https://comunicabaciadesantos.petrobras.com.br/monitoramento-de-agua-produzida
2026-07-01 12:09:22 | INFO | Loading: https://comunicabaciadesantos.petrobras.com.br/monitoramento-meteocenografico-operacional
2026-07-01 12:09:23 | INFO | Removed 5 elements: overlay, popup
📐 Detecting header/footer for this page...
2026-07-01 12:09:23 | INFO | Template - Reused saved header selector on current page
2026-07-01 12:09:23 | INFO | Template - Reused saved footer selector on current page
2026-07-01 12:09:23 | INFO | Header: simple complexity, 1 features
2026-07-01 12:09:23 | INFO | Footer: simple complexity, 0 features
2026-07-01 12:09:23 | INFO | Phase 2: Identifying main content area...
2026-07-01 12:09:23 | INFO | Main content: #main-content
2026-07-01 12:09:23 | INFO | Phase 3: Detecting blocks...
2026-07-01 12:09:23 | INFO | Phase 4: Capturing block screenshots...
2026-07-01 12:09:23 | INFO | Captured 1 block screenshots
2026-07-01 12:09:23 | INFO | Detected 1 blocks
2026-07-01 12:09:23 | INFO | Generating fingerprints for template discovery...
2026-07-01 12:09:25 | INFO |    Top-section: 13 rows via title
2026-07-01 12:09:25 | INFO |    Body start: y=375 (start row 15 via below-title)
2026-07-01 12:09:25 | INFO | URL Pattern: /caracterizacao-fisico-quimica-e-ecotoxicologica-do-oleo-produzido
2026-07-01 12:09:25 | INFO | Page catalog complete: /workspace/catalog/.pages/comunicabaciadesantos_petrobras_com_br_caracterizacao-fisico-quimica-e-ecotoxicologica-do-oleo-produzido--0cfcd178/page-catalog.json
2026-07-01 12:09:25 | INFO | SUCCESS: https://comunicabaciadesantos.petrobras.com.br/caracterizacao-fisico-quimica-e-ecotoxicologica-do-oleo-produzido
2026-07-01 12:09:26 | INFO | Phase 0A: Triggering lazy-loaded content...
2026-07-01 12:09:26 | INFO | Phase 0A: Triggering lazy-loaded content...
2026-07-01 12:09:26 | INFO | Phase 0A: Triggering lazy-loaded content...
2026-07-01 12:09:27 | INFO | Lazy-load scroll complete
2026-07-01 12:09:27 | INFO | Phase 0B: Cleaning up overlays...
2026-07-01 12:09:27 | INFO | [107/138] Processing: https://comunicabaciadesantos.petrobras.com.br/monitoramento-meteorologico-e-oceanografico-por-sensoriamento-remoto
2026-07-01 12:09:27 | INFO | Generated slug: comunicabaciadesantos_petrobras_com_br_monitoramento-meteorologico-e-oceanografico-por-sensoriamento-remoto--fc2890f2
2026-07-01 12:09:27 | INFO | Starting analysis: https://comunicabaciadesantos.petrobras.com.br/monitoramento-meteorologico-e-oceanografico-por-sensoriamento-remoto -> /workspace/catalog/.pages/comunicabaciadesantos_petrobras_com_br_monitoramento-meteorologico-e-oceanografico-por-sensoriamento-remoto--fc2890f2
2026-07-01 12:09:28 | INFO | Loading: https://comunicabaciadesantos.petrobras.com.br/monitoramento-meteorologico-e-oceanografico-por-sensoriamento-remoto
2026-07-01 12:09:28 | INFO | Lazy-load scroll complete
2026-07-01 12:09:28 | INFO | Phase 0B: Cleaning up overlays...
2026-07-01 12:09:28 | INFO | Lazy-load scroll complete
2026-07-01 12:09:28 | INFO | Phase 0B: Cleaning up overlays...
2026-07-01 12:09:28 | INFO | Removed 5 elements: overlay, popup
📐 Detecting header/footer for this page...
2026-07-01 12:09:28 | INFO | Template - Reused saved header selector on current page
2026-07-01 12:09:28 | INFO | Template - Reused saved footer selector on current page
2026-07-01 12:09:28 | INFO | Header: simple complexity, 1 features
2026-07-01 12:09:28 | INFO | Footer: simple complexity, 0 features
2026-07-01 12:09:28 | INFO | Phase 2: Identifying main content area...
2026-07-01 12:09:28 | INFO | Main content: #main-content
2026-07-01 12:09:28 | INFO | Phase 3: Detecting blocks...
2026-07-01 12:09:28 | INFO | Phase 4: Capturing block screenshots...
2026-07-01 12:09:28 | INFO | Removed 5 elements: overlay, popup
📐 Detecting header/footer for this page...
2026-07-01 12:09:28 | INFO | Template - Reused saved header selector on current page
2026-07-01 12:09:28 | INFO | Template - Reused saved footer selector on current page
2026-07-01 12:09:28 | INFO | Header: simple complexity, 1 features
2026-07-01 12:09:28 | INFO | Footer: simple complexity, 0 features
2026-07-01 12:09:28 | INFO | Phase 2: Identifying main content area...
2026-07-01 12:09:28 | INFO | Main content: #main-content
2026-07-01 12:09:28 | INFO | Phase 3: Detecting blocks...
2026-07-01 12:09:28 | INFO | Phase 4: Capturing block screenshots...
2026-07-01 12:09:28 | INFO | Removed 5 elements: overlay, popup
📐 Detecting header/footer for this page...
2026-07-01 12:09:29 | INFO | Template - Reused saved header selector on current page
2026-07-01 12:09:29 | INFO | Template - Reused saved footer selector on current page
2026-07-01 12:09:29 | INFO | Header: simple complexity, 1 features
2026-07-01 12:09:29 | INFO | Footer: simple complexity, 0 features
2026-07-01 12:09:29 | INFO | Phase 2: Identifying main content area...
2026-07-01 12:09:29 | INFO | Main content: #main-content
2026-07-01 12:09:29 | INFO | Phase 3: Detecting blocks...
2026-07-01 12:09:29 | INFO | Phase 4: Capturing block screenshots...
2026-07-01 12:09:29 | INFO | Captured 1 block screenshots
2026-07-01 12:09:29 | INFO | Detected 1 blocks
2026-07-01 12:09:29 | INFO | Generating fingerprints for template discovery...
2026-07-01 12:09:29 | INFO | Captured 1 block screenshots
2026-07-01 12:09:29 | INFO | Detected 1 blocks
2026-07-01 12:09:29 | INFO | Generating fingerprints for template discovery...
2026-07-01 12:09:29 | INFO | Captured 1 block screenshots
2026-07-01 12:09:29 | INFO | Detected 1 blocks
2026-07-01 12:09:29 | INFO | Generating fingerprints for template discovery...
2026-07-01 12:09:31 | INFO |    Top-section: 6 rows via title
2026-07-01 12:09:31 | INFO |    Body start: y=200 (start row 8 via below-title)
2026-07-01 12:09:31 | INFO | URL Pattern: /monitoramento-da-qualidade-da-agua-sedimento-e-biota-associada
2026-07-01 12:09:31 | INFO | Page catalog complete: /workspace/catalog/.pages/comunicabaciadesantos_petrobras_com_br_monitoramento-da-qualidade-da-agua-sedimento-e-biota-associada--4b28cec2/page-catalog.json
2026-07-01 12:09:31 | INFO | SUCCESS: https://comunicabaciadesantos.petrobras.com.br/monitoramento-da-qualidade-da-agua-sedimento-e-biota-associada
2026-07-01 12:09:31 | INFO |    Top-section: 6 rows via title
2026-07-01 12:09:31 | INFO |    Body start: y=200 (start row 8 via below-title)
2026-07-01 12:09:31 | INFO | URL Pattern: /monitoramento-meteocenografico-operacional
2026-07-01 12:09:31 | INFO | Page catalog complete: /workspace/catalog/.pages/comunicabaciadesantos_petrobras_com_br_monitoramento-meteocenografico-operacional--85191aed/page-catalog.json
2026-07-01 12:09:31 | INFO | SUCCESS: https://comunicabaciadesantos.petrobras.com.br/monitoramento-meteocenografico-operacional
2026-07-01 12:09:31 | INFO | PROGRESS: 105/138 analyzed (76% checklist complete) | 105 ok, 0 failed, 0 skipped | ~2 min remaining
2026-07-01 12:09:31 | INFO |    Top-section: 6 rows via title
2026-07-01 12:09:31 | INFO |    Body start: y=200 (start row 8 via below-title)
2026-07-01 12:09:31 | INFO | URL Pattern: /monitoramento-de-agua-produzida
2026-07-01 12:09:31 | INFO | Page catalog complete: /workspace/catalog/.pages/comunicabaciadesantos_petrobras_com_br_monitoramento-de-agua-produzida--82c449ba/page-catalog.json
2026-07-01 12:09:31 | INFO | SUCCESS: https://comunicabaciadesantos.petrobras.com.br/monitoramento-de-agua-produzida
2026-07-01 12:09:32 | INFO | Phase 0A: Triggering lazy-loaded content...
2026-07-01 12:09:33 | INFO | [108/138] Processing: https://comunicabaciadesantos.petrobras.com.br/projeto-de-monitoramento-acustico-passivo-para-atividade-de-sismica-map-
2026-07-01 12:09:33 | INFO | Generated slug: comunicabaciadesantos_petrobras_com_br_projeto-de-monitoramento-acustico-passivo-para-atividade-de-sismica-map---47f96031
2026-07-01 12:09:33 | INFO | Starting analysis: https://comunicabaciadesantos.petrobras.com.br/projeto-de-monitoramento-acustico-passivo-para-atividade-de-sismica-map- -> /workspace/catalog/.pages/comunicabaciadesantos_petrobras_com_br_projeto-de-monitoramento-acustico-passivo-para-atividade-de-sismica-map---47f96031
2026-07-01 12:09:33 | INFO | Loading: https://comunicabaciadesantos.petrobras.com.br/projeto-de-monitoramento-acustico-passivo-para-atividade-de-sismica-map-
2026-07-01 12:09:33 | INFO | [109/138] Processing: https://comunicabaciadesantos.petrobras.com.br/projeto-de-avaliacao-de-impactos-cumulativos-paic-
2026-07-01 12:09:33 | INFO | Generated slug: comunicabaciadesantos_petrobras_com_br_projeto-de-avaliacao-de-impactos-cumulativos-paic---7e3a10bb
2026-07-01 12:09:33 | INFO | Starting analysis: https://comunicabaciadesantos.petrobras.com.br/projeto-de-avaliacao-de-impactos-cumulativos-paic- -> /workspace/catalog/.pages/comunicabaciadesantos_petrobras_com_br_projeto-de-avaliacao-de-impactos-cumulativos-paic---7e3a10bb
2026-07-01 12:09:33 | INFO | Loading: https://comunicabaciadesantos.petrobras.com.br/projeto-de-avaliacao-de-impactos-cumulativos-paic-
2026-07-01 12:09:33 | INFO | [110/138] Processing: https://comunicabaciadesantos.petrobras.com.br/projeto-de-monitoramento-da-atividade-pesqueira-pmap-
2026-07-01 12:09:33 | INFO | Generated slug: comunicabaciadesantos_petrobras_com_br_projeto-de-monitoramento-da-atividade-pesqueira-pmap---367b4731
2026-07-01 12:09:33 | INFO | Starting analysis: https://comunicabaciadesantos.petrobras.com.br/projeto-de-monitoramento-da-atividade-pesqueira-pmap- -> /workspace/catalog/.pages/comunicabaciadesantos_petrobras_com_br_projeto-de-monitoramento-da-atividade-pesqueira-pmap---367b4731
2026-07-01 12:09:34 | INFO | Loading: https://comunicabaciadesantos.petrobras.com.br/projeto-de-monitoramento-da-atividade-pesqueira-pmap-
2026-07-01 12:09:34 | INFO | Lazy-load scroll complete
2026-07-01 12:09:34 | INFO | Phase 0B: Cleaning up overlays...
2026-07-01 12:09:35 | INFO | Removed 5 elements: overlay, popup
📐 Detecting header/footer for this page...
2026-07-01 12:09:35 | INFO | Template - Reused saved header selector on current page
2026-07-01 12:09:35 | INFO | Template - Reused saved footer selector on current page
2026-07-01 12:09:35 | INFO | Header: simple complexity, 1 features
2026-07-01 12:09:35 | INFO | Footer: simple complexity, 0 features
2026-07-01 12:09:35 | INFO | Phase 2: Identifying main content area...
2026-07-01 12:09:35 | INFO | Main content: #main-content
2026-07-01 12:09:35 | INFO | Phase 3: Detecting blocks...
2026-07-01 12:09:35 | INFO | Phase 4: Capturing block screenshots...
2026-07-01 12:09:35 | INFO | Captured 1 block screenshots
2026-07-01 12:09:35 | INFO | Detected 1 blocks
2026-07-01 12:09:35 | INFO | Generating fingerprints for template discovery...
2026-07-01 12:09:38 | INFO |    Top-section: 6 rows via title
2026-07-01 12:09:38 | INFO |    Body start: y=200 (start row 8 via below-title)
2026-07-01 12:09:38 | INFO | URL Pattern: /monitoramento-meteorologico-e-oceanografico-por-sensoriamento-remoto
2026-07-01 12:09:38 | INFO | Page catalog complete: /workspace/catalog/.pages/comunicabaciadesantos_petrobras_com_br_monitoramento-meteorologico-e-oceanografico-por-sensoriamento-remoto--fc2890f2/page-catalog.json
2026-07-01 12:09:38 | INFO | SUCCESS: https://comunicabaciadesantos.petrobras.com.br/monitoramento-meteorologico-e-oceanografico-por-sensoriamento-remoto
2026-07-01 12:09:38 | INFO | Phase 0A: Triggering lazy-loaded content...
2026-07-01 12:09:38 | INFO | Phase 0A: Triggering lazy-loaded content...
2026-07-01 12:09:38 | INFO | Phase 0A: Triggering lazy-loaded content...
2026-07-01 12:09:40 | INFO | Lazy-load scroll complete
2026-07-01 12:09:40 | INFO | Phase 0B: Cleaning up overlays...
2026-07-01 12:09:40 | INFO | [111/138] Processing: https://comunicabaciadesantos.petrobras.com.br/projeto-de-monitoramento-da-paisagem-acustica-submarina-pmpas-
2026-07-01 12:09:40 | INFO | Generated slug: comunicabaciadesantos_petrobras_com_br_projeto-de-monitoramento-da-paisagem-acustica-submarina-pmpas---7a66f8cd
2026-07-01 12:09:40 | INFO | Starting analysis: https://comunicabaciadesantos.petrobras.com.br/projeto-de-monitoramento-da-paisagem-acustica-submarina-pmpas- -> /workspace/catalog/.pages/comunicabaciadesantos_petrobras_com_br_projeto-de-monitoramento-da-paisagem-acustica-submarina-pmpas---7a66f8cd
2026-07-01 12:09:40 | INFO | Loading: https://comunicabaciadesantos.petrobras.com.br/projeto-de-monitoramento-da-paisagem-acustica-submarina-pmpas-
2026-07-01 12:09:40 | INFO | Lazy-load scroll complete
2026-07-01 12:09:40 | INFO | Phase 0B: Cleaning up overlays...
2026-07-01 12:09:40 | INFO | Lazy-load scroll complete
2026-07-01 12:09:40 | INFO | Phase 0B: Cleaning up overlays...
2026-07-01 12:09:40 | INFO | Removed 5 elements: overlay, popup
📐 Detecting header/footer for this page...
2026-07-01 12:09:40 | INFO | Template - Reused saved header selector on current page
2026-07-01 12:09:40 | INFO | Template - Reused saved footer selector on current page
2026-07-01 12:09:40 | INFO | Header: simple complexity, 1 features
2026-07-01 12:09:40 | INFO | Footer: simple complexity, 0 features
2026-07-01 12:09:40 | INFO | Phase 2: Identifying main content area...
2026-07-01 12:09:40 | INFO | Main content: #main-content
2026-07-01 12:09:40 | INFO | Phase 3: Detecting blocks...
2026-07-01 12:09:40 | INFO | Phase 4: Capturing block screenshots...
2026-07-01 12:09:40 | INFO | Removed 5 elements: overlay, popup
📐 Detecting header/footer for this page...
2026-07-01 12:09:40 | INFO | Template - Reused saved header selector on current page
2026-07-01 12:09:40 | INFO | Template - Reused saved footer selector on current page
2026-07-01 12:09:40 | INFO | Header: simple complexity, 1 features
2026-07-01 12:09:40 | INFO | Footer: simple complexity, 0 features
2026-07-01 12:09:40 | INFO | Phase 2: Identifying main content area...
2026-07-01 12:09:40 | INFO | Main content: #main-content
2026-07-01 12:09:41 | INFO | Phase 3: Detecting blocks...
2026-07-01 12:09:41 | INFO | Phase 4: Capturing block screenshots...
2026-07-01 12:09:41 | INFO | Removed 5 elements: overlay, popup
📐 Detecting header/footer for this page...
2026-07-01 12:09:41 | INFO | Template - Reused saved header selector on current page
2026-07-01 12:09:41 | INFO | Template - Reused saved footer selector on current page
2026-07-01 12:09:41 | INFO | Header: simple complexity, 1 features
2026-07-01 12:09:41 | INFO | Footer: simple complexity, 0 features
2026-07-01 12:09:41 | INFO | Phase 2: Identifying main content area...
2026-07-01 12:09:41 | INFO | Main content: #main-content
2026-07-01 12:09:41 | INFO | Captured 1 block screenshots
2026-07-01 12:09:41 | INFO | Detected 1 blocks
2026-07-01 12:09:41 | INFO | Generating fingerprints for template discovery...
2026-07-01 12:09:41 | INFO | Phase 3: Detecting blocks...
2026-07-01 12:09:41 | INFO | Phase 4: Capturing block screenshots...
2026-07-01 12:09:41 | INFO | Captured 2 block screenshots
2026-07-01 12:09:41 | INFO | Detected 2 blocks
2026-07-01 12:09:41 | INFO | Generating fingerprints for template discovery...
2026-07-01 12:09:42 | INFO | Captured 1 block screenshots
2026-07-01 12:09:42 | INFO | Detected 1 blocks
2026-07-01 12:09:42 | INFO | Generating fingerprints for template discovery...
2026-07-01 12:09:43 | INFO |    Top-section: 6 rows via title
2026-07-01 12:09:43 | INFO |    Body start: y=200 (start row 8 via below-title)
2026-07-01 12:09:43 | INFO | URL Pattern: /projeto-de-monitoramento-acustico-passivo-para-atividade-de-sismica-map-
2026-07-01 12:09:43 | INFO | Page catalog complete: /workspace/catalog/.pages/comunicabaciadesantos_petrobras_com_br_projeto-de-monitoramento-acustico-passivo-para-atividade-de-sismica-map---47f96031/page-catalog.json
2026-07-01 12:09:43 | INFO | SUCCESS: https://comunicabaciadesantos.petrobras.com.br/projeto-de-monitoramento-acustico-passivo-para-atividade-de-sismica-map-
2026-07-01 12:09:44 | INFO |    Top-section: 6 rows via title
2026-07-01 12:09:44 | INFO |    Body start: y=200 (start row 8 via below-title)
2026-07-01 12:09:44 | INFO | URL Pattern: /projeto-de-monitoramento-da-atividade-pesqueira-pmap-
2026-07-01 12:09:44 | INFO | Page catalog complete: /workspace/catalog/.pages/comunicabaciadesantos_petrobras_com_br_projeto-de-monitoramento-da-atividade-pesqueira-pmap---367b4731/page-catalog.json
2026-07-01 12:09:44 | INFO | SUCCESS: https://comunicabaciadesantos.petrobras.com.br/projeto-de-monitoramento-da-atividade-pesqueira-pmap-
2026-07-01 12:09:44 | INFO |    Top-section: 4 rows via title
2026-07-01 12:09:44 | INFO |    Body start: y=150 (start row 6 via below-title)
2026-07-01 12:09:44 | INFO | URL Pattern: /projeto-de-avaliacao-de-impactos-cumulativos-paic-
2026-07-01 12:09:44 | INFO | Page catalog complete: /workspace/catalog/.pages/comunicabaciadesantos_petrobras_com_br_projeto-de-avaliacao-de-impactos-cumulativos-paic---7e3a10bb/page-catalog.json
2026-07-01 12:09:44 | INFO | SUCCESS: https://comunicabaciadesantos.petrobras.com.br/projeto-de-avaliacao-de-impactos-cumulativos-paic-
2026-07-01 12:09:44 | INFO | PROGRESS: 110/138 analyzed (80% checklist complete) | 110 ok, 0 failed, 0 skipped | ~2 min remaining
2026-07-01 12:09:44 | INFO | Phase 0A: Triggering lazy-loaded content...
2026-07-01 12:09:45 | INFO | [112/138] Processing: https://comunicabaciadesantos.petrobras.com.br/projeto-de-monitoramento-de-cetaceos-pmc
2026-07-01 12:09:45 | INFO | Generated slug: comunicabaciadesantos_petrobras_com_br_projeto-de-monitoramento-de-cetaceos-pmc--299db1b4
2026-07-01 12:09:45 | INFO | Starting analysis: https://comunicabaciadesantos.petrobras.com.br/projeto-de-monitoramento-de-cetaceos-pmc -> /workspace/catalog/.pages/comunicabaciadesantos_petrobras_com_br_projeto-de-monitoramento-de-cetaceos-pmc--299db1b4
2026-07-01 12:09:45 | INFO | Loading: https://comunicabaciadesantos.petrobras.com.br/projeto-de-monitoramento-de-cetaceos-pmc
2026-07-01 12:09:46 | INFO | [113/138] Processing: https://comunicabaciadesantos.petrobras.com.br/projeto-de-monitoramento-de-praias-pmp-
2026-07-01 12:09:46 | INFO | Generated slug: comunicabaciadesantos_petrobras_com_br_projeto-de-monitoramento-de-praias-pmp---396b19f9
2026-07-01 12:09:46 | INFO | Starting analysis: https://comunicabaciadesantos.petrobras.com.br/projeto-de-monitoramento-de-praias-pmp- -> /workspace/catalog/.pages/comunicabaciadesantos_petrobras_com_br_projeto-de-monitoramento-de-praias-pmp---396b19f9
2026-07-01 12:09:46 | INFO | Loading: https://comunicabaciadesantos.petrobras.com.br/projeto-de-monitoramento-de-praias-pmp-
2026-07-01 12:09:46 | INFO | Lazy-load scroll complete
2026-07-01 12:09:46 | INFO | Phase 0B: Cleaning up overlays...
2026-07-01 12:09:46 | INFO | [114/138] Processing: https://comunicabaciadesantos.petrobras.com.br/projeto-de-monitoramento-do-trafego-de-embarcacoes-pmte-
2026-07-01 12:09:46 | INFO | Generated slug: comunicabaciadesantos_petrobras_com_br_projeto-de-monitoramento-do-trafego-de-embarcacoes-pmte---829c23e0
2026-07-01 12:09:46 | INFO | Starting analysis: https://comunicabaciadesantos.petrobras.com.br/projeto-de-monitoramento-do-trafego-de-embarcacoes-pmte- -> /workspace/catalog/.pages/comunicabaciadesantos_petrobras_com_br_projeto-de-monitoramento-do-trafego-de-embarcacoes-pmte---829c23e0
2026-07-01 12:09:46 | INFO | Loading: https://comunicabaciadesantos.petrobras.com.br/projeto-de-monitoramento-do-trafego-de-embarcacoes-pmte-
2026-07-01 12:09:46 | INFO | Removed 5 elements: overlay, popup
📐 Detecting header/footer for this page...
2026-07-01 12:09:46 | INFO | Template - Reused saved header selector on current page
2026-07-01 12:09:46 | INFO | Template - Reused saved footer selector on current page
2026-07-01 12:09:46 | INFO | Header: simple complexity, 1 features
2026-07-01 12:09:46 | INFO | Footer: simple complexity, 0 features
2026-07-01 12:09:46 | INFO | Phase 2: Identifying main content area...
2026-07-01 12:09:46 | INFO | Main content: #main-content
2026-07-01 12:09:47 | INFO | Phase 3: Detecting blocks...
2026-07-01 12:09:47 | INFO | Phase 4: Capturing block screenshots...
2026-07-01 12:09:47 | INFO | Captured 1 block screenshots
2026-07-01 12:09:47 | INFO | Detected 1 blocks
2026-07-01 12:09:47 | INFO | Generating fingerprints for template discovery...
2026-07-01 12:09:49 | INFO |    Top-section: 6 rows via title
2026-07-01 12:09:49 | INFO |    Body start: y=300 (start row 12 via below-title)
2026-07-01 12:09:49 | INFO | URL Pattern: /projeto-de-monitoramento-da-paisagem-acustica-submarina-pmpas-
2026-07-01 12:09:49 | INFO | Page catalog complete: /workspace/catalog/.pages/comunicabaciadesantos_petrobras_com_br_projeto-de-monitoramento-da-paisagem-acustica-submarina-pmpas---7a66f8cd/page-catalog.json
2026-07-01 12:09:49 | INFO | SUCCESS: https://comunicabaciadesantos.petrobras.com.br/projeto-de-monitoramento-da-paisagem-acustica-submarina-pmpas-
2026-07-01 12:09:50 | INFO | Phase 0A: Triggering lazy-loaded content...
2026-07-01 12:09:50 | INFO | Phase 0A: Triggering lazy-loaded content...
2026-07-01 12:09:51 | INFO | Phase 0A: Triggering lazy-loaded content...
2026-07-01 12:09:51 | INFO | [115/138] Processing: https://comunicabaciadesantos.petrobras.com.br/projeto-de-monitoramento-socioeconomico-pms
2026-07-01 12:09:51 | INFO | Generated slug: comunicabaciadesantos_petrobras_com_br_projeto-de-monitoramento-socioeconomico-pms--0d1dbbe9
2026-07-01 12:09:51 | INFO | Starting analysis: https://comunicabaciadesantos.petrobras.com.br/projeto-de-monitoramento-socioeconomico-pms -> /workspace/catalog/.pages/comunicabaciadesantos_petrobras_com_br_projeto-de-monitoramento-socioeconomico-pms--0d1dbbe9
2026-07-01 12:09:51 | INFO | Loading: https://comunicabaciadesantos.petrobras.com.br/projeto-de-monitoramento-socioeconomico-pms
2026-07-01 12:09:52 | INFO | Lazy-load scroll complete
2026-07-01 12:09:52 | INFO | Phase 0B: Cleaning up overlays...
2026-07-01 12:09:52 | INFO | Lazy-load scroll complete
2026-07-01 12:09:52 | INFO | Phase 0B: Cleaning up overlays...
2026-07-01 12:09:53 | INFO | Lazy-load scroll complete
2026-07-01 12:09:53 | INFO | Phase 0B: Cleaning up overlays...
2026-07-01 12:09:53 | INFO | Removed 5 elements: overlay, popup
📐 Detecting header/footer for this page...
2026-07-01 12:09:53 | INFO | Template - Reused saved header selector on current page
2026-07-01 12:09:53 | INFO | Removed 5 elements: overlay, popup
📐 Detecting header/footer for this page...
2026-07-01 12:09:53 | INFO | Template - Reused saved footer selector on current page
2026-07-01 12:09:53 | INFO | Header: simple complexity, 1 features
2026-07-01 12:09:53 | INFO | Footer: simple complexity, 0 features
2026-07-01 12:09:53 | INFO | Phase 2: Identifying main content area...
2026-07-01 12:09:53 | INFO | Main content: #main-content
2026-07-01 12:09:53 | INFO | Template - Reused saved header selector on current page
2026-07-01 12:09:53 | INFO | Template - Reused saved footer selector on current page
2026-07-01 12:09:53 | INFO | Header: simple complexity, 1 features
2026-07-01 12:09:53 | INFO | Footer: simple complexity, 0 features
2026-07-01 12:09:53 | INFO | Phase 2: Identifying main content area...
2026-07-01 12:09:53 | INFO | Main content: #main-content
2026-07-01 12:09:53 | INFO | Phase 3: Detecting blocks...
2026-07-01 12:09:53 | INFO | Phase 4: Capturing block screenshots...
2026-07-01 12:09:53 | INFO | Phase 3: Detecting blocks...
2026-07-01 12:09:53 | INFO | Phase 4: Capturing block screenshots...
2026-07-01 12:09:53 | INFO | Removed 5 elements: overlay, popup
📐 Detecting header/footer for this page...
2026-07-01 12:09:53 | INFO | Template - Reused saved header selector on current page
2026-07-01 12:09:53 | INFO | Template - Reused saved footer selector on current page
2026-07-01 12:09:53 | INFO | Header: simple complexity, 1 features
2026-07-01 12:09:53 | INFO | Footer: simple complexity, 0 features
2026-07-01 12:09:53 | INFO | Phase 2: Identifying main content area...
2026-07-01 12:09:53 | INFO | Main content: #main-content
2026-07-01 12:09:53 | INFO | Captured 1 block screenshots
2026-07-01 12:09:53 | INFO | Detected 1 blocks
2026-07-01 12:09:53 | INFO | Generating fingerprints for template discovery...
2026-07-01 12:09:53 | INFO | Captured 1 block screenshots
2026-07-01 12:09:53 | INFO | Detected 1 blocks
2026-07-01 12:09:53 | INFO | Generating fingerprints for template discovery...
2026-07-01 12:09:53 | INFO | Phase 3: Detecting blocks...
2026-07-01 12:09:53 | WARNING | Blocks - 67% of blocks are unknown - site uses non-EDS patterns
2026-07-01 12:09:53 | INFO | Phase 4: Capturing block screenshots...
2026-07-01 12:09:54 | INFO | Captured 3 block screenshots
2026-07-01 12:09:54 | INFO | Detected 3 blocks
2026-07-01 12:09:54 | INFO | Generating fingerprints for template discovery...
2026-07-01 12:09:56 | INFO |    Top-section: 6 rows via title
2026-07-01 12:09:56 | INFO |    Body start: y=200 (start row 8 via below-title)
2026-07-01 12:09:56 | INFO | URL Pattern: /projeto-de-monitoramento-do-trafego-de-embarcacoes-pmte-
2026-07-01 12:09:56 | INFO | Page catalog complete: /workspace/catalog/.pages/comunicabaciadesantos_petrobras_com_br_projeto-de-monitoramento-do-trafego-de-embarcacoes-pmte---829c23e0/page-catalog.json
2026-07-01 12:09:56 | INFO | SUCCESS: https://comunicabaciadesantos.petrobras.com.br/projeto-de-monitoramento-do-trafego-de-embarcacoes-pmte-
2026-07-01 12:09:56 | INFO |    Top-section: 6 rows via title
2026-07-01 12:09:56 | INFO |    Body start: y=200 (start row 8 via below-title)
2026-07-01 12:09:56 | INFO | URL Pattern: /projeto-de-monitoramento-de-cetaceos-pmc
2026-07-01 12:09:56 | INFO | Page catalog complete: /workspace/catalog/.pages/comunicabaciadesantos_petrobras_com_br_projeto-de-monitoramento-de-cetaceos-pmc--299db1b4/page-catalog.json
2026-07-01 12:09:56 | INFO | SUCCESS: https://comunicabaciadesantos.petrobras.com.br/projeto-de-monitoramento-de-cetaceos-pmc
2026-07-01 12:09:56 | INFO | Phase 0A: Triggering lazy-loaded content...
2026-07-01 12:09:57 | INFO |    Top-section: 6 rows via title
2026-07-01 12:09:57 | INFO |    Body start: y=200 (start row 8 via below-title)
2026-07-01 12:09:57 | INFO | URL Pattern: /projeto-de-monitoramento-de-praias-pmp-
2026-07-01 12:09:57 | INFO | Page catalog complete: /workspace/catalog/.pages/comunicabaciadesantos_petrobras_com_br_projeto-de-monitoramento-de-praias-pmp---396b19f9/page-catalog.json
2026-07-01 12:09:57 | INFO | SUCCESS: https://comunicabaciadesantos.petrobras.com.br/projeto-de-monitoramento-de-praias-pmp-
2026-07-01 12:09:58 | INFO | Lazy-load scroll complete
2026-07-01 12:09:58 | INFO | Phase 0B: Cleaning up overlays...
2026-07-01 12:09:58 | INFO | [116/138] Processing: https://comunicabaciadesantos.petrobras.com.br/condicionantes-unidades-de-conservacao
2026-07-01 12:09:58 | INFO | Generated slug: comunicabaciadesantos_petrobras_com_br_condicionantes-unidades-de-conservacao--ed404e0a
2026-07-01 12:09:58 | INFO | Starting analysis: https://comunicabaciadesantos.petrobras.com.br/condicionantes-unidades-de-conservacao -> /workspace/catalog/.pages/comunicabaciadesantos_petrobras_com_br_condicionantes-unidades-de-conservacao--ed404e0a
2026-07-01 12:09:58 | INFO | [117/138] Processing: https://comunicabaciadesantos.petrobras.com.br/fpso-cidade-de-ilhabela
2026-07-01 12:09:58 | INFO | Generated slug: comunicabaciadesantos_petrobras_com_br_fpso-cidade-de-ilhabela--90d5637b
2026-07-01 12:09:58 | INFO | Starting analysis: https://comunicabaciadesantos.petrobras.com.br/fpso-cidade-de-ilhabela -> /workspace/catalog/.pages/comunicabaciadesantos_petrobras_com_br_fpso-cidade-de-ilhabela--90d5637b
2026-07-01 12:09:58 | INFO | Loading: https://comunicabaciadesantos.petrobras.com.br/condicionantes-unidades-de-conservacao
2026-07-01 12:09:58 | INFO | Loading: https://comunicabaciadesantos.petrobras.com.br/fpso-cidade-de-ilhabela
2026-07-01 12:09:58 | INFO | Removed 5 elements: overlay, popup
📐 Detecting header/footer for this page...
2026-07-01 12:09:58 | INFO | Template - Reused saved header selector on current page
2026-07-01 12:09:58 | INFO | Template - Reused saved footer selector on current page
2026-07-01 12:09:58 | INFO | Header: simple complexity, 1 features
2026-07-01 12:09:58 | INFO | Footer: simple complexity, 0 features
2026-07-01 12:09:58 | INFO | Phase 2: Identifying main content area...
2026-07-01 12:09:58 | INFO | Main content: #main-content
2026-07-01 12:09:59 | INFO | Phase 3: Detecting blocks...
2026-07-01 12:09:59 | INFO | Phase 4: Capturing block screenshots...
2026-07-01 12:09:59 | INFO | [118/138] Processing: https://comunicabaciadesantos.petrobras.com.br/fpso-cidade-de-itaguai
2026-07-01 12:09:59 | INFO | Generated slug: comunicabaciadesantos_petrobras_com_br_fpso-cidade-de-itaguai--0d70b8aa
2026-07-01 12:09:59 | INFO | Starting analysis: https://comunicabaciadesantos.petrobras.com.br/fpso-cidade-de-itaguai -> /workspace/catalog/.pages/comunicabaciadesantos_petrobras_com_br_fpso-cidade-de-itaguai--0d70b8aa
2026-07-01 12:09:59 | INFO | Loading: https://comunicabaciadesantos.petrobras.com.br/fpso-cidade-de-itaguai
2026-07-01 12:09:59 | INFO | Captured 1 block screenshots
2026-07-01 12:09:59 | INFO | Detected 1 blocks
2026-07-01 12:09:59 | INFO | Generating fingerprints for template discovery...
2026-07-01 12:10:01 | INFO |    Top-section: 6 rows via title
2026-07-01 12:10:01 | INFO |    Body start: y=300 (start row 12 via below-title)
2026-07-01 12:10:01 | INFO | URL Pattern: /projeto-de-monitoramento-socioeconomico-pms
2026-07-01 12:10:01 | INFO | Page catalog complete: /workspace/catalog/.pages/comunicabaciadesantos_petrobras_com_br_projeto-de-monitoramento-socioeconomico-pms--0d1dbbe9/page-catalog.json
2026-07-01 12:10:01 | INFO | SUCCESS: https://comunicabaciadesantos.petrobras.com.br/projeto-de-monitoramento-socioeconomico-pms
2026-07-01 12:10:01 | INFO | PROGRESS: 115/138 analyzed (83% checklist complete) | 115 ok, 0 failed, 0 skipped | ~2 min remaining
2026-07-01 12:10:03 | INFO | Phase 0A: Triggering lazy-loaded content...
2026-07-01 12:10:03 | INFO | [119/138] Processing: https://comunicabaciadesantos.petrobras.com.br/fpso-cidade-de-marica
2026-07-01 12:10:03 | INFO | Generated slug: comunicabaciadesantos_petrobras_com_br_fpso-cidade-de-marica--431aa30a
2026-07-01 12:10:03 | INFO | Starting analysis: https://comunicabaciadesantos.petrobras.com.br/fpso-cidade-de-marica -> /workspace/catalog/.pages/comunicabaciadesantos_petrobras_com_br_fpso-cidade-de-marica--431aa30a
2026-07-01 12:10:03 | INFO | Loading: https://comunicabaciadesantos.petrobras.com.br/fpso-cidade-de-marica
2026-07-01 12:10:05 | INFO | Lazy-load scroll complete
2026-07-01 12:10:05 | INFO | Phase 0B: Cleaning up overlays...
2026-07-01 12:10:05 | INFO | Phase 0A: Triggering lazy-loaded content...
2026-07-01 12:10:05 | INFO | Phase 0A: Triggering lazy-loaded content...
2026-07-01 12:10:05 | INFO | Removed 5 elements: overlay, popup
📐 Detecting header/footer for this page...
2026-07-01 12:10:05 | INFO | Template - Reused saved header selector on current page
2026-07-01 12:10:05 | INFO | Template - Reused saved footer selector on current page
2026-07-01 12:10:05 | INFO | Header: simple complexity, 1 features
2026-07-01 12:10:05 | INFO | Footer: simple complexity, 0 features
2026-07-01 12:10:05 | INFO | Phase 2: Identifying main content area...
2026-07-01 12:10:05 | INFO | Main content: #main-content
2026-07-01 12:10:05 | INFO | Phase 3: Detecting blocks...
2026-07-01 12:10:06 | INFO | Phase 4: Capturing block screenshots...
2026-07-01 12:10:06 | INFO | Captured 2 block screenshots
2026-07-01 12:10:06 | INFO | Detected 2 blocks
2026-07-01 12:10:06 | INFO | Generating fingerprints for template discovery...
2026-07-01 12:10:06 | INFO | Lazy-load scroll complete
2026-07-01 12:10:06 | INFO | Phase 0B: Cleaning up overlays...
2026-07-01 12:10:07 | INFO | Lazy-load scroll complete
2026-07-01 12:10:07 | INFO | Phase 0B: Cleaning up overlays...
2026-07-01 12:10:07 | INFO | Removed 5 elements: overlay, popup
📐 Detecting header/footer for this page...
2026-07-01 12:10:07 | INFO | Template - Reused saved header selector on current page
2026-07-01 12:10:07 | INFO | Template - Reused saved footer selector on current page
2026-07-01 12:10:07 | INFO | Header: simple complexity, 1 features
2026-07-01 12:10:07 | INFO | Footer: simple complexity, 0 features
2026-07-01 12:10:07 | INFO | Phase 2: Identifying main content area...
2026-07-01 12:10:07 | INFO | Main content: #main-content
2026-07-01 12:10:07 | INFO | Phase 3: Detecting blocks...
2026-07-01 12:10:07 | INFO | Phase 4: Capturing block screenshots...
2026-07-01 12:10:07 | INFO | Removed 5 elements: overlay, popup
📐 Detecting header/footer for this page...
2026-07-01 12:10:07 | INFO | Template - Reused saved header selector on current page
2026-07-01 12:10:07 | INFO | Template - Reused saved footer selector on current page
2026-07-01 12:10:07 | INFO | Header: simple complexity, 1 features
2026-07-01 12:10:07 | INFO | Footer: simple complexity, 0 features
2026-07-01 12:10:07 | INFO | Phase 2: Identifying main content area...
2026-07-01 12:10:07 | INFO | Main content: #main-content
2026-07-01 12:10:07 | INFO | Phase 3: Detecting blocks...
2026-07-01 12:10:08 | INFO | Phase 4: Capturing block screenshots...
2026-07-01 12:10:08 | INFO | Captured 1 block screenshots
2026-07-01 12:10:08 | INFO | Detected 1 blocks
2026-07-01 12:10:08 | INFO | Generating fingerprints for template discovery...
2026-07-01 12:10:08 | INFO | Captured 1 block screenshots
2026-07-01 12:10:08 | INFO | Detected 1 blocks
2026-07-01 12:10:08 | INFO | Generating fingerprints for template discovery...
2026-07-01 12:10:08 | INFO |    Top-section: 1 rows via title
2026-07-01 12:10:08 | INFO |    Body start: y=25 (start row 1 via below-title)
2026-07-01 12:10:08 | INFO | URL Pattern: /condicionantes-unidades-de-conservacao
2026-07-01 12:10:08 | INFO | Page catalog complete: /workspace/catalog/.pages/comunicabaciadesantos_petrobras_com_br_condicionantes-unidades-de-conservacao--ed404e0a/page-catalog.json
2026-07-01 12:10:08 | INFO | SUCCESS: https://comunicabaciadesantos.petrobras.com.br/condicionantes-unidades-de-conservacao
2026-07-01 12:10:08 | INFO | Phase 0A: Triggering lazy-loaded content...
2026-07-01 12:10:10 | INFO | Lazy-load scroll complete
2026-07-01 12:10:10 | INFO | Phase 0B: Cleaning up overlays...
2026-07-01 12:10:10 | INFO |    Top-section: 8 rows via title+container
2026-07-01 12:10:10 | INFO |    Body start: y=200 (start row 8 via below-title+container)
2026-07-01 12:10:10 | INFO | URL Pattern: /fpso-cidade-de-ilhabela
2026-07-01 12:10:10 | INFO | Page catalog complete: /workspace/catalog/.pages/comunicabaciadesantos_petrobras_com_br_fpso-cidade-de-ilhabela--90d5637b/page-catalog.json
2026-07-01 12:10:10 | INFO | SUCCESS: https://comunicabaciadesantos.petrobras.com.br/fpso-cidade-de-ilhabela
2026-07-01 12:10:10 | INFO | [120/138] Processing: https://comunicabaciadesantos.petrobras.com.br/fpso-cidade-de-saquarema
2026-07-01 12:10:10 | INFO | Generated slug: comunicabaciadesantos_petrobras_com_br_fpso-cidade-de-saquarema--c8e8d1ae
2026-07-01 12:10:10 | INFO | Starting analysis: https://comunicabaciadesantos.petrobras.com.br/fpso-cidade-de-saquarema -> /workspace/catalog/.pages/comunicabaciadesantos_petrobras_com_br_fpso-cidade-de-saquarema--c8e8d1ae
2026-07-01 12:10:10 | INFO |    Top-section: 8 rows via title+container
2026-07-01 12:10:10 | INFO |    Body start: y=200 (start row 8 via below-title+container)
2026-07-01 12:10:10 | INFO | URL Pattern: /fpso-cidade-de-itaguai
2026-07-01 12:10:10 | INFO | Page catalog complete: /workspace/catalog/.pages/comunicabaciadesantos_petrobras_com_br_fpso-cidade-de-itaguai--0d70b8aa/page-catalog.json
2026-07-01 12:10:10 | INFO | Loading: https://comunicabaciadesantos.petrobras.com.br/fpso-cidade-de-saquarema
2026-07-01 12:10:10 | INFO | SUCCESS: https://comunicabaciadesantos.petrobras.com.br/fpso-cidade-de-itaguai
2026-07-01 12:10:11 | INFO | Removed 5 elements: overlay, popup
📐 Detecting header/footer for this page...
2026-07-01 12:10:11 | INFO | Template - Reused saved header selector on current page
2026-07-01 12:10:11 | INFO | Template - Reused saved footer selector on current page
2026-07-01 12:10:11 | INFO | Header: simple complexity, 1 features
2026-07-01 12:10:11 | INFO | Footer: simple complexity, 0 features
2026-07-01 12:10:11 | INFO | Phase 2: Identifying main content area...
2026-07-01 12:10:11 | INFO | Main content: #main-content
2026-07-01 12:10:11 | INFO | Phase 3: Detecting blocks...
2026-07-01 12:10:11 | INFO | Phase 4: Capturing block screenshots...
2026-07-01 12:10:11 | INFO | Captured 1 block screenshots
2026-07-01 12:10:11 | INFO | Detected 1 blocks
2026-07-01 12:10:11 | INFO | Generating fingerprints for template discovery...
2026-07-01 12:10:12 | INFO | [121/138] Processing: https://comunicabaciadesantos.petrobras.com.br/p-66
2026-07-01 12:10:12 | INFO | Generated slug: comunicabaciadesantos_petrobras_com_br_p-66--b4bf4a67
2026-07-01 12:10:12 | INFO | Starting analysis: https://comunicabaciadesantos.petrobras.com.br/p-66 -> /workspace/catalog/.pages/comunicabaciadesantos_petrobras_com_br_p-66--b4bf4a67
2026-07-01 12:10:12 | INFO | Loading: https://comunicabaciadesantos.petrobras.com.br/p-66
2026-07-01 12:10:12 | INFO | [122/138] Processing: https://comunicabaciadesantos.petrobras.com.br/p-74
2026-07-01 12:10:12 | INFO | Generated slug: comunicabaciadesantos_petrobras_com_br_p-74--05500800
2026-07-01 12:10:12 | INFO | Starting analysis: https://comunicabaciadesantos.petrobras.com.br/p-74 -> /workspace/catalog/.pages/comunicabaciadesantos_petrobras_com_br_p-74--05500800
2026-07-01 12:10:12 | INFO | Loading: https://comunicabaciadesantos.petrobras.com.br/p-74
2026-07-01 12:10:14 | INFO |    Top-section: 8 rows via title+container
2026-07-01 12:10:14 | INFO |    Body start: y=200 (start row 8 via below-title+container)
2026-07-01 12:10:14 | INFO | URL Pattern: /fpso-cidade-de-marica
2026-07-01 12:10:14 | INFO | Page catalog complete: /workspace/catalog/.pages/comunicabaciadesantos_petrobras_com_br_fpso-cidade-de-marica--431aa30a/page-catalog.json
2026-07-01 12:10:14 | INFO | SUCCESS: https://comunicabaciadesantos.petrobras.com.br/fpso-cidade-de-marica
2026-07-01 12:10:16 | INFO | Phase 0A: Triggering lazy-loaded content...
2026-07-01 12:10:16 | INFO | [123/138] Processing: https://comunicabaciadesantos.petrobras.com.br/p-69
2026-07-01 12:10:16 | INFO | Generated slug: comunicabaciadesantos_petrobras_com_br_p-69--6e1b10ab
2026-07-01 12:10:16 | INFO | Starting analysis: https://comunicabaciadesantos.petrobras.com.br/p-69 -> /workspace/catalog/.pages/comunicabaciadesantos_petrobras_com_br_p-69--6e1b10ab
2026-07-01 12:10:16 | INFO | Loading: https://comunicabaciadesantos.petrobras.com.br/p-69
2026-07-01 12:10:17 | INFO | Phase 0A: Triggering lazy-loaded content...
2026-07-01 12:10:17 | INFO | Phase 0A: Triggering lazy-loaded content...
2026-07-01 12:10:17 | INFO | Lazy-load scroll complete
2026-07-01 12:10:17 | INFO | Phase 0B: Cleaning up overlays...
2026-07-01 12:10:18 | INFO | Removed 5 elements: overlay, popup
📐 Detecting header/footer for this page...
2026-07-01 12:10:18 | INFO | Template - Reused saved header selector on current page
2026-07-01 12:10:18 | INFO | Template - Reused saved footer selector on current page
2026-07-01 12:10:18 | INFO | Header: simple complexity, 1 features
2026-07-01 12:10:18 | INFO | Footer: simple complexity, 0 features
2026-07-01 12:10:18 | INFO | Phase 2: Identifying main content area...
2026-07-01 12:10:18 | INFO | Main content: #main-content
2026-07-01 12:10:18 | INFO | Phase 3: Detecting blocks...
2026-07-01 12:10:18 | INFO | Phase 4: Capturing block screenshots...
2026-07-01 12:10:18 | INFO | Lazy-load scroll complete
2026-07-01 12:10:18 | INFO | Phase 0B: Cleaning up overlays...
2026-07-01 12:10:18 | INFO | Lazy-load scroll complete
2026-07-01 12:10:18 | INFO | Phase 0B: Cleaning up overlays...
2026-07-01 12:10:18 | INFO | Captured 1 block screenshots
2026-07-01 12:10:18 | INFO | Detected 1 blocks
2026-07-01 12:10:18 | INFO | Generating fingerprints for template discovery...
2026-07-01 12:10:19 | INFO | Removed 5 elements: overlay, popup
📐 Detecting header/footer for this page...
2026-07-01 12:10:19 | INFO | Template - Reused saved header selector on current page
2026-07-01 12:10:19 | INFO | Template - Reused saved footer selector on current page
2026-07-01 12:10:19 | INFO | Header: simple complexity, 1 features
2026-07-01 12:10:19 | INFO | Footer: simple complexity, 0 features
2026-07-01 12:10:19 | INFO | Phase 2: Identifying main content area...
2026-07-01 12:10:19 | INFO | Main content: #main-content
2026-07-01 12:10:19 | INFO | Phase 3: Detecting blocks...
2026-07-01 12:10:19 | INFO | Phase 4: Capturing block screenshots...
2026-07-01 12:10:19 | INFO | Removed 5 elements: overlay, popup
📐 Detecting header/footer for this page...
2026-07-01 12:10:19 | INFO | Template - Reused saved header selector on current page
2026-07-01 12:10:19 | INFO | Template - Reused saved footer selector on current page
2026-07-01 12:10:19 | INFO | Header: simple complexity, 1 features
2026-07-01 12:10:19 | INFO | Footer: simple complexity, 0 features
2026-07-01 12:10:19 | INFO | Phase 2: Identifying main content area...
2026-07-01 12:10:19 | INFO | Main content: #main-content
2026-07-01 12:10:19 | INFO | Phase 3: Detecting blocks...
2026-07-01 12:10:19 | INFO | Phase 4: Capturing block screenshots...
2026-07-01 12:10:19 | INFO | Captured 1 block screenshots
2026-07-01 12:10:19 | INFO | Detected 1 blocks
2026-07-01 12:10:19 | INFO | Generating fingerprints for template discovery...
2026-07-01 12:10:20 | INFO | Captured 1 block screenshots
2026-07-01 12:10:20 | INFO | Detected 1 blocks
2026-07-01 12:10:20 | INFO | Generating fingerprints for template discovery...
2026-07-01 12:10:21 | INFO | Phase 0A: Triggering lazy-loaded content...
2026-07-01 12:10:21 | INFO |    Top-section: 8 rows via title+container
2026-07-01 12:10:21 | INFO |    Body start: y=200 (start row 8 via below-title+container)
2026-07-01 12:10:21 | INFO | URL Pattern: /fpso-cidade-de-saquarema
2026-07-01 12:10:21 | INFO | Page catalog complete: /workspace/catalog/.pages/comunicabaciadesantos_petrobras_com_br_fpso-cidade-de-saquarema--c8e8d1ae/page-catalog.json
2026-07-01 12:10:21 | INFO | SUCCESS: https://comunicabaciadesantos.petrobras.com.br/fpso-cidade-de-saquarema
2026-07-01 12:10:21 | INFO | PROGRESS: 120/138 analyzed (87% checklist complete) | 120 ok, 0 failed, 0 skipped | ~1 min remaining
2026-07-01 12:10:22 | INFO |    Top-section: 8 rows via title+container
2026-07-01 12:10:22 | INFO |    Body start: y=200 (start row 8 via below-title+container)
2026-07-01 12:10:22 | INFO | URL Pattern: /p-66
2026-07-01 12:10:22 | INFO | Page catalog complete: /workspace/catalog/.pages/comunicabaciadesantos_petrobras_com_br_p-66--b4bf4a67/page-catalog.json
2026-07-01 12:10:22 | INFO | SUCCESS: https://comunicabaciadesantos.petrobras.com.br/p-66
2026-07-01 12:10:22 | INFO |    Top-section: 8 rows via title+container
2026-07-01 12:10:22 | INFO |    Body start: y=200 (start row 8 via below-title+container)
2026-07-01 12:10:22 | INFO | URL Pattern: /p-74
2026-07-01 12:10:22 | INFO | Page catalog complete: /workspace/catalog/.pages/comunicabaciadesantos_petrobras_com_br_p-74--05500800/page-catalog.json
2026-07-01 12:10:22 | INFO | SUCCESS: https://comunicabaciadesantos.petrobras.com.br/p-74
2026-07-01 12:10:22 | INFO | Lazy-load scroll complete
2026-07-01 12:10:22 | INFO | Phase 0B: Cleaning up overlays...
2026-07-01 12:10:23 | INFO | Removed 5 elements: overlay, popup
📐 Detecting header/footer for this page...
2026-07-01 12:10:23 | INFO | Template - Reused saved header selector on current page
2026-07-01 12:10:23 | INFO | Template - Reused saved footer selector on current page
2026-07-01 12:10:23 | INFO | Header: simple complexity, 1 features
2026-07-01 12:10:23 | INFO | Footer: simple complexity, 0 features
2026-07-01 12:10:23 | INFO | Phase 2: Identifying main content area...
2026-07-01 12:10:23 | INFO | Main content: #main-content
2026-07-01 12:10:23 | INFO | [124/138] Processing: https://comunicabaciadesantos.petrobras.com.br/p-75
2026-07-01 12:10:23 | INFO | Generated slug: comunicabaciadesantos_petrobras_com_br_p-75--2e159261
2026-07-01 12:10:23 | INFO | Starting analysis: https://comunicabaciadesantos.petrobras.com.br/p-75 -> /workspace/catalog/.pages/comunicabaciadesantos_petrobras_com_br_p-75--2e159261
2026-07-01 12:10:23 | INFO | Loading: https://comunicabaciadesantos.petrobras.com.br/p-75
2026-07-01 12:10:23 | INFO | Phase 3: Detecting blocks...
2026-07-01 12:10:23 | INFO | Phase 4: Capturing block screenshots...
2026-07-01 12:10:23 | INFO | Captured 1 block screenshots
2026-07-01 12:10:23 | INFO | Detected 1 blocks
2026-07-01 12:10:23 | INFO | Generating fingerprints for template discovery...
2026-07-01 12:10:24 | INFO | [125/138] Processing: https://comunicabaciadesantos.petrobras.com.br/fpso-p-67
2026-07-01 12:10:24 | INFO | Generated slug: comunicabaciadesantos_petrobras_com_br_fpso-p-67--eaffa8f1
2026-07-01 12:10:24 | INFO | Starting analysis: https://comunicabaciadesantos.petrobras.com.br/fpso-p-67 -> /workspace/catalog/.pages/comunicabaciadesantos_petrobras_com_br_fpso-p-67--eaffa8f1
2026-07-01 12:10:24 | INFO | Loading: https://comunicabaciadesantos.petrobras.com.br/fpso-p-67
2026-07-01 12:10:24 | INFO | [126/138] Processing: https://comunicabaciadesantos.petrobras.com.br/fpso-p-76
2026-07-01 12:10:24 | INFO | Generated slug: comunicabaciadesantos_petrobras_com_br_fpso-p-76--040deb73
2026-07-01 12:10:24 | INFO | Starting analysis: https://comunicabaciadesantos.petrobras.com.br/fpso-p-76 -> /workspace/catalog/.pages/comunicabaciadesantos_petrobras_com_br_fpso-p-76--040deb73
2026-07-01 12:10:24 | INFO | Loading: https://comunicabaciadesantos.petrobras.com.br/fpso-p-76
2026-07-01 12:10:26 | INFO |    Top-section: 8 rows via title+container
2026-07-01 12:10:26 | INFO |    Body start: y=200 (start row 8 via below-title+container)
2026-07-01 12:10:26 | INFO | URL Pattern: /p-69
2026-07-01 12:10:26 | INFO | Page catalog complete: /workspace/catalog/.pages/comunicabaciadesantos_petrobras_com_br_p-69--6e1b10ab/page-catalog.json
2026-07-01 12:10:26 | INFO | SUCCESS: https://comunicabaciadesantos.petrobras.com.br/p-69
2026-07-01 12:10:28 | INFO | [127/138] Processing: https://comunicabaciadesantos.petrobras.com.br/fpso-p-77
2026-07-01 12:10:28 | INFO | Generated slug: comunicabaciadesantos_petrobras_com_br_fpso-p-77--bce7e77d
2026-07-01 12:10:28 | INFO | Starting analysis: https://comunicabaciadesantos.petrobras.com.br/fpso-p-77 -> /workspace/catalog/.pages/comunicabaciadesantos_petrobras_com_br_fpso-p-77--bce7e77d
2026-07-01 12:10:28 | INFO | Loading: https://comunicabaciadesantos.petrobras.com.br/fpso-p-77
2026-07-01 12:10:28 | INFO | Phase 0A: Triggering lazy-loaded content...
2026-07-01 12:10:29 | INFO | Phase 0A: Triggering lazy-loaded content...
2026-07-01 12:10:29 | INFO | Phase 0A: Triggering lazy-loaded content...
2026-07-01 12:10:30 | INFO | Lazy-load scroll complete
2026-07-01 12:10:30 | INFO | Phase 0B: Cleaning up overlays...
2026-07-01 12:10:30 | INFO | Lazy-load scroll complete
2026-07-01 12:10:30 | INFO | Phase 0B: Cleaning up overlays...
2026-07-01 12:10:30 | INFO | Removed 5 elements: overlay, popup
📐 Detecting header/footer for this page...
2026-07-01 12:10:30 | INFO | Lazy-load scroll complete
2026-07-01 12:10:30 | INFO | Phase 0B: Cleaning up overlays...
2026-07-01 12:10:30 | INFO | Template - Reused saved header selector on current page
2026-07-01 12:10:30 | INFO | Template - Reused saved footer selector on current page
2026-07-01 12:10:30 | INFO | Header: simple complexity, 1 features
2026-07-01 12:10:30 | INFO | Footer: simple complexity, 0 features
2026-07-01 12:10:30 | INFO | Phase 2: Identifying main content area...
2026-07-01 12:10:30 | INFO | Main content: #main-content
2026-07-01 12:10:30 | INFO | Phase 3: Detecting blocks...
2026-07-01 12:10:30 | WARNING | Blocks - No blocks detected on page (may be text-only or detection failed)
2026-07-01 12:10:30 | INFO | Phase 4: Capturing block screenshots...
2026-07-01 12:10:31 | INFO | Removed 5 elements: overlay, popup
📐 Detecting header/footer for this page...
2026-07-01 12:10:31 | INFO | Captured 0 block screenshots
2026-07-01 12:10:31 | INFO | Detected 0 blocks
2026-07-01 12:10:31 | INFO | Generating fingerprints for template discovery...
2026-07-01 12:10:31 | INFO | Template - Reused saved header selector on current page
2026-07-01 12:10:31 | INFO | Template - Reused saved footer selector on current page
2026-07-01 12:10:31 | INFO | Header: simple complexity, 1 features
2026-07-01 12:10:31 | INFO | Footer: simple complexity, 0 features
2026-07-01 12:10:31 | INFO | Phase 2: Identifying main content area...
2026-07-01 12:10:31 | INFO | Main content: #main-content
2026-07-01 12:10:31 | INFO | Phase 3: Detecting blocks...
2026-07-01 12:10:31 | WARNING | Blocks - No blocks detected on page (may be text-only or detection failed)
2026-07-01 12:10:31 | INFO | Phase 4: Capturing block screenshots...
2026-07-01 12:10:31 | INFO | Removed 5 elements: overlay, popup
📐 Detecting header/footer for this page...
2026-07-01 12:10:31 | INFO | Template - Reused saved header selector on current page
2026-07-01 12:10:31 | INFO | Template - Reused saved footer selector on current page
2026-07-01 12:10:31 | INFO | Header: simple complexity, 1 features
2026-07-01 12:10:31 | INFO | Footer: simple complexity, 0 features
2026-07-01 12:10:31 | INFO | Phase 2: Identifying main content area...
2026-07-01 12:10:31 | INFO | Main content: #main-content
2026-07-01 12:10:31 | INFO | Phase 3: Detecting blocks...
2026-07-01 12:10:31 | INFO | Phase 4: Capturing block screenshots...
2026-07-01 12:10:31 | INFO | Captured 0 block screenshots
2026-07-01 12:10:31 | INFO | Detected 0 blocks
2026-07-01 12:10:31 | INFO | Generating fingerprints for template discovery...
2026-07-01 12:10:32 | INFO | Captured 1 block screenshots
2026-07-01 12:10:32 | INFO | Detected 1 blocks
2026-07-01 12:10:32 | INFO | Generating fingerprints for template discovery...
2026-07-01 12:10:32 | INFO | Phase 0A: Triggering lazy-loaded content...
2026-07-01 12:10:33 | INFO |    Top-section: 1 rows via title
2026-07-01 12:10:33 | INFO |    Body start: y=25 (start row 1 via below-title)
2026-07-01 12:10:33 | INFO | URL Pattern: /p-75
2026-07-01 12:10:33 | INFO | Page catalog complete: /workspace/catalog/.pages/comunicabaciadesantos_petrobras_com_br_p-75--2e159261/page-catalog.json
2026-07-01 12:10:33 | INFO | SUCCESS: https://comunicabaciadesantos.petrobras.com.br/p-75
2026-07-01 12:10:33 | INFO | Lazy-load scroll complete
2026-07-01 12:10:33 | INFO | Phase 0B: Cleaning up overlays...
2026-07-01 12:10:34 | INFO |    Top-section: 1 rows via title
2026-07-01 12:10:34 | INFO |    Body start: y=25 (start row 1 via below-title)
2026-07-01 12:10:34 | INFO | URL Pattern: /fpso-p-76
2026-07-01 12:10:34 | INFO | Page catalog complete: /workspace/catalog/.pages/comunicabaciadesantos_petrobras_com_br_fpso-p-76--040deb73/page-catalog.json
2026-07-01 12:10:34 | INFO | SUCCESS: https://comunicabaciadesantos.petrobras.com.br/fpso-p-76
2026-07-01 12:10:34 | INFO | PROGRESS: 125/138 analyzed (91% checklist complete) | 125 ok, 0 failed, 0 skipped | ~1 min remaining
2026-07-01 12:10:34 | INFO |    Top-section: 8 rows via title+container
2026-07-01 12:10:34 | INFO |    Body start: y=200 (start row 8 via below-title+container)
2026-07-01 12:10:34 | INFO | URL Pattern: /fpso-p-67
2026-07-01 12:10:34 | INFO | Page catalog complete: /workspace/catalog/.pages/comunicabaciadesantos_petrobras_com_br_fpso-p-67--eaffa8f1/page-catalog.json
2026-07-01 12:10:34 | INFO | SUCCESS: https://comunicabaciadesantos.petrobras.com.br/fpso-p-67
2026-07-01 12:10:34 | INFO | Removed 5 elements: overlay, popup
📐 Detecting header/footer for this page...
2026-07-01 12:10:34 | INFO | Template - Reused saved header selector on current page
2026-07-01 12:10:34 | INFO | Template - Reused saved footer selector on current page
2026-07-01 12:10:34 | INFO | Header: simple complexity, 1 features
2026-07-01 12:10:34 | INFO | Footer: simple complexity, 0 features
2026-07-01 12:10:34 | INFO | Phase 2: Identifying main content area...
2026-07-01 12:10:34 | INFO | Main content: #main-content
2026-07-01 12:10:34 | INFO | Phase 3: Detecting blocks...
2026-07-01 12:10:34 | WARNING | Blocks - No blocks detected on page (may be text-only or detection failed)
2026-07-01 12:10:34 | INFO | Phase 4: Capturing block screenshots...
2026-07-01 12:10:35 | INFO | Captured 0 block screenshots
2026-07-01 12:10:35 | INFO | Detected 0 blocks
2026-07-01 12:10:35 | INFO | Generating fingerprints for template discovery...
2026-07-01 12:10:35 | INFO | [128/138] Processing: https://comunicabaciadesantos.petrobras.com.br/fpso-p-68
2026-07-01 12:10:35 | INFO | Generated slug: comunicabaciadesantos_petrobras_com_br_fpso-p-68--bd23697d
2026-07-01 12:10:35 | INFO | Starting analysis: https://comunicabaciadesantos.petrobras.com.br/fpso-p-68 -> /workspace/catalog/.pages/comunicabaciadesantos_petrobras_com_br_fpso-p-68--bd23697d
2026-07-01 12:10:35 | INFO | Loading: https://comunicabaciadesantos.petrobras.com.br/fpso-p-68
2026-07-01 12:10:36 | INFO | [129/138] Processing: https://comunicabaciadesantos.petrobras.com.br/rota-2
2026-07-01 12:10:36 | INFO | Generated slug: comunicabaciadesantos_petrobras_com_br_rota-2--6754f946
2026-07-01 12:10:36 | INFO | Starting analysis: https://comunicabaciadesantos.petrobras.com.br/rota-2 -> /workspace/catalog/.pages/comunicabaciadesantos_petrobras_com_br_rota-2--6754f946
2026-07-01 12:10:36 | INFO | Loading: https://comunicabaciadesantos.petrobras.com.br/rota-2
2026-07-01 12:10:36 | INFO | [130/138] Processing: https://comunicabaciadesantos.petrobras.com.br/unidade-de-tratamento-de-gas-monteiro-lobato
2026-07-01 12:10:36 | INFO | Generated slug: comunicabaciadesantos_petrobras_com_br_unidade-de-tratamento-de-gas-monteiro-lobato--440990fc
2026-07-01 12:10:36 | INFO | Starting analysis: https://comunicabaciadesantos.petrobras.com.br/unidade-de-tratamento-de-gas-monteiro-lobato -> /workspace/catalog/.pages/comunicabaciadesantos_petrobras_com_br_unidade-de-tratamento-de-gas-monteiro-lobato--440990fc
2026-07-01 12:10:36 | INFO | Loading: https://comunicabaciadesantos.petrobras.com.br/unidade-de-tratamento-de-gas-monteiro-lobato
2026-07-01 12:10:37 | INFO |    Top-section: 1 rows via title
2026-07-01 12:10:37 | INFO |    Body start: y=25 (start row 1 via below-title)
2026-07-01 12:10:37 | INFO | URL Pattern: /fpso-p-77
2026-07-01 12:10:37 | INFO | Page catalog complete: /workspace/catalog/.pages/comunicabaciadesantos_petrobras_com_br_fpso-p-77--bce7e77d/page-catalog.json
2026-07-01 12:10:37 | INFO | SUCCESS: https://comunicabaciadesantos.petrobras.com.br/fpso-p-77
2026-07-01 12:10:39 | INFO | [131/138] Processing: https://comunicabaciadesantos.petrobras.com.br/rota-3
2026-07-01 12:10:39 | INFO | Generated slug: comunicabaciadesantos_petrobras_com_br_rota-3--dba31c65
2026-07-01 12:10:39 | INFO | Starting analysis: https://comunicabaciadesantos.petrobras.com.br/rota-3 -> /workspace/catalog/.pages/comunicabaciadesantos_petrobras_com_br_rota-3--dba31c65
2026-07-01 12:10:39 | INFO | Loading: https://comunicabaciadesantos.petrobras.com.br/rota-3
2026-07-01 12:10:42 | INFO | Phase 0A: Triggering lazy-loaded content...
2026-07-01 12:10:43 | INFO | Phase 0A: Triggering lazy-loaded content...
2026-07-01 12:10:44 | INFO | Lazy-load scroll complete
2026-07-01 12:10:44 | INFO | Phase 0B: Cleaning up overlays...
2026-07-01 12:10:44 | INFO | Removed 5 elements: overlay, popup
📐 Detecting header/footer for this page...
2026-07-01 12:10:44 | INFO | Template - Reused saved header selector on current page
2026-07-01 12:10:44 | INFO | Template - Reused saved footer selector on current page
2026-07-01 12:10:44 | INFO | Header: simple complexity, 1 features
2026-07-01 12:10:44 | INFO | Footer: simple complexity, 0 features
2026-07-01 12:10:44 | INFO | Phase 2: Identifying main content area...
2026-07-01 12:10:44 | INFO | Main content: #main-content
2026-07-01 12:10:45 | INFO | Phase 3: Detecting blocks...
2026-07-01 12:10:45 | INFO | Phase 4: Capturing block screenshots...
2026-07-01 12:10:45 | INFO | Lazy-load scroll complete
2026-07-01 12:10:45 | INFO | Phase 0B: Cleaning up overlays...
2026-07-01 12:10:45 | INFO | Phase 0A: Triggering lazy-loaded content...
2026-07-01 12:10:45 | INFO | Phase 0A: Triggering lazy-loaded content...
2026-07-01 12:10:45 | INFO | Captured 3 block screenshots
2026-07-01 12:10:45 | INFO | Detected 3 blocks
2026-07-01 12:10:45 | INFO | Generating fingerprints for template discovery...
2026-07-01 12:10:46 | INFO | Removed 5 elements: overlay, popup
📐 Detecting header/footer for this page...
2026-07-01 12:10:46 | INFO | Template - Reused saved header selector on current page
2026-07-01 12:10:46 | INFO | Template - Reused saved footer selector on current page
2026-07-01 12:10:46 | INFO | Header: simple complexity, 1 features
2026-07-01 12:10:46 | INFO | Footer: simple complexity, 0 features
2026-07-01 12:10:46 | INFO | Phase 2: Identifying main content area...
2026-07-01 12:10:46 | INFO | Main content: #main-content
2026-07-01 12:10:46 | INFO | Phase 3: Detecting blocks...
2026-07-01 12:10:46 | WARNING | Blocks - 50% of blocks are unknown - site uses non-EDS patterns
2026-07-01 12:10:46 | INFO | Phase 4: Capturing block screenshots...
2026-07-01 12:10:46 | INFO | Captured 2 block screenshots
2026-07-01 12:10:46 | INFO | Detected 2 blocks
2026-07-01 12:10:46 | INFO | Generating fingerprints for template discovery...
2026-07-01 12:10:46 | INFO | Lazy-load scroll complete
2026-07-01 12:10:46 | INFO | Phase 0B: Cleaning up overlays...
2026-07-01 12:10:47 | INFO | Lazy-load scroll complete
2026-07-01 12:10:47 | INFO | Phase 0B: Cleaning up overlays...
2026-07-01 12:10:47 | INFO | Removed 5 elements: overlay, popup
📐 Detecting header/footer for this page...
2026-07-01 12:10:47 | INFO | Template - Reused saved header selector on current page
2026-07-01 12:10:47 | INFO | Template - Reused saved footer selector on current page
2026-07-01 12:10:47 | INFO | Header: simple complexity, 1 features
2026-07-01 12:10:47 | INFO | Footer: simple complexity, 0 features
2026-07-01 12:10:47 | INFO | Phase 2: Identifying main content area...
2026-07-01 12:10:47 | INFO | Main content: #main-content
2026-07-01 12:10:47 | INFO | Phase 3: Detecting blocks...
2026-07-01 12:10:47 | INFO | Phase 4: Capturing block screenshots...
2026-07-01 12:10:48 | INFO | Removed 5 elements: overlay, popup
📐 Detecting header/footer for this page...
2026-07-01 12:10:48 | INFO | Template - Reused saved header selector on current page
2026-07-01 12:10:48 | INFO | Template - Reused saved footer selector on current page
2026-07-01 12:10:48 | INFO | Header: simple complexity, 1 features
2026-07-01 12:10:48 | INFO | Footer: simple complexity, 0 features
2026-07-01 12:10:48 | INFO | Phase 2: Identifying main content area...
2026-07-01 12:10:48 | INFO | Main content: #main-content
2026-07-01 12:10:48 | INFO |    Top-section: 8 rows via title+container
2026-07-01 12:10:48 | INFO |    Body start: y=200 (start row 8 via below-title+container)
2026-07-01 12:10:48 | INFO | URL Pattern: /rota-2
2026-07-01 12:10:48 | INFO | Page catalog complete: /workspace/catalog/.pages/comunicabaciadesantos_petrobras_com_br_rota-2--6754f946/page-catalog.json
2026-07-01 12:10:48 | INFO | SUCCESS: https://comunicabaciadesantos.petrobras.com.br/rota-2
2026-07-01 12:10:48 | INFO | Phase 3: Detecting blocks...
2026-07-01 12:10:48 | INFO | Phase 4: Capturing block screenshots...
2026-07-01 12:10:48 | INFO | Captured 1 block screenshots
2026-07-01 12:10:48 | INFO | Detected 1 blocks
2026-07-01 12:10:48 | INFO | Generating fingerprints for template discovery...
2026-07-01 12:10:48 | INFO | Captured 3 block screenshots
2026-07-01 12:10:48 | INFO | Detected 3 blocks
2026-07-01 12:10:48 | INFO | Generating fingerprints for template discovery...
2026-07-01 12:10:49 | INFO |    Top-section: 8 rows via title+container
2026-07-01 12:10:49 | INFO |    Body start: y=200 (start row 8 via below-title+container)
2026-07-01 12:10:49 | INFO | URL Pattern: /unidade-de-tratamento-de-gas-monteiro-lobato
2026-07-01 12:10:49 | INFO | Page catalog complete: /workspace/catalog/.pages/comunicabaciadesantos_petrobras_com_br_unidade-de-tratamento-de-gas-monteiro-lobato--440990fc/page-catalog.json
2026-07-01 12:10:49 | INFO | SUCCESS: https://comunicabaciadesantos.petrobras.com.br/unidade-de-tratamento-de-gas-monteiro-lobato
2026-07-01 12:10:50 | INFO | [132/138] Processing: https://comunicabaciadesantos.petrobras.com.br/fpso-bw-cidade-de-sao-vicente
2026-07-01 12:10:50 | INFO | Generated slug: comunicabaciadesantos_petrobras_com_br_fpso-bw-cidade-de-sao-vicente--47439f46
2026-07-01 12:10:50 | INFO | Starting analysis: https://comunicabaciadesantos.petrobras.com.br/fpso-bw-cidade-de-sao-vicente -> /workspace/catalog/.pages/comunicabaciadesantos_petrobras_com_br_fpso-bw-cidade-de-sao-vicente--47439f46
2026-07-01 12:10:50 | INFO | Loading: https://comunicabaciadesantos.petrobras.com.br/fpso-bw-cidade-de-sao-vicente
2026-07-01 12:10:50 | INFO |    Top-section: 8 rows via title+container
2026-07-01 12:10:50 | INFO |    Body start: y=200 (start row 8 via below-title+container)
2026-07-01 12:10:50 | INFO | URL Pattern: /fpso-p-68
2026-07-01 12:10:50 | INFO | Page catalog complete: /workspace/catalog/.pages/comunicabaciadesantos_petrobras_com_br_fpso-p-68--bd23697d/page-catalog.json
2026-07-01 12:10:50 | INFO | SUCCESS: https://comunicabaciadesantos.petrobras.com.br/fpso-p-68
2026-07-01 12:10:50 | INFO | PROGRESS: 130/138 analyzed (94% checklist complete) | 130 ok, 0 failed, 0 skipped | ~1 min remaining
2026-07-01 12:10:51 | INFO | [133/138] Processing: https://comunicabaciadesantos.petrobras.com.br/fpso-dynamic-producer
2026-07-01 12:10:51 | INFO | Generated slug: comunicabaciadesantos_petrobras_com_br_fpso-dynamic-producer--32abd7f6
2026-07-01 12:10:51 | INFO | Starting analysis: https://comunicabaciadesantos.petrobras.com.br/fpso-dynamic-producer -> /workspace/catalog/.pages/comunicabaciadesantos_petrobras_com_br_fpso-dynamic-producer--32abd7f6
2026-07-01 12:10:51 | INFO | Loading: https://comunicabaciadesantos.petrobras.com.br/fpso-dynamic-producer
2026-07-01 12:10:51 | INFO |    Top-section: 8 rows via title+container
2026-07-01 12:10:51 | INFO |    Body start: y=200 (start row 8 via below-title+container)
2026-07-01 12:10:51 | INFO | URL Pattern: /rota-3
2026-07-01 12:10:51 | INFO | Page catalog complete: /workspace/catalog/.pages/comunicabaciadesantos_petrobras_com_br_rota-3--dba31c65/page-catalog.json
2026-07-01 12:10:51 | INFO | SUCCESS: https://comunicabaciadesantos.petrobras.com.br/rota-3
2026-07-01 12:10:52 | INFO | [134/138] Processing: https://comunicabaciadesantos.petrobras.com.br/fpso-cidade-de-paraty
2026-07-01 12:10:52 | INFO | Generated slug: comunicabaciadesantos_petrobras_com_br_fpso-cidade-de-paraty--d28c2f48
2026-07-01 12:10:52 | INFO | Starting analysis: https://comunicabaciadesantos.petrobras.com.br/fpso-cidade-de-paraty -> /workspace/catalog/.pages/comunicabaciadesantos_petrobras_com_br_fpso-cidade-de-paraty--d28c2f48
2026-07-01 12:10:52 | INFO | Loading: https://comunicabaciadesantos.petrobras.com.br/fpso-cidade-de-paraty
2026-07-01 12:10:53 | INFO | [135/138] Processing: https://comunicabaciadesantos.petrobras.com.br/fpso-cidade-de-mangaratiba
2026-07-01 12:10:53 | INFO | Generated slug: comunicabaciadesantos_petrobras_com_br_fpso-cidade-de-mangaratiba--427a332c
2026-07-01 12:10:53 | INFO | Starting analysis: https://comunicabaciadesantos.petrobras.com.br/fpso-cidade-de-mangaratiba -> /workspace/catalog/.pages/comunicabaciadesantos_petrobras_com_br_fpso-cidade-de-mangaratiba--427a332c
2026-07-01 12:10:53 | INFO | Loading: https://comunicabaciadesantos.petrobras.com.br/fpso-cidade-de-mangaratiba
2026-07-01 12:10:55 | INFO | Phase 0A: Triggering lazy-loaded content...
2026-07-01 12:10:56 | INFO | Phase 0A: Triggering lazy-loaded content...
2026-07-01 12:10:56 | INFO | Lazy-load scroll complete
2026-07-01 12:10:56 | INFO | Phase 0B: Cleaning up overlays...
2026-07-01 12:10:57 | INFO | Lazy-load scroll complete
2026-07-01 12:10:57 | INFO | Phase 0B: Cleaning up overlays...
2026-07-01 12:10:57 | INFO | Removed 5 elements: overlay, popup
📐 Detecting header/footer for this page...
2026-07-01 12:10:57 | INFO | Template - Reused saved header selector on current page
2026-07-01 12:10:57 | INFO | Template - Reused saved footer selector on current page
2026-07-01 12:10:57 | INFO | Header: simple complexity, 1 features
2026-07-01 12:10:57 | INFO | Footer: simple complexity, 0 features
2026-07-01 12:10:57 | INFO | Phase 2: Identifying main content area...
2026-07-01 12:10:57 | INFO | Main content: #main-content
2026-07-01 12:10:57 | INFO | Phase 3: Detecting blocks...
2026-07-01 12:10:57 | INFO | Phase 4: Capturing block screenshots...
2026-07-01 12:10:58 | INFO | Captured 1 block screenshots
2026-07-01 12:10:58 | INFO | Detected 1 blocks
2026-07-01 12:10:58 | INFO | Generating fingerprints for template discovery...
2026-07-01 12:10:58 | INFO | Removed 5 elements: overlay, popup
📐 Detecting header/footer for this page...
2026-07-01 12:10:58 | INFO | Template - Reused saved header selector on current page
2026-07-01 12:10:58 | INFO | Template - Reused saved footer selector on current page
2026-07-01 12:10:58 | INFO | Header: simple complexity, 1 features
2026-07-01 12:10:58 | INFO | Footer: simple complexity, 0 features
2026-07-01 12:10:58 | INFO | Phase 2: Identifying main content area...
2026-07-01 12:10:58 | INFO | Main content: #main-content
2026-07-01 12:10:58 | INFO | Phase 3: Detecting blocks...
2026-07-01 12:10:58 | INFO | Phase 4: Capturing block screenshots...
2026-07-01 12:10:58 | INFO | Phase 0A: Triggering lazy-loaded content...
2026-07-01 12:10:59 | INFO | Captured 1 block screenshots
2026-07-01 12:10:59 | INFO | Detected 1 blocks
2026-07-01 12:10:59 | INFO | Generating fingerprints for template discovery...
2026-07-01 12:10:59 | INFO | Phase 0A: Triggering lazy-loaded content...
2026-07-01 12:10:59 | INFO | Lazy-load scroll complete
2026-07-01 12:10:59 | INFO | Phase 0B: Cleaning up overlays...
2026-07-01 12:11:00 | INFO | Lazy-load scroll complete
2026-07-01 12:11:00 | INFO | Phase 0B: Cleaning up overlays...
2026-07-01 12:11:00 | INFO |    Top-section: 8 rows via title+container
2026-07-01 12:11:00 | INFO |    Body start: y=200 (start row 8 via below-title+container)
2026-07-01 12:11:00 | INFO | URL Pattern: /fpso-bw-cidade-de-sao-vicente
2026-07-01 12:11:00 | INFO | Page catalog complete: /workspace/catalog/.pages/comunicabaciadesantos_petrobras_com_br_fpso-bw-cidade-de-sao-vicente--47439f46/page-catalog.json
2026-07-01 12:11:00 | INFO | SUCCESS: https://comunicabaciadesantos.petrobras.com.br/fpso-bw-cidade-de-sao-vicente
2026-07-01 12:11:00 | INFO | Removed 5 elements: overlay, popup
📐 Detecting header/footer for this page...
2026-07-01 12:11:00 | INFO | Template - Reused saved header selector on current page
2026-07-01 12:11:00 | INFO | Template - Reused saved footer selector on current page
2026-07-01 12:11:00 | INFO | Header: simple complexity, 1 features
2026-07-01 12:11:00 | INFO | Footer: simple complexity, 0 features
2026-07-01 12:11:00 | INFO | Phase 2: Identifying main content area...
2026-07-01 12:11:00 | INFO | Main content: #main-content
2026-07-01 12:11:00 | INFO | Phase 3: Detecting blocks...
2026-07-01 12:11:00 | INFO | Phase 4: Capturing block screenshots...
2026-07-01 12:11:01 | INFO | Removed 5 elements: overlay, popup
📐 Detecting header/footer for this page...
2026-07-01 12:11:01 | INFO | Template - Reused saved header selector on current page
2026-07-01 12:11:01 | INFO | Template - Reused saved footer selector on current page
2026-07-01 12:11:01 | INFO | Header: simple complexity, 1 features
2026-07-01 12:11:01 | INFO | Footer: simple complexity, 0 features
2026-07-01 12:11:01 | INFO | Phase 2: Identifying main content area...
2026-07-01 12:11:01 | INFO | Main content: #main-content
2026-07-01 12:11:01 | INFO |    Top-section: 8 rows via title+container
2026-07-01 12:11:01 | INFO |    Body start: y=200 (start row 8 via below-title+container)
2026-07-01 12:11:01 | INFO | URL Pattern: /fpso-dynamic-producer
2026-07-01 12:11:01 | INFO | Page catalog complete: /workspace/catalog/.pages/comunicabaciadesantos_petrobras_com_br_fpso-dynamic-producer--32abd7f6/page-catalog.json
2026-07-01 12:11:01 | INFO | SUCCESS: https://comunicabaciadesantos.petrobras.com.br/fpso-dynamic-producer
2026-07-01 12:11:01 | INFO | Captured 1 block screenshots
2026-07-01 12:11:01 | INFO | Detected 1 blocks
2026-07-01 12:11:01 | INFO | Generating fingerprints for template discovery...
2026-07-01 12:11:01 | INFO | Phase 3: Detecting blocks...
2026-07-01 12:11:01 | INFO | Phase 4: Capturing block screenshots...
2026-07-01 12:11:01 | INFO | Captured 1 block screenshots
2026-07-01 12:11:01 | INFO | Detected 1 blocks
2026-07-01 12:11:01 | INFO | Generating fingerprints for template discovery...
2026-07-01 12:11:02 | INFO | [136/138] Processing: https://comunicabaciadesantos.petrobras.com.br/fpso-cidade-de-sao-paulo
2026-07-01 12:11:02 | INFO | Generated slug: comunicabaciadesantos_petrobras_com_br_fpso-cidade-de-sao-paulo--df9495af
2026-07-01 12:11:02 | INFO | Starting analysis: https://comunicabaciadesantos.petrobras.com.br/fpso-cidade-de-sao-paulo -> /workspace/catalog/.pages/comunicabaciadesantos_petrobras_com_br_fpso-cidade-de-sao-paulo--df9495af
2026-07-01 12:11:02 | INFO | Loading: https://comunicabaciadesantos.petrobras.com.br/fpso-cidade-de-sao-paulo
2026-07-01 12:11:03 | INFO | [137/138] Processing: https://comunicabaciadesantos.petrobras.com.br/mexilhao
2026-07-01 12:11:03 | INFO | Generated slug: comunicabaciadesantos_petrobras_com_br_mexilhao--ac1e0851
2026-07-01 12:11:03 | INFO | Starting analysis: https://comunicabaciadesantos.petrobras.com.br/mexilhao -> /workspace/catalog/.pages/comunicabaciadesantos_petrobras_com_br_mexilhao--ac1e0851
2026-07-01 12:11:03 | INFO | Loading: https://comunicabaciadesantos.petrobras.com.br/mexilhao
2026-07-01 12:11:03 | INFO |    Top-section: 8 rows via title+container
2026-07-01 12:11:03 | INFO |    Body start: y=200 (start row 8 via below-title+container)
2026-07-01 12:11:03 | INFO | URL Pattern: /fpso-cidade-de-mangaratiba
2026-07-01 12:11:03 | INFO | Page catalog complete: /workspace/catalog/.pages/comunicabaciadesantos_petrobras_com_br_fpso-cidade-de-mangaratiba--427a332c/page-catalog.json
2026-07-01 12:11:03 | INFO | SUCCESS: https://comunicabaciadesantos.petrobras.com.br/fpso-cidade-de-mangaratiba
2026-07-01 12:11:04 | INFO |    Top-section: 8 rows via title+container
2026-07-01 12:11:04 | INFO |    Body start: y=200 (start row 8 via below-title+container)
2026-07-01 12:11:04 | INFO | URL Pattern: /fpso-cidade-de-paraty
2026-07-01 12:11:04 | INFO | Page catalog complete: /workspace/catalog/.pages/comunicabaciadesantos_petrobras_com_br_fpso-cidade-de-paraty--d28c2f48/page-catalog.json
2026-07-01 12:11:04 | INFO | SUCCESS: https://comunicabaciadesantos.petrobras.com.br/fpso-cidade-de-paraty
2026-07-01 12:11:04 | INFO | PROGRESS: 135/138 analyzed (98% checklist complete) | 135 ok, 0 failed, 0 skipped | ~1 min remaining
2026-07-01 12:11:05 | INFO | [138/138] Processing: https://comunicabaciadesantos.petrobras.com.br/agbs
2026-07-01 12:11:05 | INFO | Generated slug: comunicabaciadesantos_petrobras_com_br_agbs--0f2f88d4
2026-07-01 12:11:05 | INFO | Starting analysis: https://comunicabaciadesantos.petrobras.com.br/agbs -> /workspace/catalog/.pages/comunicabaciadesantos_petrobras_com_br_agbs--0f2f88d4
2026-07-01 12:11:05 | INFO | Loading: https://comunicabaciadesantos.petrobras.com.br/agbs
2026-07-01 12:11:06 | INFO | Worker 0 finished
2026-07-01 12:11:07 | INFO | Phase 0A: Triggering lazy-loaded content...
2026-07-01 12:11:08 | INFO | Phase 0A: Triggering lazy-loaded content...
2026-07-01 12:11:09 | INFO | Lazy-load scroll complete
2026-07-01 12:11:09 | INFO | Phase 0B: Cleaning up overlays...
2026-07-01 12:11:09 | INFO | Removed 5 elements: overlay, popup
📐 Detecting header/footer for this page...
2026-07-01 12:11:09 | INFO | Template - Reused saved header selector on current page
2026-07-01 12:11:09 | INFO | Template - Reused saved footer selector on current page
2026-07-01 12:11:09 | INFO | Header: simple complexity, 1 features
2026-07-01 12:11:09 | INFO | Footer: simple complexity, 0 features
2026-07-01 12:11:09 | INFO | Phase 2: Identifying main content area...
2026-07-01 12:11:09 | INFO | Main content: #main-content
2026-07-01 12:11:10 | INFO | Phase 3: Detecting blocks...
2026-07-01 12:11:10 | INFO | Phase 4: Capturing block screenshots...
2026-07-01 12:11:10 | INFO | Lazy-load scroll complete
2026-07-01 12:11:10 | INFO | Phase 0B: Cleaning up overlays...
2026-07-01 12:11:10 | INFO | Phase 0A: Triggering lazy-loaded content...
2026-07-01 12:11:10 | INFO | Captured 1 block screenshots
2026-07-01 12:11:10 | INFO | Detected 1 blocks
2026-07-01 12:11:10 | INFO | Generating fingerprints for template discovery...
2026-07-01 12:11:11 | INFO | Removed 5 elements: overlay, popup
📐 Detecting header/footer for this page...
2026-07-01 12:11:11 | INFO | Template - Reused saved header selector on current page
2026-07-01 12:11:11 | INFO | Template - Reused saved footer selector on current page
2026-07-01 12:11:11 | INFO | Header: simple complexity, 1 features
2026-07-01 12:11:11 | INFO | Footer: simple complexity, 0 features
2026-07-01 12:11:11 | INFO | Phase 2: Identifying main content area...
2026-07-01 12:11:11 | INFO | Main content: #main-content
2026-07-01 12:11:11 | INFO | Phase 3: Detecting blocks...
2026-07-01 12:11:11 | INFO | Phase 4: Capturing block screenshots...
2026-07-01 12:11:11 | INFO | Captured 3 block screenshots
2026-07-01 12:11:11 | INFO | Detected 3 blocks
2026-07-01 12:11:11 | INFO | Generating fingerprints for template discovery...
2026-07-01 12:11:12 | INFO | Lazy-load scroll complete
2026-07-01 12:11:12 | INFO | Phase 0B: Cleaning up overlays...
2026-07-01 12:11:12 | INFO |    Top-section: 8 rows via title+container
2026-07-01 12:11:12 | INFO |    Body start: y=200 (start row 8 via below-title+container)
2026-07-01 12:11:12 | INFO | URL Pattern: /fpso-cidade-de-sao-paulo
2026-07-01 12:11:12 | INFO | Page catalog complete: /workspace/catalog/.pages/comunicabaciadesantos_petrobras_com_br_fpso-cidade-de-sao-paulo--df9495af/page-catalog.json
2026-07-01 12:11:12 | INFO | SUCCESS: https://comunicabaciadesantos.petrobras.com.br/fpso-cidade-de-sao-paulo
2026-07-01 12:11:13 | INFO | Removed 5 elements: overlay, popup
📐 Detecting header/footer for this page...
2026-07-01 12:11:13 | INFO | Template - Reused saved header selector on current page
2026-07-01 12:11:13 | INFO | Template - Reused saved footer selector on current page
2026-07-01 12:11:13 | INFO | Header: simple complexity, 1 features
2026-07-01 12:11:13 | INFO | Footer: simple complexity, 0 features
2026-07-01 12:11:13 | INFO | Phase 2: Identifying main content area...
2026-07-01 12:11:13 | INFO | Main content: #main-content
2026-07-01 12:11:13 | INFO | Phase 3: Detecting blocks...
2026-07-01 12:11:13 | INFO | Phase 4: Capturing block screenshots...
2026-07-01 12:11:14 | INFO | Captured 3 block screenshots
2026-07-01 12:11:14 | INFO | Detected 3 blocks
2026-07-01 12:11:14 | INFO | Generating fingerprints for template discovery...
2026-07-01 12:11:14 | INFO |    Top-section: 8 rows via title+container
2026-07-01 12:11:14 | INFO |    Body start: y=200 (start row 8 via below-title+container)
2026-07-01 12:11:14 | INFO | URL Pattern: /mexilhao
2026-07-01 12:11:14 | INFO | Page catalog complete: /workspace/catalog/.pages/comunicabaciadesantos_petrobras_com_br_mexilhao--ac1e0851/page-catalog.json
2026-07-01 12:11:14 | INFO | SUCCESS: https://comunicabaciadesantos.petrobras.com.br/mexilhao
2026-07-01 12:11:14 | INFO | Worker 3 finished
2026-07-01 12:11:16 | INFO | Worker 1 finished
2026-07-01 12:11:16 | INFO |    Top-section: 8 rows via title+container
2026-07-01 12:11:16 | INFO |    Body start: y=200 (start row 8 via below-title+container)
2026-07-01 12:11:16 | INFO | URL Pattern: /agbs
2026-07-01 12:11:16 | INFO | Page catalog complete: /workspace/catalog/.pages/comunicabaciadesantos_petrobras_com_br_agbs--0f2f88d4/page-catalog.json
2026-07-01 12:11:16 | INFO | SUCCESS: https://comunicabaciadesantos.petrobras.com.br/agbs
2026-07-01 12:11:16 | INFO | PROGRESS: 138/138 analyzed (100% checklist complete) | 138 ok, 0 failed, 0 skipped | ~0 min remaining
2026-07-01 12:11:16 | INFO | Worker 2 finished
2026-07-01 12:11:16 | INFO | PROGRESS: 138/138 analyzed (100% checklist complete) | 138 ok, 0 failed, 0 skipped | ~0 min remaining
2026-07-01 12:11:16 | INFO | ================================================================================
2026-07-01 12:11:16 | INFO | BATCH ANALYSIS COMPLETED
2026-07-01 12:11:16 | INFO | ================================================================================
2026-07-01 12:11:16 | INFO | Total URLs: 138
2026-07-01 12:11:16 | INFO | Attempt successes: 138
2026-07-01 12:11:16 | INFO | Attempt failures: 0
2026-07-01 12:11:16 | INFO | Skipped: 0
2026-07-01 12:11:16 | INFO | Checklist final status: 138 analyzed, 0 failed, 0 marked
2026-07-01 12:11:16 | INFO | Workers: 4
2026-07-01 12:11:16 | INFO | ================================================================================
2026-07-01 12:11:16 | INFO | Session state: ANALYZING → TEMPLATING
2026-07-01T12:13:51.220Z | INFO | Consolidating fingerprints from page catalogs...
2026-07-01T12:13:51.259Z | INFO | consolidate-fingerprints - Consolidated 138 fingerprints
2026-07-01 12:14:26 | INFO | Agent 4 Started - Catalog blocks with similarity
2026-07-01 12:14:26 | INFO | Agent 4 Progress - Starting representative pass with 22 page(s) and 75 block occurrence(s)
2026-07-01 12:14:26 | ERROR | Agent 4 - Block form from https://comunicabaciadesantos.petrobras.com.br/cadastro has no screenshot - cannot catalog without visual proof
2026-07-01 12:14:26 | ERROR | Agent 4 - Block unknown from https://comunicabaciadesantos.petrobras.com.br/cadastro has no screenshot - cannot catalog without visual proof
2026-07-01 12:14:26 | ERROR | Agent 4 - Block form from https://comunicabaciadesantos.petrobras.com.br/cadastro has no screenshot - cannot catalog without visual proof
2026-07-01 12:14:26 | ERROR | Agent 4 - Block unknown from https://comunicabaciadesantos.petrobras.com.br/cadastro has no screenshot - cannot catalog without visual proof
2026-07-01 12:14:26 | ERROR | Agent 4 - Block form from https://comunicabaciadesantos.petrobras.com.br/fale-conosco has no screenshot - cannot catalog without visual proof
2026-07-01 12:14:26 | INFO | Agent 4 Progress - representative: 22/22 page(s), 70/75 block occurrence(s), 22 unique signatures, 24 variants (22 new, 48 reused)
2026-07-01 12:14:26 | INFO | Agent 4 Progress - Starting backfill pass with 116 page(s) and 204 block occurrence(s)
2026-07-01 12:14:26 | INFO | Agent 4 Progress - backfill: 25/116 page(s), 61/204 block occurrence(s), 29 unique signatures, 31 variants (29 new, 102 reused)
2026-07-01 12:14:26 | INFO | Agent 4 Progress - backfill: 50/116 page(s), 107/204 block occurrence(s), 29 unique signatures, 31 variants (29 new, 148 reused)
2026-07-01 12:14:26 | INFO | Agent 4 Progress - backfill: 75/116 page(s), 143/204 block occurrence(s), 30 unique signatures, 32 variants (30 new, 183 reused)
2026-07-01 12:14:26 | INFO | Agent 4 Progress - backfill: 100/116 page(s), 171/204 block occurrence(s), 30 unique signatures, 32 variants (30 new, 211 reused)
2026-07-01 12:14:26 | INFO | Agent 4 Progress - backfill: 116/116 page(s), 204/204 block occurrence(s), 30 unique signatures, 32 variants (30 new, 244 reused)
2026-07-01 12:14:26 | INFO | Agent 4 Completed - Cataloged 32 block variants (30 new, 244 reused)
2026-07-01 12:14:26 | INFO | Agent 2 Started - Generate summary.json
2026-07-01 12:14:26 | INFO | Session state set to INACTIVE
2026-07-01 12:14:26 | INFO | Agent 2 Completed - Summary generated successfully
