2026-07-01 14:54:22 | INFO | Setting up catalog project for: https://petrobras.com.br/
2026-07-01 14:54:22 | INFO | Project root: /workspace
2026-07-01 14:54:22 | INFO | Creating catalog folder: /workspace/catalog
2026-07-01 14:54:22 | INFO | Plugin root: /home/node/.excat-marketplaces/excat-marketplace/excat
2026-07-01 14:54:22 | INFO | Config file created: /workspace/catalog/.catalog-config.json
2026-07-01 14:54:22 | INFO | Log file initialized: /workspace/catalog/catalog.log
2026-07-01 14:54:22 | INFO | Session initialized: DISCOVERY
2026-07-01 14:54:22 | INFO | Catalog project setup complete
2026-07-01 14:54:22 | INFO | Catalog folder: /workspace/catalog
2026-07-01 14:54:22 | INFO | Config file: /workspace/catalog/.catalog-config.json
2026-07-01 14:54:22 | INFO | Log file: /workspace/catalog/catalog.log
2026-07-01 14:54:22 | INFO | Session: /workspace/catalog/.catalog_session (DISCOVERY)
2026-07-01 14:54:23 | INFO | Creating sample URLs...
2026-07-01 14:54:23 | INFO | Total URLs in grouped data: 249
2026-07-01 14:54:23 | INFO | Total URLs (249) <= 1000, using ALL URLs
2026-07-01 14:54:23 | INFO | Created urls-sample.json with 249 URLs
2026-07-01 14:54:23 | INFO | Validating urls-sample.json against schema...
✅ VALIDATION PASSED: urls-sample.json matches schema
2026-07-01 14:54:23 | INFO | Schema validation passed
2026-07-01 14:54:23 | INFO | Sample creation complete - urls-sample.json with 249 URLs
2026-07-01 14:54:23 | INFO | Checklist not found, looking for URLs source file...
2026-07-01 14:54:23 | INFO | Validating urls-sample.json against urls-sample.schema.json...
✅ VALIDATION PASSED: urls-sample.json matches schema
2026-07-01 14:54:23 | INFO | Creating checklist from: /workspace/catalog/urls-sample.json
2026-07-01 14:54:23 | INFO | Created urls-checklist.json with 249 URLs
2026-07-01 14:54:23 | INFO | Session state: ANALYZING
2026-07-01 14:54:23 | INFO | ================================================================================
2026-07-01 14:54:23 | INFO | BATCH ANALYSIS STARTED
2026-07-01 14:54:23 | INFO | Catalog: /workspace/catalog
2026-07-01 14:54:23 | INFO | Delay: 1500ms between requests
2026-07-01 14:54:23 | INFO | Workers: 5
2026-07-01 14:54:23 | INFO | Identity profiles: 13 available (workers cycle through them deterministically)
2026-07-01 14:54:23 | INFO | Scheduling: shared queue; each worker pulls the next pending URL as soon as it finishes.
2026-07-01 14:54:23 | INFO | Adaptive backoff: enabled (bot/WAF detection reduces active workers before aborting)
2026-07-01 14:54:23 | INFO | ================================================================================
2026-07-01 14:54:23 | INFO | Found 249 URLs to process (5 workers)
2026-07-01 14:54:23 | INFO | AGENT_RELAY: Share ETA and PROGRESS/HEARTBEAT lines with the user at least every 60 seconds.
2026-07-01 14:54:23 | INFO | Created .pages directory: /workspace/catalog/.pages
2026-07-01 14:54:23 | INFO | Pages to analyze: 249
2026-07-01 14:54:23 | INFO | Processing speed baseline: ~50 pages/minute (5 workers)
2026-07-01 14:54:23 | INFO | Estimated analysis time: ~5 min
2026-07-01 14:54:23 | INFO | Worker 0 started (profile 0: Windows)
2026-07-01 14:54:23 | INFO | Launching stealth browser...
2026-07-01 14:54:23 | INFO | [1/249] Processing: https://petrobras.com.br/
2026-07-01 14:54:23 | INFO | Generated slug: petrobras_com_br--64872776
2026-07-01 14:54:23 | INFO | Starting analysis: https://petrobras.com.br/ -> /workspace/catalog/.pages/petrobras_com_br--64872776
2026-07-01 14:54:23 | INFO | Loading: https://petrobras.com.br/
2026-07-01 14:54:25 | INFO | Worker 1 started (profile 1: Windows)
2026-07-01 14:54:25 | INFO | Launching stealth browser...
2026-07-01 14:54:25 | INFO | [2/249] Processing: https://petrobras.com.br/en
2026-07-01 14:54:25 | INFO | Generated slug: petrobras_com_br_en--d814761f
2026-07-01 14:54:25 | INFO | Starting analysis: https://petrobras.com.br/en -> /workspace/catalog/.pages/petrobras_com_br_en--d814761f
2026-07-01 14:54:25 | INFO | Loading: https://petrobras.com.br/en
2026-07-01 14:54:26 | INFO | Worker 2 started (profile 2: Windows)
2026-07-01 14:54:26 | INFO | Launching stealth browser...
2026-07-01 14:54:26 | INFO | [3/249] Processing: https://petrobras.com.br/en/transicao-energetica
2026-07-01 14:54:26 | INFO | Generated slug: petrobras_com_br_en_transicao-energetica--a7fe59d8
2026-07-01 14:54:26 | INFO | Starting analysis: https://petrobras.com.br/en/transicao-energetica -> /workspace/catalog/.pages/petrobras_com_br_en_transicao-energetica--a7fe59d8
2026-07-01 14:54:26 | INFO | Loading: https://petrobras.com.br/en/transicao-energetica
2026-07-01 14:54:28 | INFO | Worker 3 started (profile 3: Windows)
2026-07-01 14:54:28 | INFO | Launching stealth browser...
2026-07-01 14:54:28 | INFO | [4/249] Processing: https://petrobras.com.br/en/sustentabilidade
2026-07-01 14:54:28 | INFO | Generated slug: petrobras_com_br_en_sustentabilidade--ef98acf0
2026-07-01 14:54:28 | INFO | Starting analysis: https://petrobras.com.br/en/sustentabilidade -> /workspace/catalog/.pages/petrobras_com_br_en_sustentabilidade--ef98acf0
2026-07-01 14:54:28 | INFO | Loading: https://petrobras.com.br/en/sustentabilidade
2026-07-01 14:54:28 | INFO | Phase 0A: Triggering lazy-loaded content...
2026-07-01 14:54:29 | INFO | Worker 4 started (profile 4: macOS)
2026-07-01 14:54:29 | INFO | Launching stealth browser...
2026-07-01 14:54:29 | INFO | [5/249] Processing: https://petrobras.com.br/en/inovacao-e-tecnologia
2026-07-01 14:54:29 | INFO | Generated slug: petrobras_com_br_en_inovacao-e-tecnologia--ff40a5f2
2026-07-01 14:54:29 | INFO | Starting analysis: https://petrobras.com.br/en/inovacao-e-tecnologia -> /workspace/catalog/.pages/petrobras_com_br_en_inovacao-e-tecnologia--ff40a5f2
2026-07-01 14:54:29 | INFO | Loading: https://petrobras.com.br/en/inovacao-e-tecnologia
2026-07-01 14:54:30 | INFO | Lazy-load scroll complete
2026-07-01 14:54:30 | INFO | Phase 0B: Cleaning up overlays...
2026-07-01 14:54:30 | INFO | Phase 0A: Triggering lazy-loaded content...
2026-07-01 14:54:33 | INFO | Lazy-load scroll complete
2026-07-01 14:54:33 | INFO | Phase 0B: Cleaning up overlays...
2026-07-01 14:54:33 | INFO | Phase 0A: Triggering lazy-loaded content...
2026-07-01 14:54:34 | INFO | Removed 5 elements: overlay, popup
📐 Detecting header/footer for this page...
   ✅ Saved global header: div.lfr-layout-structure-item-top-menu.lfr-layout-structure-item-b31dcbf4-2f1e-03b3-207f-b2b8fcef97a7
   ✅ Saved global footer: div.icons-footer.containers
2026-07-01 14:54:35 | INFO | Header: complex complexity, 3 features
2026-07-01 14:54:35 | INFO | Footer: simple complexity, 0 features
2026-07-01 14:54:35 | INFO | Phase 2: Identifying main content area...
2026-07-01 14:54:35 | INFO | Main content: #main-content
2026-07-01 14:54:35 | INFO | Phase 3: Detecting blocks...
2026-07-01 14:54:35 | INFO | Phase 4: Capturing block screenshots...
2026-07-01 14:54:36 | INFO | Phase 0A: Triggering lazy-loaded content...
2026-07-01 14:54:37 | INFO | Lazy-load scroll complete
2026-07-01 14:54:37 | INFO | Phase 0B: Cleaning up overlays...
2026-07-01 14:54:37 | INFO | Captured 3 block screenshots
2026-07-01 14:54:37 | INFO | Detected 3 blocks
2026-07-01 14:54:37 | INFO | Generating fingerprints for template discovery...
2026-07-01 14:54:37 | INFO | Lazy-load scroll complete
2026-07-01 14:54:37 | INFO | Phase 0B: Cleaning up overlays...
2026-07-01 14:54:38 | INFO | Phase 0A: Triggering lazy-loaded content...
2026-07-01 14:54:39 | INFO | Removed 5 elements: overlay, popup
📐 Detecting header/footer for this page...
2026-07-01 14:54:39 | INFO | Template - Reused saved header selector on current page
2026-07-01 14:54:39 | INFO | Template - Reused saved footer selector on current page
2026-07-01 14:54:39 | INFO | Header: complex complexity, 3 features
2026-07-01 14:54:39 | INFO | Footer: simple complexity, 0 features
2026-07-01 14:54:39 | INFO | Phase 2: Identifying main content area...
2026-07-01 14:54:39 | INFO | Main content: #main-content
2026-07-01 14:54:39 | INFO | Phase 3: Detecting blocks...
2026-07-01 14:54:39 | WARNING | Blocks - 67% of blocks are unknown - site uses non-EDS patterns
2026-07-01 14:54:39 | INFO | Phase 4: Capturing block screenshots...
2026-07-01 14:54:39 | INFO | Removed 5 elements: overlay, popup
📐 Detecting header/footer for this page...
2026-07-01 14:54:39 | INFO | Template - Reused saved header selector on current page
2026-07-01 14:54:39 | INFO | Template - Reused saved footer selector on current page
2026-07-01 14:54:39 | INFO | Header: complex complexity, 3 features
2026-07-01 14:54:39 | INFO | Footer: simple complexity, 0 features
2026-07-01 14:54:39 | INFO | Phase 2: Identifying main content area...
2026-07-01 14:54:39 | INFO | Main content: #main-content
2026-07-01 14:54:39 | INFO | Phase 3: Detecting blocks...
2026-07-01 14:54:39 | INFO | Phase 4: Capturing block screenshots...
2026-07-01 14:54:40 | INFO |    Top-section: 23 rows via hero
2026-07-01 14:54:40 | INFO |    Body start: y=575 (start row 23 via below-hero)
2026-07-01 14:54:40 | INFO | URL Pattern: /en
2026-07-01 14:54:40 | INFO | Page catalog complete: /workspace/catalog/.pages/petrobras_com_br_en--d814761f/page-catalog.json
2026-07-01 14:54:40 | INFO | SUCCESS: https://petrobras.com.br/en
2026-07-01 14:54:40 | INFO | Created header-global metadata (selector: div.lfr-layout-structure-item-top-menu.lfr-layout-structure-item-b31dcbf4-2f1e-03b3-207f-b2b8fcef97a7)
2026-07-01 14:54:40 | INFO | Created footer-global metadata (selector: div.icons-footer.containers)
2026-07-01 14:54:40 | INFO | Lazy-load scroll complete
2026-07-01 14:54:40 | INFO | Phase 0B: Cleaning up overlays...
2026-07-01 14:54:40 | INFO | Captured 6 block screenshots
2026-07-01 14:54:40 | INFO | Detected 6 blocks
2026-07-01 14:54:40 | INFO | Generating fingerprints for template discovery...
2026-07-01 14:54:41 | INFO | [6/249] Processing: https://petrobras.com.br/en/pre-sal
2026-07-01 14:54:41 | INFO | Generated slug: petrobras_com_br_en_pre-sal--58d67a52
2026-07-01 14:54:41 | INFO | Starting analysis: https://petrobras.com.br/en/pre-sal -> /workspace/catalog/.pages/petrobras_com_br_en_pre-sal--58d67a52
2026-07-01 14:54:41 | INFO | Loading: https://petrobras.com.br/en/pre-sal
2026-07-01 14:54:42 | INFO | Captured 9 block screenshots
2026-07-01 14:54:42 | INFO | Detected 9 blocks
2026-07-01 14:54:42 | INFO | Generating fingerprints for template discovery...
2026-07-01 14:54:43 | INFO |    Top-section: 16 rows via title
2026-07-01 14:54:43 | INFO |    Body start: y=400 (start row 16 via below-title)
2026-07-01 14:54:43 | INFO | URL Pattern: /en/sustentabilidade
2026-07-01 14:54:43 | INFO | Page catalog complete: /workspace/catalog/.pages/petrobras_com_br_en_sustentabilidade--ef98acf0/page-catalog.json
2026-07-01 14:54:43 | INFO | SUCCESS: https://petrobras.com.br/en/sustentabilidade
2026-07-01 14:54:44 | INFO | [7/249] Processing: https://petrobras.com.br/en/negocios
2026-07-01 14:54:44 | INFO | Generated slug: petrobras_com_br_en_negocios--4601e2fc
2026-07-01 14:54:44 | INFO | Starting analysis: https://petrobras.com.br/en/negocios -> /workspace/catalog/.pages/petrobras_com_br_en_negocios--4601e2fc
2026-07-01 14:54:44 | INFO | Loading: https://petrobras.com.br/en/negocios
2026-07-01 14:54:45 | INFO | Phase 0A: Triggering lazy-loaded content...
2026-07-01 14:54:47 | INFO | Phase 0A: Triggering lazy-loaded content...
2026-07-01 14:54:48 | INFO |    Top-section: 20 rows via fallback
2026-07-01 14:54:48 | INFO |    Body start: y=500 (start row 20 via below-fallback)
2026-07-01 14:54:48 | INFO | URL Pattern: /en/transicao-energetica
2026-07-01 14:54:48 | INFO | Page catalog complete: /workspace/catalog/.pages/petrobras_com_br_en_transicao-energetica--a7fe59d8/page-catalog.json
2026-07-01 14:54:48 | INFO | SUCCESS: https://petrobras.com.br/en/transicao-energetica
2026-07-01 14:54:49 | INFO | Lazy-load scroll complete
2026-07-01 14:54:49 | INFO | Phase 0B: Cleaning up overlays...
2026-07-01 14:54:49 | INFO | [8/249] Processing: https://petrobras.com.br/en/jornada-da-energia
2026-07-01 14:54:49 | INFO | Generated slug: petrobras_com_br_en_jornada-da-energia--f14d04a7
2026-07-01 14:54:49 | INFO | Starting analysis: https://petrobras.com.br/en/jornada-da-energia -> /workspace/catalog/.pages/petrobras_com_br_en_jornada-da-energia--f14d04a7
2026-07-01 14:54:49 | INFO | Loading: https://petrobras.com.br/en/jornada-da-energia
2026-07-01 14:54:50 | INFO | Lazy-load scroll complete
2026-07-01 14:54:50 | INFO | Phase 0B: Cleaning up overlays...
2026-07-01 14:54:52 | INFO | Phase 0A: Triggering lazy-loaded content...
2026-07-01 14:54:55 | INFO | Lazy-load scroll complete
2026-07-01 14:54:55 | INFO | Phase 0B: Cleaning up overlays...
2026-07-01 14:55:31 | INFO | Removed 5 elements: overlay, popup
📐 Detecting header/footer for this page...
2026-07-01 14:55:31 | INFO | Template - Reused saved header selector on current page
2026-07-01 14:55:31 | INFO | Template - Reused saved footer selector on current page
2026-07-01 14:55:31 | INFO | Header: complex complexity, 3 features
2026-07-01 14:55:31 | INFO | Footer: simple complexity, 0 features
2026-07-01 14:55:31 | INFO | Phase 2: Identifying main content area...
2026-07-01 14:55:31 | INFO | Main content: #main-content
2026-07-01 14:55:31 | INFO | Phase 3: Detecting blocks...
2026-07-01 14:55:32 | INFO | Phase 4: Capturing block screenshots...
2026-07-01 14:55:33 | INFO | Captured 10 block screenshots
2026-07-01 14:55:33 | INFO | Detected 10 blocks
2026-07-01 14:55:33 | INFO | Generating fingerprints for template discovery...
2026-07-01 14:55:36 | INFO |    Top-section: 23 rows via title+placeholder
2026-07-01 14:55:36 | INFO |    Body start: y=575 (start row 23 via below-title+placeholder)
2026-07-01 14:55:36 | INFO | URL Pattern: /
2026-07-01 14:55:36 | INFO | Page catalog complete: /workspace/catalog/.pages/petrobras_com_br--64872776/page-catalog.json
2026-07-01 14:55:36 | INFO | SUCCESS: https://petrobras.com.br/
2026-07-01 14:55:37 | INFO | [9/249] Processing: https://petrobras.com.br/en/produtos-mais-sustent%C3%A1veis
2026-07-01 14:55:37 | INFO | Generated slug: petrobras_com_br_en_produtos-mais-sustent_C3_A1veis--e208a6d7
2026-07-01 14:55:37 | INFO | Starting analysis: https://petrobras.com.br/en/produtos-mais-sustent%C3%A1veis -> /workspace/catalog/.pages/petrobras_com_br_en_produtos-mais-sustent_C3_A1veis--e208a6d7
2026-07-01 14:55:37 | INFO | Loading: https://petrobras.com.br/en/produtos-mais-sustent%C3%A1veis
2026-07-01 14:55:40 | INFO | Phase 0A: Triggering lazy-loaded content...
2026-07-01 14:55:42 | INFO | Lazy-load scroll complete
2026-07-01 14:55:42 | INFO | Phase 0B: Cleaning up overlays...
2026-07-01 14:55:44 | INFO | Removed 5 elements: overlay, popup
📐 Detecting header/footer for this page...
2026-07-01 14:55:44 | INFO | Template - Reused saved footer selector on current page
2026-07-01 14:55:44 | INFO | Header: complex complexity, 4 features
2026-07-01 14:55:44 | INFO | Footer: simple complexity, 0 features
2026-07-01 14:55:44 | INFO | Phase 2: Identifying main content area...
2026-07-01 14:55:44 | INFO | Main content: #main-content
2026-07-01 14:55:44 | INFO | Phase 3: Detecting blocks...
2026-07-01 14:55:44 | INFO | Phase 4: Capturing block screenshots...
2026-07-01 14:55:45 | INFO | Captured 10 block screenshots
2026-07-01 14:55:45 | INFO | Detected 10 blocks
2026-07-01 14:55:45 | INFO | Generating fingerprints for template discovery...
2026-07-01 14:55:48 | INFO |    Top-section: 29 rows via title+container
2026-07-01 14:55:48 | INFO |    Body start: y=704 (start row 28 via below-title+container)
2026-07-01 14:55:48 | INFO | URL Pattern: /en/produtos-mais-sustent%C3%A1veis
2026-07-01 14:55:48 | INFO | Page catalog complete: /workspace/catalog/.pages/petrobras_com_br_en_produtos-mais-sustent_C3_A1veis--e208a6d7/page-catalog.json
2026-07-01 14:55:48 | INFO | SUCCESS: https://petrobras.com.br/en/produtos-mais-sustent%C3%A1veis
2026-07-01 14:55:48 | INFO | PROGRESS: 5/249 analyzed (2% checklist complete) | 5 ok, 0 failed, 0 skipped | ~69 min remaining
2026-07-01 14:55:49 | INFO | [10/249] Processing: https://petrobras.com.br/en/web-stories
2026-07-01 14:55:49 | INFO | Generated slug: petrobras_com_br_en_web-stories--53244b7c
2026-07-01 14:55:49 | INFO | Starting analysis: https://petrobras.com.br/en/web-stories -> /workspace/catalog/.pages/petrobras_com_br_en_web-stories--53244b7c
2026-07-01 14:55:49 | INFO | Loading: https://petrobras.com.br/en/web-stories
2026-07-01 14:55:52 | INFO | Phase 0A: Triggering lazy-loaded content...
2026-07-01 14:55:53 | INFO | Lazy-load scroll complete
2026-07-01 14:55:53 | INFO | Phase 0B: Cleaning up overlays...
2026-07-01 14:56:20 | INFO | Removed 10 elements: overlay, popup
📐 Detecting header/footer for this page...
2026-07-01 14:56:20 | INFO | Template - Reused saved header selector on current page
2026-07-01 14:56:20 | INFO | Template - Reused saved footer selector on current page
2026-07-01 14:56:20 | INFO | Header: complex complexity, 3 features
2026-07-01 14:56:20 | INFO | Footer: simple complexity, 0 features
2026-07-01 14:56:20 | INFO | Phase 2: Identifying main content area...
2026-07-01 14:56:20 | INFO | Main content: #main-content
2026-07-01 14:56:21 | INFO | Phase 3: Detecting blocks...
2026-07-01 14:56:21 | INFO | Phase 4: Capturing block screenshots...
2026-07-01 14:56:21 | WARNING | Screenshots - Block not visible: hero-2ebbebc3
2026-07-01 14:56:21 | WARNING | Screenshots - Block not visible: hero-2a749c0c
2026-07-01 14:56:21 | INFO | Removed 5 elements: overlay, popup
📐 Detecting header/footer for this page...
2026-07-01 14:56:21 | INFO | Template - Reused saved footer selector on current page
2026-07-01 14:56:21 | INFO | Header: complex complexity, 4 features
2026-07-01 14:56:21 | INFO | Footer: simple complexity, 0 features
2026-07-01 14:56:21 | INFO | Phase 2: Identifying main content area...
2026-07-01 14:56:21 | INFO | Main content: #main-content
2026-07-01 14:56:21 | INFO | Phase 3: Detecting blocks...
2026-07-01 14:56:21 | INFO | Phase 4: Capturing block screenshots...
2026-07-01 14:56:23 | INFO | Captured 11 block screenshots
2026-07-01 14:56:23 | INFO | Detected 11 blocks
2026-07-01 14:56:23 | INFO | Generating fingerprints for template discovery...
2026-07-01 14:56:23 | INFO | Captured 10 block screenshots
2026-07-01 14:56:23 | INFO | Detected 12 blocks
2026-07-01 14:56:23 | INFO | Generating fingerprints for template discovery...
2026-07-01 14:56:25 | INFO |    Top-section: 5 rows via title+container
2026-07-01 14:56:25 | INFO |    Body start: y=125 (start row 5 via below-title+container)
2026-07-01 14:56:25 | INFO | URL Pattern: /en/negocios
2026-07-01 14:56:25 | INFO | Page catalog complete: /workspace/catalog/.pages/petrobras_com_br_en_negocios--4601e2fc/page-catalog.json
2026-07-01 14:56:25 | INFO | SUCCESS: https://petrobras.com.br/en/negocios
2026-07-01 14:56:26 | INFO |    Top-section: 5 rows via title+container
2026-07-01 14:56:26 | INFO |    Body start: y=125 (start row 5 via below-title+container)
2026-07-01 14:56:26 | INFO | URL Pattern: /en/pre-sal
2026-07-01 14:56:26 | INFO | Page catalog complete: /workspace/catalog/.pages/petrobras_com_br_en_pre-sal--58d67a52/page-catalog.json
2026-07-01 14:56:26 | INFO | SUCCESS: https://petrobras.com.br/en/pre-sal
2026-07-01 14:56:27 | INFO | [11/249] Processing: https://petrobras.com.br/en/fale-conosco
2026-07-01 14:56:27 | INFO | Generated slug: petrobras_com_br_en_fale-conosco--bdae6ed1
2026-07-01 14:56:27 | INFO | Starting analysis: https://petrobras.com.br/en/fale-conosco -> /workspace/catalog/.pages/petrobras_com_br_en_fale-conosco--bdae6ed1
2026-07-01 14:56:27 | INFO | Loading: https://petrobras.com.br/en/fale-conosco
2026-07-01 14:56:27 | INFO | Removed 5 elements: overlay, popup
📐 Detecting header/footer for this page...
2026-07-01 14:56:27 | INFO | Template - Reused saved header selector on current page
2026-07-01 14:56:27 | INFO | Template - Reused saved footer selector on current page
2026-07-01 14:56:27 | INFO | Header: complex complexity, 3 features
2026-07-01 14:56:27 | INFO | Footer: simple complexity, 0 features
2026-07-01 14:56:27 | INFO | Phase 2: Identifying main content area...
2026-07-01 14:56:27 | INFO | Main content: #main-content
2026-07-01 14:56:27 | INFO | Phase 3: Detecting blocks...
2026-07-01 14:56:27 | INFO | Phase 4: Capturing block screenshots...
2026-07-01 14:56:27 | WARNING | Screenshots - Block not visible: hero-a395a5e
2026-07-01 14:56:28 | INFO | [12/249] Processing: https://petrobras.com.br/en/ouvidoria
2026-07-01 14:56:28 | INFO | Generated slug: petrobras_com_br_en_ouvidoria--08cae8fa
2026-07-01 14:56:28 | INFO | Starting analysis: https://petrobras.com.br/en/ouvidoria -> /workspace/catalog/.pages/petrobras_com_br_en_ouvidoria--08cae8fa
2026-07-01 14:56:28 | INFO | Loading: https://petrobras.com.br/en/ouvidoria
2026-07-01 14:56:29 | INFO | Captured 16 block screenshots
2026-07-01 14:56:29 | INFO | Detected 17 blocks
2026-07-01 14:56:29 | INFO | Generating fingerprints for template discovery...
2026-07-01 14:56:29 | INFO | Phase 0A: Triggering lazy-loaded content...
2026-07-01 14:56:30 | INFO | Phase 0A: Triggering lazy-loaded content...
2026-07-01 14:56:31 | INFO | Lazy-load scroll complete
2026-07-01 14:56:31 | INFO | Phase 0B: Cleaning up overlays...
2026-07-01 14:56:32 | INFO |    Top-section: 36 rows via title+placeholder
2026-07-01 14:56:32 | INFO |    Body start: y=900 (start row 36 via below-title+placeholder)
2026-07-01 14:56:32 | INFO | URL Pattern: /en/jornada-da-energia
2026-07-01 14:56:32 | INFO | Page catalog complete: /workspace/catalog/.pages/petrobras_com_br_en_jornada-da-energia--f14d04a7/page-catalog.json
2026-07-01 14:56:32 | INFO | SUCCESS: https://petrobras.com.br/en/jornada-da-energia
2026-07-01 14:56:32 | INFO | Lazy-load scroll complete
2026-07-01 14:56:32 | INFO | Phase 0B: Cleaning up overlays...
2026-07-01 14:56:33 | INFO | [13/249] Processing: https://petrobras.com.br/en/energia-em-transformacao
2026-07-01 14:56:33 | INFO | Generated slug: petrobras_com_br_en_energia-em-transformacao--f28575c3
2026-07-01 14:56:33 | INFO | Starting analysis: https://petrobras.com.br/en/energia-em-transformacao -> /workspace/catalog/.pages/petrobras_com_br_en_energia-em-transformacao--f28575c3
2026-07-01 14:56:33 | INFO | Loading: https://petrobras.com.br/en/energia-em-transformacao
2026-07-01 14:56:37 | INFO | Phase 0A: Triggering lazy-loaded content...
2026-07-01 14:56:40 | INFO | Lazy-load scroll complete
2026-07-01 14:56:40 | INFO | Phase 0B: Cleaning up overlays...
2026-07-01 14:57:11 | INFO | Removed 5 elements: overlay, popup
📐 Detecting header/footer for this page...
2026-07-01 14:57:11 | INFO | Template - Reused saved header selector on current page
2026-07-01 14:57:11 | INFO | Template - Reused saved footer selector on current page
2026-07-01 14:57:11 | INFO | Header: complex complexity, 3 features
2026-07-01 14:57:11 | INFO | Footer: simple complexity, 0 features
2026-07-01 14:57:11 | INFO | Phase 2: Identifying main content area...
2026-07-01 14:57:11 | INFO | Main content: #main-content
2026-07-01 14:57:11 | INFO | Phase 3: Detecting blocks...
2026-07-01 14:57:11 | WARNING | Blocks - 75% of blocks are unknown - site uses non-EDS patterns
2026-07-01 14:57:11 | INFO | Phase 4: Capturing block screenshots...
2026-07-01 14:57:11 | INFO | Removed 11 elements: overlay, popup
📐 Detecting header/footer for this page...
2026-07-01 14:57:11 | INFO | Template - Reused saved header selector on current page
2026-07-01 14:57:11 | INFO | Template - Reused saved footer selector on current page
2026-07-01 14:57:11 | INFO | Header: complex complexity, 3 features
2026-07-01 14:57:11 | INFO | Footer: simple complexity, 0 features
2026-07-01 14:57:11 | INFO | Phase 2: Identifying main content area...
2026-07-01 14:57:11 | INFO | Main content: #main-content
2026-07-01 14:57:12 | INFO | Phase 3: Detecting blocks...
2026-07-01 14:57:12 | INFO | Phase 4: Capturing block screenshots...
2026-07-01 14:57:13 | INFO | Captured 11 block screenshots
2026-07-01 14:57:13 | INFO | Detected 11 blocks
2026-07-01 14:57:13 | INFO | Generating fingerprints for template discovery...
2026-07-01 14:57:13 | INFO | Captured 16 block screenshots
2026-07-01 14:57:13 | INFO | Detected 16 blocks
2026-07-01 14:57:13 | INFO | Generating fingerprints for template discovery...
2026-07-01 14:57:16 | INFO |    Top-section: 23 rows via title+placeholder
2026-07-01 14:57:16 | INFO |    Body start: y=575 (start row 23 via below-title+placeholder)
2026-07-01 14:57:16 | INFO | URL Pattern: /en/inovacao-e-tecnologia
2026-07-01 14:57:16 | INFO | Page catalog complete: /workspace/catalog/.pages/petrobras_com_br_en_inovacao-e-tecnologia--ff40a5f2/page-catalog.json
2026-07-01 14:57:16 | INFO | SUCCESS: https://petrobras.com.br/en/inovacao-e-tecnologia
2026-07-01 14:57:16 | INFO |    Top-section: 17 rows via title+container
2026-07-01 14:57:16 | INFO |    Body start: y=425 (start row 17 via below-title+container)
2026-07-01 14:57:16 | INFO | URL Pattern: /en/energia-em-transformacao
2026-07-01 14:57:16 | INFO | Page catalog complete: /workspace/catalog/.pages/petrobras_com_br_en_energia-em-transformacao--f28575c3/page-catalog.json
2026-07-01 14:57:16 | INFO | SUCCESS: https://petrobras.com.br/en/energia-em-transformacao
2026-07-01 14:57:16 | INFO | PROGRESS: 10/249 analyzed (4% checklist complete) | 10 ok, 0 failed, 0 skipped | ~69 min remaining
2026-07-01 14:57:17 | INFO | [14/249] Processing: https://petrobras.com.br/en/seguranca-da-informacao
2026-07-01 14:57:17 | INFO | Generated slug: petrobras_com_br_en_seguranca-da-informacao--613b8a48
2026-07-01 14:57:17 | INFO | Starting analysis: https://petrobras.com.br/en/seguranca-da-informacao -> /workspace/catalog/.pages/petrobras_com_br_en_seguranca-da-informacao--613b8a48
2026-07-01 14:57:17 | INFO | Loading: https://petrobras.com.br/en/seguranca-da-informacao
2026-07-01 14:57:18 | INFO | [15/249] Processing: https://petrobras.com.br/en/quem-somos
2026-07-01 14:57:18 | INFO | Generated slug: petrobras_com_br_en_quem-somos--139ef840
2026-07-01 14:57:18 | INFO | Starting analysis: https://petrobras.com.br/en/quem-somos -> /workspace/catalog/.pages/petrobras_com_br_en_quem-somos--139ef840
2026-07-01 14:57:18 | INFO | Loading: https://petrobras.com.br/en/quem-somos
2026-07-01 14:57:20 | INFO | Phase 0A: Triggering lazy-loaded content...
2026-07-01 14:57:20 | INFO | Phase 0A: Triggering lazy-loaded content...
2026-07-01 14:57:21 | INFO | Lazy-load scroll complete
2026-07-01 14:57:21 | INFO | Phase 0B: Cleaning up overlays...
2026-07-01 14:57:23 | INFO | Lazy-load scroll complete
2026-07-01 14:57:23 | INFO | Phase 0B: Cleaning up overlays...
2026-07-01 14:57:23 | INFO | Removed 5 elements: overlay, popup
📐 Detecting header/footer for this page...
2026-07-01 14:57:23 | INFO | Template - Reused saved footer selector on current page
2026-07-01 14:57:23 | INFO | Header: complex complexity, 4 features
2026-07-01 14:57:23 | INFO | Footer: simple complexity, 0 features
2026-07-01 14:57:23 | INFO | Phase 2: Identifying main content area...
2026-07-01 14:57:23 | INFO | Main content: #main-content
2026-07-01 14:57:23 | INFO | Phase 3: Detecting blocks...
2026-07-01 14:57:23 | INFO | Phase 4: Capturing block screenshots...
2026-07-01 14:57:24 | INFO | Captured 2 block screenshots
2026-07-01 14:57:24 | INFO | Detected 2 blocks
2026-07-01 14:57:24 | INFO | Generating fingerprints for template discovery...
2026-07-01 14:57:24 | INFO | Removed 5 elements: overlay, popup
📐 Detecting header/footer for this page...
2026-07-01 14:57:24 | INFO | Template - Reused saved footer selector on current page
2026-07-01 14:57:24 | INFO | Header: complex complexity, 4 features
2026-07-01 14:57:24 | INFO | Footer: simple complexity, 0 features
2026-07-01 14:57:24 | INFO | Phase 2: Identifying main content area...
2026-07-01 14:57:24 | INFO | Main content: #main-content
2026-07-01 14:57:24 | INFO | Phase 3: Detecting blocks...
2026-07-01 14:57:24 | INFO | Phase 4: Capturing block screenshots...
2026-07-01 14:57:25 | INFO | Captured 1 block screenshots
2026-07-01 14:57:25 | INFO | Detected 1 blocks
2026-07-01 14:57:25 | INFO | Generating fingerprints for template discovery...
2026-07-01 14:57:26 | INFO |    Top-section: 16 rows via title+container
2026-07-01 14:57:26 | INFO |    Body start: y=400 (start row 16 via below-title+container)
2026-07-01 14:57:26 | INFO | URL Pattern: /en/seguranca-da-informacao
2026-07-01 14:57:26 | INFO | Page catalog complete: /workspace/catalog/.pages/petrobras_com_br_en_seguranca-da-informacao--613b8a48/page-catalog.json
2026-07-01 14:57:26 | INFO | SUCCESS: https://petrobras.com.br/en/seguranca-da-informacao
2026-07-01 14:57:27 | INFO |    Top-section: 14 rows via title+container
2026-07-01 14:57:27 | INFO |    Body start: y=350 (start row 14 via below-title+container)
2026-07-01 14:57:27 | INFO | URL Pattern: /en/web-stories
2026-07-01 14:57:27 | INFO | Page catalog complete: /workspace/catalog/.pages/petrobras_com_br_en_web-stories--53244b7c/page-catalog.json
2026-07-01 14:57:27 | INFO | SUCCESS: https://petrobras.com.br/en/web-stories
2026-07-01 14:57:28 | INFO | [16/249] Processing: https://petrobras.com.br/en/bolivia
2026-07-01 14:57:28 | INFO | Generated slug: petrobras_com_br_en_bolivia--8a47c7b9
2026-07-01 14:57:28 | INFO | Starting analysis: https://petrobras.com.br/en/bolivia -> /workspace/catalog/.pages/petrobras_com_br_en_bolivia--8a47c7b9
2026-07-01 14:57:28 | INFO | Loading: https://petrobras.com.br/en/bolivia
2026-07-01 14:57:29 | INFO | [17/249] Processing: https://petrobras.com.br/en/colombia
2026-07-01 14:57:29 | INFO | Generated slug: petrobras_com_br_en_colombia--dfbf0cad
2026-07-01 14:57:29 | INFO | Starting analysis: https://petrobras.com.br/en/colombia -> /workspace/catalog/.pages/petrobras_com_br_en_colombia--dfbf0cad
2026-07-01 14:57:29 | INFO | Loading: https://petrobras.com.br/en/colombia
2026-07-01 14:57:30 | INFO | Phase 0A: Triggering lazy-loaded content...
2026-07-01 14:57:32 | INFO | Phase 0A: Triggering lazy-loaded content...
2026-07-01 14:57:35 | INFO | Lazy-load scroll complete
2026-07-01 14:57:35 | INFO | Phase 0B: Cleaning up overlays...
2026-07-01 14:57:35 | INFO | Lazy-load scroll complete
2026-07-01 14:57:35 | INFO | Phase 0B: Cleaning up overlays...
2026-07-01 14:58:02 | INFO | Removed 5 elements: overlay, popup
📐 Detecting header/footer for this page...
2026-07-01 14:58:02 | INFO | Template - Reused saved footer selector on current page
2026-07-01 14:58:02 | INFO | Header: complex complexity, 4 features
2026-07-01 14:58:02 | INFO | Footer: simple complexity, 0 features
2026-07-01 14:58:02 | INFO | Phase 2: Identifying main content area...
2026-07-01 14:58:02 | INFO | Main content: #main-content
2026-07-01 14:58:02 | INFO | Phase 3: Detecting blocks...
2026-07-01 14:58:02 | INFO | Phase 4: Capturing block screenshots...
2026-07-01 14:58:04 | INFO | Removed 5 elements: overlay, popup
📐 Detecting header/footer for this page...
2026-07-01 14:58:04 | INFO | Template - Reused saved header selector on current page
2026-07-01 14:58:04 | INFO | Template - Reused saved footer selector on current page
2026-07-01 14:58:04 | INFO | Header: complex complexity, 3 features
2026-07-01 14:58:04 | INFO | Footer: simple complexity, 0 features
2026-07-01 14:58:04 | INFO | Phase 2: Identifying main content area...
2026-07-01 14:58:04 | INFO | Main content: #main-content
2026-07-01 14:58:04 | INFO | Captured 11 block screenshots
2026-07-01 14:58:04 | INFO | Detected 11 blocks
2026-07-01 14:58:04 | INFO | Generating fingerprints for template discovery...
2026-07-01 14:58:04 | INFO | Phase 3: Detecting blocks...
2026-07-01 14:58:04 | INFO | Phase 4: Capturing block screenshots...
2026-07-01 14:58:06 | INFO | Captured 11 block screenshots
2026-07-01 14:58:06 | INFO | Detected 11 blocks
2026-07-01 14:58:06 | INFO | Generating fingerprints for template discovery...
2026-07-01 14:58:06 | INFO |    Top-section: 22 rows via title
2026-07-01 14:58:06 | INFO |    Body start: y=550 (start row 22 via below-title)
2026-07-01 14:58:06 | INFO | URL Pattern: /en/fale-conosco
2026-07-01 14:58:06 | INFO | Page catalog complete: /workspace/catalog/.pages/petrobras_com_br_en_fale-conosco--bdae6ed1/page-catalog.json
2026-07-01 14:58:06 | INFO | SUCCESS: https://petrobras.com.br/en/fale-conosco
2026-07-01 14:58:08 | INFO | [18/249] Processing: https://petrobras.com.br/en/usa
2026-07-01 14:58:08 | INFO | Generated slug: petrobras_com_br_en_usa--d7eafae4
2026-07-01 14:58:08 | INFO | Starting analysis: https://petrobras.com.br/en/usa -> /workspace/catalog/.pages/petrobras_com_br_en_usa--d7eafae4
2026-07-01 14:58:08 | INFO | Loading: https://petrobras.com.br/en/usa
2026-07-01 14:58:08 | INFO |    Top-section: 20 rows via title+container
2026-07-01 14:58:08 | INFO |    Body start: y=500 (start row 20 via below-title+container)
2026-07-01 14:58:08 | INFO | URL Pattern: /en/ouvidoria
2026-07-01 14:58:08 | INFO | Page catalog complete: /workspace/catalog/.pages/petrobras_com_br_en_ouvidoria--08cae8fa/page-catalog.json
2026-07-01 14:58:08 | INFO | SUCCESS: https://petrobras.com.br/en/ouvidoria
2026-07-01 14:58:10 | INFO | [19/249] Processing: https://petrobras.com.br/en/privacy-protection-personal-data
2026-07-01 14:58:10 | INFO | Generated slug: petrobras_com_br_en_privacy-protection-personal-data--511e645c
2026-07-01 14:58:10 | INFO | Starting analysis: https://petrobras.com.br/en/privacy-protection-personal-data -> /workspace/catalog/.pages/petrobras_com_br_en_privacy-protection-personal-data--511e645c
2026-07-01 14:58:10 | INFO | Loading: https://petrobras.com.br/en/privacy-protection-personal-data
2026-07-01 14:58:11 | INFO | Phase 0A: Triggering lazy-loaded content...
2026-07-01 14:58:12 | INFO | Phase 0A: Triggering lazy-loaded content...
2026-07-01 14:58:13 | INFO | Lazy-load scroll complete
2026-07-01 14:58:13 | INFO | Phase 0B: Cleaning up overlays...
2026-07-01 14:58:15 | INFO | Lazy-load scroll complete
2026-07-01 14:58:15 | INFO | Phase 0B: Cleaning up overlays...
2026-07-01 14:58:54 | INFO | Removed 5 elements: overlay, popup
📐 Detecting header/footer for this page...
2026-07-01 14:58:54 | INFO | Template - Reused saved header selector on current page
2026-07-01 14:58:54 | INFO | Template - Reused saved footer selector on current page
2026-07-01 14:58:54 | INFO | Header: complex complexity, 3 features
2026-07-01 14:58:54 | INFO | Footer: simple complexity, 0 features
2026-07-01 14:58:54 | INFO | Phase 2: Identifying main content area...
2026-07-01 14:58:54 | INFO | Main content: #main-content
2026-07-01 14:58:54 | INFO | Phase 3: Detecting blocks...
2026-07-01 14:58:54 | INFO | Phase 4: Capturing block screenshots...
2026-07-01 14:58:56 | INFO | Captured 9 block screenshots
2026-07-01 14:58:56 | INFO | Detected 9 blocks
2026-07-01 14:58:56 | INFO | Generating fingerprints for template discovery...
2026-07-01 14:58:58 | INFO |    Top-section: 31 rows via title+placeholder
2026-07-01 14:58:58 | INFO |    Body start: y=775 (start row 31 via below-title+placeholder)
2026-07-01 14:58:58 | INFO | URL Pattern: /en/quem-somos
2026-07-01 14:58:58 | INFO | Page catalog complete: /workspace/catalog/.pages/petrobras_com_br_en_quem-somos--139ef840/page-catalog.json
2026-07-01 14:58:58 | INFO | SUCCESS: https://petrobras.com.br/en/quem-somos
2026-07-01 14:58:58 | INFO | PROGRESS: 15/249 analyzed (6% checklist complete) | 15 ok, 0 failed, 0 skipped | ~72 min remaining
2026-07-01 14:59:00 | INFO | [20/249] Processing: https://petrobras.com.br/en/transicao-energetica/historias-em-quadrinhos
2026-07-01 14:59:00 | INFO | Generated slug: petrobras_com_br_en_transicao-energetica_historias-em-quadrinhos--e5bccb56
2026-07-01 14:59:00 | INFO | Starting analysis: https://petrobras.com.br/en/transicao-energetica/historias-em-quadrinhos -> /workspace/catalog/.pages/petrobras_com_br_en_transicao-energetica_historias-em-quadrinhos--e5bccb56
2026-07-01 14:59:00 | INFO | Loading: https://petrobras.com.br/en/transicao-energetica/historias-em-quadrinhos
2026-07-01 14:59:03 | INFO | Phase 0A: Triggering lazy-loaded content...
2026-07-01 14:59:05 | INFO | Lazy-load scroll complete
2026-07-01 14:59:05 | INFO | Phase 0B: Cleaning up overlays...
2026-07-01 14:59:06 | INFO | Removed 5 elements: overlay, popup
📐 Detecting header/footer for this page...
2026-07-01 14:59:06 | INFO | Template - Reused saved footer selector on current page
2026-07-01 14:59:06 | INFO | Header: complex complexity, 4 features
2026-07-01 14:59:06 | INFO | Footer: simple complexity, 0 features
2026-07-01 14:59:06 | INFO | Phase 2: Identifying main content area...
2026-07-01 14:59:06 | INFO | Main content: #main-content
2026-07-01 14:59:06 | INFO | Phase 3: Detecting blocks...
2026-07-01 14:59:06 | WARNING | Blocks - 73% of blocks are unknown - site uses non-EDS patterns
2026-07-01 14:59:06 | INFO | Phase 4: Capturing block screenshots...
2026-07-01 14:59:07 | INFO | Removed 56 elements: overlay, popup
📐 Detecting header/footer for this page...
2026-07-01 14:59:07 | INFO | Template - Reused saved footer selector on current page
2026-07-01 14:59:07 | INFO | Header: complex complexity, 4 features
2026-07-01 14:59:07 | INFO | Footer: simple complexity, 0 features
2026-07-01 14:59:07 | INFO | Phase 2: Identifying main content area...
2026-07-01 14:59:07 | INFO | Main content: #main-content
2026-07-01 14:59:07 | INFO | Phase 3: Detecting blocks...
2026-07-01 14:59:07 | INFO | Phase 4: Capturing block screenshots...
2026-07-01 14:59:08 | INFO | Captured 11 block screenshots
2026-07-01 14:59:08 | INFO | Detected 11 blocks
2026-07-01 14:59:08 | INFO | Generating fingerprints for template discovery...
2026-07-01 14:59:11 | INFO | Captured 35 block screenshots
2026-07-01 14:59:11 | INFO | Detected 35 blocks
2026-07-01 14:59:11 | INFO | Generating fingerprints for template discovery...
2026-07-01 14:59:11 | INFO |    Top-section: 18 rows via title+container
2026-07-01 14:59:11 | INFO |    Body start: y=450 (start row 18 via below-title+container)
2026-07-01 14:59:11 | INFO | URL Pattern: /en/colombia
2026-07-01 14:59:11 | INFO | Page catalog complete: /workspace/catalog/.pages/petrobras_com_br_en_colombia--dfbf0cad/page-catalog.json
2026-07-01 14:59:11 | INFO | SUCCESS: https://petrobras.com.br/en/colombia
2026-07-01 14:59:12 | INFO | [21/249] Processing: https://petrobras.com.br/en/cultural/selecoes-publicas-culturais
2026-07-01 14:59:12 | INFO | Generated slug: petrobras_com_br_en_cultural_selecoes-publicas-culturais--ad64475a
2026-07-01 14:59:12 | INFO | Starting analysis: https://petrobras.com.br/en/cultural/selecoes-publicas-culturais -> /workspace/catalog/.pages/petrobras_com_br_en_cultural_selecoes-publicas-culturais--ad64475a
2026-07-01 14:59:12 | INFO | Loading: https://petrobras.com.br/en/cultural/selecoes-publicas-culturais
2026-07-01 14:59:13 | INFO |    Top-section: 15 rows via title
2026-07-01 14:59:13 | INFO |    Body start: y=375 (start row 15 via below-title)
2026-07-01 14:59:13 | INFO | URL Pattern: /en/bolivia
2026-07-01 14:59:13 | INFO | Page catalog complete: /workspace/catalog/.pages/petrobras_com_br_en_bolivia--8a47c7b9/page-catalog.json
2026-07-01 14:59:13 | INFO | SUCCESS: https://petrobras.com.br/en/bolivia
2026-07-01 14:59:15 | INFO | [22/249] Processing: https://petrobras.com.br/en/para-criancas/jornada-da-energia
2026-07-01 14:59:15 | INFO | Generated slug: petrobras_com_br_en_para-criancas_jornada-da-energia--48a13d97
2026-07-01 14:59:15 | INFO | Starting analysis: https://petrobras.com.br/en/para-criancas/jornada-da-energia -> /workspace/catalog/.pages/petrobras_com_br_en_para-criancas_jornada-da-energia--48a13d97
2026-07-01 14:59:15 | INFO | Loading: https://petrobras.com.br/en/para-criancas/jornada-da-energia
2026-07-01 14:59:16 | INFO | Phase 0A: Triggering lazy-loaded content...
2026-07-01 14:59:18 | INFO | Lazy-load scroll complete
2026-07-01 14:59:18 | INFO | Phase 0B: Cleaning up overlays...
2026-07-01 14:59:19 | INFO | Phase 0A: Triggering lazy-loaded content...
2026-07-01 14:59:21 | INFO | Lazy-load scroll complete
2026-07-01 14:59:21 | INFO | Phase 0B: Cleaning up overlays...
2026-07-01 14:59:44 | INFO | Removed 5 elements: overlay, popup
📐 Detecting header/footer for this page...
2026-07-01 14:59:44 | INFO | Template - Reused saved footer selector on current page
2026-07-01 14:59:44 | INFO | Header: complex complexity, 4 features
2026-07-01 14:59:44 | INFO | Footer: simple complexity, 0 features
2026-07-01 14:59:44 | INFO | Phase 2: Identifying main content area...
2026-07-01 14:59:44 | INFO | Main content: #main-content
2026-07-01 14:59:44 | INFO | Phase 3: Detecting blocks...
2026-07-01 14:59:44 | WARNING | Blocks - 63% of blocks are unknown - site uses non-EDS patterns
2026-07-01 14:59:44 | INFO | Phase 4: Capturing block screenshots...
2026-07-01 14:59:46 | INFO | Captured 8 block screenshots
2026-07-01 14:59:46 | INFO | Detected 8 blocks
2026-07-01 14:59:46 | INFO | Generating fingerprints for template discovery...
2026-07-01 14:59:46 | INFO | Removed 5 elements: overlay, popup
📐 Detecting header/footer for this page...
2026-07-01 14:59:46 | INFO | Template - Reused saved footer selector on current page
2026-07-01 14:59:46 | INFO | Header: complex complexity, 4 features
2026-07-01 14:59:46 | INFO | Footer: simple complexity, 0 features
2026-07-01 14:59:46 | INFO | Phase 2: Identifying main content area...
2026-07-01 14:59:46 | INFO | Main content: #main-content
2026-07-01 14:59:46 | INFO | Phase 3: Detecting blocks...
2026-07-01 14:59:46 | INFO | Phase 4: Capturing block screenshots...
2026-07-01 14:59:47 | INFO | Captured 6 block screenshots
2026-07-01 14:59:47 | INFO | Detected 6 blocks
2026-07-01 14:59:47 | INFO | Generating fingerprints for template discovery...
2026-07-01 14:59:48 | INFO |    Top-section: 16 rows via title+container
2026-07-01 14:59:48 | INFO |    Body start: y=400 (start row 16 via below-title+container)
2026-07-01 14:59:48 | INFO | URL Pattern: /en/usa
2026-07-01 14:59:48 | INFO | Page catalog complete: /workspace/catalog/.pages/petrobras_com_br_en_usa--d7eafae4/page-catalog.json
2026-07-01 14:59:48 | INFO | SUCCESS: https://petrobras.com.br/en/usa
2026-07-01 14:59:50 | INFO | [23/249] Processing: https://petrobras.com.br/en/inovacao-e-tecnologia/centro-de-pesquisa
2026-07-01 14:59:50 | INFO | Generated slug: petrobras_com_br_en_inovacao-e-tecnologia_centro-de-pesquisa--2952ed13
2026-07-01 14:59:50 | INFO | Starting analysis: https://petrobras.com.br/en/inovacao-e-tecnologia/centro-de-pesquisa -> /workspace/catalog/.pages/petrobras_com_br_en_inovacao-e-tecnologia_centro-de-pesquisa--2952ed13
2026-07-01 14:59:50 | INFO | Loading: https://petrobras.com.br/en/inovacao-e-tecnologia/centro-de-pesquisa
2026-07-01 14:59:50 | INFO |    Top-section: 14 rows via title+container
2026-07-01 14:59:50 | INFO |    Body start: y=350 (start row 14 via below-title+container)
2026-07-01 14:59:50 | INFO | URL Pattern: /en/privacy-protection-personal-data
2026-07-01 14:59:50 | INFO | Page catalog complete: /workspace/catalog/.pages/petrobras_com_br_en_privacy-protection-personal-data--511e645c/page-catalog.json
2026-07-01 14:59:50 | INFO | SUCCESS: https://petrobras.com.br/en/privacy-protection-personal-data
2026-07-01 14:59:51 | INFO | [24/249] Processing: https://petrobras.com.br/en/inovacao-e-tecnologia/patentes
2026-07-01 14:59:51 | INFO | Generated slug: petrobras_com_br_en_inovacao-e-tecnologia_patentes--1ee30656
2026-07-01 14:59:51 | INFO | Starting analysis: https://petrobras.com.br/en/inovacao-e-tecnologia/patentes -> /workspace/catalog/.pages/petrobras_com_br_en_inovacao-e-tecnologia_patentes--1ee30656
2026-07-01 14:59:51 | INFO | Loading: https://petrobras.com.br/en/inovacao-e-tecnologia/patentes
2026-07-01 14:59:55 | INFO | Phase 0A: Triggering lazy-loaded content...
2026-07-01 14:59:57 | INFO | Lazy-load scroll complete
2026-07-01 14:59:57 | INFO | Phase 0B: Cleaning up overlays...
2026-07-01 14:59:59 | INFO | Phase 0A: Triggering lazy-loaded content...
2026-07-01 15:00:01 | INFO | Lazy-load scroll complete
2026-07-01 15:00:01 | INFO | Phase 0B: Cleaning up overlays...
2026-07-01 15:00:36 | INFO | Removed 7 elements: overlay, popup
📐 Detecting header/footer for this page...
2026-07-01 15:00:36 | INFO | Template - Reused saved header selector on current page
2026-07-01 15:00:36 | INFO | Template - Reused saved footer selector on current page
2026-07-01 15:00:36 | INFO | Header: complex complexity, 3 features
2026-07-01 15:00:36 | INFO | Footer: simple complexity, 0 features
2026-07-01 15:00:36 | INFO | Phase 2: Identifying main content area...
2026-07-01 15:00:36 | INFO | Main content: #main-content
2026-07-01 15:00:36 | INFO | Phase 3: Detecting blocks...
2026-07-01 15:00:36 | INFO | Phase 4: Capturing block screenshots...
2026-07-01 15:00:37 | INFO | Captured 2 block screenshots
2026-07-01 15:00:37 | INFO | Detected 2 blocks
2026-07-01 15:00:37 | INFO | Generating fingerprints for template discovery...
2026-07-01 15:00:39 | INFO |    Top-section: 16 rows via title+container
2026-07-01 15:00:39 | INFO |    Body start: y=400 (start row 16 via below-title+container)
2026-07-01 15:00:39 | INFO | URL Pattern: /en/transicao-energetica/historias-em-quadrinhos
2026-07-01 15:00:39 | INFO | Page catalog complete: /workspace/catalog/.pages/petrobras_com_br_en_transicao-energetica_historias-em-quadrinhos--e5bccb56/page-catalog.json
2026-07-01 15:00:39 | INFO | SUCCESS: https://petrobras.com.br/en/transicao-energetica/historias-em-quadrinhos
2026-07-01 15:00:39 | INFO | PROGRESS: 20/249 analyzed (8% checklist complete) | 20 ok, 0 failed, 0 skipped | ~72 min remaining
2026-07-01 15:00:41 | INFO | [25/249] Processing: https://petrobras.com.br/en/inovacao-e-tecnologia/inovacao-aberta
2026-07-01 15:00:41 | INFO | Generated slug: petrobras_com_br_en_inovacao-e-tecnologia_inovacao-aberta--38ff84dd
2026-07-01 15:00:41 | INFO | Starting analysis: https://petrobras.com.br/en/inovacao-e-tecnologia/inovacao-aberta -> /workspace/catalog/.pages/petrobras_com_br_en_inovacao-e-tecnologia_inovacao-aberta--38ff84dd
2026-07-01 15:00:41 | INFO | Loading: https://petrobras.com.br/en/inovacao-e-tecnologia/inovacao-aberta
2026-07-01 15:00:44 | INFO | Phase 0A: Triggering lazy-loaded content...
2026-07-01 15:00:47 | INFO | Lazy-load scroll complete
2026-07-01 15:00:47 | INFO | Phase 0B: Cleaning up overlays...
2026-07-01 15:00:49 | INFO | Removed 5 elements: overlay, popup
📐 Detecting header/footer for this page...
2026-07-01 15:00:49 | INFO | Template - Reused saved footer selector on current page
2026-07-01 15:00:49 | INFO | Header: complex complexity, 4 features
2026-07-01 15:00:49 | INFO | Footer: simple complexity, 0 features
2026-07-01 15:00:49 | INFO | Phase 2: Identifying main content area...
2026-07-01 15:00:49 | INFO | Main content: #main-content
2026-07-01 15:00:49 | INFO | Phase 3: Detecting blocks...
2026-07-01 15:00:49 | INFO | Phase 4: Capturing block screenshots...
2026-07-01 15:00:50 | INFO | Captured 2 block screenshots
2026-07-01 15:00:50 | INFO | Detected 2 blocks
2026-07-01 15:00:50 | INFO | Generating fingerprints for template discovery...
2026-07-01 15:00:52 | INFO | Removed 11 elements: overlay, popup
📐 Detecting header/footer for this page...
2026-07-01 15:00:52 | INFO | Template - Reused saved header selector on current page
2026-07-01 15:00:52 | INFO | Template - Reused saved footer selector on current page
2026-07-01 15:00:52 | INFO | Header: complex complexity, 3 features
2026-07-01 15:00:52 | INFO | Footer: simple complexity, 0 features
2026-07-01 15:00:52 | INFO | Phase 2: Identifying main content area...
2026-07-01 15:00:52 | INFO | Main content: #main-content
2026-07-01 15:00:52 | INFO | Phase 3: Detecting blocks...
2026-07-01 15:00:52 | INFO | Phase 4: Capturing block screenshots...
2026-07-01 15:00:52 | INFO |    Top-section: 13 rows via title
2026-07-01 15:00:52 | INFO |    Body start: y=325 (start row 13 via below-title)
2026-07-01 15:00:52 | INFO | URL Pattern: /en/cultural/selecoes-publicas-culturais
2026-07-01 15:00:52 | INFO | Page catalog complete: /workspace/catalog/.pages/petrobras_com_br_en_cultural_selecoes-publicas-culturais--ad64475a/page-catalog.json
2026-07-01 15:00:52 | INFO | SUCCESS: https://petrobras.com.br/en/cultural/selecoes-publicas-culturais
2026-07-01 15:00:53 | INFO | Captured 2 block screenshots
2026-07-01 15:00:53 | INFO | Detected 2 blocks
2026-07-01 15:00:53 | INFO | Generating fingerprints for template discovery...
2026-07-01 15:00:54 | INFO | [26/249] Processing: https://petrobras.com.br/en/negocios/oferta-processamento-de-gas
2026-07-01 15:00:54 | INFO | Generated slug: petrobras_com_br_en_negocios_oferta-processamento-de-gas--e935934d
2026-07-01 15:00:54 | INFO | Starting analysis: https://petrobras.com.br/en/negocios/oferta-processamento-de-gas -> /workspace/catalog/.pages/petrobras_com_br_en_negocios_oferta-processamento-de-gas--e935934d
2026-07-01 15:00:54 | INFO | Loading: https://petrobras.com.br/en/negocios/oferta-processamento-de-gas
2026-07-01 15:00:55 | INFO |    Top-section: 12 rows via title
2026-07-01 15:00:55 | INFO |    Body start: y=300 (start row 12 via below-title)
2026-07-01 15:00:55 | INFO | URL Pattern: /en/para-criancas/jornada-da-energia
2026-07-01 15:00:55 | INFO | Page catalog complete: /workspace/catalog/.pages/petrobras_com_br_en_para-criancas_jornada-da-energia--48a13d97/page-catalog.json
2026-07-01 15:00:55 | INFO | SUCCESS: https://petrobras.com.br/en/para-criancas/jornada-da-energia
2026-07-01 15:00:57 | INFO | [27/249] Processing: https://petrobras.com.br/en/negocios/oferta-escoamento-de-gas
2026-07-01 15:00:57 | INFO | Generated slug: petrobras_com_br_en_negocios_oferta-escoamento-de-gas--e9514cd5
2026-07-01 15:00:57 | INFO | Starting analysis: https://petrobras.com.br/en/negocios/oferta-escoamento-de-gas -> /workspace/catalog/.pages/petrobras_com_br_en_negocios_oferta-escoamento-de-gas--e9514cd5
2026-07-01 15:00:57 | INFO | Loading: https://petrobras.com.br/en/negocios/oferta-escoamento-de-gas
2026-07-01 15:00:58 | INFO | Phase 0A: Triggering lazy-loaded content...
2026-07-01 15:01:00 | INFO | Lazy-load scroll complete
2026-07-01 15:01:00 | INFO | Phase 0B: Cleaning up overlays...
2026-07-01 15:01:01 | INFO | Phase 0A: Triggering lazy-loaded content...
2026-07-01 15:01:03 | INFO | Lazy-load scroll complete
2026-07-01 15:01:03 | INFO | Phase 0B: Cleaning up overlays...
2026-07-01 15:01:29 | INFO | Removed 7 elements: overlay, popup
📐 Detecting header/footer for this page...
2026-07-01 15:01:29 | INFO | Template - Reused saved footer selector on current page
2026-07-01 15:01:29 | INFO | Header: complex complexity, 4 features
2026-07-01 15:01:29 | INFO | Footer: simple complexity, 0 features
2026-07-01 15:01:29 | INFO | Phase 2: Identifying main content area...
2026-07-01 15:01:29 | INFO | Main content: #main-content
2026-07-01 15:01:29 | INFO | Phase 3: Detecting blocks...
2026-07-01 15:01:29 | INFO | Phase 4: Capturing block screenshots...
2026-07-01 15:01:31 | INFO | Captured 15 block screenshots
2026-07-01 15:01:31 | INFO | Detected 15 blocks
2026-07-01 15:01:31 | INFO | Generating fingerprints for template discovery...
2026-07-01 15:01:33 | INFO | Removed 5 elements: overlay, popup
📐 Detecting header/footer for this page...
2026-07-01 15:01:33 | INFO | Template - Reused saved footer selector on current page
2026-07-01 15:01:33 | INFO | Header: complex complexity, 4 features
2026-07-01 15:01:33 | INFO | Footer: simple complexity, 0 features
2026-07-01 15:01:33 | INFO | Phase 2: Identifying main content area...
2026-07-01 15:01:33 | INFO | Main content: #main-content
2026-07-01 15:01:33 | INFO | Phase 3: Detecting blocks...
2026-07-01 15:01:33 | WARNING | Blocks - 50% of blocks are unknown - site uses non-EDS patterns
2026-07-01 15:01:33 | INFO | Phase 4: Capturing block screenshots...
2026-07-01 15:01:34 | INFO |    Top-section: 20 rows via title+container
2026-07-01 15:01:34 | INFO |    Body start: y=500 (start row 20 via below-title+container)
2026-07-01 15:01:34 | INFO | URL Pattern: /en/inovacao-e-tecnologia/centro-de-pesquisa
2026-07-01 15:01:34 | INFO | Page catalog complete: /workspace/catalog/.pages/petrobras_com_br_en_inovacao-e-tecnologia_centro-de-pesquisa--2952ed13/page-catalog.json
2026-07-01 15:01:34 | INFO | SUCCESS: https://petrobras.com.br/en/inovacao-e-tecnologia/centro-de-pesquisa
2026-07-01 15:01:34 | INFO | Captured 14 block screenshots
2026-07-01 15:01:34 | INFO | Detected 14 blocks
2026-07-01 15:01:34 | INFO | Generating fingerprints for template discovery...
2026-07-01 15:01:35 | INFO | [28/249] Processing: https://petrobras.com.br/en/negocios/oferta-de-regaseificacao-de-gas
2026-07-01 15:01:35 | INFO | Generated slug: petrobras_com_br_en_negocios_oferta-de-regaseificacao-de-gas--6e7fbd37
2026-07-01 15:01:35 | INFO | Starting analysis: https://petrobras.com.br/en/negocios/oferta-de-regaseificacao-de-gas -> /workspace/catalog/.pages/petrobras_com_br_en_negocios_oferta-de-regaseificacao-de-gas--6e7fbd37
2026-07-01 15:01:35 | INFO | Loading: https://petrobras.com.br/en/negocios/oferta-de-regaseificacao-de-gas
2026-07-01 15:01:37 | INFO |    Top-section: 19 rows via title+container
2026-07-01 15:01:37 | INFO |    Body start: y=475 (start row 19 via below-title+container)
2026-07-01 15:01:37 | INFO | URL Pattern: /en/inovacao-e-tecnologia/patentes
2026-07-01 15:01:37 | INFO | Page catalog complete: /workspace/catalog/.pages/petrobras_com_br_en_inovacao-e-tecnologia_patentes--1ee30656/page-catalog.json
2026-07-01 15:01:37 | INFO | SUCCESS: https://petrobras.com.br/en/inovacao-e-tecnologia/patentes
2026-07-01 15:01:39 | INFO | [29/249] Processing: https://petrobras.com.br/en/quem-somos/perfil
2026-07-01 15:01:39 | INFO | Generated slug: petrobras_com_br_en_quem-somos_perfil--cbd5b9e3
2026-07-01 15:01:39 | INFO | Starting analysis: https://petrobras.com.br/en/quem-somos/perfil -> /workspace/catalog/.pages/petrobras_com_br_en_quem-somos_perfil--cbd5b9e3
2026-07-01 15:01:39 | INFO | Loading: https://petrobras.com.br/en/quem-somos/perfil
2026-07-01 15:01:42 | INFO | Phase 0A: Triggering lazy-loaded content...
2026-07-01 15:01:42 | INFO | Phase 0A: Triggering lazy-loaded content...
2026-07-01 15:01:44 | INFO | Lazy-load scroll complete
2026-07-01 15:01:44 | INFO | Phase 0B: Cleaning up overlays...
2026-07-01 15:01:45 | INFO | Lazy-load scroll complete
2026-07-01 15:01:45 | INFO | Phase 0B: Cleaning up overlays...
2026-07-01 15:02:19 | INFO | Removed 5 elements: overlay, popup
📐 Detecting header/footer for this page...
2026-07-01 15:02:19 | INFO | Template - Reused saved header selector on current page
2026-07-01 15:02:19 | INFO | Template - Reused saved footer selector on current page
2026-07-01 15:02:19 | INFO | Header: complex complexity, 3 features
2026-07-01 15:02:19 | INFO | Footer: simple complexity, 0 features
2026-07-01 15:02:19 | INFO | Phase 2: Identifying main content area...
2026-07-01 15:02:19 | INFO | Main content: #main-content
2026-07-01 15:02:19 | INFO | Phase 3: Detecting blocks...
2026-07-01 15:02:19 | INFO | Phase 4: Capturing block screenshots...
2026-07-01 15:02:21 | INFO | Captured 17 block screenshots
2026-07-01 15:02:21 | INFO | Detected 17 blocks
2026-07-01 15:02:21 | INFO | Generating fingerprints for template discovery...
2026-07-01 15:02:24 | INFO |    Top-section: 31 rows via title+placeholder
2026-07-01 15:02:24 | INFO |    Body start: y=775 (start row 31 via below-title+placeholder)
2026-07-01 15:02:24 | INFO | URL Pattern: /en/inovacao-e-tecnologia/inovacao-aberta
2026-07-01 15:02:24 | INFO | Page catalog complete: /workspace/catalog/.pages/petrobras_com_br_en_inovacao-e-tecnologia_inovacao-aberta--38ff84dd/page-catalog.json
2026-07-01 15:02:24 | INFO | SUCCESS: https://petrobras.com.br/en/inovacao-e-tecnologia/inovacao-aberta
2026-07-01 15:02:24 | INFO | PROGRESS: 25/249 analyzed (10% checklist complete) | 25 ok, 0 failed, 0 skipped | ~72 min remaining
2026-07-01 15:02:25 | INFO | [30/249] Processing: https://petrobras.com.br/en/quem-somos/participacoes-societarias
2026-07-01 15:02:25 | INFO | Generated slug: petrobras_com_br_en_quem-somos_participacoes-societarias--18f54c79
2026-07-01 15:02:25 | INFO | Starting analysis: https://petrobras.com.br/en/quem-somos/participacoes-societarias -> /workspace/catalog/.pages/petrobras_com_br_en_quem-somos_participacoes-societarias--18f54c79
2026-07-01 15:02:25 | INFO | Loading: https://petrobras.com.br/en/quem-somos/participacoes-societarias
2026-07-01 15:02:29 | INFO | Phase 0A: Triggering lazy-loaded content...
2026-07-01 15:02:30 | INFO | Lazy-load scroll complete
2026-07-01 15:02:30 | INFO | Phase 0B: Cleaning up overlays...
2026-07-01 15:02:32 | INFO | Removed 5 elements: overlay, popup
📐 Detecting header/footer for this page...
2026-07-01 15:02:32 | INFO | Template - Reused saved footer selector on current page
2026-07-01 15:02:32 | INFO | Header: complex complexity, 4 features
2026-07-01 15:02:32 | INFO | Footer: simple complexity, 0 features
2026-07-01 15:02:32 | INFO | Phase 2: Identifying main content area...
2026-07-01 15:02:32 | INFO | Main content: #main-content
2026-07-01 15:02:32 | INFO | Phase 3: Detecting blocks...
2026-07-01 15:02:32 | INFO | Phase 4: Capturing block screenshots...
2026-07-01 15:02:34 | INFO | Captured 12 block screenshots
2026-07-01 15:02:34 | INFO | Detected 12 blocks
2026-07-01 15:02:34 | INFO | Generating fingerprints for template discovery...
2026-07-01 15:02:35 | INFO | Removed 5 elements: overlay, popup
📐 Detecting header/footer for this page...
2026-07-01 15:02:35 | INFO | Template - Reused saved footer selector on current page
2026-07-01 15:02:35 | INFO | Header: complex complexity, 4 features
2026-07-01 15:02:35 | INFO | Footer: simple complexity, 0 features
2026-07-01 15:02:35 | INFO | Phase 2: Identifying main content area...
2026-07-01 15:02:35 | INFO | Main content: #main-content
2026-07-01 15:02:35 | INFO | Phase 3: Detecting blocks...
2026-07-01 15:02:35 | INFO | Phase 4: Capturing block screenshots...
2026-07-01 15:02:36 | INFO |    Top-section: 17 rows via title
2026-07-01 15:02:36 | INFO |    Body start: y=425 (start row 17 via below-title)
2026-07-01 15:02:36 | INFO | URL Pattern: /en/negocios/oferta-processamento-de-gas
2026-07-01 15:02:36 | INFO | Page catalog complete: /workspace/catalog/.pages/petrobras_com_br_en_negocios_oferta-processamento-de-gas--e935934d/page-catalog.json
2026-07-01 15:02:36 | INFO | SUCCESS: https://petrobras.com.br/en/negocios/oferta-processamento-de-gas
2026-07-01 15:02:36 | INFO | Captured 9 block screenshots
2026-07-01 15:02:36 | INFO | Detected 9 blocks
2026-07-01 15:02:36 | INFO | Generating fingerprints for template discovery...
2026-07-01 15:02:38 | INFO | [31/249] Processing: https://petrobras.com.br/en/quem-somos/estrategia
2026-07-01 15:02:38 | INFO | Generated slug: petrobras_com_br_en_quem-somos_estrategia--621edce9
2026-07-01 15:02:38 | INFO | Starting analysis: https://petrobras.com.br/en/quem-somos/estrategia -> /workspace/catalog/.pages/petrobras_com_br_en_quem-somos_estrategia--621edce9
2026-07-01 15:02:38 | INFO | Loading: https://petrobras.com.br/en/quem-somos/estrategia
2026-07-01 15:02:39 | INFO |    Top-section: 15 rows via title
2026-07-01 15:02:39 | INFO |    Body start: y=375 (start row 15 via below-title)
2026-07-01 15:02:39 | INFO | URL Pattern: /en/negocios/oferta-escoamento-de-gas
2026-07-01 15:02:39 | INFO | Page catalog complete: /workspace/catalog/.pages/petrobras_com_br_en_negocios_oferta-escoamento-de-gas--e9514cd5/page-catalog.json
2026-07-01 15:02:39 | INFO | SUCCESS: https://petrobras.com.br/en/negocios/oferta-escoamento-de-gas
2026-07-01 15:02:40 | INFO | [32/249] Processing: https://petrobras.com.br/en/quem-somos/nossa-marca
2026-07-01 15:02:40 | INFO | Generated slug: petrobras_com_br_en_quem-somos_nossa-marca--9867a676
2026-07-01 15:02:40 | INFO | Starting analysis: https://petrobras.com.br/en/quem-somos/nossa-marca -> /workspace/catalog/.pages/petrobras_com_br_en_quem-somos_nossa-marca--9867a676
2026-07-01 15:02:40 | INFO | Loading: https://petrobras.com.br/en/quem-somos/nossa-marca
2026-07-01 15:02:41 | INFO | Phase 0A: Triggering lazy-loaded content...
2026-07-01 15:02:44 | INFO | Phase 0A: Triggering lazy-loaded content...
2026-07-01 15:02:44 | INFO | Lazy-load scroll complete
2026-07-01 15:02:44 | INFO | Phase 0B: Cleaning up overlays...
2026-07-01 15:02:47 | INFO | Lazy-load scroll complete
2026-07-01 15:02:47 | INFO | Phase 0B: Cleaning up overlays...
2026-07-01 15:03:16 | INFO | Removed 14 elements: overlay, popup
📐 Detecting header/footer for this page...
2026-07-01 15:03:16 | INFO | Template - Reused saved footer selector on current page
2026-07-01 15:03:16 | INFO | Header: complex complexity, 4 features
2026-07-01 15:03:16 | INFO | Footer: simple complexity, 0 features
2026-07-01 15:03:16 | INFO | Phase 2: Identifying main content area...
2026-07-01 15:03:16 | INFO | Main content: #main-content
2026-07-01 15:03:16 | INFO | Phase 3: Detecting blocks...
2026-07-01 15:03:16 | INFO | Phase 4: Capturing block screenshots...
2026-07-01 15:03:16 | INFO | Removed 5 elements: overlay, popup
📐 Detecting header/footer for this page...
2026-07-01 15:03:16 | INFO | Template - Reused saved header selector on current page
2026-07-01 15:03:16 | INFO | Template - Reused saved footer selector on current page
2026-07-01 15:03:16 | INFO | Header: complex complexity, 3 features
2026-07-01 15:03:16 | INFO | Footer: simple complexity, 0 features
2026-07-01 15:03:16 | INFO | Phase 2: Identifying main content area...
2026-07-01 15:03:16 | INFO | Main content: #main-content
2026-07-01 15:03:16 | INFO | Phase 3: Detecting blocks...
2026-07-01 15:03:16 | INFO | Phase 4: Capturing block screenshots...
2026-07-01 15:03:16 | WARNING | Screenshots - Block not visible: unknown-3fddcaf8
2026-07-01 15:03:17 | INFO | Captured 11 block screenshots
2026-07-01 15:03:17 | INFO | Detected 11 blocks
2026-07-01 15:03:17 | INFO | Generating fingerprints for template discovery...
2026-07-01 15:03:18 | INFO | Captured 15 block screenshots
2026-07-01 15:03:18 | INFO | Detected 16 blocks
2026-07-01 15:03:18 | INFO | Generating fingerprints for template discovery...
2026-07-01 15:03:20 | INFO |    Top-section: 15 rows via title
2026-07-01 15:03:20 | INFO |    Body start: y=375 (start row 15 via below-title)
2026-07-01 15:03:20 | INFO | URL Pattern: /en/negocios/oferta-de-regaseificacao-de-gas
2026-07-01 15:03:20 | INFO | Page catalog complete: /workspace/catalog/.pages/petrobras_com_br_en_negocios_oferta-de-regaseificacao-de-gas--6e7fbd37/page-catalog.json
2026-07-01 15:03:20 | INFO | SUCCESS: https://petrobras.com.br/en/negocios/oferta-de-regaseificacao-de-gas
2026-07-01 15:03:21 | INFO |    Top-section: 31 rows via title+placeholder
2026-07-01 15:03:21 | INFO |    Body start: y=775 (start row 31 via below-title+placeholder)
2026-07-01 15:03:21 | INFO | URL Pattern: /en/quem-somos/perfil
2026-07-01 15:03:21 | INFO | Page catalog complete: /workspace/catalog/.pages/petrobras_com_br_en_quem-somos_perfil--cbd5b9e3/page-catalog.json
2026-07-01 15:03:21 | INFO | SUCCESS: https://petrobras.com.br/en/quem-somos/perfil
2026-07-01 15:03:21 | INFO | [33/249] Processing: https://petrobras.com.br/en/quem-somos/nossos-escritorios
2026-07-01 15:03:21 | INFO | Generated slug: petrobras_com_br_en_quem-somos_nossos-escritorios--0ecde680
2026-07-01 15:03:21 | INFO | Starting analysis: https://petrobras.com.br/en/quem-somos/nossos-escritorios -> /workspace/catalog/.pages/petrobras_com_br_en_quem-somos_nossos-escritorios--0ecde680
2026-07-01 15:03:21 | INFO | Loading: https://petrobras.com.br/en/quem-somos/nossos-escritorios
2026-07-01 15:03:22 | INFO | [34/249] Processing: https://petrobras.com.br/en/quem-somos/trajetoria
2026-07-01 15:03:22 | INFO | Generated slug: petrobras_com_br_en_quem-somos_trajetoria--1949951e
2026-07-01 15:03:22 | INFO | Starting analysis: https://petrobras.com.br/en/quem-somos/trajetoria -> /workspace/catalog/.pages/petrobras_com_br_en_quem-somos_trajetoria--1949951e
2026-07-01 15:03:22 | INFO | Loading: https://petrobras.com.br/en/quem-somos/trajetoria
2026-07-01 15:03:25 | INFO | Phase 0A: Triggering lazy-loaded content...
2026-07-01 15:03:26 | INFO | Phase 0A: Triggering lazy-loaded content...
2026-07-01 15:03:28 | INFO | Lazy-load scroll complete
2026-07-01 15:03:28 | INFO | Phase 0B: Cleaning up overlays...
2026-07-01 15:03:28 | INFO | Lazy-load scroll complete
2026-07-01 15:03:28 | INFO | Phase 0B: Cleaning up overlays...
2026-07-01 15:04:02 | INFO | Removed 5 elements: overlay, popup
📐 Detecting header/footer for this page...
2026-07-01 15:04:02 | INFO | Template - Reused saved footer selector on current page
2026-07-01 15:04:02 | INFO | Header: complex complexity, 4 features
2026-07-01 15:04:02 | INFO | Footer: simple complexity, 0 features
2026-07-01 15:04:02 | INFO | Phase 2: Identifying main content area...
2026-07-01 15:04:02 | INFO | Main content: #main-content
2026-07-01 15:04:02 | INFO | Phase 3: Detecting blocks...
2026-07-01 15:04:02 | INFO | Phase 4: Capturing block screenshots...
2026-07-01 15:04:03 | INFO | Captured 8 block screenshots
2026-07-01 15:04:03 | INFO | Detected 8 blocks
2026-07-01 15:04:03 | INFO | Generating fingerprints for template discovery...
2026-07-01 15:04:06 | INFO |    Top-section: 15 rows via title
2026-07-01 15:04:06 | INFO |    Body start: y=375 (start row 15 via below-title)
2026-07-01 15:04:06 | INFO | URL Pattern: /en/quem-somos/participacoes-societarias
2026-07-01 15:04:06 | INFO | Page catalog complete: /workspace/catalog/.pages/petrobras_com_br_en_quem-somos_participacoes-societarias--18f54c79/page-catalog.json
2026-07-01 15:04:06 | INFO | SUCCESS: https://petrobras.com.br/en/quem-somos/participacoes-societarias
2026-07-01 15:04:06 | INFO | PROGRESS: 30/249 analyzed (12% checklist complete) | 30 ok, 0 failed, 0 skipped | ~71 min remaining
2026-07-01 15:04:07 | INFO | [35/249] Processing: https://petrobras.com.br/en/quem-somos/exploracao-e-producao
2026-07-01 15:04:07 | INFO | Generated slug: petrobras_com_br_en_quem-somos_exploracao-e-producao--f324514c
2026-07-01 15:04:07 | INFO | Starting analysis: https://petrobras.com.br/en/quem-somos/exploracao-e-producao -> /workspace/catalog/.pages/petrobras_com_br_en_quem-somos_exploracao-e-producao--f324514c
2026-07-01 15:04:07 | INFO | Loading: https://petrobras.com.br/en/quem-somos/exploracao-e-producao
2026-07-01 15:04:11 | INFO | Phase 0A: Triggering lazy-loaded content...
2026-07-01 15:04:14 | INFO | Lazy-load scroll complete
2026-07-01 15:04:14 | INFO | Phase 0B: Cleaning up overlays...
2026-07-01 15:04:16 | INFO | Removed 5 elements: overlay, popup
📐 Detecting header/footer for this page...
2026-07-01 15:04:16 | INFO | Template - Reused saved footer selector on current page
2026-07-01 15:04:16 | INFO | Header: complex complexity, 4 features
2026-07-01 15:04:16 | INFO | Footer: simple complexity, 0 features
2026-07-01 15:04:16 | INFO | Phase 2: Identifying main content area...
2026-07-01 15:04:16 | INFO | Main content: #main-content
2026-07-01 15:04:16 | INFO | Phase 3: Detecting blocks...
2026-07-01 15:04:16 | INFO | Phase 4: Capturing block screenshots...
2026-07-01 15:04:18 | INFO | Removed 5 elements: overlay, popup
📐 Detecting header/footer for this page...
2026-07-01 15:04:18 | INFO | Template - Reused saved header selector on current page
2026-07-01 15:04:18 | INFO | Template - Reused saved footer selector on current page
2026-07-01 15:04:18 | INFO | Header: complex complexity, 3 features
2026-07-01 15:04:18 | INFO | Footer: simple complexity, 0 features
2026-07-01 15:04:18 | INFO | Phase 2: Identifying main content area...
2026-07-01 15:04:18 | INFO | Main content: #main-content
2026-07-01 15:04:18 | INFO | Captured 18 block screenshots
2026-07-01 15:04:18 | INFO | Detected 18 blocks
2026-07-01 15:04:18 | INFO | Generating fingerprints for template discovery...
2026-07-01 15:04:18 | INFO | Phase 3: Detecting blocks...
2026-07-01 15:04:18 | INFO | Phase 4: Capturing block screenshots...
2026-07-01 15:04:20 | INFO | Captured 14 block screenshots
2026-07-01 15:04:20 | INFO | Detected 14 blocks
2026-07-01 15:04:20 | INFO | Generating fingerprints for template discovery...
2026-07-01 15:04:21 | INFO |    Top-section: 15 rows via title
2026-07-01 15:04:21 | INFO |    Body start: y=375 (start row 15 via below-title)
2026-07-01 15:04:21 | INFO | URL Pattern: /en/quem-somos/estrategia
2026-07-01 15:04:21 | INFO | Page catalog complete: /workspace/catalog/.pages/petrobras_com_br_en_quem-somos_estrategia--621edce9/page-catalog.json
2026-07-01 15:04:21 | INFO | SUCCESS: https://petrobras.com.br/en/quem-somos/estrategia
2026-07-01 15:04:22 | INFO | [36/249] Processing: https://petrobras.com.br/en/quem-somos/vida-na-plataforma
2026-07-01 15:04:22 | INFO | Generated slug: petrobras_com_br_en_quem-somos_vida-na-plataforma--3c8f755a
2026-07-01 15:04:22 | INFO | Starting analysis: https://petrobras.com.br/en/quem-somos/vida-na-plataforma -> /workspace/catalog/.pages/petrobras_com_br_en_quem-somos_vida-na-plataforma--3c8f755a
2026-07-01 15:04:22 | INFO | Loading: https://petrobras.com.br/en/quem-somos/vida-na-plataforma
2026-07-01 15:04:22 | INFO |    Top-section: 31 rows via title+placeholder
2026-07-01 15:04:22 | INFO |    Body start: y=775 (start row 31 via below-title+placeholder)
2026-07-01 15:04:22 | INFO | URL Pattern: /en/quem-somos/nossa-marca
2026-07-01 15:04:22 | INFO | Page catalog complete: /workspace/catalog/.pages/petrobras_com_br_en_quem-somos_nossa-marca--9867a676/page-catalog.json
2026-07-01 15:04:22 | INFO | SUCCESS: https://petrobras.com.br/en/quem-somos/nossa-marca
2026-07-01 15:04:24 | INFO | [37/249] Processing: https://petrobras.com.br/en/quem-somos/novas-fronteiras
2026-07-01 15:04:24 | INFO | Generated slug: petrobras_com_br_en_quem-somos_novas-fronteiras--831410c7
2026-07-01 15:04:24 | INFO | Starting analysis: https://petrobras.com.br/en/quem-somos/novas-fronteiras -> /workspace/catalog/.pages/petrobras_com_br_en_quem-somos_novas-fronteiras--831410c7
2026-07-01 15:04:24 | INFO | Loading: https://petrobras.com.br/en/quem-somos/novas-fronteiras
2026-07-01 15:04:26 | INFO | Phase 0A: Triggering lazy-loaded content...
2026-07-01 15:04:28 | INFO | Phase 0A: Triggering lazy-loaded content...
2026-07-01 15:04:31 | INFO | Lazy-load scroll complete
2026-07-01 15:04:31 | INFO | Phase 0B: Cleaning up overlays...
2026-07-01 15:04:32 | INFO | Lazy-load scroll complete
2026-07-01 15:04:32 | INFO | Phase 0B: Cleaning up overlays...
2026-07-01 15:04:59 | INFO | Removed 5 elements: overlay, popup
📐 Detecting header/footer for this page...
2026-07-01 15:04:59 | INFO | Removed 5 elements: overlay, popup
📐 Detecting header/footer for this page...
2026-07-01 15:04:59 | INFO | Template - Reused saved header selector on current page
2026-07-01 15:04:59 | INFO | Template - Reused saved footer selector on current page
2026-07-01 15:04:59 | INFO | Header: complex complexity, 4 features
2026-07-01 15:04:59 | INFO | Footer: simple complexity, 0 features
2026-07-01 15:04:59 | INFO | Phase 2: Identifying main content area...
2026-07-01 15:04:59 | INFO | Main content: #main-content
2026-07-01 15:04:59 | INFO | Template - Reused saved footer selector on current page
2026-07-01 15:04:59 | INFO | Header: complex complexity, 3 features
2026-07-01 15:04:59 | INFO | Footer: simple complexity, 0 features
2026-07-01 15:04:59 | INFO | Phase 2: Identifying main content area...
2026-07-01 15:04:59 | INFO | Main content: #main-content
2026-07-01 15:04:59 | INFO | Phase 3: Detecting blocks...
2026-07-01 15:04:59 | INFO | Phase 3: Detecting blocks...
2026-07-01 15:04:59 | INFO | Phase 4: Capturing block screenshots...
2026-07-01 15:04:59 | INFO | Phase 4: Capturing block screenshots...
2026-07-01 15:05:00 | INFO | Captured 4 block screenshots
2026-07-01 15:05:00 | INFO | Detected 4 blocks
2026-07-01 15:05:00 | INFO | Generating fingerprints for template discovery...
2026-07-01 15:05:01 | INFO | Captured 10 block screenshots
2026-07-01 15:05:01 | INFO | Detected 10 blocks
2026-07-01 15:05:01 | INFO | Generating fingerprints for template discovery...
2026-07-01 15:05:03 | INFO |    Top-section: 37 rows via title+placeholder
2026-07-01 15:05:03 | INFO |    Body start: y=925 (start row 37 via below-title+placeholder)
2026-07-01 15:05:03 | INFO | URL Pattern: /en/quem-somos/trajetoria
2026-07-01 15:05:03 | INFO | Page catalog complete: /workspace/catalog/.pages/petrobras_com_br_en_quem-somos_trajetoria--1949951e/page-catalog.json
2026-07-01 15:05:03 | INFO | SUCCESS: https://petrobras.com.br/en/quem-somos/trajetoria
2026-07-01 15:05:03 | INFO |    Top-section: 19 rows via title+container
2026-07-01 15:05:03 | INFO |    Body start: y=475 (start row 19 via below-title+container)
2026-07-01 15:05:03 | INFO | URL Pattern: /en/quem-somos/nossos-escritorios
2026-07-01 15:05:03 | INFO | Page catalog complete: /workspace/catalog/.pages/petrobras_com_br_en_quem-somos_nossos-escritorios--0ecde680/page-catalog.json
2026-07-01 15:05:03 | INFO | SUCCESS: https://petrobras.com.br/en/quem-somos/nossos-escritorios
2026-07-01 15:05:04 | INFO | [38/249] Processing: https://petrobras.com.br/en/quem-somos/logistica
2026-07-01 15:05:04 | INFO | Generated slug: petrobras_com_br_en_quem-somos_logistica--652839b9
2026-07-01 15:05:04 | INFO | Starting analysis: https://petrobras.com.br/en/quem-somos/logistica -> /workspace/catalog/.pages/petrobras_com_br_en_quem-somos_logistica--652839b9
2026-07-01 15:05:04 | INFO | Loading: https://petrobras.com.br/en/quem-somos/logistica
2026-07-01 15:05:05 | INFO | [39/249] Processing: https://petrobras.com.br/en/quem-somos/refino
2026-07-01 15:05:05 | INFO | Generated slug: petrobras_com_br_en_quem-somos_refino--16ca74fa
2026-07-01 15:05:05 | INFO | Starting analysis: https://petrobras.com.br/en/quem-somos/refino -> /workspace/catalog/.pages/petrobras_com_br_en_quem-somos_refino--16ca74fa
2026-07-01 15:05:05 | INFO | Loading: https://petrobras.com.br/en/quem-somos/refino
2026-07-01 15:05:09 | INFO | Phase 0A: Triggering lazy-loaded content...
2026-07-01 15:05:09 | INFO | Phase 0A: Triggering lazy-loaded content...
2026-07-01 15:05:11 | INFO | Lazy-load scroll complete
2026-07-01 15:05:11 | INFO | Phase 0B: Cleaning up overlays...
2026-07-01 15:05:13 | INFO | Lazy-load scroll complete
2026-07-01 15:05:13 | INFO | Phase 0B: Cleaning up overlays...
2026-07-01 15:05:46 | INFO | Removed 7 elements: overlay, popup
📐 Detecting header/footer for this page...
2026-07-01 15:05:46 | INFO | Template - Reused saved footer selector on current page
2026-07-01 15:05:46 | INFO | Header: complex complexity, 4 features
2026-07-01 15:05:46 | INFO | Footer: simple complexity, 0 features
2026-07-01 15:05:46 | INFO | Phase 2: Identifying main content area...
2026-07-01 15:05:46 | INFO | Main content: #main-content
2026-07-01 15:05:46 | INFO | Phase 3: Detecting blocks...
2026-07-01 15:05:46 | INFO | Phase 4: Capturing block screenshots...
2026-07-01 15:05:47 | WARNING | Screenshots - Block not visible: columns-340498ab
2026-07-01 15:05:49 | INFO | Captured 36 block screenshots
2026-07-01 15:05:49 | INFO | Detected 37 blocks
2026-07-01 15:05:49 | INFO | Generating fingerprints for template discovery...
2026-07-01 15:05:52 | INFO |    Top-section: 17 rows via title
2026-07-01 15:05:52 | INFO |    Body start: y=425 (start row 17 via below-title)
2026-07-01 15:05:52 | INFO | URL Pattern: /en/quem-somos/exploracao-e-producao
2026-07-01 15:05:52 | INFO | Page catalog complete: /workspace/catalog/.pages/petrobras_com_br_en_quem-somos_exploracao-e-producao--f324514c/page-catalog.json
2026-07-01 15:05:52 | INFO | SUCCESS: https://petrobras.com.br/en/quem-somos/exploracao-e-producao
2026-07-01 15:05:52 | INFO | PROGRESS: 35/249 analyzed (14% checklist complete) | 35 ok, 0 failed, 0 skipped | ~71 min remaining
2026-07-01 15:05:54 | INFO | [40/249] Processing: https://petrobras.com.br/en/quem-somos/gas
2026-07-01 15:05:54 | INFO | Generated slug: petrobras_com_br_en_quem-somos_gas--ac7fbe77
2026-07-01 15:05:54 | INFO | Starting analysis: https://petrobras.com.br/en/quem-somos/gas -> /workspace/catalog/.pages/petrobras_com_br_en_quem-somos_gas--ac7fbe77
2026-07-01 15:05:54 | INFO | Loading: https://petrobras.com.br/en/quem-somos/gas
2026-07-01 15:05:57 | INFO | Phase 0A: Triggering lazy-loaded content...
2026-07-01 15:06:00 | INFO | Lazy-load scroll complete
2026-07-01 15:06:00 | INFO | Phase 0B: Cleaning up overlays...
2026-07-01 15:06:02 | INFO | Removed 5 elements: overlay, popup
📐 Detecting header/footer for this page...
2026-07-01 15:06:02 | INFO | Template - Reused saved header selector on current page
2026-07-01 15:06:02 | INFO | Template - Reused saved footer selector on current page
2026-07-01 15:06:02 | INFO | Header: complex complexity, 3 features
2026-07-01 15:06:02 | INFO | Footer: simple complexity, 0 features
2026-07-01 15:06:02 | INFO | Phase 2: Identifying main content area...
2026-07-01 15:06:02 | INFO | Main content: #main-content
2026-07-01 15:06:02 | INFO | Phase 3: Detecting blocks...
2026-07-01 15:06:03 | INFO | Phase 4: Capturing block screenshots...
2026-07-01 15:06:03 | WARNING | Screenshots - Block not visible: hero-6d0ef3a4
2026-07-01 15:06:03 | INFO | Removed 19 elements: overlay, popup
📐 Detecting header/footer for this page...
2026-07-01 15:06:03 | INFO | Template - Reused saved footer selector on current page
2026-07-01 15:06:03 | INFO | Header: complex complexity, 4 features
2026-07-01 15:06:03 | INFO | Footer: simple complexity, 0 features
2026-07-01 15:06:03 | INFO | Phase 2: Identifying main content area...
2026-07-01 15:06:03 | INFO | Main content: #main-content
2026-07-01 15:06:03 | INFO | Phase 3: Detecting blocks...
2026-07-01 15:06:03 | INFO | Phase 4: Capturing block screenshots...
2026-07-01 15:06:04 | WARNING | Screenshots - Block not visible: columns-340498ab
2026-07-01 15:06:07 | INFO | Captured 29 block screenshots
2026-07-01 15:06:07 | INFO | Detected 30 blocks
2026-07-01 15:06:07 | INFO | Generating fingerprints for template discovery...
2026-07-01 15:06:07 | INFO | Captured 33 block screenshots
2026-07-01 15:06:07 | INFO | Detected 34 blocks
2026-07-01 15:06:07 | INFO | Generating fingerprints for template discovery...
2026-07-01 15:06:09 | INFO |    Top-section: 13 rows via title
2026-07-01 15:06:09 | INFO |    Body start: y=325 (start row 13 via below-title)
2026-07-01 15:06:09 | INFO | URL Pattern: /en/quem-somos/novas-fronteiras
2026-07-01 15:06:09 | INFO | Page catalog complete: /workspace/catalog/.pages/petrobras_com_br_en_quem-somos_novas-fronteiras--831410c7/page-catalog.json
2026-07-01 15:06:09 | INFO | SUCCESS: https://petrobras.com.br/en/quem-somos/novas-fronteiras
2026-07-01 15:06:10 | INFO |    Top-section: 36 rows via title+placeholder
2026-07-01 15:06:10 | INFO |    Body start: y=900 (start row 36 via below-title+placeholder)
2026-07-01 15:06:10 | INFO | URL Pattern: /en/quem-somos/vida-na-plataforma
2026-07-01 15:06:10 | INFO | Page catalog complete: /workspace/catalog/.pages/petrobras_com_br_en_quem-somos_vida-na-plataforma--3c8f755a/page-catalog.json
2026-07-01 15:06:10 | INFO | SUCCESS: https://petrobras.com.br/en/quem-somos/vida-na-plataforma
2026-07-01 15:06:11 | INFO | [41/249] Processing: https://petrobras.com.br/en/quem-somos/fertilizantes
2026-07-01 15:06:11 | INFO | Generated slug: petrobras_com_br_en_quem-somos_fertilizantes--327ce58f
2026-07-01 15:06:11 | INFO | Starting analysis: https://petrobras.com.br/en/quem-somos/fertilizantes -> /workspace/catalog/.pages/petrobras_com_br_en_quem-somos_fertilizantes--327ce58f
2026-07-01 15:06:11 | INFO | Loading: https://petrobras.com.br/en/quem-somos/fertilizantes
2026-07-01 15:06:11 | INFO | [42/249] Processing: https://petrobras.com.br/en/quem-somos/produtos
2026-07-01 15:06:11 | INFO | Generated slug: petrobras_com_br_en_quem-somos_produtos--a2db0e55
2026-07-01 15:06:11 | INFO | Starting analysis: https://petrobras.com.br/en/quem-somos/produtos -> /workspace/catalog/.pages/petrobras_com_br_en_quem-somos_produtos--a2db0e55
2026-07-01 15:06:11 | INFO | Loading: https://petrobras.com.br/en/quem-somos/produtos
2026-07-01 15:06:14 | INFO | Phase 0A: Triggering lazy-loaded content...
2026-07-01 15:06:15 | INFO | Phase 0A: Triggering lazy-loaded content...
2026-07-01 15:06:17 | INFO | Lazy-load scroll complete
2026-07-01 15:06:17 | INFO | Phase 0B: Cleaning up overlays...
2026-07-01 15:06:17 | INFO | Lazy-load scroll complete
2026-07-01 15:06:17 | INFO | Phase 0B: Cleaning up overlays...
2026-07-01 15:06:43 | INFO | Removed 5 elements: overlay, popup
📐 Detecting header/footer for this page...
2026-07-01 15:06:43 | INFO | Template - Reused saved footer selector on current page
2026-07-01 15:06:43 | INFO | Header: complex complexity, 4 features
2026-07-01 15:06:43 | INFO | Footer: simple complexity, 0 features
2026-07-01 15:06:43 | INFO | Phase 2: Identifying main content area...
2026-07-01 15:06:43 | INFO | Main content: #main-content
2026-07-01 15:06:43 | INFO | Phase 3: Detecting blocks...
2026-07-01 15:06:43 | INFO | Phase 4: Capturing block screenshots...
2026-07-01 15:06:44 | INFO | Removed 5 elements: overlay, popup
📐 Detecting header/footer for this page...
2026-07-01 15:06:44 | INFO | Template - Reused saved footer selector on current page
2026-07-01 15:06:44 | INFO | Header: complex complexity, 4 features
2026-07-01 15:06:44 | INFO | Footer: simple complexity, 0 features
2026-07-01 15:06:44 | INFO | Phase 2: Identifying main content area...
2026-07-01 15:06:44 | INFO | Main content: #main-content
2026-07-01 15:06:44 | INFO | Phase 3: Detecting blocks...
2026-07-01 15:06:44 | INFO | Phase 4: Capturing block screenshots...
2026-07-01 15:06:45 | INFO | Captured 14 block screenshots
2026-07-01 15:06:45 | INFO | Detected 14 blocks
2026-07-01 15:06:45 | INFO | Generating fingerprints for template discovery...
2026-07-01 15:06:46 | INFO | Captured 17 block screenshots
2026-07-01 15:06:46 | INFO | Detected 17 blocks
2026-07-01 15:06:46 | INFO | Generating fingerprints for template discovery...
2026-07-01 15:06:47 | INFO |    Top-section: 33 rows via hero
2026-07-01 15:06:47 | INFO |    Body start: y=825 (start row 33 via below-hero)
2026-07-01 15:06:47 | INFO | URL Pattern: /en/quem-somos/refino
2026-07-01 15:06:47 | INFO | Page catalog complete: /workspace/catalog/.pages/petrobras_com_br_en_quem-somos_refino--16ca74fa/page-catalog.json
2026-07-01 15:06:47 | INFO | SUCCESS: https://petrobras.com.br/en/quem-somos/refino
2026-07-01 15:06:49 | INFO | [43/249] Processing: https://petrobras.com.br/en/quem-somos/combustiveis-customizados
2026-07-01 15:06:49 | INFO | Generated slug: petrobras_com_br_en_quem-somos_combustiveis-customizados--3d74319b
2026-07-01 15:06:49 | INFO | Starting analysis: https://petrobras.com.br/en/quem-somos/combustiveis-customizados -> /workspace/catalog/.pages/petrobras_com_br_en_quem-somos_combustiveis-customizados--3d74319b
2026-07-01 15:06:49 | INFO | Loading: https://petrobras.com.br/en/quem-somos/combustiveis-customizados
2026-07-01 15:06:49 | INFO |    Top-section: 7 rows via title
2026-07-01 15:06:49 | INFO |    Body start: y=175 (start row 7 via below-title)
2026-07-01 15:06:49 | INFO | URL Pattern: /en/quem-somos/logistica
2026-07-01 15:06:49 | INFO | Page catalog complete: /workspace/catalog/.pages/petrobras_com_br_en_quem-somos_logistica--652839b9/page-catalog.json
2026-07-01 15:06:49 | INFO | SUCCESS: https://petrobras.com.br/en/quem-somos/logistica
2026-07-01 15:06:51 | INFO | [44/249] Processing: https://petrobras.com.br/en/quem-somos/bunker
2026-07-01 15:06:51 | INFO | Generated slug: petrobras_com_br_en_quem-somos_bunker--12eef8be
2026-07-01 15:06:51 | INFO | Starting analysis: https://petrobras.com.br/en/quem-somos/bunker -> /workspace/catalog/.pages/petrobras_com_br_en_quem-somos_bunker--12eef8be
2026-07-01 15:06:51 | INFO | Loading: https://petrobras.com.br/en/quem-somos/bunker
2026-07-01 15:06:53 | INFO | Phase 0A: Triggering lazy-loaded content...
2026-07-01 15:06:54 | INFO | Phase 0A: Triggering lazy-loaded content...
2026-07-01 15:06:55 | INFO | Lazy-load scroll complete
2026-07-01 15:06:55 | INFO | Phase 0B: Cleaning up overlays...
2026-07-01 15:06:57 | INFO | Lazy-load scroll complete
2026-07-01 15:06:57 | INFO | Phase 0B: Cleaning up overlays...
2026-07-01 15:07:31 | INFO | Removed 7 elements: overlay, popup
📐 Detecting header/footer for this page...
2026-07-01 15:07:31 | INFO | Template - Reused saved footer selector on current page
2026-07-01 15:07:31 | INFO | Header: complex complexity, 4 features
2026-07-01 15:07:31 | INFO | Footer: simple complexity, 0 features
2026-07-01 15:07:31 | INFO | Phase 2: Identifying main content area...
2026-07-01 15:07:31 | INFO | Main content: #main-content
2026-07-01 15:07:31 | INFO | Phase 3: Detecting blocks...
2026-07-01 15:07:31 | INFO | Phase 4: Capturing block screenshots...
2026-07-01 15:07:33 | INFO | Captured 12 block screenshots
2026-07-01 15:07:33 | INFO | Detected 12 blocks
2026-07-01 15:07:33 | INFO | Generating fingerprints for template discovery...
2026-07-01 15:07:36 | INFO |    Top-section: 33 rows via hero
2026-07-01 15:07:36 | INFO |    Body start: y=825 (start row 33 via below-hero)
2026-07-01 15:07:36 | INFO | URL Pattern: /en/quem-somos/gas
2026-07-01 15:07:36 | INFO | Page catalog complete: /workspace/catalog/.pages/petrobras_com_br_en_quem-somos_gas--ac7fbe77/page-catalog.json
2026-07-01 15:07:36 | INFO | SUCCESS: https://petrobras.com.br/en/quem-somos/gas
2026-07-01 15:07:36 | INFO | PROGRESS: 40/249 analyzed (16% checklist complete) | 40 ok, 0 failed, 0 skipped | ~70 min remaining
2026-07-01 15:07:37 | INFO | [45/249] Processing: https://petrobras.com.br/en/quem-somos/bunker-vls-b24
2026-07-01 15:07:37 | INFO | Generated slug: petrobras_com_br_en_quem-somos_bunker-vls-b24--efdaea8b
2026-07-01 15:07:37 | INFO | Starting analysis: https://petrobras.com.br/en/quem-somos/bunker-vls-b24 -> /workspace/catalog/.pages/petrobras_com_br_en_quem-somos_bunker-vls-b24--efdaea8b
2026-07-01 15:07:37 | INFO | Loading: https://petrobras.com.br/en/quem-somos/bunker-vls-b24
2026-07-01 15:07:41 | INFO | Phase 0A: Triggering lazy-loaded content...
2026-07-01 15:07:43 | INFO | Lazy-load scroll complete
2026-07-01 15:07:43 | INFO | Phase 0B: Cleaning up overlays...
2026-07-01 15:07:48 | INFO | Removed 5 elements: overlay, popup
📐 Detecting header/footer for this page...
2026-07-01 15:07:48 | INFO | Template - Reused saved footer selector on current page
2026-07-01 15:07:48 | INFO | Header: complex complexity, 4 features
2026-07-01 15:07:48 | INFO | Footer: simple complexity, 0 features
2026-07-01 15:07:48 | INFO | Phase 2: Identifying main content area...
2026-07-01 15:07:48 | INFO | Main content: #main-content
2026-07-01 15:07:48 | INFO | Phase 3: Detecting blocks...
2026-07-01 15:07:48 | WARNING | Blocks - 50% of blocks are unknown - site uses non-EDS patterns
2026-07-01 15:07:48 | INFO | Phase 4: Capturing block screenshots...
2026-07-01 15:07:48 | INFO | Removed 5 elements: overlay, popup
📐 Detecting header/footer for this page...
2026-07-01 15:07:49 | INFO | Template - Reused saved header selector on current page
2026-07-01 15:07:49 | INFO | Template - Reused saved footer selector on current page
2026-07-01 15:07:49 | INFO | Header: complex complexity, 3 features
2026-07-01 15:07:49 | INFO | Footer: simple complexity, 0 features
2026-07-01 15:07:49 | INFO | Phase 2: Identifying main content area...
2026-07-01 15:07:49 | INFO | Main content: #main-content
2026-07-01 15:07:49 | INFO | Phase 3: Detecting blocks...
2026-07-01 15:07:49 | INFO | Phase 4: Capturing block screenshots...
2026-07-01 15:07:50 | INFO | Captured 12 block screenshots
2026-07-01 15:07:50 | INFO | Detected 12 blocks
2026-07-01 15:07:50 | INFO | Generating fingerprints for template discovery...
2026-07-01 15:07:52 | INFO | Captured 34 block screenshots
2026-07-01 15:07:52 | INFO | Detected 34 blocks
2026-07-01 15:07:52 | INFO | Generating fingerprints for template discovery...
2026-07-01 15:07:52 | INFO |    Top-section: 7 rows via title
2026-07-01 15:07:52 | INFO |    Body start: y=175 (start row 7 via below-title)
2026-07-01 15:07:52 | INFO | URL Pattern: /en/quem-somos/fertilizantes
2026-07-01 15:07:52 | INFO | Page catalog complete: /workspace/catalog/.pages/petrobras_com_br_en_quem-somos_fertilizantes--327ce58f/page-catalog.json
2026-07-01 15:07:52 | INFO | SUCCESS: https://petrobras.com.br/en/quem-somos/fertilizantes
2026-07-01 15:07:54 | INFO | [46/249] Processing: https://petrobras.com.br/en/quem-somos/cap-pro
2026-07-01 15:07:54 | INFO | Generated slug: petrobras_com_br_en_quem-somos_cap-pro--72c50d48
2026-07-01 15:07:54 | INFO | Starting analysis: https://petrobras.com.br/en/quem-somos/cap-pro -> /workspace/catalog/.pages/petrobras_com_br_en_quem-somos_cap-pro--72c50d48
2026-07-01 15:07:54 | INFO | Loading: https://petrobras.com.br/en/quem-somos/cap-pro
2026-07-01 15:07:54 | INFO |    Top-section: 5 rows via title+container
2026-07-01 15:07:54 | INFO |    Body start: y=125 (start row 5 via below-title+container)
2026-07-01 15:07:54 | INFO | URL Pattern: /en/quem-somos/produtos
2026-07-01 15:07:54 | INFO | Page catalog complete: /workspace/catalog/.pages/petrobras_com_br_en_quem-somos_produtos--a2db0e55/page-catalog.json
2026-07-01 15:07:54 | INFO | SUCCESS: https://petrobras.com.br/en/quem-somos/produtos
2026-07-01 15:07:56 | INFO | [47/249] Processing: https://petrobras.com.br/en/quem-somos/diesel-podium
2026-07-01 15:07:56 | INFO | Generated slug: petrobras_com_br_en_quem-somos_diesel-podium--b13f4f2f
2026-07-01 15:07:56 | INFO | Starting analysis: https://petrobras.com.br/en/quem-somos/diesel-podium -> /workspace/catalog/.pages/petrobras_com_br_en_quem-somos_diesel-podium--b13f4f2f
2026-07-01 15:07:56 | INFO | Loading: https://petrobras.com.br/en/quem-somos/diesel-podium
2026-07-01 15:07:57 | INFO | Phase 0A: Triggering lazy-loaded content...
2026-07-01 15:08:00 | INFO | Phase 0A: Triggering lazy-loaded content...
2026-07-01 15:08:01 | INFO | Lazy-load scroll complete
2026-07-01 15:08:01 | INFO | Phase 0B: Cleaning up overlays...
2026-07-01 15:08:02 | INFO | Lazy-load scroll complete
2026-07-01 15:08:02 | INFO | Phase 0B: Cleaning up overlays...
2026-07-01 15:08:26 | INFO | Removed 5 elements: overlay, popup
📐 Detecting header/footer for this page...
2026-07-01 15:08:26 | INFO | Template - Reused saved footer selector on current page
2026-07-01 15:08:26 | INFO | Header: complex complexity, 4 features
2026-07-01 15:08:26 | INFO | Footer: simple complexity, 0 features
2026-07-01 15:08:26 | INFO | Phase 2: Identifying main content area...
2026-07-01 15:08:26 | INFO | Main content: #main-content
2026-07-01 15:08:26 | INFO | Phase 3: Detecting blocks...
2026-07-01 15:08:26 | INFO | Phase 4: Capturing block screenshots...
2026-07-01 15:08:28 | INFO | Captured 10 block screenshots
2026-07-01 15:08:28 | INFO | Detected 10 blocks
2026-07-01 15:08:28 | INFO | Generating fingerprints for template discovery...
2026-07-01 15:08:28 | INFO | Removed 5 elements: overlay, popup
📐 Detecting header/footer for this page...
2026-07-01 15:08:28 | INFO | Template - Reused saved footer selector on current page
2026-07-01 15:08:28 | INFO | Header: complex complexity, 4 features
2026-07-01 15:08:28 | INFO | Footer: simple complexity, 0 features
2026-07-01 15:08:28 | INFO | Phase 2: Identifying main content area...
2026-07-01 15:08:28 | INFO | Main content: #main-content
2026-07-01 15:08:28 | INFO | Phase 3: Detecting blocks...
2026-07-01 15:08:28 | WARNING | Blocks - 64% of blocks are unknown - site uses non-EDS patterns
2026-07-01 15:08:28 | INFO | Phase 4: Capturing block screenshots...
2026-07-01 15:08:30 | INFO | Captured 11 block screenshots
2026-07-01 15:08:30 | INFO | Detected 11 blocks
2026-07-01 15:08:30 | INFO | Generating fingerprints for template discovery...
2026-07-01 15:08:31 | INFO |    Top-section: 15 rows via title
2026-07-01 15:08:31 | INFO |    Body start: y=375 (start row 15 via below-title)
2026-07-01 15:08:31 | INFO | URL Pattern: /en/quem-somos/combustiveis-customizados
2026-07-01 15:08:31 | INFO | Page catalog complete: /workspace/catalog/.pages/petrobras_com_br_en_quem-somos_combustiveis-customizados--3d74319b/page-catalog.json
2026-07-01 15:08:31 | INFO | SUCCESS: https://petrobras.com.br/en/quem-somos/combustiveis-customizados
2026-07-01 15:08:32 | INFO | [48/249] Processing: https://petrobras.com.br/en/quem-somos/enxofre
2026-07-01 15:08:32 | INFO | Generated slug: petrobras_com_br_en_quem-somos_enxofre--6236687c
2026-07-01 15:08:32 | INFO | Starting analysis: https://petrobras.com.br/en/quem-somos/enxofre -> /workspace/catalog/.pages/petrobras_com_br_en_quem-somos_enxofre--6236687c
2026-07-01 15:08:32 | INFO | Loading: https://petrobras.com.br/en/quem-somos/enxofre
2026-07-01 15:08:32 | INFO |    Top-section: 15 rows via title
2026-07-01 15:08:32 | INFO |    Body start: y=375 (start row 15 via below-title)
2026-07-01 15:08:32 | INFO | URL Pattern: /en/quem-somos/bunker
2026-07-01 15:08:32 | INFO | Page catalog complete: /workspace/catalog/.pages/petrobras_com_br_en_quem-somos_bunker--12eef8be/page-catalog.json
2026-07-01 15:08:32 | INFO | SUCCESS: https://petrobras.com.br/en/quem-somos/bunker
2026-07-01 15:08:34 | INFO | [49/249] Processing: https://petrobras.com.br/en/quem-somos/gasolina
2026-07-01 15:08:34 | INFO | Generated slug: petrobras_com_br_en_quem-somos_gasolina--845c5cba
2026-07-01 15:08:34 | INFO | Starting analysis: https://petrobras.com.br/en/quem-somos/gasolina -> /workspace/catalog/.pages/petrobras_com_br_en_quem-somos_gasolina--845c5cba
2026-07-01 15:08:34 | INFO | Loading: https://petrobras.com.br/en/quem-somos/gasolina
2026-07-01 15:08:36 | INFO | Phase 0A: Triggering lazy-loaded content...
2026-07-01 15:08:38 | INFO | Phase 0A: Triggering lazy-loaded content...
2026-07-01 15:08:38 | INFO | Lazy-load scroll complete
2026-07-01 15:08:38 | INFO | Phase 0B: Cleaning up overlays...
2026-07-01 15:08:40 | INFO | Lazy-load scroll complete
2026-07-01 15:08:40 | INFO | Phase 0B: Cleaning up overlays...
2026-07-01 15:09:14 | INFO | Removed 5 elements: overlay, popup
📐 Detecting header/footer for this page...
2026-07-01 15:09:14 | INFO | Template - Reused saved footer selector on current page
2026-07-01 15:09:14 | INFO | Header: complex complexity, 4 features
2026-07-01 15:09:14 | INFO | Footer: simple complexity, 0 features
2026-07-01 15:09:14 | INFO | Phase 2: Identifying main content area...
2026-07-01 15:09:14 | INFO | Main content: #main-content
2026-07-01 15:09:14 | INFO | Phase 3: Detecting blocks...
2026-07-01 15:09:14 | WARNING | Blocks - 57% of blocks are unknown - site uses non-EDS patterns
2026-07-01 15:09:14 | INFO | Phase 4: Capturing block screenshots...
2026-07-01 15:09:16 | INFO | Captured 7 block screenshots
2026-07-01 15:09:16 | INFO | Detected 7 blocks
2026-07-01 15:09:16 | INFO | Generating fingerprints for template discovery...
2026-07-01 15:09:18 | INFO |    Top-section: 17 rows via title
2026-07-01 15:09:18 | INFO |    Body start: y=425 (start row 17 via below-title)
2026-07-01 15:09:18 | INFO | URL Pattern: /en/quem-somos/bunker-vls-b24
2026-07-01 15:09:18 | INFO | Page catalog complete: /workspace/catalog/.pages/petrobras_com_br_en_quem-somos_bunker-vls-b24--efdaea8b/page-catalog.json
2026-07-01 15:09:18 | INFO | SUCCESS: https://petrobras.com.br/en/quem-somos/bunker-vls-b24
2026-07-01 15:09:18 | INFO | PROGRESS: 45/249 analyzed (18% checklist complete) | 45 ok, 0 failed, 0 skipped | ~68 min remaining
2026-07-01 15:09:20 | INFO | [50/249] Processing: https://petrobras.com.br/en/quem-somos/gasolina-podium
2026-07-01 15:09:20 | INFO | Generated slug: petrobras_com_br_en_quem-somos_gasolina-podium--8f45218b
2026-07-01 15:09:20 | INFO | Starting analysis: https://petrobras.com.br/en/quem-somos/gasolina-podium -> /workspace/catalog/.pages/petrobras_com_br_en_quem-somos_gasolina-podium--8f45218b
2026-07-01 15:09:20 | INFO | Loading: https://petrobras.com.br/en/quem-somos/gasolina-podium
2026-07-01 15:09:23 | INFO | Phase 0A: Triggering lazy-loaded content...
2026-07-01 15:09:26 | INFO | Lazy-load scroll complete
2026-07-01 15:09:26 | INFO | Phase 0B: Cleaning up overlays...
2026-07-01 15:09:32 | INFO | Removed 5 elements: overlay, popup
📐 Detecting header/footer for this page...
2026-07-01 15:09:32 | INFO | Template - Reused saved footer selector on current page
2026-07-01 15:09:32 | INFO | Header: complex complexity, 4 features
2026-07-01 15:09:32 | INFO | Footer: simple complexity, 0 features
2026-07-01 15:09:32 | INFO | Phase 2: Identifying main content area...
2026-07-01 15:09:32 | INFO | Main content: #main-content
2026-07-01 15:09:32 | INFO | Phase 3: Detecting blocks...
2026-07-01 15:09:32 | WARNING | Blocks - 53% of blocks are unknown - site uses non-EDS patterns
2026-07-01 15:09:32 | INFO | Phase 4: Capturing block screenshots...
2026-07-01 15:09:33 | INFO | Removed 5 elements: overlay, popup
📐 Detecting header/footer for this page...
2026-07-01 15:09:33 | INFO | Template - Reused saved footer selector on current page
2026-07-01 15:09:33 | INFO | Header: complex complexity, 4 features
2026-07-01 15:09:33 | INFO | Footer: simple complexity, 0 features
2026-07-01 15:09:33 | INFO | Phase 2: Identifying main content area...
2026-07-01 15:09:33 | INFO | Main content: #main-content
2026-07-01 15:09:34 | INFO | Phase 3: Detecting blocks...
2026-07-01 15:09:34 | INFO | Phase 4: Capturing block screenshots...
2026-07-01 15:09:34 | INFO | Captured 19 block screenshots
2026-07-01 15:09:34 | INFO | Detected 19 blocks
2026-07-01 15:09:34 | INFO | Generating fingerprints for template discovery...
2026-07-01 15:09:36 | INFO | Captured 20 block screenshots
2026-07-01 15:09:36 | INFO | Detected 20 blocks
2026-07-01 15:09:36 | INFO | Generating fingerprints for template discovery...
2026-07-01 15:09:37 | INFO |    Top-section: 15 rows via title
2026-07-01 15:09:37 | INFO |    Body start: y=375 (start row 15 via below-title)
2026-07-01 15:09:37 | INFO | URL Pattern: /en/quem-somos/cap-pro
2026-07-01 15:09:37 | INFO | Page catalog complete: /workspace/catalog/.pages/petrobras_com_br_en_quem-somos_cap-pro--72c50d48/page-catalog.json
2026-07-01 15:09:37 | INFO | SUCCESS: https://petrobras.com.br/en/quem-somos/cap-pro
2026-07-01 15:09:38 | INFO |    Top-section: 16 rows via title
2026-07-01 15:09:38 | INFO |    Body start: y=386 (start row 15 via below-title)
2026-07-01 15:09:38 | INFO | URL Pattern: /en/quem-somos/diesel-podium
2026-07-01 15:09:38 | INFO | Page catalog complete: /workspace/catalog/.pages/petrobras_com_br_en_quem-somos_diesel-podium--b13f4f2f/page-catalog.json
2026-07-01 15:09:38 | INFO | SUCCESS: https://petrobras.com.br/en/quem-somos/diesel-podium
2026-07-01 15:09:38 | INFO | [51/249] Processing: https://petrobras.com.br/en/quem-somos/gas-liquefeito-de-petroleo
2026-07-01 15:09:38 | INFO | Generated slug: petrobras_com_br_en_quem-somos_gas-liquefeito-de-petroleo--891e8026
2026-07-01 15:09:38 | INFO | Starting analysis: https://petrobras.com.br/en/quem-somos/gas-liquefeito-de-petroleo -> /workspace/catalog/.pages/petrobras_com_br_en_quem-somos_gas-liquefeito-de-petroleo--891e8026
2026-07-01 15:09:39 | INFO | Loading: https://petrobras.com.br/en/quem-somos/gas-liquefeito-de-petroleo
2026-07-01 15:09:40 | INFO | [52/249] Processing: https://petrobras.com.br/en/quem-somos/gas-natural
2026-07-01 15:09:40 | INFO | Generated slug: petrobras_com_br_en_quem-somos_gas-natural--e9d13e3e
2026-07-01 15:09:40 | INFO | Starting analysis: https://petrobras.com.br/en/quem-somos/gas-natural -> /workspace/catalog/.pages/petrobras_com_br_en_quem-somos_gas-natural--e9d13e3e
2026-07-01 15:09:40 | INFO | Loading: https://petrobras.com.br/en/quem-somos/gas-natural
2026-07-01 15:09:42 | INFO | Phase 0A: Triggering lazy-loaded content...
2026-07-01 15:09:44 | INFO | Phase 0A: Triggering lazy-loaded content...
2026-07-01 15:09:45 | INFO | Lazy-load scroll complete
2026-07-01 15:09:45 | INFO | Phase 0B: Cleaning up overlays...
2026-07-01 15:09:45 | INFO | Lazy-load scroll complete
2026-07-01 15:09:45 | INFO | Phase 0B: Cleaning up overlays...
2026-07-01 15:10:09 | INFO | Removed 5 elements: overlay, popup
📐 Detecting header/footer for this page...
2026-07-01 15:10:09 | INFO | Template - Reused saved footer selector on current page
2026-07-01 15:10:09 | INFO | Header: complex complexity, 4 features
2026-07-01 15:10:09 | INFO | Footer: simple complexity, 0 features
2026-07-01 15:10:09 | INFO | Phase 2: Identifying main content area...
2026-07-01 15:10:09 | INFO | Main content: #main-content
2026-07-01 15:10:09 | INFO | Phase 3: Detecting blocks...
2026-07-01 15:10:09 | INFO | Phase 4: Capturing block screenshots...
2026-07-01 15:10:11 | INFO | Captured 9 block screenshots
2026-07-01 15:10:11 | INFO | Detected 9 blocks
2026-07-01 15:10:11 | INFO | Generating fingerprints for template discovery...
2026-07-01 15:10:11 | INFO | Removed 5 elements: overlay, popup
📐 Detecting header/footer for this page...
2026-07-01 15:10:11 | INFO | Template - Reused saved footer selector on current page
2026-07-01 15:10:11 | INFO | Header: complex complexity, 4 features
2026-07-01 15:10:11 | INFO | Footer: simple complexity, 0 features
2026-07-01 15:10:11 | INFO | Phase 2: Identifying main content area...
2026-07-01 15:10:11 | INFO | Main content: #main-content
2026-07-01 15:10:11 | INFO | Phase 3: Detecting blocks...
2026-07-01 15:10:11 | INFO | Phase 4: Capturing block screenshots...
2026-07-01 15:10:13 | INFO |    Top-section: 15 rows via title
2026-07-01 15:10:13 | INFO |    Body start: y=375 (start row 15 via below-title)
2026-07-01 15:10:13 | INFO | URL Pattern: /en/quem-somos/enxofre
2026-07-01 15:10:13 | INFO | Page catalog complete: /workspace/catalog/.pages/petrobras_com_br_en_quem-somos_enxofre--6236687c/page-catalog.json
2026-07-01 15:10:13 | INFO | SUCCESS: https://petrobras.com.br/en/quem-somos/enxofre
2026-07-01 15:10:13 | INFO | Captured 15 block screenshots
2026-07-01 15:10:13 | INFO | Detected 15 blocks
2026-07-01 15:10:13 | INFO | Generating fingerprints for template discovery...
2026-07-01 15:10:15 | INFO | [53/249] Processing: https://petrobras.com.br/en/quem-somos/gas-natural-veicular
2026-07-01 15:10:15 | INFO | Generated slug: petrobras_com_br_en_quem-somos_gas-natural-veicular--46236457
2026-07-01 15:10:15 | INFO | Starting analysis: https://petrobras.com.br/en/quem-somos/gas-natural-veicular -> /workspace/catalog/.pages/petrobras_com_br_en_quem-somos_gas-natural-veicular--46236457
2026-07-01 15:10:15 | INFO | Loading: https://petrobras.com.br/en/quem-somos/gas-natural-veicular
2026-07-01 15:10:16 | INFO |    Top-section: 15 rows via title
2026-07-01 15:10:16 | INFO |    Body start: y=375 (start row 15 via below-title)
2026-07-01 15:10:16 | INFO | URL Pattern: /en/quem-somos/gasolina
2026-07-01 15:10:16 | INFO | Page catalog complete: /workspace/catalog/.pages/petrobras_com_br_en_quem-somos_gasolina--845c5cba/page-catalog.json
2026-07-01 15:10:16 | INFO | SUCCESS: https://petrobras.com.br/en/quem-somos/gasolina
2026-07-01 15:10:17 | INFO | [54/249] Processing: https://petrobras.com.br/en/quem-somos/oleo-basico-lubrificante
2026-07-01 15:10:17 | INFO | Generated slug: petrobras_com_br_en_quem-somos_oleo-basico-lubrificante--70b7b906
2026-07-01 15:10:17 | INFO | Starting analysis: https://petrobras.com.br/en/quem-somos/oleo-basico-lubrificante -> /workspace/catalog/.pages/petrobras_com_br_en_quem-somos_oleo-basico-lubrificante--70b7b906
2026-07-01 15:10:17 | INFO | Loading: https://petrobras.com.br/en/quem-somos/oleo-basico-lubrificante
2026-07-01 15:10:18 | INFO | Phase 0A: Triggering lazy-loaded content...
2026-07-01 15:10:20 | INFO | Lazy-load scroll complete
2026-07-01 15:10:20 | INFO | Phase 0B: Cleaning up overlays...
2026-07-01 15:10:21 | INFO | Phase 0A: Triggering lazy-loaded content...
2026-07-01 15:10:23 | INFO | Lazy-load scroll complete
2026-07-01 15:10:23 | INFO | Phase 0B: Cleaning up overlays...
2026-07-01 15:10:57 | INFO | Removed 7 elements: overlay, popup
📐 Detecting header/footer for this page...
2026-07-01 15:10:57 | INFO | Template - Reused saved footer selector on current page
2026-07-01 15:10:57 | INFO | Header: complex complexity, 4 features
2026-07-01 15:10:57 | INFO | Footer: simple complexity, 0 features
2026-07-01 15:10:57 | INFO | Phase 2: Identifying main content area...
2026-07-01 15:10:57 | INFO | Main content: #main-content
2026-07-01 15:10:57 | INFO | Phase 3: Detecting blocks...
2026-07-01 15:10:57 | WARNING | Blocks - 54% of blocks are unknown - site uses non-EDS patterns
2026-07-01 15:10:57 | INFO | Phase 4: Capturing block screenshots...
2026-07-01 15:10:58 | WARNING | Screenshots - Block not visible: accordion-7b616dbb
2026-07-01 15:10:59 | INFO | Captured 12 block screenshots
2026-07-01 15:10:59 | INFO | Detected 13 blocks
2026-07-01 15:10:59 | INFO | Generating fingerprints for template discovery...
2026-07-01 15:11:02 | INFO |    Top-section: 16 rows via title
2026-07-01 15:11:02 | INFO |    Body start: y=400 (start row 16 via below-title)
2026-07-01 15:11:02 | INFO | URL Pattern: /en/quem-somos/gasolina-podium
2026-07-01 15:11:02 | INFO | Page catalog complete: /workspace/catalog/.pages/petrobras_com_br_en_quem-somos_gasolina-podium--8f45218b/page-catalog.json
2026-07-01 15:11:02 | INFO | SUCCESS: https://petrobras.com.br/en/quem-somos/gasolina-podium
2026-07-01 15:11:02 | INFO | PROGRESS: 50/249 analyzed (20% checklist complete) | 50 ok, 0 failed, 0 skipped | ~67 min remaining
2026-07-01 15:11:03 | INFO | [55/249] Processing: https://petrobras.com.br/en/quem-somos/oleo-diesel
2026-07-01 15:11:03 | INFO | Generated slug: petrobras_com_br_en_quem-somos_oleo-diesel--0223fbe2
2026-07-01 15:11:03 | INFO | Starting analysis: https://petrobras.com.br/en/quem-somos/oleo-diesel -> /workspace/catalog/.pages/petrobras_com_br_en_quem-somos_oleo-diesel--0223fbe2
2026-07-01 15:11:03 | INFO | Loading: https://petrobras.com.br/en/quem-somos/oleo-diesel
2026-07-01 15:11:07 | INFO | Phase 0A: Triggering lazy-loaded content...
2026-07-01 15:11:09 | INFO | Lazy-load scroll complete
2026-07-01 15:11:09 | INFO | Phase 0B: Cleaning up overlays...
2026-07-01 15:11:16 | INFO | Removed 5 elements: overlay, popup
📐 Detecting header/footer for this page...
2026-07-01 15:11:16 | INFO | Template - Reused saved footer selector on current page
2026-07-01 15:11:16 | INFO | Header: complex complexity, 4 features
2026-07-01 15:11:16 | INFO | Footer: simple complexity, 0 features
2026-07-01 15:11:16 | INFO | Phase 2: Identifying main content area...
2026-07-01 15:11:16 | INFO | Main content: #main-content
2026-07-01 15:11:16 | INFO | Phase 3: Detecting blocks...
2026-07-01 15:11:16 | WARNING | Blocks - 50% of blocks are unknown - site uses non-EDS patterns
2026-07-01 15:11:16 | INFO | Phase 4: Capturing block screenshots...
2026-07-01 15:11:16 | INFO | Removed 5 elements: overlay, popup
📐 Detecting header/footer for this page...
2026-07-01 15:11:16 | INFO | Template - Reused saved footer selector on current page
2026-07-01 15:11:16 | INFO | Header: complex complexity, 4 features
2026-07-01 15:11:16 | INFO | Footer: simple complexity, 0 features
2026-07-01 15:11:16 | INFO | Phase 2: Identifying main content area...
2026-07-01 15:11:16 | INFO | Main content: #main-content
2026-07-01 15:11:17 | INFO | Phase 3: Detecting blocks...
2026-07-01 15:11:17 | INFO | Phase 4: Capturing block screenshots...
2026-07-01 15:11:18 | INFO | Captured 5 block screenshots
2026-07-01 15:11:18 | INFO | Detected 5 blocks
2026-07-01 15:11:18 | INFO | Generating fingerprints for template discovery...
2026-07-01 15:11:18 | INFO | Captured 14 block screenshots
2026-07-01 15:11:18 | INFO | Detected 14 blocks
2026-07-01 15:11:18 | INFO | Generating fingerprints for template discovery...
2026-07-01 15:11:20 | INFO |    Top-section: 17 rows via title
2026-07-01 15:11:20 | INFO |    Body start: y=425 (start row 17 via below-title)
2026-07-01 15:11:20 | INFO | URL Pattern: /en/quem-somos/gas-natural
2026-07-01 15:11:20 | INFO | Page catalog complete: /workspace/catalog/.pages/petrobras_com_br_en_quem-somos_gas-natural--e9d13e3e/page-catalog.json
2026-07-01 15:11:20 | INFO | SUCCESS: https://petrobras.com.br/en/quem-somos/gas-natural
2026-07-01 15:11:20 | INFO |    Top-section: 7 rows via title
2026-07-01 15:11:20 | INFO |    Body start: y=175 (start row 7 via below-title)
2026-07-01 15:11:20 | INFO | URL Pattern: /en/quem-somos/gas-liquefeito-de-petroleo
2026-07-01 15:11:20 | INFO | Page catalog complete: /workspace/catalog/.pages/petrobras_com_br_en_quem-somos_gas-liquefeito-de-petroleo--891e8026/page-catalog.json
2026-07-01 15:11:20 | INFO | SUCCESS: https://petrobras.com.br/en/quem-somos/gas-liquefeito-de-petroleo
2026-07-01 15:11:22 | INFO | [56/249] Processing: https://petrobras.com.br/en/quem-somos/oleos-combustiveis
2026-07-01 15:11:22 | INFO | Generated slug: petrobras_com_br_en_quem-somos_oleos-combustiveis--0dc14861
2026-07-01 15:11:22 | INFO | Starting analysis: https://petrobras.com.br/en/quem-somos/oleos-combustiveis -> /workspace/catalog/.pages/petrobras_com_br_en_quem-somos_oleos-combustiveis--0dc14861
2026-07-01 15:11:22 | INFO | Loading: https://petrobras.com.br/en/quem-somos/oleos-combustiveis
2026-07-01 15:11:22 | INFO | [57/249] Processing: https://petrobras.com.br/en/quem-somos/raro-petrobras
2026-07-01 15:11:22 | INFO | Generated slug: petrobras_com_br_en_quem-somos_raro-petrobras--3ef6e63c
2026-07-01 15:11:22 | INFO | Starting analysis: https://petrobras.com.br/en/quem-somos/raro-petrobras -> /workspace/catalog/.pages/petrobras_com_br_en_quem-somos_raro-petrobras--3ef6e63c
2026-07-01 15:11:22 | INFO | Loading: https://petrobras.com.br/en/quem-somos/raro-petrobras
2026-07-01 15:11:25 | INFO | Phase 0A: Triggering lazy-loaded content...
2026-07-01 15:11:25 | INFO | Phase 0A: Triggering lazy-loaded content...
2026-07-01 15:11:27 | INFO | Lazy-load scroll complete
2026-07-01 15:11:27 | INFO | Phase 0B: Cleaning up overlays...
2026-07-01 15:11:27 | INFO | Lazy-load scroll complete
2026-07-01 15:11:27 | INFO | Phase 0B: Cleaning up overlays...
2026-07-01 15:11:51 | INFO | Removed 5 elements: overlay, popup
📐 Detecting header/footer for this page...
2026-07-01 15:11:51 | INFO | Template - Reused saved footer selector on current page
2026-07-01 15:11:51 | INFO | Header: complex complexity, 4 features
2026-07-01 15:11:51 | INFO | Footer: simple complexity, 0 features
2026-07-01 15:11:51 | INFO | Phase 2: Identifying main content area...
2026-07-01 15:11:51 | INFO | Main content: #main-content
2026-07-01 15:11:52 | INFO | Phase 3: Detecting blocks...
2026-07-01 15:11:52 | INFO | Phase 4: Capturing block screenshots...
2026-07-01 15:11:53 | INFO | Captured 10 block screenshots
2026-07-01 15:11:53 | INFO | Detected 10 blocks
2026-07-01 15:11:53 | INFO | Generating fingerprints for template discovery...
2026-07-01 15:11:54 | INFO | Removed 5 elements: overlay, popup
📐 Detecting header/footer for this page...
2026-07-01 15:11:54 | INFO | Template - Reused saved footer selector on current page
2026-07-01 15:11:54 | INFO | Header: complex complexity, 4 features
2026-07-01 15:11:54 | INFO | Footer: simple complexity, 0 features
2026-07-01 15:11:54 | INFO | Phase 2: Identifying main content area...
2026-07-01 15:11:54 | INFO | Main content: #main-content
2026-07-01 15:11:54 | INFO | Phase 3: Detecting blocks...
2026-07-01 15:11:54 | WARNING | Blocks - 89% of blocks are unknown - site uses non-EDS patterns
2026-07-01 15:11:54 | INFO | Phase 4: Capturing block screenshots...
2026-07-01 15:11:56 | INFO |    Top-section: 17 rows via title
2026-07-01 15:11:56 | INFO |    Body start: y=425 (start row 17 via below-title)
2026-07-01 15:11:56 | INFO | URL Pattern: /en/quem-somos/gas-natural-veicular
2026-07-01 15:11:56 | INFO | Page catalog complete: /workspace/catalog/.pages/petrobras_com_br_en_quem-somos_gas-natural-veicular--46236457/page-catalog.json
2026-07-01 15:11:56 | INFO | SUCCESS: https://petrobras.com.br/en/quem-somos/gas-natural-veicular
2026-07-01 15:11:56 | INFO | Captured 9 block screenshots
2026-07-01 15:11:56 | INFO | Detected 9 blocks
2026-07-01 15:11:56 | INFO | Generating fingerprints for template discovery...
2026-07-01 15:11:57 | INFO | [58/249] Processing: https://petrobras.com.br/en/quem-somos/parafina
2026-07-01 15:11:57 | INFO | Generated slug: petrobras_com_br_en_quem-somos_parafina--74720faa
2026-07-01 15:11:57 | INFO | Starting analysis: https://petrobras.com.br/en/quem-somos/parafina -> /workspace/catalog/.pages/petrobras_com_br_en_quem-somos_parafina--74720faa
2026-07-01 15:11:57 | INFO | Loading: https://petrobras.com.br/en/quem-somos/parafina
2026-07-01 15:11:58 | INFO |    Top-section: 7 rows via title
2026-07-01 15:11:58 | INFO |    Body start: y=175 (start row 7 via below-title)
2026-07-01 15:11:58 | INFO | URL Pattern: /en/quem-somos/oleo-basico-lubrificante
2026-07-01 15:11:58 | INFO | Page catalog complete: /workspace/catalog/.pages/petrobras_com_br_en_quem-somos_oleo-basico-lubrificante--70b7b906/page-catalog.json
2026-07-01 15:11:58 | INFO | SUCCESS: https://petrobras.com.br/en/quem-somos/oleo-basico-lubrificante
2026-07-01 15:12:00 | INFO | [59/249] Processing: https://petrobras.com.br/en/quem-somos/tipos-de-fertilizantes
2026-07-01 15:12:00 | INFO | Generated slug: petrobras_com_br_en_quem-somos_tipos-de-fertilizantes--210bc799
2026-07-01 15:12:00 | INFO | Starting analysis: https://petrobras.com.br/en/quem-somos/tipos-de-fertilizantes -> /workspace/catalog/.pages/petrobras_com_br_en_quem-somos_tipos-de-fertilizantes--210bc799
2026-07-01 15:12:00 | INFO | Loading: https://petrobras.com.br/en/quem-somos/tipos-de-fertilizantes
2026-07-01 15:12:01 | INFO | Phase 0A: Triggering lazy-loaded content...
2026-07-01 15:12:03 | INFO | Lazy-load scroll complete
2026-07-01 15:12:03 | INFO | Phase 0B: Cleaning up overlays...
2026-07-01 15:12:03 | INFO | Phase 0A: Triggering lazy-loaded content...
2026-07-01 15:12:06 | INFO | Lazy-load scroll complete
2026-07-01 15:12:06 | INFO | Phase 0B: Cleaning up overlays...
2026-07-01 15:12:40 | INFO | Removed 5 elements: overlay, popup
📐 Detecting header/footer for this page...
2026-07-01 15:12:41 | INFO | Template - Reused saved footer selector on current page
2026-07-01 15:12:41 | INFO | Header: complex complexity, 4 features
2026-07-01 15:12:41 | INFO | Footer: simple complexity, 0 features
2026-07-01 15:12:41 | INFO | Phase 2: Identifying main content area...
2026-07-01 15:12:41 | INFO | Main content: #main-content
2026-07-01 15:12:41 | INFO | Phase 3: Detecting blocks...
2026-07-01 15:12:41 | WARNING | Blocks - 60% of blocks are unknown - site uses non-EDS patterns
2026-07-01 15:12:41 | INFO | Phase 4: Capturing block screenshots...
2026-07-01 15:12:43 | INFO | Captured 15 block screenshots
2026-07-01 15:12:43 | INFO | Detected 15 blocks
2026-07-01 15:12:43 | INFO | Generating fingerprints for template discovery...
2026-07-01 15:12:45 | INFO |    Top-section: 15 rows via title
2026-07-01 15:12:45 | INFO |    Body start: y=375 (start row 15 via below-title)
2026-07-01 15:12:45 | INFO | URL Pattern: /en/quem-somos/oleo-diesel
2026-07-01 15:12:45 | INFO | Page catalog complete: /workspace/catalog/.pages/petrobras_com_br_en_quem-somos_oleo-diesel--0223fbe2/page-catalog.json
2026-07-01 15:12:45 | INFO | SUCCESS: https://petrobras.com.br/en/quem-somos/oleo-diesel
2026-07-01 15:12:45 | INFO | PROGRESS: 55/249 analyzed (22% checklist complete) | 55 ok, 0 failed, 0 skipped | ~65 min remaining
2026-07-01 15:12:47 | INFO | [60/249] Processing: https://petrobras.com.br/en/quem-somos/liderancas
2026-07-01 15:12:47 | INFO | Generated slug: petrobras_com_br_en_quem-somos_liderancas--493a6a78
2026-07-01 15:12:47 | INFO | Starting analysis: https://petrobras.com.br/en/quem-somos/liderancas -> /workspace/catalog/.pages/petrobras_com_br_en_quem-somos_liderancas--493a6a78
2026-07-01 15:12:47 | INFO | Loading: https://petrobras.com.br/en/quem-somos/liderancas
2026-07-01 15:12:50 | INFO | Phase 0A: Triggering lazy-loaded content...
2026-07-01 15:12:53 | INFO | Lazy-load scroll complete
2026-07-01 15:12:53 | INFO | Phase 0B: Cleaning up overlays...
2026-07-01 15:12:59 | INFO | Removed 5 elements: overlay, popup
📐 Detecting header/footer for this page...
2026-07-01 15:12:59 | INFO | Removed 5 elements: overlay, popup
📐 Detecting header/footer for this page...
2026-07-01 15:12:59 | INFO | Template - Reused saved footer selector on current page
2026-07-01 15:12:59 | INFO | Header: complex complexity, 4 features
2026-07-01 15:12:59 | INFO | Footer: simple complexity, 0 features
2026-07-01 15:12:59 | INFO | Phase 2: Identifying main content area...
2026-07-01 15:12:59 | INFO | Main content: #main-content
2026-07-01 15:12:59 | INFO | Template - Reused saved footer selector on current page
2026-07-01 15:12:59 | INFO | Header: complex complexity, 4 features
2026-07-01 15:12:59 | INFO | Footer: simple complexity, 0 features
2026-07-01 15:12:59 | INFO | Phase 2: Identifying main content area...
2026-07-01 15:12:59 | INFO | Main content: #main-content
2026-07-01 15:12:59 | INFO | Phase 3: Detecting blocks...
2026-07-01 15:12:59 | INFO | Phase 3: Detecting blocks...
2026-07-01 15:12:59 | WARNING | Blocks - 67% of blocks are unknown - site uses non-EDS patterns
2026-07-01 15:12:59 | INFO | Phase 4: Capturing block screenshots...
2026-07-01 15:12:59 | WARNING | Blocks - 50% of blocks are unknown - site uses non-EDS patterns
2026-07-01 15:12:59 | INFO | Phase 4: Capturing block screenshots...
2026-07-01 15:13:00 | INFO | Captured 6 block screenshots
2026-07-01 15:13:00 | INFO | Detected 6 blocks
2026-07-01 15:13:00 | INFO | Generating fingerprints for template discovery...
2026-07-01 15:13:00 | INFO | Captured 10 block screenshots
2026-07-01 15:13:00 | INFO | Detected 10 blocks
2026-07-01 15:13:00 | INFO | Generating fingerprints for template discovery...
2026-07-01 15:13:02 | INFO |    Top-section: 15 rows via title
2026-07-01 15:13:02 | INFO |    Body start: y=375 (start row 15 via below-title)
2026-07-01 15:13:02 | INFO | URL Pattern: /en/quem-somos/raro-petrobras
2026-07-01 15:13:02 | INFO | Page catalog complete: /workspace/catalog/.pages/petrobras_com_br_en_quem-somos_raro-petrobras--3ef6e63c/page-catalog.json
2026-07-01 15:13:02 | INFO | SUCCESS: https://petrobras.com.br/en/quem-somos/raro-petrobras
2026-07-01 15:13:03 | INFO |    Top-section: 15 rows via title
2026-07-01 15:13:03 | INFO |    Body start: y=375 (start row 15 via below-title)
2026-07-01 15:13:03 | INFO | URL Pattern: /en/quem-somos/oleos-combustiveis
2026-07-01 15:13:03 | INFO | Page catalog complete: /workspace/catalog/.pages/petrobras_com_br_en_quem-somos_oleos-combustiveis--0dc14861/page-catalog.json
2026-07-01 15:13:03 | INFO | SUCCESS: https://petrobras.com.br/en/quem-somos/oleos-combustiveis
2026-07-01 15:13:04 | INFO | [61/249] Processing: https://petrobras.com.br/en/quem-somos/carreiras
2026-07-01 15:13:04 | INFO | Generated slug: petrobras_com_br_en_quem-somos_carreiras--59c53b01
2026-07-01 15:13:04 | INFO | Starting analysis: https://petrobras.com.br/en/quem-somos/carreiras -> /workspace/catalog/.pages/petrobras_com_br_en_quem-somos_carreiras--59c53b01
2026-07-01 15:13:04 | INFO | Loading: https://petrobras.com.br/en/quem-somos/carreiras
2026-07-01 15:13:04 | INFO | [62/249] Processing: https://petrobras.com.br/en/quem-somos/jovem-aprendiz
2026-07-01 15:13:04 | INFO | Generated slug: petrobras_com_br_en_quem-somos_jovem-aprendiz--53f48221
2026-07-01 15:13:04 | INFO | Starting analysis: https://petrobras.com.br/en/quem-somos/jovem-aprendiz -> /workspace/catalog/.pages/petrobras_com_br_en_quem-somos_jovem-aprendiz--53f48221
2026-07-01 15:13:04 | INFO | Loading: https://petrobras.com.br/en/quem-somos/jovem-aprendiz
2026-07-01 15:13:08 | INFO | Phase 0A: Triggering lazy-loaded content...
2026-07-01 15:13:09 | INFO | Phase 0A: Triggering lazy-loaded content...
2026-07-01 15:13:10 | INFO | Lazy-load scroll complete
2026-07-01 15:13:10 | INFO | Phase 0B: Cleaning up overlays...
2026-07-01 15:13:10 | INFO | Lazy-load scroll complete
2026-07-01 15:13:10 | INFO | Phase 0B: Cleaning up overlays...
2026-07-01 15:13:34 | INFO | Removed 5 elements: overlay, popup
📐 Detecting header/footer for this page...
2026-07-01 15:13:34 | INFO | Template - Reused saved footer selector on current page
2026-07-01 15:13:34 | INFO | Header: complex complexity, 4 features
2026-07-01 15:13:34 | INFO | Footer: simple complexity, 0 features
2026-07-01 15:13:34 | INFO | Phase 2: Identifying main content area...
2026-07-01 15:13:34 | INFO | Main content: #main-content
2026-07-01 15:13:34 | INFO | Phase 3: Detecting blocks...
2026-07-01 15:13:34 | WARNING | Blocks - 50% of blocks are unknown - site uses non-EDS patterns
2026-07-01 15:13:34 | INFO | Phase 4: Capturing block screenshots...
2026-07-01 15:13:35 | INFO | Captured 6 block screenshots
2026-07-01 15:13:35 | INFO | Detected 6 blocks
2026-07-01 15:13:35 | INFO | Generating fingerprints for template discovery...
2026-07-01 15:13:37 | INFO | Removed 5 elements: overlay, popup
📐 Detecting header/footer for this page...
2026-07-01 15:13:37 | INFO | Template - Reused saved footer selector on current page
2026-07-01 15:13:37 | INFO | Header: complex complexity, 4 features
2026-07-01 15:13:37 | INFO | Footer: simple complexity, 0 features
2026-07-01 15:13:37 | INFO | Phase 2: Identifying main content area...
2026-07-01 15:13:37 | INFO | Main content: #main-content
2026-07-01 15:13:37 | INFO | Phase 3: Detecting blocks...
2026-07-01 15:13:37 | WARNING | Blocks - 80% of blocks are unknown - site uses non-EDS patterns
2026-07-01 15:13:37 | INFO | Phase 4: Capturing block screenshots...
2026-07-01 15:13:38 | INFO |    Top-section: 7 rows via title
2026-07-01 15:13:38 | INFO |    Body start: y=175 (start row 7 via below-title)
2026-07-01 15:13:38 | INFO | URL Pattern: /en/quem-somos/parafina
2026-07-01 15:13:38 | INFO | Page catalog complete: /workspace/catalog/.pages/petrobras_com_br_en_quem-somos_parafina--74720faa/page-catalog.json
2026-07-01 15:13:38 | INFO | SUCCESS: https://petrobras.com.br/en/quem-somos/parafina
2026-07-01 15:13:39 | INFO | [63/249] Processing: https://petrobras.com.br/en/quem-somos/concursos
2026-07-01 15:13:39 | INFO | Generated slug: petrobras_com_br_en_quem-somos_concursos--95f9ce8d
2026-07-01 15:13:39 | INFO | Starting analysis: https://petrobras.com.br/en/quem-somos/concursos -> /workspace/catalog/.pages/petrobras_com_br_en_quem-somos_concursos--95f9ce8d
2026-07-01 15:13:39 | INFO | Loading: https://petrobras.com.br/en/quem-somos/concursos
2026-07-01 15:13:40 | INFO | Captured 20 block screenshots
2026-07-01 15:13:40 | INFO | Detected 20 blocks
2026-07-01 15:13:40 | INFO | Generating fingerprints for template discovery...
2026-07-01 15:13:42 | INFO |    Top-section: 7 rows via title
2026-07-01 15:13:42 | INFO |    Body start: y=175 (start row 7 via below-title)
2026-07-01 15:13:42 | INFO | URL Pattern: /en/quem-somos/tipos-de-fertilizantes
2026-07-01 15:13:42 | INFO | Page catalog complete: /workspace/catalog/.pages/petrobras_com_br_en_quem-somos_tipos-de-fertilizantes--210bc799/page-catalog.json
2026-07-01 15:13:42 | INFO | SUCCESS: https://petrobras.com.br/en/quem-somos/tipos-de-fertilizantes
2026-07-01 15:13:43 | INFO | Phase 0A: Triggering lazy-loaded content...
2026-07-01 15:13:44 | INFO | [64/249] Processing: https://petrobras.com.br/en/quem-somos/estagios
2026-07-01 15:13:44 | INFO | Generated slug: petrobras_com_br_en_quem-somos_estagios--a919cab5
2026-07-01 15:13:44 | INFO | Starting analysis: https://petrobras.com.br/en/quem-somos/estagios -> /workspace/catalog/.pages/petrobras_com_br_en_quem-somos_estagios--a919cab5
2026-07-01 15:13:44 | INFO | Loading: https://petrobras.com.br/en/quem-somos/estagios
2026-07-01 15:13:45 | INFO | Lazy-load scroll complete
2026-07-01 15:13:45 | INFO | Phase 0B: Cleaning up overlays...
2026-07-01 15:13:47 | INFO | Phase 0A: Triggering lazy-loaded content...
2026-07-01 15:13:49 | INFO | Lazy-load scroll complete
2026-07-01 15:13:49 | INFO | Phase 0B: Cleaning up overlays...
2026-07-01 15:14:23 | INFO | Removed 13 elements: overlay, popup
📐 Detecting header/footer for this page...
2026-07-01 15:14:24 | INFO | Template - Reused saved header selector on current page
2026-07-01 15:14:24 | INFO | Template - Reused saved footer selector on current page
2026-07-01 15:14:24 | INFO | Header: complex complexity, 3 features
2026-07-01 15:14:24 | INFO | Footer: simple complexity, 0 features
2026-07-01 15:14:24 | INFO | Phase 2: Identifying main content area...
2026-07-01 15:14:24 | INFO | Main content: #main-content
2026-07-01 15:14:24 | INFO | Phase 3: Detecting blocks...
2026-07-01 15:14:24 | INFO | Phase 4: Capturing block screenshots...
2026-07-01 15:14:30 | INFO | Captured 78 block screenshots
2026-07-01 15:14:30 | INFO | Detected 78 blocks
2026-07-01 15:14:30 | INFO | Generating fingerprints for template discovery...
2026-07-01 15:14:33 | INFO |    Top-section: 31 rows via title+placeholder
2026-07-01 15:14:33 | INFO |    Body start: y=775 (start row 31 via below-title+placeholder)
2026-07-01 15:14:33 | INFO | URL Pattern: /en/quem-somos/liderancas
2026-07-01 15:14:33 | INFO | Page catalog complete: /workspace/catalog/.pages/petrobras_com_br_en_quem-somos_liderancas--493a6a78/page-catalog.json
2026-07-01 15:14:33 | INFO | SUCCESS: https://petrobras.com.br/en/quem-somos/liderancas
2026-07-01 15:14:33 | INFO | PROGRESS: 60/249 analyzed (24% checklist complete) | 60 ok, 0 failed, 0 skipped | ~64 min remaining
2026-07-01 15:14:34 | INFO | [65/249] Processing: https://petrobras.com.br/en/quem-somos/como-trabalhamos
2026-07-01 15:14:34 | INFO | Generated slug: petrobras_com_br_en_quem-somos_como-trabalhamos--dd441452
2026-07-01 15:14:34 | INFO | Starting analysis: https://petrobras.com.br/en/quem-somos/como-trabalhamos -> /workspace/catalog/.pages/petrobras_com_br_en_quem-somos_como-trabalhamos--dd441452
2026-07-01 15:14:34 | INFO | Loading: https://petrobras.com.br/en/quem-somos/como-trabalhamos
2026-07-01 15:14:38 | INFO | Phase 0A: Triggering lazy-loaded content...
2026-07-01 15:14:40 | INFO | Lazy-load scroll complete
2026-07-01 15:14:40 | INFO | Phase 0B: Cleaning up overlays...
2026-07-01 15:14:41 | INFO | Removed 15 elements: overlay, popup
📐 Detecting header/footer for this page...
2026-07-01 15:14:41 | INFO | Template - Reused saved header selector on current page
2026-07-01 15:14:41 | INFO | Template - Reused saved footer selector on current page
2026-07-01 15:14:41 | INFO | Header: complex complexity, 3 features
2026-07-01 15:14:41 | INFO | Footer: simple complexity, 0 features
2026-07-01 15:14:41 | INFO | Phase 2: Identifying main content area...
2026-07-01 15:14:41 | INFO | Main content: #main-content
2026-07-01 15:14:41 | INFO | Phase 3: Detecting blocks...
2026-07-01 15:14:41 | INFO | Phase 4: Capturing block screenshots...
2026-07-01 15:14:42 | INFO | Removed 5 elements: overlay, popup
📐 Detecting header/footer for this page...
2026-07-01 15:14:42 | INFO | Template - Reused saved footer selector on current page
2026-07-01 15:14:42 | INFO | Header: complex complexity, 4 features
2026-07-01 15:14:42 | INFO | Footer: simple complexity, 0 features
2026-07-01 15:14:42 | INFO | Phase 2: Identifying main content area...
2026-07-01 15:14:42 | INFO | Main content: #main-content
2026-07-01 15:14:42 | INFO | Phase 3: Detecting blocks...
2026-07-01 15:14:42 | INFO | Phase 4: Capturing block screenshots...
2026-07-01 15:14:42 | WARNING | Screenshots - Block not visible: form-48ef7e11
2026-07-01 15:14:43 | INFO | Captured 12 block screenshots
2026-07-01 15:14:43 | INFO | Detected 12 blocks
2026-07-01 15:14:43 | INFO | Generating fingerprints for template discovery...
2026-07-01 15:14:43 | INFO | Captured 8 block screenshots
2026-07-01 15:14:43 | INFO | Detected 9 blocks
2026-07-01 15:14:43 | INFO | Generating fingerprints for template discovery...
2026-07-01 15:14:46 | INFO |    Top-section: 31 rows via title+placeholder
2026-07-01 15:14:46 | INFO |    Body start: y=775 (start row 31 via below-title+placeholder)
2026-07-01 15:14:46 | INFO | URL Pattern: /en/quem-somos/carreiras
2026-07-01 15:14:46 | INFO | Page catalog complete: /workspace/catalog/.pages/petrobras_com_br_en_quem-somos_carreiras--59c53b01/page-catalog.json
2026-07-01 15:14:46 | INFO |    Top-section: 17 rows via title
2026-07-01 15:14:46 | INFO |    Body start: y=425 (start row 17 via below-title)
2026-07-01 15:14:46 | INFO | URL Pattern: /en/quem-somos/jovem-aprendiz
2026-07-01 15:14:46 | INFO | Page catalog complete: /workspace/catalog/.pages/petrobras_com_br_en_quem-somos_jovem-aprendiz--53f48221/page-catalog.json
2026-07-01 15:14:46 | INFO | SUCCESS: https://petrobras.com.br/en/quem-somos/jovem-aprendiz
2026-07-01 15:14:46 | INFO | SUCCESS: https://petrobras.com.br/en/quem-somos/carreiras
2026-07-01 15:14:47 | INFO | [66/249] Processing: https://petrobras.com.br/en/quem-somos/autonomia-e-renda
2026-07-01 15:14:47 | INFO | Generated slug: petrobras_com_br_en_quem-somos_autonomia-e-renda--682625af
2026-07-01 15:14:47 | INFO | Starting analysis: https://petrobras.com.br/en/quem-somos/autonomia-e-renda -> /workspace/catalog/.pages/petrobras_com_br_en_quem-somos_autonomia-e-renda--682625af
2026-07-01 15:14:47 | INFO | [67/249] Processing: https://petrobras.com.br/en/quem-somos/querosene-de-aviacao
2026-07-01 15:14:47 | INFO | Generated slug: petrobras_com_br_en_quem-somos_querosene-de-aviacao--5817c150
2026-07-01 15:14:47 | INFO | Starting analysis: https://petrobras.com.br/en/quem-somos/querosene-de-aviacao -> /workspace/catalog/.pages/petrobras_com_br_en_quem-somos_querosene-de-aviacao--5817c150
2026-07-01 15:14:47 | INFO | Loading: https://petrobras.com.br/en/quem-somos/autonomia-e-renda
2026-07-01 15:14:47 | INFO | Loading: https://petrobras.com.br/en/quem-somos/querosene-de-aviacao
2026-07-01 15:14:51 | INFO | Phase 0A: Triggering lazy-loaded content...
2026-07-01 15:14:51 | INFO | Phase 0A: Triggering lazy-loaded content...
2026-07-01 15:14:52 | INFO | Lazy-load scroll complete
2026-07-01 15:14:52 | INFO | Phase 0B: Cleaning up overlays...
2026-07-01 15:14:53 | INFO | Lazy-load scroll complete
2026-07-01 15:14:53 | INFO | Phase 0B: Cleaning up overlays...
2026-07-01 15:15:16 | INFO | Removed 5 elements: overlay, popup
📐 Detecting header/footer for this page...
2026-07-01 15:15:16 | INFO | Template - Reused saved footer selector on current page
2026-07-01 15:15:16 | INFO | Header: complex complexity, 4 features
2026-07-01 15:15:16 | INFO | Footer: simple complexity, 0 features
2026-07-01 15:15:16 | INFO | Phase 2: Identifying main content area...
2026-07-01 15:15:16 | INFO | Main content: #main-content
2026-07-01 15:15:17 | INFO | Phase 3: Detecting blocks...
2026-07-01 15:15:17 | INFO | Phase 4: Capturing block screenshots...
2026-07-01 15:15:17 | WARNING | Screenshots - Block not visible: unknown-28041b05
2026-07-01 15:15:18 | INFO | Captured 8 block screenshots
2026-07-01 15:15:18 | INFO | Detected 9 blocks
2026-07-01 15:15:18 | INFO | Generating fingerprints for template discovery...
2026-07-01 15:15:21 | INFO | Removed 5 elements: overlay, popup
📐 Detecting header/footer for this page...
2026-07-01 15:15:21 | INFO | Template - Reused saved footer selector on current page
2026-07-01 15:15:21 | INFO | Header: complex complexity, 4 features
2026-07-01 15:15:21 | INFO | Footer: simple complexity, 0 features
2026-07-01 15:15:21 | INFO | Phase 2: Identifying main content area...
2026-07-01 15:15:21 | INFO | Main content: #main-content
2026-07-01 15:15:21 | INFO |    Top-section: 15 rows via title
2026-07-01 15:15:21 | INFO |    Body start: y=375 (start row 15 via below-title)
2026-07-01 15:15:21 | INFO | URL Pattern: /en/quem-somos/concursos
2026-07-01 15:15:21 | INFO | Page catalog complete: /workspace/catalog/.pages/petrobras_com_br_en_quem-somos_concursos--95f9ce8d/page-catalog.json
2026-07-01 15:15:21 | INFO | SUCCESS: https://petrobras.com.br/en/quem-somos/concursos
2026-07-01 15:15:21 | INFO | Phase 3: Detecting blocks...
2026-07-01 15:15:21 | INFO | Phase 4: Capturing block screenshots...
2026-07-01 15:15:22 | INFO | Captured 7 block screenshots
2026-07-01 15:15:22 | INFO | Detected 7 blocks
2026-07-01 15:15:22 | INFO | Generating fingerprints for template discovery...
2026-07-01 15:15:22 | INFO | [68/249] Processing: https://petrobras.com.br/en/quem-somos/diesel-r5
2026-07-01 15:15:22 | INFO | Generated slug: petrobras_com_br_en_quem-somos_diesel-r5--f691e024
2026-07-01 15:15:22 | INFO | Starting analysis: https://petrobras.com.br/en/quem-somos/diesel-r5 -> /workspace/catalog/.pages/petrobras_com_br_en_quem-somos_diesel-r5--f691e024
2026-07-01 15:15:22 | INFO | Loading: https://petrobras.com.br/en/quem-somos/diesel-r5
2026-07-01 15:15:24 | INFO |    Top-section: 15 rows via title
2026-07-01 15:15:24 | INFO |    Body start: y=375 (start row 15 via below-title)
2026-07-01 15:15:24 | INFO | URL Pattern: /en/quem-somos/estagios
2026-07-01 15:15:24 | INFO | Page catalog complete: /workspace/catalog/.pages/petrobras_com_br_en_quem-somos_estagios--a919cab5/page-catalog.json
2026-07-01 15:15:24 | INFO | SUCCESS: https://petrobras.com.br/en/quem-somos/estagios
2026-07-01 15:15:26 | INFO | Phase 0A: Triggering lazy-loaded content...
2026-07-01 15:15:26 | INFO | [69/249] Processing: https://petrobras.com.br/en/quem-somos/saf-petrobras
2026-07-01 15:15:26 | INFO | Generated slug: petrobras_com_br_en_quem-somos_saf-petrobras--425b8165
2026-07-01 15:15:26 | INFO | Starting analysis: https://petrobras.com.br/en/quem-somos/saf-petrobras -> /workspace/catalog/.pages/petrobras_com_br_en_quem-somos_saf-petrobras--425b8165
2026-07-01 15:15:26 | INFO | Loading: https://petrobras.com.br/en/quem-somos/saf-petrobras
2026-07-01 15:15:28 | INFO | Lazy-load scroll complete
2026-07-01 15:15:28 | INFO | Phase 0B: Cleaning up overlays...
2026-07-01 15:15:30 | INFO | Phase 0A: Triggering lazy-loaded content...
2026-07-01 15:15:32 | INFO | Lazy-load scroll complete
2026-07-01 15:15:32 | INFO | Phase 0B: Cleaning up overlays...
2026-07-01 15:16:12 | INFO | Removed 5 elements: overlay, popup
📐 Detecting header/footer for this page...
2026-07-01 15:16:12 | INFO | Template - Reused saved header selector on current page
2026-07-01 15:16:12 | INFO | Template - Reused saved footer selector on current page
2026-07-01 15:16:12 | INFO | Header: complex complexity, 3 features
2026-07-01 15:16:12 | INFO | Footer: simple complexity, 0 features
2026-07-01 15:16:12 | INFO | Phase 2: Identifying main content area...
2026-07-01 15:16:12 | INFO | Main content: #main-content
2026-07-01 15:16:12 | INFO | Phase 3: Detecting blocks...
2026-07-01 15:16:12 | INFO | Phase 4: Capturing block screenshots...
2026-07-01 15:16:13 | INFO | Captured 1 block screenshots
2026-07-01 15:16:13 | INFO | Detected 1 blocks
2026-07-01 15:16:13 | INFO | Generating fingerprints for template discovery...
2026-07-01 15:16:15 | INFO |    Top-section: 31 rows via title+placeholder
2026-07-01 15:16:15 | INFO |    Body start: y=775 (start row 31 via below-title+placeholder)
2026-07-01 15:16:15 | INFO | URL Pattern: /en/quem-somos/como-trabalhamos
2026-07-01 15:16:15 | INFO | Page catalog complete: /workspace/catalog/.pages/petrobras_com_br_en_quem-somos_como-trabalhamos--dd441452/page-catalog.json
2026-07-01 15:16:15 | INFO | SUCCESS: https://petrobras.com.br/en/quem-somos/como-trabalhamos
2026-07-01 15:16:15 | INFO | PROGRESS: 65/249 analyzed (26% checklist complete) | 65 ok, 0 failed, 0 skipped | ~62 min remaining
2026-07-01 15:16:17 | INFO | [70/249] Processing: https://petrobras.com.br/en/quem-somos/produtos-asfalticos
2026-07-01 15:16:17 | INFO | Generated slug: petrobras_com_br_en_quem-somos_produtos-asfalticos--2aa5b68d
2026-07-01 15:16:17 | INFO | Starting analysis: https://petrobras.com.br/en/quem-somos/produtos-asfalticos -> /workspace/catalog/.pages/petrobras_com_br_en_quem-somos_produtos-asfalticos--2aa5b68d
2026-07-01 15:16:17 | INFO | Loading: https://petrobras.com.br/en/quem-somos/produtos-asfalticos
2026-07-01 15:16:21 | INFO | Phase 0A: Triggering lazy-loaded content...
2026-07-01 15:16:24 | INFO | Removed 17 elements: overlay, popup
📐 Detecting header/footer for this page...
2026-07-01 15:16:24 | INFO | Template - Reused saved header selector on current page
2026-07-01 15:16:24 | INFO | Template - Reused saved footer selector on current page
2026-07-01 15:16:24 | INFO | Header: complex complexity, 3 features
2026-07-01 15:16:24 | INFO | Footer: simple complexity, 0 features
2026-07-01 15:16:24 | INFO | Phase 2: Identifying main content area...
2026-07-01 15:16:24 | INFO | Main content: #main-content
2026-07-01 15:16:24 | INFO | Phase 3: Detecting blocks...
2026-07-01 15:16:24 | INFO | Phase 4: Capturing block screenshots...
2026-07-01 15:16:24 | INFO | Removed 5 elements: overlay, popup
📐 Detecting header/footer for this page...
2026-07-01 15:16:24 | INFO | Template - Reused saved footer selector on current page
2026-07-01 15:16:24 | INFO | Header: complex complexity, 4 features
2026-07-01 15:16:24 | INFO | Footer: simple complexity, 0 features
2026-07-01 15:16:24 | INFO | Phase 2: Identifying main content area...
2026-07-01 15:16:24 | INFO | Main content: #main-content
2026-07-01 15:16:24 | INFO | Phase 3: Detecting blocks...
2026-07-01 15:16:24 | INFO | Phase 4: Capturing block screenshots...
2026-07-01 15:16:24 | INFO | Lazy-load scroll complete
2026-07-01 15:16:24 | INFO | Phase 0B: Cleaning up overlays...
2026-07-01 15:16:25 | INFO | Captured 5 block screenshots
2026-07-01 15:16:25 | INFO | Detected 5 blocks
2026-07-01 15:16:25 | INFO | Generating fingerprints for template discovery...
2026-07-01 15:16:26 | INFO | Captured 8 block screenshots
2026-07-01 15:16:26 | INFO | Detected 8 blocks
2026-07-01 15:16:26 | INFO | Generating fingerprints for template discovery...
2026-07-01 15:16:27 | INFO |    Top-section: 31 rows via title+placeholder
2026-07-01 15:16:27 | INFO |    Body start: y=775 (start row 31 via below-title+placeholder)
2026-07-01 15:16:27 | INFO | URL Pattern: /en/quem-somos/autonomia-e-renda
2026-07-01 15:16:27 | INFO | Page catalog complete: /workspace/catalog/.pages/petrobras_com_br_en_quem-somos_autonomia-e-renda--682625af/page-catalog.json
2026-07-01 15:16:27 | INFO | SUCCESS: https://petrobras.com.br/en/quem-somos/autonomia-e-renda
2026-07-01 15:16:28 | INFO |    Top-section: 15 rows via title
2026-07-01 15:16:28 | INFO |    Body start: y=375 (start row 15 via below-title)
2026-07-01 15:16:28 | INFO | URL Pattern: /en/quem-somos/querosene-de-aviacao
2026-07-01 15:16:28 | INFO | Page catalog complete: /workspace/catalog/.pages/petrobras_com_br_en_quem-somos_querosene-de-aviacao--5817c150/page-catalog.json
2026-07-01 15:16:28 | INFO | SUCCESS: https://petrobras.com.br/en/quem-somos/querosene-de-aviacao
2026-07-01 15:16:29 | INFO | [71/249] Processing: https://petrobras.com.br/en/quem-somos/reach
2026-07-01 15:16:29 | INFO | Generated slug: petrobras_com_br_en_quem-somos_reach--099069ae
2026-07-01 15:16:29 | INFO | Starting analysis: https://petrobras.com.br/en/quem-somos/reach -> /workspace/catalog/.pages/petrobras_com_br_en_quem-somos_reach--099069ae
2026-07-01 15:16:29 | INFO | Loading: https://petrobras.com.br/en/quem-somos/reach
2026-07-01 15:16:30 | INFO | [72/249] Processing: https://petrobras.com.br/en/quem-somos/linha-podium
2026-07-01 15:16:30 | INFO | Generated slug: petrobras_com_br_en_quem-somos_linha-podium--a18180cf
2026-07-01 15:16:30 | INFO | Starting analysis: https://petrobras.com.br/en/quem-somos/linha-podium -> /workspace/catalog/.pages/petrobras_com_br_en_quem-somos_linha-podium--a18180cf
2026-07-01 15:16:30 | INFO | Loading: https://petrobras.com.br/en/quem-somos/linha-podium
2026-07-01 15:16:33 | INFO | Phase 0A: Triggering lazy-loaded content...
2026-07-01 15:16:34 | INFO | Phase 0A: Triggering lazy-loaded content...
2026-07-01 15:16:35 | INFO | Lazy-load scroll complete
2026-07-01 15:16:35 | INFO | Phase 0B: Cleaning up overlays...
2026-07-01 15:16:36 | INFO | Lazy-load scroll complete
2026-07-01 15:16:36 | INFO | Phase 0B: Cleaning up overlays...
2026-07-01 15:16:56 | INFO | Removed 5 elements: overlay, popup
📐 Detecting header/footer for this page...
2026-07-01 15:16:56 | INFO | Template - Reused saved footer selector on current page
2026-07-01 15:16:56 | INFO | Header: complex complexity, 4 features
2026-07-01 15:16:56 | INFO | Footer: simple complexity, 0 features
2026-07-01 15:16:56 | INFO | Phase 2: Identifying main content area...
2026-07-01 15:16:56 | INFO | Main content: #main-content
2026-07-01 15:16:56 | INFO | Phase 3: Detecting blocks...
2026-07-01 15:16:56 | WARNING | Blocks - 53% of blocks are unknown - site uses non-EDS patterns
2026-07-01 15:16:56 | INFO | Phase 4: Capturing block screenshots...
2026-07-01 15:16:58 | INFO | Captured 19 block screenshots
2026-07-01 15:16:58 | INFO | Detected 19 blocks
2026-07-01 15:16:58 | INFO | Generating fingerprints for template discovery...
2026-07-01 15:16:59 | INFO | Removed 5 elements: overlay, popup
📐 Detecting header/footer for this page...
2026-07-01 15:17:00 | INFO | Template - Reused saved footer selector on current page
2026-07-01 15:17:00 | INFO | Header: complex complexity, 4 features
2026-07-01 15:17:00 | INFO | Footer: simple complexity, 0 features
2026-07-01 15:17:00 | INFO | Phase 2: Identifying main content area...
2026-07-01 15:17:00 | INFO | Main content: #main-content
2026-07-01 15:17:00 | INFO | Phase 3: Detecting blocks...
2026-07-01 15:17:00 | WARNING | Blocks - 50% of blocks are unknown - site uses non-EDS patterns
2026-07-01 15:17:00 | INFO | Phase 4: Capturing block screenshots...
2026-07-01 15:17:00 | WARNING | Screenshots - Block not visible: columns-340498ab
2026-07-01 15:17:01 | INFO |    Top-section: 13 rows via title
2026-07-01 15:17:01 | INFO |    Body start: y=325 (start row 13 via below-title)
2026-07-01 15:17:01 | INFO | URL Pattern: /en/quem-somos/produtos-asfalticos
2026-07-01 15:17:01 | INFO | Page catalog complete: /workspace/catalog/.pages/petrobras_com_br_en_quem-somos_produtos-asfalticos--2aa5b68d/page-catalog.json
2026-07-01 15:17:01 | INFO | SUCCESS: https://petrobras.com.br/en/quem-somos/produtos-asfalticos
2026-07-01 15:17:01 | INFO | Captured 9 block screenshots
2026-07-01 15:17:01 | INFO | Detected 10 blocks
2026-07-01 15:17:01 | INFO | Generating fingerprints for template discovery...
2026-07-01 15:17:02 | INFO | [73/249] Processing: https://petrobras.com.br/en/quem-somos/refinaria-duque-de-caxias
2026-07-01 15:17:02 | INFO | Generated slug: petrobras_com_br_en_quem-somos_refinaria-duque-de-caxias--d3e15b28
2026-07-01 15:17:02 | INFO | Starting analysis: https://petrobras.com.br/en/quem-somos/refinaria-duque-de-caxias -> /workspace/catalog/.pages/petrobras_com_br_en_quem-somos_refinaria-duque-de-caxias--d3e15b28
2026-07-01 15:17:02 | INFO | Loading: https://petrobras.com.br/en/quem-somos/refinaria-duque-de-caxias
2026-07-01 15:17:03 | INFO | Removed 5 elements: overlay, popup
📐 Detecting header/footer for this page...
2026-07-01 15:17:03 | INFO | Template - Reused saved footer selector on current page
2026-07-01 15:17:03 | INFO | Header: complex complexity, 4 features
2026-07-01 15:17:03 | INFO | Footer: simple complexity, 0 features
2026-07-01 15:17:03 | INFO | Phase 2: Identifying main content area...
2026-07-01 15:17:03 | INFO | Main content: #main-content
2026-07-01 15:17:03 | INFO | Phase 3: Detecting blocks...
2026-07-01 15:17:03 | INFO | Phase 4: Capturing block screenshots...
2026-07-01 15:17:04 | INFO |    Top-section: 7 rows via title
2026-07-01 15:17:04 | INFO |    Body start: y=175 (start row 7 via below-title)
2026-07-01 15:17:04 | INFO | URL Pattern: /en/quem-somos/diesel-r5
2026-07-01 15:17:04 | INFO | Page catalog complete: /workspace/catalog/.pages/petrobras_com_br_en_quem-somos_diesel-r5--f691e024/page-catalog.json
2026-07-01 15:17:04 | INFO | SUCCESS: https://petrobras.com.br/en/quem-somos/diesel-r5
2026-07-01 15:17:05 | INFO | Captured 9 block screenshots
2026-07-01 15:17:05 | INFO | Detected 9 blocks
2026-07-01 15:17:05 | INFO | Generating fingerprints for template discovery...
2026-07-01 15:17:05 | INFO | [74/249] Processing: https://petrobras.com.br/en/quem-somos/porto-de-macae
2026-07-01 15:17:05 | INFO | Generated slug: petrobras_com_br_en_quem-somos_porto-de-macae--3cab617f
2026-07-01 15:17:05 | INFO | Starting analysis: https://petrobras.com.br/en/quem-somos/porto-de-macae -> /workspace/catalog/.pages/petrobras_com_br_en_quem-somos_porto-de-macae--3cab617f
2026-07-01 15:17:05 | INFO | Loading: https://petrobras.com.br/en/quem-somos/porto-de-macae
2026-07-01 15:17:06 | INFO | Phase 0A: Triggering lazy-loaded content...
2026-07-01 15:17:07 | INFO |    Top-section: 15 rows via title
2026-07-01 15:17:07 | INFO |    Body start: y=375 (start row 15 via below-title)
2026-07-01 15:17:07 | INFO | URL Pattern: /en/quem-somos/saf-petrobras
2026-07-01 15:17:07 | INFO | Page catalog complete: /workspace/catalog/.pages/petrobras_com_br_en_quem-somos_saf-petrobras--425b8165/page-catalog.json
2026-07-01 15:17:07 | INFO | SUCCESS: https://petrobras.com.br/en/quem-somos/saf-petrobras
2026-07-01 15:17:07 | INFO | PROGRESS: 70/249 analyzed (28% checklist complete) | 70 ok, 0 failed, 0 skipped | ~59 min remaining
2026-07-01 15:17:07 | INFO | Removed 7 elements: overlay, popup
📐 Detecting header/footer for this page...
2026-07-01 15:17:07 | INFO | Template - Reused saved footer selector on current page
2026-07-01 15:17:07 | INFO | Header: complex complexity, 4 features
2026-07-01 15:17:07 | INFO | Footer: simple complexity, 0 features
2026-07-01 15:17:07 | INFO | Phase 2: Identifying main content area...
2026-07-01 15:17:07 | INFO | Main content: #main-content
2026-07-01 15:17:07 | INFO | Phase 3: Detecting blocks...
2026-07-01 15:17:07 | WARNING | Blocks - 55% of blocks are unknown - site uses non-EDS patterns
2026-07-01 15:17:07 | INFO | Phase 4: Capturing block screenshots...
2026-07-01 15:17:08 | INFO | Lazy-load scroll complete
2026-07-01 15:17:08 | INFO | Phase 0B: Cleaning up overlays...
2026-07-01 15:17:09 | INFO | [75/249] Processing: https://petrobras.com.br/en/quem-somos/refinaria-abreu-lima
2026-07-01 15:17:09 | INFO | Generated slug: petrobras_com_br_en_quem-somos_refinaria-abreu-lima--bfb5c000
2026-07-01 15:17:09 | INFO | Starting analysis: https://petrobras.com.br/en/quem-somos/refinaria-abreu-lima -> /workspace/catalog/.pages/petrobras_com_br_en_quem-somos_refinaria-abreu-lima--bfb5c000
2026-07-01 15:17:09 | INFO | Loading: https://petrobras.com.br/en/quem-somos/refinaria-abreu-lima
2026-07-01 15:17:09 | INFO | Captured 11 block screenshots
2026-07-01 15:17:09 | INFO | Detected 11 blocks
2026-07-01 15:17:09 | INFO | Generating fingerprints for template discovery...
2026-07-01 15:17:09 | INFO | Phase 0A: Triggering lazy-loaded content...
2026-07-01 15:17:11 | INFO | Lazy-load scroll complete
2026-07-01 15:17:11 | INFO | Phase 0B: Cleaning up overlays...
2026-07-01 15:17:11 | INFO |    Top-section: 13 rows via title
2026-07-01 15:17:11 | INFO |    Body start: y=325 (start row 13 via below-title)
2026-07-01 15:17:11 | INFO | URL Pattern: /en/quem-somos/linha-podium
2026-07-01 15:17:11 | INFO | Page catalog complete: /workspace/catalog/.pages/petrobras_com_br_en_quem-somos_linha-podium--a18180cf/page-catalog.json
2026-07-01 15:17:11 | INFO | SUCCESS: https://petrobras.com.br/en/quem-somos/linha-podium
2026-07-01 15:17:12 | INFO | Phase 0A: Triggering lazy-loaded content...
2026-07-01 15:17:13 | INFO | [76/249] Processing: https://petrobras.com.br/en/quem-somos/complexo-boaventura
2026-07-01 15:17:13 | INFO | Generated slug: petrobras_com_br_en_quem-somos_complexo-boaventura--1460beb0
2026-07-01 15:17:13 | INFO | Starting analysis: https://petrobras.com.br/en/quem-somos/complexo-boaventura -> /workspace/catalog/.pages/petrobras_com_br_en_quem-somos_complexo-boaventura--1460beb0
2026-07-01 15:17:13 | INFO | Loading: https://petrobras.com.br/en/quem-somos/complexo-boaventura
2026-07-01 15:17:14 | INFO | Lazy-load scroll complete
2026-07-01 15:17:14 | INFO | Phase 0B: Cleaning up overlays...
2026-07-01 15:17:16 | INFO | Phase 0A: Triggering lazy-loaded content...
2026-07-01 15:17:18 | INFO | Lazy-load scroll complete
2026-07-01 15:17:18 | INFO | Phase 0B: Cleaning up overlays...
2026-07-01 15:18:06 | INFO | Removed 5 elements: overlay, popup
📐 Detecting header/footer for this page...
2026-07-01 15:18:06 | INFO | Template - Reused saved header selector on current page
2026-07-01 15:18:06 | INFO | Template - Reused saved footer selector on current page
2026-07-01 15:18:06 | INFO | Header: complex complexity, 3 features
2026-07-01 15:18:06 | INFO | Footer: simple complexity, 0 features
2026-07-01 15:18:06 | INFO | Phase 2: Identifying main content area...
2026-07-01 15:18:06 | INFO | Main content: #main-content
2026-07-01 15:18:06 | INFO | Phase 3: Detecting blocks...
2026-07-01 15:18:06 | WARNING | Blocks - 50% of blocks are unknown - site uses non-EDS patterns
2026-07-01 15:18:06 | INFO | Phase 4: Capturing block screenshots...
2026-07-01 15:18:07 | INFO | Captured 4 block screenshots
2026-07-01 15:18:07 | INFO | Detected 4 blocks
2026-07-01 15:18:07 | INFO | Generating fingerprints for template discovery...
2026-07-01 15:18:10 | INFO |    Top-section: 31 rows via title+placeholder
2026-07-01 15:18:10 | INFO |    Body start: y=775 (start row 31 via below-title+placeholder)
2026-07-01 15:18:10 | INFO | URL Pattern: /en/quem-somos/reach
2026-07-01 15:18:10 | INFO | Page catalog complete: /workspace/catalog/.pages/petrobras_com_br_en_quem-somos_reach--099069ae/page-catalog.json
2026-07-01 15:18:10 | INFO | SUCCESS: https://petrobras.com.br/en/quem-somos/reach
2026-07-01 15:18:11 | INFO | [77/249] Processing: https://petrobras.com.br/en/quem-somos/refinaria-capuava
2026-07-01 15:18:11 | INFO | Generated slug: petrobras_com_br_en_quem-somos_refinaria-capuava--fbcdbcbb
2026-07-01 15:18:11 | INFO | Starting analysis: https://petrobras.com.br/en/quem-somos/refinaria-capuava -> /workspace/catalog/.pages/petrobras_com_br_en_quem-somos_refinaria-capuava--fbcdbcbb
2026-07-01 15:18:11 | INFO | Loading: https://petrobras.com.br/en/quem-somos/refinaria-capuava
2026-07-01 15:18:16 | INFO | Phase 0A: Triggering lazy-loaded content...
2026-07-01 15:18:18 | INFO | Lazy-load scroll complete
2026-07-01 15:18:18 | INFO | Phase 0B: Cleaning up overlays...
2026-07-01 15:18:39 | INFO | Removed 5 elements: overlay, popup
📐 Detecting header/footer for this page...
2026-07-01 15:18:39 | INFO | Template - Reused saved footer selector on current page
2026-07-01 15:18:39 | INFO | Header: complex complexity, 4 features
2026-07-01 15:18:39 | INFO | Footer: simple complexity, 0 features
2026-07-01 15:18:39 | INFO | Phase 2: Identifying main content area...
2026-07-01 15:18:39 | INFO | Main content: #main-content
2026-07-01 15:18:39 | INFO | Phase 3: Detecting blocks...
2026-07-01 15:18:39 | INFO | Phase 4: Capturing block screenshots...
2026-07-01 15:18:40 | INFO | Captured 5 block screenshots
2026-07-01 15:18:40 | INFO | Detected 5 blocks
2026-07-01 15:18:40 | INFO | Generating fingerprints for template discovery...
2026-07-01 15:18:42 | INFO | Removed 16 elements: overlay, popup
📐 Detecting header/footer for this page...
2026-07-01 15:18:43 | INFO | Template - Reused saved footer selector on current page
2026-07-01 15:18:43 | INFO | Header: complex complexity, 4 features
2026-07-01 15:18:43 | INFO | Footer: simple complexity, 0 features
2026-07-01 15:18:43 | INFO | Phase 2: Identifying main content area...
2026-07-01 15:18:43 | INFO | Main content: #main-content
2026-07-01 15:18:43 | INFO | Phase 3: Detecting blocks...
2026-07-01 15:18:43 | INFO | Phase 4: Capturing block screenshots...
2026-07-01 15:18:43 | INFO |    Top-section: 14 rows via title+container
2026-07-01 15:18:43 | INFO |    Body start: y=350 (start row 14 via below-title+container)
2026-07-01 15:18:43 | INFO | URL Pattern: /en/quem-somos/refinaria-duque-de-caxias
2026-07-01 15:18:43 | INFO | Page catalog complete: /workspace/catalog/.pages/petrobras_com_br_en_quem-somos_refinaria-duque-de-caxias--d3e15b28/page-catalog.json
2026-07-01 15:18:43 | INFO | SUCCESS: https://petrobras.com.br/en/quem-somos/refinaria-duque-de-caxias
2026-07-01 15:18:44 | INFO | Captured 9 block screenshots
2026-07-01 15:18:44 | INFO | Detected 9 blocks
2026-07-01 15:18:44 | INFO | Generating fingerprints for template discovery...
2026-07-01 15:18:44 | INFO | [78/249] Processing: https://petrobras.com.br/en/quem-somos/refinaria-alberto-pasqualini
2026-07-01 15:18:44 | INFO | Generated slug: petrobras_com_br_en_quem-somos_refinaria-alberto-pasqualini--325aed18
2026-07-01 15:18:44 | INFO | Starting analysis: https://petrobras.com.br/en/quem-somos/refinaria-alberto-pasqualini -> /workspace/catalog/.pages/petrobras_com_br_en_quem-somos_refinaria-alberto-pasqualini--325aed18
2026-07-01 15:18:44 | INFO | Loading: https://petrobras.com.br/en/quem-somos/refinaria-alberto-pasqualini
2026-07-01 15:18:45 | INFO | Removed 5 elements: overlay, popup
📐 Detecting header/footer for this page...
2026-07-01 15:18:45 | INFO | Template - Reused saved footer selector on current page
2026-07-01 15:18:45 | INFO | Header: complex complexity, 4 features
2026-07-01 15:18:45 | INFO | Footer: simple complexity, 0 features
2026-07-01 15:18:45 | INFO | Phase 2: Identifying main content area...
2026-07-01 15:18:45 | INFO | Main content: #main-content
2026-07-01 15:18:45 | INFO | Phase 3: Detecting blocks...
2026-07-01 15:18:45 | INFO | Phase 4: Capturing block screenshots...
2026-07-01 15:18:46 | INFO | Captured 5 block screenshots
2026-07-01 15:18:46 | INFO | Detected 5 blocks
2026-07-01 15:18:46 | INFO | Generating fingerprints for template discovery...
2026-07-01 15:18:47 | INFO |    Top-section: 5 rows via title+container
2026-07-01 15:18:47 | INFO |    Body start: y=125 (start row 5 via below-title+container)
2026-07-01 15:18:47 | INFO | URL Pattern: /en/quem-somos/porto-de-macae
2026-07-01 15:18:47 | INFO | Page catalog complete: /workspace/catalog/.pages/petrobras_com_br_en_quem-somos_porto-de-macae--3cab617f/page-catalog.json
2026-07-01 15:18:47 | INFO | SUCCESS: https://petrobras.com.br/en/quem-somos/porto-de-macae
2026-07-01 15:18:48 | INFO | [79/249] Processing: https://petrobras.com.br/en/quem-somos/refinaria-gabriel-passos
2026-07-01 15:18:48 | INFO | Generated slug: petrobras_com_br_en_quem-somos_refinaria-gabriel-passos--11f39dc2
2026-07-01 15:18:48 | INFO | Starting analysis: https://petrobras.com.br/en/quem-somos/refinaria-gabriel-passos -> /workspace/catalog/.pages/petrobras_com_br_en_quem-somos_refinaria-gabriel-passos--11f39dc2
2026-07-01 15:18:48 | INFO | Loading: https://petrobras.com.br/en/quem-somos/refinaria-gabriel-passos
2026-07-01 15:18:49 | INFO | Phase 0A: Triggering lazy-loaded content...
2026-07-01 15:18:49 | INFO |    Top-section: 14 rows via title+container
2026-07-01 15:18:49 | INFO |    Body start: y=350 (start row 14 via below-title+container)
2026-07-01 15:18:49 | INFO | URL Pattern: /en/quem-somos/refinaria-abreu-lima
2026-07-01 15:18:49 | INFO | Page catalog complete: /workspace/catalog/.pages/petrobras_com_br_en_quem-somos_refinaria-abreu-lima--bfb5c000/page-catalog.json
2026-07-01 15:18:49 | INFO | SUCCESS: https://petrobras.com.br/en/quem-somos/refinaria-abreu-lima
2026-07-01 15:18:49 | INFO | PROGRESS: 75/249 analyzed (30% checklist complete) | 75 ok, 0 failed, 0 skipped | ~57 min remaining
2026-07-01 15:18:49 | INFO | Removed 5 elements: overlay, popup
📐 Detecting header/footer for this page...
2026-07-01 15:18:50 | INFO | Template - Reused saved footer selector on current page
2026-07-01 15:18:50 | INFO | Header: complex complexity, 4 features
2026-07-01 15:18:50 | INFO | Footer: simple complexity, 0 features
2026-07-01 15:18:50 | INFO | Phase 2: Identifying main content area...
2026-07-01 15:18:50 | INFO | Main content: #main-content
2026-07-01 15:18:50 | INFO | Phase 3: Detecting blocks...
2026-07-01 15:18:50 | INFO | Phase 4: Capturing block screenshots...
2026-07-01 15:18:50 | INFO | [80/249] Processing: https://petrobras.com.br/en/quem-somos/refinaria-presidente-getulio-vargas
2026-07-01 15:18:50 | INFO | Generated slug: petrobras_com_br_en_quem-somos_refinaria-presidente-getulio-vargas--e4fd59f0
2026-07-01 15:18:50 | INFO | Starting analysis: https://petrobras.com.br/en/quem-somos/refinaria-presidente-getulio-vargas -> /workspace/catalog/.pages/petrobras_com_br_en_quem-somos_refinaria-presidente-getulio-vargas--e4fd59f0
2026-07-01 15:18:50 | INFO | Loading: https://petrobras.com.br/en/quem-somos/refinaria-presidente-getulio-vargas
2026-07-01 15:18:51 | INFO | Captured 6 block screenshots
2026-07-01 15:18:51 | INFO | Detected 6 blocks
2026-07-01 15:18:51 | INFO | Generating fingerprints for template discovery...
2026-07-01 15:18:51 | INFO | Lazy-load scroll complete
2026-07-01 15:18:51 | INFO | Phase 0B: Cleaning up overlays...
2026-07-01 15:18:53 | INFO | Phase 0A: Triggering lazy-loaded content...
2026-07-01 15:18:53 | INFO |    Top-section: 14 rows via title+container
2026-07-01 15:18:53 | INFO |    Body start: y=350 (start row 14 via below-title+container)
2026-07-01 15:18:53 | INFO | URL Pattern: /en/quem-somos/complexo-boaventura
2026-07-01 15:18:53 | INFO | Page catalog complete: /workspace/catalog/.pages/petrobras_com_br_en_quem-somos_complexo-boaventura--1460beb0/page-catalog.json
2026-07-01 15:18:53 | INFO | SUCCESS: https://petrobras.com.br/en/quem-somos/complexo-boaventura
2026-07-01 15:18:55 | INFO | [81/249] Processing: https://petrobras.com.br/en/quem-somos/refinaria-presidente-bernardes
2026-07-01 15:18:55 | INFO | Generated slug: petrobras_com_br_en_quem-somos_refinaria-presidente-bernardes--8ccfdf25
2026-07-01 15:18:55 | INFO | Starting analysis: https://petrobras.com.br/en/quem-somos/refinaria-presidente-bernardes -> /workspace/catalog/.pages/petrobras_com_br_en_quem-somos_refinaria-presidente-bernardes--8ccfdf25
2026-07-01 15:18:55 | INFO | Loading: https://petrobras.com.br/en/quem-somos/refinaria-presidente-bernardes
2026-07-01 15:18:55 | INFO | Lazy-load scroll complete
2026-07-01 15:18:55 | INFO | Phase 0B: Cleaning up overlays...
2026-07-01 15:18:55 | INFO | Phase 0A: Triggering lazy-loaded content...
2026-07-01 15:18:57 | INFO | Lazy-load scroll complete
2026-07-01 15:18:57 | INFO | Phase 0B: Cleaning up overlays...
2026-07-01 15:18:59 | INFO | Phase 0A: Triggering lazy-loaded content...
2026-07-01 15:19:00 | INFO | Lazy-load scroll complete
2026-07-01 15:19:00 | INFO | Phase 0B: Cleaning up overlays...
2026-07-01 15:19:50 | INFO | Removed 5 elements: overlay, popup
📐 Detecting header/footer for this page...
2026-07-01 15:19:50 | INFO | Template - Reused saved footer selector on current page
2026-07-01 15:19:50 | INFO | Header: complex complexity, 4 features
2026-07-01 15:19:50 | INFO | Footer: simple complexity, 0 features
2026-07-01 15:19:50 | INFO | Phase 2: Identifying main content area...
2026-07-01 15:19:50 | INFO | Main content: #main-content
2026-07-01 15:19:50 | INFO | Phase 3: Detecting blocks...
2026-07-01 15:19:50 | INFO | Phase 4: Capturing block screenshots...
2026-07-01 15:19:51 | INFO | Captured 5 block screenshots
2026-07-01 15:19:51 | INFO | Detected 5 blocks
2026-07-01 15:19:51 | INFO | Generating fingerprints for template discovery...
2026-07-01 15:19:53 | INFO |    Top-section: 14 rows via title+container
2026-07-01 15:19:53 | INFO |    Body start: y=350 (start row 14 via below-title+container)
2026-07-01 15:19:53 | INFO | URL Pattern: /en/quem-somos/refinaria-capuava
2026-07-01 15:19:53 | INFO | Page catalog complete: /workspace/catalog/.pages/petrobras_com_br_en_quem-somos_refinaria-capuava--fbcdbcbb/page-catalog.json
2026-07-01 15:19:53 | INFO | SUCCESS: https://petrobras.com.br/en/quem-somos/refinaria-capuava
2026-07-01 15:19:55 | INFO | [82/249] Processing: https://petrobras.com.br/en/quem-somos/refinaria-de-paulinia
2026-07-01 15:19:55 | INFO | Generated slug: petrobras_com_br_en_quem-somos_refinaria-de-paulinia--d6c8b3ae
2026-07-01 15:19:55 | INFO | Starting analysis: https://petrobras.com.br/en/quem-somos/refinaria-de-paulinia -> /workspace/catalog/.pages/petrobras_com_br_en_quem-somos_refinaria-de-paulinia--d6c8b3ae
2026-07-01 15:19:55 | INFO | Loading: https://petrobras.com.br/en/quem-somos/refinaria-de-paulinia
2026-07-01 15:19:59 | INFO | Phase 0A: Triggering lazy-loaded content...
2026-07-01 15:20:00 | INFO | Lazy-load scroll complete
2026-07-01 15:20:00 | INFO | Phase 0B: Cleaning up overlays...
2026-07-01 15:20:22 | INFO | Removed 5 elements: overlay, popup
📐 Detecting header/footer for this page...
2026-07-01 15:20:22 | INFO | Template - Reused saved footer selector on current page
2026-07-01 15:20:22 | INFO | Header: complex complexity, 4 features
2026-07-01 15:20:22 | INFO | Footer: simple complexity, 0 features
2026-07-01 15:20:22 | INFO | Phase 2: Identifying main content area...
2026-07-01 15:20:22 | INFO | Main content: #main-content
2026-07-01 15:20:22 | INFO | Phase 3: Detecting blocks...
2026-07-01 15:20:22 | INFO | Phase 4: Capturing block screenshots...
2026-07-01 15:20:23 | INFO | Captured 5 block screenshots
2026-07-01 15:20:23 | INFO | Detected 5 blocks
2026-07-01 15:20:23 | INFO | Generating fingerprints for template discovery...
2026-07-01 15:20:26 | INFO |    Top-section: 14 rows via title+container
2026-07-01 15:20:26 | INFO |    Body start: y=350 (start row 14 via below-title+container)
2026-07-01 15:20:26 | INFO | URL Pattern: /en/quem-somos/refinaria-alberto-pasqualini
2026-07-01 15:20:26 | INFO | Page catalog complete: /workspace/catalog/.pages/petrobras_com_br_en_quem-somos_refinaria-alberto-pasqualini--325aed18/page-catalog.json
2026-07-01 15:20:26 | INFO | SUCCESS: https://petrobras.com.br/en/quem-somos/refinaria-alberto-pasqualini
2026-07-01 15:20:26 | INFO | Removed 5 elements: overlay, popup
📐 Detecting header/footer for this page...
2026-07-01 15:20:26 | INFO | Template - Reused saved footer selector on current page
2026-07-01 15:20:26 | INFO | Header: complex complexity, 4 features
2026-07-01 15:20:26 | INFO | Footer: simple complexity, 0 features
2026-07-01 15:20:26 | INFO | Phase 2: Identifying main content area...
2026-07-01 15:20:26 | INFO | Main content: #main-content
2026-07-01 15:20:26 | INFO | Phase 3: Detecting blocks...
2026-07-01 15:20:26 | INFO | Phase 4: Capturing block screenshots...
2026-07-01 15:20:27 | INFO | Captured 5 block screenshots
2026-07-01 15:20:27 | INFO | Detected 5 blocks
2026-07-01 15:20:27 | INFO | Generating fingerprints for template discovery...
2026-07-01 15:20:27 | INFO | [83/249] Processing: https://petrobras.com.br/en/quem-somos/refinaria-henrique-lage
2026-07-01 15:20:27 | INFO | Generated slug: petrobras_com_br_en_quem-somos_refinaria-henrique-lage--b7633e94
2026-07-01 15:20:27 | INFO | Starting analysis: https://petrobras.com.br/en/quem-somos/refinaria-henrique-lage -> /workspace/catalog/.pages/petrobras_com_br_en_quem-somos_refinaria-henrique-lage--b7633e94
2026-07-01 15:20:27 | INFO | Loading: https://petrobras.com.br/en/quem-somos/refinaria-henrique-lage
2026-07-01 15:20:29 | INFO | Removed 5 elements: overlay, popup
📐 Detecting header/footer for this page...
2026-07-01 15:20:29 | INFO | Template - Reused saved footer selector on current page
2026-07-01 15:20:29 | INFO | Header: complex complexity, 4 features
2026-07-01 15:20:29 | INFO | Footer: simple complexity, 0 features
2026-07-01 15:20:29 | INFO | Phase 2: Identifying main content area...
2026-07-01 15:20:29 | INFO | Main content: #main-content
2026-07-01 15:20:29 | INFO | Phase 3: Detecting blocks...
2026-07-01 15:20:29 | INFO | Phase 4: Capturing block screenshots...
2026-07-01 15:20:30 | INFO |    Top-section: 14 rows via title+container
2026-07-01 15:20:30 | INFO |    Body start: y=350 (start row 14 via below-title+container)
2026-07-01 15:20:30 | INFO | URL Pattern: /en/quem-somos/refinaria-gabriel-passos
2026-07-01 15:20:30 | INFO | Page catalog complete: /workspace/catalog/.pages/petrobras_com_br_en_quem-somos_refinaria-gabriel-passos--11f39dc2/page-catalog.json
2026-07-01 15:20:30 | INFO | SUCCESS: https://petrobras.com.br/en/quem-somos/refinaria-gabriel-passos
2026-07-01 15:20:30 | INFO | Captured 5 block screenshots
2026-07-01 15:20:30 | INFO | Detected 5 blocks
2026-07-01 15:20:30 | INFO | Generating fingerprints for template discovery...
2026-07-01 15:20:31 | INFO | Phase 0A: Triggering lazy-loaded content...
2026-07-01 15:20:31 | INFO | [84/249] Processing: https://petrobras.com.br/en/quem-somos/refinarinaria-lubrificantes-derivados-nordeste
2026-07-01 15:20:31 | INFO | Generated slug: petrobras_com_br_en_quem-somos_refinarinaria-lubrificantes-derivados-nordeste--f68e7431
2026-07-01 15:20:31 | INFO | Starting analysis: https://petrobras.com.br/en/quem-somos/refinarinaria-lubrificantes-derivados-nordeste -> /workspace/catalog/.pages/petrobras_com_br_en_quem-somos_refinarinaria-lubrificantes-derivados-nordeste--f68e7431
2026-07-01 15:20:31 | INFO | Loading: https://petrobras.com.br/en/quem-somos/refinarinaria-lubrificantes-derivados-nordeste
2026-07-01 15:20:32 | INFO | Removed 5 elements: overlay, popup
📐 Detecting header/footer for this page...
2026-07-01 15:20:32 | INFO | Template - Reused saved footer selector on current page
2026-07-01 15:20:32 | INFO | Header: complex complexity, 4 features
2026-07-01 15:20:32 | INFO | Footer: simple complexity, 0 features
2026-07-01 15:20:32 | INFO | Phase 2: Identifying main content area...
2026-07-01 15:20:32 | INFO | Main content: #main-content
2026-07-01 15:20:32 | INFO | Phase 3: Detecting blocks...
2026-07-01 15:20:32 | INFO | Phase 4: Capturing block screenshots...
2026-07-01 15:20:32 | INFO |    Top-section: 14 rows via title+container
2026-07-01 15:20:32 | INFO |    Body start: y=350 (start row 14 via below-title+container)
2026-07-01 15:20:32 | INFO | URL Pattern: /en/quem-somos/refinaria-presidente-getulio-vargas
2026-07-01 15:20:32 | INFO | Page catalog complete: /workspace/catalog/.pages/petrobras_com_br_en_quem-somos_refinaria-presidente-getulio-vargas--e4fd59f0/page-catalog.json
2026-07-01 15:20:32 | INFO | SUCCESS: https://petrobras.com.br/en/quem-somos/refinaria-presidente-getulio-vargas
2026-07-01 15:20:32 | INFO | PROGRESS: 80/249 analyzed (32% checklist complete) | 80 ok, 0 failed, 0 skipped | ~56 min remaining
2026-07-01 15:20:33 | INFO | Lazy-load scroll complete
2026-07-01 15:20:33 | INFO | Phase 0B: Cleaning up overlays...
2026-07-01 15:20:33 | INFO | Captured 5 block screenshots
2026-07-01 15:20:33 | INFO | Detected 5 blocks
2026-07-01 15:20:33 | INFO | Generating fingerprints for template discovery...
2026-07-01 15:20:34 | INFO | [85/249] Processing: https://petrobras.com.br/en/quem-somos/assistencia-tecnica
2026-07-01 15:20:34 | INFO | Generated slug: petrobras_com_br_en_quem-somos_assistencia-tecnica--734ffd77
2026-07-01 15:20:34 | INFO | Starting analysis: https://petrobras.com.br/en/quem-somos/assistencia-tecnica -> /workspace/catalog/.pages/petrobras_com_br_en_quem-somos_assistencia-tecnica--734ffd77
2026-07-01 15:20:34 | INFO | Loading: https://petrobras.com.br/en/quem-somos/assistencia-tecnica
2026-07-01 15:20:35 | INFO | Phase 0A: Triggering lazy-loaded content...
2026-07-01 15:20:35 | INFO |    Top-section: 14 rows via title+container
2026-07-01 15:20:35 | INFO |    Body start: y=350 (start row 14 via below-title+container)
2026-07-01 15:20:35 | INFO | URL Pattern: /en/quem-somos/refinaria-presidente-bernardes
2026-07-01 15:20:35 | INFO | Page catalog complete: /workspace/catalog/.pages/petrobras_com_br_en_quem-somos_refinaria-presidente-bernardes--8ccfdf25/page-catalog.json
2026-07-01 15:20:35 | INFO | SUCCESS: https://petrobras.com.br/en/quem-somos/refinaria-presidente-bernardes
2026-07-01 15:20:37 | INFO | Lazy-load scroll complete
2026-07-01 15:20:37 | INFO | Phase 0B: Cleaning up overlays...
2026-07-01 15:20:37 | INFO | [86/249] Processing: https://petrobras.com.br/en/quem-somos/diesel-verana
2026-07-01 15:20:37 | INFO | Generated slug: petrobras_com_br_en_quem-somos_diesel-verana--72d3604c
2026-07-01 15:20:37 | INFO | Starting analysis: https://petrobras.com.br/en/quem-somos/diesel-verana -> /workspace/catalog/.pages/petrobras_com_br_en_quem-somos_diesel-verana--72d3604c
2026-07-01 15:20:37 | INFO | Loading: https://petrobras.com.br/en/quem-somos/diesel-verana
2026-07-01 15:20:37 | INFO | Phase 0A: Triggering lazy-loaded content...
2026-07-01 15:20:41 | INFO | Phase 0A: Triggering lazy-loaded content...
2026-07-01 15:20:41 | INFO | Lazy-load scroll complete
2026-07-01 15:20:41 | INFO | Phase 0B: Cleaning up overlays...
2026-07-01 15:20:43 | INFO | Lazy-load scroll complete
2026-07-01 15:20:43 | INFO | Phase 0B: Cleaning up overlays...
2026-07-01 15:21:32 | INFO | Removed 5 elements: overlay, popup
📐 Detecting header/footer for this page...
2026-07-01 15:21:32 | INFO | Template - Reused saved footer selector on current page
2026-07-01 15:21:32 | INFO | Header: complex complexity, 4 features
2026-07-01 15:21:32 | INFO | Footer: simple complexity, 0 features
2026-07-01 15:21:32 | INFO | Phase 2: Identifying main content area...
2026-07-01 15:21:32 | INFO | Main content: #main-content
2026-07-01 15:21:32 | INFO | Phase 3: Detecting blocks...
2026-07-01 15:21:32 | INFO | Phase 4: Capturing block screenshots...
2026-07-01 15:21:33 | INFO | Captured 5 block screenshots
2026-07-01 15:21:33 | INFO | Detected 5 blocks
2026-07-01 15:21:33 | INFO | Generating fingerprints for template discovery...
2026-07-01 15:21:36 | INFO |    Top-section: 14 rows via title+container
2026-07-01 15:21:36 | INFO |    Body start: y=350 (start row 14 via below-title+container)
2026-07-01 15:21:36 | INFO | URL Pattern: /en/quem-somos/refinaria-de-paulinia
2026-07-01 15:21:36 | INFO | Page catalog complete: /workspace/catalog/.pages/petrobras_com_br_en_quem-somos_refinaria-de-paulinia--d6c8b3ae/page-catalog.json
2026-07-01 15:21:36 | INFO | SUCCESS: https://petrobras.com.br/en/quem-somos/refinaria-de-paulinia
2026-07-01 15:21:37 | INFO | [87/249] Processing: https://petrobras.com.br/en/quem-somos/cap-convencional
2026-07-01 15:21:37 | INFO | Generated slug: petrobras_com_br_en_quem-somos_cap-convencional--b285dbbe
2026-07-01 15:21:37 | INFO | Starting analysis: https://petrobras.com.br/en/quem-somos/cap-convencional -> /workspace/catalog/.pages/petrobras_com_br_en_quem-somos_cap-convencional--b285dbbe
2026-07-01 15:21:37 | INFO | Loading: https://petrobras.com.br/en/quem-somos/cap-convencional
2026-07-01 15:21:41 | INFO | Phase 0A: Triggering lazy-loaded content...
2026-07-01 15:21:43 | INFO | Lazy-load scroll complete
2026-07-01 15:21:43 | INFO | Phase 0B: Cleaning up overlays...
2026-07-01 15:22:04 | INFO | Removed 5 elements: overlay, popup
📐 Detecting header/footer for this page...
2026-07-01 15:22:04 | INFO | Template - Reused saved footer selector on current page
2026-07-01 15:22:04 | INFO | Header: complex complexity, 4 features
2026-07-01 15:22:04 | INFO | Footer: simple complexity, 0 features
2026-07-01 15:22:04 | INFO | Phase 2: Identifying main content area...
2026-07-01 15:22:04 | INFO | Main content: #main-content
2026-07-01 15:22:04 | INFO | Phase 3: Detecting blocks...
2026-07-01 15:22:04 | INFO | Phase 4: Capturing block screenshots...
2026-07-01 15:22:05 | INFO | Captured 5 block screenshots
2026-07-01 15:22:05 | INFO | Detected 5 blocks
2026-07-01 15:22:05 | INFO | Generating fingerprints for template discovery...
2026-07-01 15:22:08 | INFO |    Top-section: 14 rows via title+container
2026-07-01 15:22:08 | INFO |    Body start: y=350 (start row 14 via below-title+container)
2026-07-01 15:22:08 | INFO | URL Pattern: /en/quem-somos/refinaria-henrique-lage
2026-07-01 15:22:08 | INFO | Page catalog complete: /workspace/catalog/.pages/petrobras_com_br_en_quem-somos_refinaria-henrique-lage--b7633e94/page-catalog.json
2026-07-01 15:22:08 | INFO | SUCCESS: https://petrobras.com.br/en/quem-somos/refinaria-henrique-lage
2026-07-01 15:22:08 | INFO | Removed 5 elements: overlay, popup
📐 Detecting header/footer for this page...
2026-07-01 15:22:08 | INFO | Template - Reused saved footer selector on current page
2026-07-01 15:22:08 | INFO | Header: complex complexity, 4 features
2026-07-01 15:22:08 | INFO | Footer: simple complexity, 0 features
2026-07-01 15:22:08 | INFO | Phase 2: Identifying main content area...
2026-07-01 15:22:08 | INFO | Main content: #main-content
2026-07-01 15:22:08 | INFO | Phase 3: Detecting blocks...
2026-07-01 15:22:08 | INFO | Phase 4: Capturing block screenshots...
2026-07-01 15:22:09 | INFO | Captured 4 block screenshots
2026-07-01 15:22:09 | INFO | Detected 4 blocks
2026-07-01 15:22:09 | INFO | Generating fingerprints for template discovery...
2026-07-01 15:22:09 | INFO | [88/249] Processing: https://petrobras.com.br/en/quem-somos/oleo-diesel-maritimo
2026-07-01 15:22:09 | INFO | Generated slug: petrobras_com_br_en_quem-somos_oleo-diesel-maritimo--9ec46392
2026-07-01 15:22:09 | INFO | Starting analysis: https://petrobras.com.br/en/quem-somos/oleo-diesel-maritimo -> /workspace/catalog/.pages/petrobras_com_br_en_quem-somos_oleo-diesel-maritimo--9ec46392
2026-07-01 15:22:09 | INFO | Loading: https://petrobras.com.br/en/quem-somos/oleo-diesel-maritimo
2026-07-01 15:22:12 | INFO |    Top-section: 16 rows via title+container
2026-07-01 15:22:12 | INFO |    Body start: y=400 (start row 16 via below-title+container)
2026-07-01 15:22:12 | INFO | URL Pattern: /en/quem-somos/refinarinaria-lubrificantes-derivados-nordeste
2026-07-01 15:22:12 | INFO | Page catalog complete: /workspace/catalog/.pages/petrobras_com_br_en_quem-somos_refinarinaria-lubrificantes-derivados-nordeste--f68e7431/page-catalog.json
2026-07-01 15:22:12 | INFO | SUCCESS: https://petrobras.com.br/en/quem-somos/refinarinaria-lubrificantes-derivados-nordeste
2026-07-01 15:22:12 | INFO | Removed 5 elements: overlay, popup
📐 Detecting header/footer for this page...
2026-07-01 15:22:12 | INFO | Template - Reused saved footer selector on current page
2026-07-01 15:22:12 | INFO | Header: complex complexity, 4 features
2026-07-01 15:22:12 | INFO | Footer: simple complexity, 0 features
2026-07-01 15:22:12 | INFO | Phase 2: Identifying main content area...
2026-07-01 15:22:12 | INFO | Main content: #main-content
2026-07-01 15:22:12 | INFO | Phase 3: Detecting blocks...
2026-07-01 15:22:12 | INFO | Phase 4: Capturing block screenshots...
2026-07-01 15:22:13 | INFO | [89/249] Processing: https://petrobras.com.br/en/quem-somos/add-cleaner-petrobras
2026-07-01 15:22:13 | INFO | Generated slug: petrobras_com_br_en_quem-somos_add-cleaner-petrobras--5733e421
2026-07-01 15:22:13 | INFO | Starting analysis: https://petrobras.com.br/en/quem-somos/add-cleaner-petrobras -> /workspace/catalog/.pages/petrobras_com_br_en_quem-somos_add-cleaner-petrobras--5733e421
2026-07-01 15:22:13 | INFO | Loading: https://petrobras.com.br/en/quem-somos/add-cleaner-petrobras
2026-07-01 15:22:14 | INFO | Removed 5 elements: overlay, popup
📐 Detecting header/footer for this page...
2026-07-01 15:22:14 | INFO | Template - Reused saved footer selector on current page
2026-07-01 15:22:14 | INFO | Header: complex complexity, 4 features
2026-07-01 15:22:14 | INFO | Footer: simple complexity, 0 features
2026-07-01 15:22:14 | INFO | Phase 2: Identifying main content area...
2026-07-01 15:22:14 | INFO | Main content: #main-content
2026-07-01 15:22:14 | INFO | Phase 3: Detecting blocks...
2026-07-01 15:22:14 | WARNING | Blocks - 69% of blocks are unknown - site uses non-EDS patterns
2026-07-01 15:22:14 | INFO | Phase 4: Capturing block screenshots...
2026-07-01 15:22:14 | INFO | Phase 0A: Triggering lazy-loaded content...
2026-07-01 15:22:16 | INFO | Captured 13 block screenshots
2026-07-01 15:22:16 | INFO | Detected 13 blocks
2026-07-01 15:22:16 | INFO | Generating fingerprints for template discovery...
2026-07-01 15:22:16 | INFO | Captured 35 block screenshots
2026-07-01 15:22:16 | INFO | Detected 35 blocks
2026-07-01 15:22:16 | INFO | Generating fingerprints for template discovery...
2026-07-01 15:22:16 | INFO | Lazy-load scroll complete
2026-07-01 15:22:16 | INFO | Phase 0B: Cleaning up overlays...
2026-07-01 15:22:17 | INFO | Phase 0A: Triggering lazy-loaded content...
2026-07-01 15:22:18 | INFO |    Top-section: 7 rows via title
2026-07-01 15:22:18 | INFO |    Body start: y=175 (start row 7 via below-title)
2026-07-01 15:22:18 | INFO | URL Pattern: /en/quem-somos/diesel-verana
2026-07-01 15:22:18 | INFO | Page catalog complete: /workspace/catalog/.pages/petrobras_com_br_en_quem-somos_diesel-verana--72d3604c/page-catalog.json
2026-07-01 15:22:18 | INFO | SUCCESS: https://petrobras.com.br/en/quem-somos/diesel-verana
2026-07-01 15:22:18 | INFO | PROGRESS: 85/249 analyzed (34% checklist complete) | 85 ok, 0 failed, 0 skipped | ~54 min remaining
2026-07-01 15:22:18 | INFO |    Top-section: 20 rows via title+container
2026-07-01 15:22:18 | INFO |    Body start: y=500 (start row 20 via below-title+container)
2026-07-01 15:22:18 | INFO | URL Pattern: /en/quem-somos/assistencia-tecnica
2026-07-01 15:22:18 | INFO | Page catalog complete: /workspace/catalog/.pages/petrobras_com_br_en_quem-somos_assistencia-tecnica--734ffd77/page-catalog.json
2026-07-01 15:22:18 | INFO | SUCCESS: https://petrobras.com.br/en/quem-somos/assistencia-tecnica
2026-07-01 15:22:19 | INFO | Lazy-load scroll complete
2026-07-01 15:22:19 | INFO | Phase 0B: Cleaning up overlays...
2026-07-01 15:22:20 | INFO | [90/249] Processing: https://petrobras.com.br/en/sustentabilidade/mudancas-climaticas
2026-07-01 15:22:20 | INFO | Generated slug: petrobras_com_br_en_sustentabilidade_mudancas-climaticas--15a1a892
2026-07-01 15:22:20 | INFO | Starting analysis: https://petrobras.com.br/en/sustentabilidade/mudancas-climaticas -> /workspace/catalog/.pages/petrobras_com_br_en_sustentabilidade_mudancas-climaticas--15a1a892
2026-07-01 15:22:20 | INFO | Loading: https://petrobras.com.br/en/sustentabilidade/mudancas-climaticas
2026-07-01 15:22:20 | INFO | [91/249] Processing: https://petrobras.com.br/en/sustentabilidade/dados-abertos
2026-07-01 15:22:20 | INFO | Generated slug: petrobras_com_br_en_sustentabilidade_dados-abertos--69d69281
2026-07-01 15:22:20 | INFO | Starting analysis: https://petrobras.com.br/en/sustentabilidade/dados-abertos -> /workspace/catalog/.pages/petrobras_com_br_en_sustentabilidade_dados-abertos--69d69281
2026-07-01 15:22:20 | INFO | Loading: https://petrobras.com.br/en/sustentabilidade/dados-abertos
2026-07-01 15:22:23 | INFO | Phase 0A: Triggering lazy-loaded content...
2026-07-01 15:22:24 | INFO | Phase 0A: Triggering lazy-loaded content...
2026-07-01 15:22:26 | INFO | Lazy-load scroll complete
2026-07-01 15:22:26 | INFO | Phase 0B: Cleaning up overlays...
2026-07-01 15:22:26 | INFO | Lazy-load scroll complete
2026-07-01 15:22:26 | INFO | Phase 0B: Cleaning up overlays...
2026-07-01 15:23:14 | INFO | Removed 5 elements: overlay, popup
📐 Detecting header/footer for this page...
2026-07-01 15:23:14 | INFO | Template - Reused saved footer selector on current page
2026-07-01 15:23:14 | INFO | Header: complex complexity, 4 features
2026-07-01 15:23:14 | INFO | Footer: simple complexity, 0 features
2026-07-01 15:23:14 | INFO | Phase 2: Identifying main content area...
2026-07-01 15:23:14 | INFO | Main content: #main-content
2026-07-01 15:23:14 | INFO | Phase 3: Detecting blocks...
2026-07-01 15:23:15 | INFO | Phase 4: Capturing block screenshots...
2026-07-01 15:23:16 | INFO | Captured 15 block screenshots
2026-07-01 15:23:16 | INFO | Detected 15 blocks
2026-07-01 15:23:16 | INFO | Generating fingerprints for template discovery...
2026-07-01 15:23:19 | INFO |    Top-section: 7 rows via title
2026-07-01 15:23:19 | INFO |    Body start: y=175 (start row 7 via below-title)
2026-07-01 15:23:19 | INFO | URL Pattern: /en/quem-somos/cap-convencional
2026-07-01 15:23:19 | INFO | Page catalog complete: /workspace/catalog/.pages/petrobras_com_br_en_quem-somos_cap-convencional--b285dbbe/page-catalog.json
2026-07-01 15:23:19 | INFO | SUCCESS: https://petrobras.com.br/en/quem-somos/cap-convencional
2026-07-01 15:23:20 | INFO | [92/249] Processing: https://petrobras.com.br/en/sustentabilidade/meio-ambiente
2026-07-01 15:23:20 | INFO | Generated slug: petrobras_com_br_en_sustentabilidade_meio-ambiente--bcf1ed9d
2026-07-01 15:23:20 | INFO | Starting analysis: https://petrobras.com.br/en/sustentabilidade/meio-ambiente -> /workspace/catalog/.pages/petrobras_com_br_en_sustentabilidade_meio-ambiente--bcf1ed9d
2026-07-01 15:23:21 | INFO | Loading: https://petrobras.com.br/en/sustentabilidade/meio-ambiente
2026-07-01 15:23:25 | INFO | Phase 0A: Triggering lazy-loaded content...
2026-07-01 15:23:27 | INFO | Lazy-load scroll complete
2026-07-01 15:23:27 | INFO | Phase 0B: Cleaning up overlays...
2026-07-01 15:23:48 | INFO | Removed 5 elements: overlay, popup
📐 Detecting header/footer for this page...
2026-07-01 15:23:48 | INFO | Template - Reused saved footer selector on current page
2026-07-01 15:23:48 | INFO | Header: complex complexity, 4 features
2026-07-01 15:23:48 | INFO | Footer: simple complexity, 0 features
2026-07-01 15:23:48 | INFO | Phase 2: Identifying main content area...
2026-07-01 15:23:48 | INFO | Main content: #main-content
2026-07-01 15:23:48 | INFO | Phase 3: Detecting blocks...
2026-07-01 15:23:48 | WARNING | Blocks - 57% of blocks are unknown - site uses non-EDS patterns
2026-07-01 15:23:48 | INFO | Phase 4: Capturing block screenshots...
2026-07-01 15:23:49 | INFO | Captured 7 block screenshots
2026-07-01 15:23:49 | INFO | Detected 7 blocks
2026-07-01 15:23:49 | INFO | Generating fingerprints for template discovery...
2026-07-01 15:23:50 | INFO | Removed 5 elements: overlay, popup
📐 Detecting header/footer for this page...
2026-07-01 15:23:50 | INFO | Template - Reused saved footer selector on current page
2026-07-01 15:23:50 | INFO | Header: complex complexity, 4 features
2026-07-01 15:23:50 | INFO | Footer: simple complexity, 0 features
2026-07-01 15:23:50 | INFO | Phase 2: Identifying main content area...
2026-07-01 15:23:50 | INFO | Main content: #main-content
2026-07-01 15:23:50 | INFO | Phase 3: Detecting blocks...
2026-07-01 15:23:50 | INFO | Phase 4: Capturing block screenshots...
2026-07-01 15:23:51 | INFO | Captured 8 block screenshots
2026-07-01 15:23:51 | INFO | Detected 8 blocks
2026-07-01 15:23:51 | INFO | Generating fingerprints for template discovery...
2026-07-01 15:23:51 | INFO |    Top-section: 15 rows via title
2026-07-01 15:23:51 | INFO |    Body start: y=375 (start row 15 via below-title)
2026-07-01 15:23:51 | INFO | URL Pattern: /en/quem-somos/oleo-diesel-maritimo
2026-07-01 15:23:51 | INFO | Page catalog complete: /workspace/catalog/.pages/petrobras_com_br_en_quem-somos_oleo-diesel-maritimo--9ec46392/page-catalog.json
2026-07-01 15:23:51 | INFO | SUCCESS: https://petrobras.com.br/en/quem-somos/oleo-diesel-maritimo
2026-07-01 15:23:53 | INFO | [93/249] Processing: https://petrobras.com.br/en/sustentabilidade/descomissionamento-offshore
2026-07-01 15:23:53 | INFO | Generated slug: petrobras_com_br_en_sustentabilidade_descomissionamento-offshore--63caaebe
2026-07-01 15:23:53 | INFO | Starting analysis: https://petrobras.com.br/en/sustentabilidade/descomissionamento-offshore -> /workspace/catalog/.pages/petrobras_com_br_en_sustentabilidade_descomissionamento-offshore--63caaebe
2026-07-01 15:23:53 | INFO | Loading: https://petrobras.com.br/en/sustentabilidade/descomissionamento-offshore
2026-07-01 15:23:54 | INFO |    Top-section: 15 rows via title
2026-07-01 15:23:54 | INFO |    Body start: y=375 (start row 15 via below-title)
2026-07-01 15:23:54 | INFO | URL Pattern: /en/quem-somos/add-cleaner-petrobras
2026-07-01 15:23:54 | INFO | Page catalog complete: /workspace/catalog/.pages/petrobras_com_br_en_quem-somos_add-cleaner-petrobras--5733e421/page-catalog.json
2026-07-01 15:23:54 | INFO | SUCCESS: https://petrobras.com.br/en/quem-somos/add-cleaner-petrobras
2026-07-01 15:23:55 | INFO | [94/249] Processing: https://petrobras.com.br/en/sustentabilidade/iniciativas-de-reflorestamento
2026-07-01 15:23:55 | INFO | Generated slug: petrobras_com_br_en_sustentabilidade_iniciativas-de-reflorestamento--8420e892
2026-07-01 15:23:55 | INFO | Starting analysis: https://petrobras.com.br/en/sustentabilidade/iniciativas-de-reflorestamento -> /workspace/catalog/.pages/petrobras_com_br_en_sustentabilidade_iniciativas-de-reflorestamento--8420e892
2026-07-01 15:23:55 | INFO | Loading: https://petrobras.com.br/en/sustentabilidade/iniciativas-de-reflorestamento
2026-07-01 15:23:57 | INFO | Phase 0A: Triggering lazy-loaded content...
2026-07-01 15:23:57 | INFO | Removed 5 elements: overlay, popup
📐 Detecting header/footer for this page...
2026-07-01 15:23:57 | INFO | Template - Reused saved header selector on current page
2026-07-01 15:23:57 | INFO | Template - Reused saved footer selector on current page
2026-07-01 15:23:57 | INFO | Header: complex complexity, 3 features
2026-07-01 15:23:57 | INFO | Footer: simple complexity, 0 features
2026-07-01 15:23:57 | INFO | Phase 2: Identifying main content area...
2026-07-01 15:23:57 | INFO | Main content: #main-content
2026-07-01 15:23:57 | INFO | Phase 3: Detecting blocks...
2026-07-01 15:23:57 | INFO | Phase 4: Capturing block screenshots...
2026-07-01 15:23:58 | INFO | Removed 5 elements: overlay, popup
📐 Detecting header/footer for this page...
2026-07-01 15:23:58 | INFO | Template - Reused saved header selector on current page
2026-07-01 15:23:58 | INFO | Template - Reused saved footer selector on current page
2026-07-01 15:23:58 | INFO | Header: complex complexity, 3 features
2026-07-01 15:23:58 | INFO | Footer: simple complexity, 0 features
2026-07-01 15:23:58 | INFO | Phase 2: Identifying main content area...
2026-07-01 15:23:58 | INFO | Main content: #main-content
2026-07-01 15:23:58 | INFO | Phase 3: Detecting blocks...
2026-07-01 15:23:58 | INFO | Phase 4: Capturing block screenshots...
2026-07-01 15:23:59 | INFO | Phase 0A: Triggering lazy-loaded content...
2026-07-01 15:23:59 | INFO | Captured 4 block screenshots
2026-07-01 15:23:59 | INFO | Detected 4 blocks
2026-07-01 15:23:59 | INFO | Generating fingerprints for template discovery...
2026-07-01 15:23:59 | INFO | Captured 10 block screenshots
2026-07-01 15:23:59 | INFO | Detected 10 blocks
2026-07-01 15:23:59 | INFO | Generating fingerprints for template discovery...
2026-07-01 15:24:01 | INFO | Lazy-load scroll complete
2026-07-01 15:24:01 | INFO | Phase 0B: Cleaning up overlays...
2026-07-01 15:24:01 | INFO |    Top-section: 5 rows via title+container
2026-07-01 15:24:01 | INFO |    Body start: y=125 (start row 5 via below-title+container)
2026-07-01 15:24:01 | INFO | URL Pattern: /en/sustentabilidade/dados-abertos
2026-07-01 15:24:01 | INFO | Page catalog complete: /workspace/catalog/.pages/petrobras_com_br_en_sustentabilidade_dados-abertos--69d69281/page-catalog.json
2026-07-01 15:24:01 | INFO | SUCCESS: https://petrobras.com.br/en/sustentabilidade/dados-abertos
2026-07-01 15:24:01 | INFO | PROGRESS: 90/249 analyzed (36% checklist complete) | 90 ok, 0 failed, 0 skipped | ~53 min remaining
2026-07-01 15:24:01 | INFO |    Top-section: 31 rows via title+placeholder
2026-07-01 15:24:01 | INFO |    Body start: y=775 (start row 31 via below-title+placeholder)
2026-07-01 15:24:01 | INFO | URL Pattern: /en/sustentabilidade/mudancas-climaticas
2026-07-01 15:24:01 | INFO | Page catalog complete: /workspace/catalog/.pages/petrobras_com_br_en_sustentabilidade_mudancas-climaticas--15a1a892/page-catalog.json
2026-07-01 15:24:01 | INFO | SUCCESS: https://petrobras.com.br/en/sustentabilidade/mudancas-climaticas
2026-07-01 15:24:02 | INFO | Lazy-load scroll complete
2026-07-01 15:24:02 | INFO | Phase 0B: Cleaning up overlays...
2026-07-01 15:24:03 | INFO | [95/249] Processing: https://petrobras.com.br/en/sustentabilidade/biodiversidade
2026-07-01 15:24:03 | INFO | Generated slug: petrobras_com_br_en_sustentabilidade_biodiversidade--881028f1
2026-07-01 15:24:03 | INFO | Starting analysis: https://petrobras.com.br/en/sustentabilidade/biodiversidade -> /workspace/catalog/.pages/petrobras_com_br_en_sustentabilidade_biodiversidade--881028f1
2026-07-01 15:24:03 | INFO | Loading: https://petrobras.com.br/en/sustentabilidade/biodiversidade
2026-07-01 15:24:03 | INFO | [96/249] Processing: https://petrobras.com.br/en/sustentabilidade/recursos-hidricos
2026-07-01 15:24:03 | INFO | Generated slug: petrobras_com_br_en_sustentabilidade_recursos-hidricos--7e79a71b
2026-07-01 15:24:03 | INFO | Starting analysis: https://petrobras.com.br/en/sustentabilidade/recursos-hidricos -> /workspace/catalog/.pages/petrobras_com_br_en_sustentabilidade_recursos-hidricos--7e79a71b
2026-07-01 15:24:03 | INFO | Loading: https://petrobras.com.br/en/sustentabilidade/recursos-hidricos
2026-07-01 15:24:07 | INFO | Phase 0A: Triggering lazy-loaded content...
2026-07-01 15:24:07 | INFO | Phase 0A: Triggering lazy-loaded content...
2026-07-01 15:24:08 | INFO | Lazy-load scroll complete
2026-07-01 15:24:08 | INFO | Phase 0B: Cleaning up overlays...
2026-07-01 15:24:10 | INFO | Lazy-load scroll complete
2026-07-01 15:24:10 | INFO | Phase 0B: Cleaning up overlays...
2026-07-01 15:24:58 | INFO | Removed 5 elements: overlay, popup
📐 Detecting header/footer for this page...
2026-07-01 15:24:58 | INFO | Template - Reused saved header selector on current page
2026-07-01 15:24:58 | INFO | Template - Reused saved footer selector on current page
2026-07-01 15:24:58 | INFO | Header: complex complexity, 3 features
2026-07-01 15:24:58 | INFO | Footer: simple complexity, 0 features
2026-07-01 15:24:58 | INFO | Phase 2: Identifying main content area...
2026-07-01 15:24:58 | INFO | Main content: #main-content
2026-07-01 15:24:58 | INFO | Phase 3: Detecting blocks...
2026-07-01 15:24:58 | INFO | Phase 4: Capturing block screenshots...
2026-07-01 15:24:59 | INFO | Captured 7 block screenshots
2026-07-01 15:24:59 | INFO | Detected 7 blocks
2026-07-01 15:24:59 | INFO | Generating fingerprints for template discovery...
2026-07-01 15:25:02 | INFO |    Top-section: 31 rows via title+placeholder
2026-07-01 15:25:02 | INFO |    Body start: y=775 (start row 31 via below-title+placeholder)
2026-07-01 15:25:02 | INFO | URL Pattern: /en/sustentabilidade/meio-ambiente
2026-07-01 15:25:02 | INFO | Page catalog complete: /workspace/catalog/.pages/petrobras_com_br_en_sustentabilidade_meio-ambiente--bcf1ed9d/page-catalog.json
2026-07-01 15:25:02 | INFO | SUCCESS: https://petrobras.com.br/en/sustentabilidade/meio-ambiente
2026-07-01 15:25:03 | INFO | [97/249] Processing: https://petrobras.com.br/en/sustentabilidade/seguranca-meio-ambiente-saude
2026-07-01 15:25:03 | INFO | Generated slug: petrobras_com_br_en_sustentabilidade_seguranca-meio-ambiente-saude--69abbd57
2026-07-01 15:25:03 | INFO | Starting analysis: https://petrobras.com.br/en/sustentabilidade/seguranca-meio-ambiente-saude -> /workspace/catalog/.pages/petrobras_com_br_en_sustentabilidade_seguranca-meio-ambiente-saude--69abbd57
2026-07-01 15:25:03 | INFO | Loading: https://petrobras.com.br/en/sustentabilidade/seguranca-meio-ambiente-saude
2026-07-01 15:25:07 | INFO | Phase 0A: Triggering lazy-loaded content...
2026-07-01 15:25:09 | INFO | Lazy-load scroll complete
2026-07-01 15:25:09 | INFO | Phase 0B: Cleaning up overlays...
2026-07-01 15:25:32 | INFO | Removed 5 elements: overlay, popup
📐 Detecting header/footer for this page...
2026-07-01 15:25:32 | INFO | Template - Reused saved footer selector on current page
2026-07-01 15:25:32 | INFO | Header: complex complexity, 4 features
2026-07-01 15:25:32 | INFO | Footer: simple complexity, 0 features
2026-07-01 15:25:32 | INFO | Phase 2: Identifying main content area...
2026-07-01 15:25:32 | INFO | Main content: #main-content
2026-07-01 15:25:32 | INFO | Phase 3: Detecting blocks...
2026-07-01 15:25:32 | INFO | Phase 4: Capturing block screenshots...
2026-07-01 15:25:33 | INFO | Removed 9 elements: overlay, popup
📐 Detecting header/footer for this page...
2026-07-01 15:25:33 | INFO | Template - Reused saved footer selector on current page
2026-07-01 15:25:33 | INFO | Header: complex complexity, 4 features
2026-07-01 15:25:33 | INFO | Footer: simple complexity, 0 features
2026-07-01 15:25:33 | INFO | Phase 2: Identifying main content area...
2026-07-01 15:25:33 | INFO | Main content: #main-content
2026-07-01 15:25:33 | INFO | Phase 3: Detecting blocks...
2026-07-01 15:25:33 | WARNING | Blocks - 57% of blocks are unknown - site uses non-EDS patterns
2026-07-01 15:25:33 | INFO | Phase 4: Capturing block screenshots...
2026-07-01 15:25:34 | INFO | Captured 11 block screenshots
2026-07-01 15:25:34 | INFO | Detected 11 blocks
2026-07-01 15:25:34 | INFO | Generating fingerprints for template discovery...
2026-07-01 15:25:37 | INFO |    Top-section: 7 rows via title
2026-07-01 15:25:37 | INFO |    Body start: y=175 (start row 7 via below-title)
2026-07-01 15:25:37 | INFO | URL Pattern: /en/sustentabilidade/iniciativas-de-reflorestamento
2026-07-01 15:25:37 | INFO | Page catalog complete: /workspace/catalog/.pages/petrobras_com_br_en_sustentabilidade_iniciativas-de-reflorestamento--8420e892/page-catalog.json
2026-07-01 15:25:37 | INFO | SUCCESS: https://petrobras.com.br/en/sustentabilidade/iniciativas-de-reflorestamento
2026-07-01 15:25:37 | INFO | Captured 30 block screenshots
2026-07-01 15:25:37 | INFO | Detected 30 blocks
2026-07-01 15:25:37 | INFO | Generating fingerprints for template discovery...
2026-07-01 15:25:38 | INFO | [98/249] Processing: https://petrobras.com.br/en/sustentabilidade/seguranca-operacional
2026-07-01 15:25:38 | INFO | Generated slug: petrobras_com_br_en_sustentabilidade_seguranca-operacional--e87966a0
2026-07-01 15:25:38 | INFO | Starting analysis: https://petrobras.com.br/en/sustentabilidade/seguranca-operacional -> /workspace/catalog/.pages/petrobras_com_br_en_sustentabilidade_seguranca-operacional--e87966a0
2026-07-01 15:25:38 | INFO | Loading: https://petrobras.com.br/en/sustentabilidade/seguranca-operacional
2026-07-01 15:25:39 | INFO |    Top-section: 13 rows via title
2026-07-01 15:25:39 | INFO |    Body start: y=325 (start row 13 via below-title)
2026-07-01 15:25:39 | INFO | URL Pattern: /en/sustentabilidade/descomissionamento-offshore
2026-07-01 15:25:39 | INFO | Page catalog complete: /workspace/catalog/.pages/petrobras_com_br_en_sustentabilidade_descomissionamento-offshore--63caaebe/page-catalog.json
2026-07-01 15:25:39 | INFO | SUCCESS: https://petrobras.com.br/en/sustentabilidade/descomissionamento-offshore
2026-07-01 15:25:40 | INFO | Removed 5 elements: overlay, popup
📐 Detecting header/footer for this page...
2026-07-01 15:25:40 | INFO | Template - Reused saved footer selector on current page
2026-07-01 15:25:40 | INFO | Header: complex complexity, 4 features
2026-07-01 15:25:40 | INFO | Footer: simple complexity, 0 features
2026-07-01 15:25:40 | INFO | Phase 2: Identifying main content area...
2026-07-01 15:25:40 | INFO | Main content: #main-content
2026-07-01 15:25:40 | INFO | Phase 3: Detecting blocks...
2026-07-01 15:25:40 | INFO | Phase 4: Capturing block screenshots...
2026-07-01 15:25:41 | INFO | Captured 5 block screenshots
2026-07-01 15:25:41 | INFO | Detected 5 blocks
2026-07-01 15:25:41 | INFO | Generating fingerprints for template discovery...
2026-07-01 15:25:41 | INFO | [99/249] Processing: https://petrobras.com.br/en/sustentabilidade/licenciamento-ambiental
2026-07-01 15:25:41 | INFO | Generated slug: petrobras_com_br_en_sustentabilidade_licenciamento-ambiental--8d3d6a0c
2026-07-01 15:25:41 | INFO | Starting analysis: https://petrobras.com.br/en/sustentabilidade/licenciamento-ambiental -> /workspace/catalog/.pages/petrobras_com_br_en_sustentabilidade_licenciamento-ambiental--8d3d6a0c
2026-07-01 15:25:41 | INFO | Loading: https://petrobras.com.br/en/sustentabilidade/licenciamento-ambiental
2026-07-01 15:25:41 | INFO | Removed 5 elements: overlay, popup
📐 Detecting header/footer for this page...
2026-07-01 15:25:41 | INFO | Template - Reused saved header selector on current page
2026-07-01 15:25:41 | INFO | Template - Reused saved footer selector on current page
2026-07-01 15:25:41 | INFO | Header: complex complexity, 3 features
2026-07-01 15:25:41 | INFO | Footer: simple complexity, 0 features
2026-07-01 15:25:41 | INFO | Phase 2: Identifying main content area...
2026-07-01 15:25:41 | INFO | Main content: #main-content
2026-07-01 15:25:42 | INFO | Phase 3: Detecting blocks...
2026-07-01 15:25:42 | INFO | Phase 0A: Triggering lazy-loaded content...
2026-07-01 15:25:42 | WARNING | Blocks - 67% of blocks are unknown - site uses non-EDS patterns
2026-07-01 15:25:42 | INFO | Phase 4: Capturing block screenshots...
2026-07-01 15:25:43 | INFO |    Top-section: 17 rows via title
2026-07-01 15:25:43 | INFO |    Body start: y=425 (start row 17 via below-title)
2026-07-01 15:25:43 | INFO | URL Pattern: /en/sustentabilidade/recursos-hidricos
2026-07-01 15:25:43 | INFO | Page catalog complete: /workspace/catalog/.pages/petrobras_com_br_en_sustentabilidade_recursos-hidricos--7e79a71b/page-catalog.json
2026-07-01 15:25:43 | INFO | SUCCESS: https://petrobras.com.br/en/sustentabilidade/recursos-hidricos
2026-07-01 15:25:43 | INFO | PROGRESS: 95/249 analyzed (38% checklist complete) | 95 ok, 0 failed, 0 skipped | ~51 min remaining
2026-07-01 15:25:44 | INFO | Lazy-load scroll complete
2026-07-01 15:25:44 | INFO | Phase 0B: Cleaning up overlays...
2026-07-01 15:25:44 | INFO | Captured 21 block screenshots
2026-07-01 15:25:44 | INFO | Detected 21 blocks
2026-07-01 15:25:44 | INFO | Generating fingerprints for template discovery...
2026-07-01 15:25:45 | INFO | [100/249] Processing: https://petrobras.com.br/en/sustentabilidade/responsabilidade-social
2026-07-01 15:25:45 | INFO | Generated slug: petrobras_com_br_en_sustentabilidade_responsabilidade-social--18edb523
2026-07-01 15:25:45 | INFO | Starting analysis: https://petrobras.com.br/en/sustentabilidade/responsabilidade-social -> /workspace/catalog/.pages/petrobras_com_br_en_sustentabilidade_responsabilidade-social--18edb523
2026-07-01 15:25:45 | INFO | Loading: https://petrobras.com.br/en/sustentabilidade/responsabilidade-social
2026-07-01 15:25:46 | INFO | Phase 0A: Triggering lazy-loaded content...
2026-07-01 15:25:47 | INFO |    Top-section: 31 rows via title+placeholder
2026-07-01 15:25:47 | INFO |    Body start: y=775 (start row 31 via below-title+placeholder)
2026-07-01 15:25:47 | INFO | URL Pattern: /en/sustentabilidade/biodiversidade
2026-07-01 15:25:47 | INFO | Page catalog complete: /workspace/catalog/.pages/petrobras_com_br_en_sustentabilidade_biodiversidade--881028f1/page-catalog.json
2026-07-01 15:25:47 | INFO | SUCCESS: https://petrobras.com.br/en/sustentabilidade/biodiversidade
2026-07-01 15:25:48 | INFO | Lazy-load scroll complete
2026-07-01 15:25:48 | INFO | Phase 0B: Cleaning up overlays...
2026-07-01 15:25:48 | INFO | [101/249] Processing: https://petrobras.com.br/en/sustentabilidade/patrocinios
2026-07-01 15:25:48 | INFO | Generated slug: petrobras_com_br_en_sustentabilidade_patrocinios--2548576b
2026-07-01 15:25:48 | INFO | Starting analysis: https://petrobras.com.br/en/sustentabilidade/patrocinios -> /workspace/catalog/.pages/petrobras_com_br_en_sustentabilidade_patrocinios--2548576b
2026-07-01 15:25:48 | INFO | Loading: https://petrobras.com.br/en/sustentabilidade/patrocinios
2026-07-01 15:25:49 | INFO | Phase 0A: Triggering lazy-loaded content...
2026-07-01 15:25:52 | INFO | Lazy-load scroll complete
2026-07-01 15:25:52 | INFO | Phase 0B: Cleaning up overlays...
2026-07-01 15:25:53 | INFO | Phase 0A: Triggering lazy-loaded content...
2026-07-01 15:25:55 | INFO | Lazy-load scroll complete
2026-07-01 15:25:55 | INFO | Phase 0B: Cleaning up overlays...
2026-07-01 15:26:41 | INFO | Removed 5 elements: overlay, popup
📐 Detecting header/footer for this page...
2026-07-01 15:26:41 | INFO | Template - Reused saved footer selector on current page
2026-07-01 15:26:41 | INFO | Header: complex complexity, 4 features
2026-07-01 15:26:41 | INFO | Footer: simple complexity, 0 features
2026-07-01 15:26:41 | INFO | Phase 2: Identifying main content area...
2026-07-01 15:26:41 | INFO | Main content: #main-content
2026-07-01 15:26:41 | INFO | Phase 3: Detecting blocks...
2026-07-01 15:26:41 | INFO | Phase 4: Capturing block screenshots...
2026-07-01 15:26:44 | INFO | Captured 29 block screenshots
2026-07-01 15:26:44 | INFO | Detected 29 blocks
2026-07-01 15:26:44 | INFO | Generating fingerprints for template discovery...
2026-07-01 15:26:46 | INFO |    Top-section: 17 rows via title
2026-07-01 15:26:46 | INFO |    Body start: y=425 (start row 17 via below-title)
2026-07-01 15:26:46 | INFO | URL Pattern: /en/sustentabilidade/seguranca-meio-ambiente-saude
2026-07-01 15:26:46 | INFO | Page catalog complete: /workspace/catalog/.pages/petrobras_com_br_en_sustentabilidade_seguranca-meio-ambiente-saude--69abbd57/page-catalog.json
2026-07-01 15:26:46 | INFO | SUCCESS: https://petrobras.com.br/en/sustentabilidade/seguranca-meio-ambiente-saude
2026-07-01 15:26:48 | INFO | [102/249] Processing: https://petrobras.com.br/en/sustentabilidade/investimento-socioambiental
2026-07-01 15:26:48 | INFO | Generated slug: petrobras_com_br_en_sustentabilidade_investimento-socioambiental--f2f2a9f2
2026-07-01 15:26:48 | INFO | Starting analysis: https://petrobras.com.br/en/sustentabilidade/investimento-socioambiental -> /workspace/catalog/.pages/petrobras_com_br_en_sustentabilidade_investimento-socioambiental--f2f2a9f2
2026-07-01 15:26:48 | INFO | Loading: https://petrobras.com.br/en/sustentabilidade/investimento-socioambiental
2026-07-01 15:26:52 | INFO | Phase 0A: Triggering lazy-loaded content...
2026-07-01 15:26:54 | INFO | Lazy-load scroll complete
2026-07-01 15:26:54 | INFO | Phase 0B: Cleaning up overlays...
2026-07-01 15:27:15 | INFO | Removed 5 elements: overlay, popup
📐 Detecting header/footer for this page...
2026-07-01 15:27:15 | INFO | Template - Reused saved footer selector on current page
2026-07-01 15:27:15 | INFO | Header: complex complexity, 4 features
2026-07-01 15:27:15 | INFO | Footer: simple complexity, 0 features
2026-07-01 15:27:15 | INFO | Phase 2: Identifying main content area...
2026-07-01 15:27:15 | INFO | Main content: #main-content
2026-07-01 15:27:15 | INFO | Phase 3: Detecting blocks...
2026-07-01 15:27:15 | WARNING | Blocks - 55% of blocks are unknown - site uses non-EDS patterns
2026-07-01 15:27:15 | INFO | Phase 4: Capturing block screenshots...
2026-07-01 15:27:17 | INFO | Captured 11 block screenshots
2026-07-01 15:27:17 | INFO | Detected 11 blocks
2026-07-01 15:27:17 | INFO | Generating fingerprints for template discovery...
2026-07-01 15:27:19 | INFO | Removed 5 elements: overlay, popup
📐 Detecting header/footer for this page...
2026-07-01 15:27:19 | INFO | Template - Reused saved footer selector on current page
2026-07-01 15:27:19 | INFO | Header: complex complexity, 4 features
2026-07-01 15:27:19 | INFO | Footer: simple complexity, 0 features
2026-07-01 15:27:19 | INFO | Phase 2: Identifying main content area...
2026-07-01 15:27:19 | INFO | Main content: #main-content
2026-07-01 15:27:19 | INFO | Phase 3: Detecting blocks...
2026-07-01 15:27:19 | INFO |    Top-section: 17 rows via title
2026-07-01 15:27:19 | INFO |    Body start: y=425 (start row 17 via below-title)
2026-07-01 15:27:19 | INFO | URL Pattern: /en/sustentabilidade/seguranca-operacional
2026-07-01 15:27:19 | INFO | Page catalog complete: /workspace/catalog/.pages/petrobras_com_br_en_sustentabilidade_seguranca-operacional--e87966a0/page-catalog.json
2026-07-01 15:27:19 | INFO | Phase 4: Capturing block screenshots...
2026-07-01 15:27:19 | INFO | SUCCESS: https://petrobras.com.br/en/sustentabilidade/seguranca-operacional
2026-07-01 15:27:21 | INFO | Captured 9 block screenshots
2026-07-01 15:27:21 | INFO | Detected 9 blocks
2026-07-01 15:27:21 | INFO | Generating fingerprints for template discovery...
2026-07-01 15:27:21 | INFO | [103/249] Processing: https://petrobras.com.br/en/sustentabilidade/socioambiental
2026-07-01 15:27:21 | INFO | Generated slug: petrobras_com_br_en_sustentabilidade_socioambiental--a3230219
2026-07-01 15:27:21 | INFO | Starting analysis: https://petrobras.com.br/en/sustentabilidade/socioambiental -> /workspace/catalog/.pages/petrobras_com_br_en_sustentabilidade_socioambiental--a3230219
2026-07-01 15:27:21 | INFO | Loading: https://petrobras.com.br/en/sustentabilidade/socioambiental
2026-07-01 15:27:23 | INFO |    Top-section: 17 rows via title
2026-07-01 15:27:23 | INFO |    Body start: y=425 (start row 17 via below-title)
2026-07-01 15:27:23 | INFO | URL Pattern: /en/sustentabilidade/licenciamento-ambiental
2026-07-01 15:27:23 | INFO | Page catalog complete: /workspace/catalog/.pages/petrobras_com_br_en_sustentabilidade_licenciamento-ambiental--8d3d6a0c/page-catalog.json
2026-07-01 15:27:23 | INFO | SUCCESS: https://petrobras.com.br/en/sustentabilidade/licenciamento-ambiental
2026-07-01 15:27:23 | INFO | Removed 5 elements: overlay, popup
📐 Detecting header/footer for this page...
2026-07-01 15:27:23 | INFO | Template - Reused saved header selector on current page
2026-07-01 15:27:23 | INFO | Template - Reused saved footer selector on current page
2026-07-01 15:27:23 | INFO | Header: complex complexity, 3 features
2026-07-01 15:27:23 | INFO | Footer: simple complexity, 0 features
2026-07-01 15:27:23 | INFO | Phase 2: Identifying main content area...
2026-07-01 15:27:23 | INFO | Main content: #main-content
2026-07-01 15:27:23 | INFO | Phase 3: Detecting blocks...
2026-07-01 15:27:23 | INFO | Phase 4: Capturing block screenshots...
2026-07-01 15:27:25 | INFO | [104/249] Processing: https://petrobras.com.br/en/sustentabilidade/selecoes-publicas
2026-07-01 15:27:25 | INFO | Generated slug: petrobras_com_br_en_sustentabilidade_selecoes-publicas--056c7e39
2026-07-01 15:27:25 | INFO | Starting analysis: https://petrobras.com.br/en/sustentabilidade/selecoes-publicas -> /workspace/catalog/.pages/petrobras_com_br_en_sustentabilidade_selecoes-publicas--056c7e39
2026-07-01 15:27:25 | INFO | Loading: https://petrobras.com.br/en/sustentabilidade/selecoes-publicas
2026-07-01 15:27:25 | INFO | Phase 0A: Triggering lazy-loaded content...
2026-07-01 15:27:25 | INFO | Captured 17 block screenshots
2026-07-01 15:27:25 | INFO | Detected 17 blocks
2026-07-01 15:27:25 | INFO | Generating fingerprints for template discovery...
2026-07-01 15:27:26 | INFO | Removed 13 elements: overlay, popup
📐 Detecting header/footer for this page...
2026-07-01 15:27:26 | INFO | Template - Reused saved header selector on current page
2026-07-01 15:27:26 | INFO | Template - Reused saved footer selector on current page
2026-07-01 15:27:26 | INFO | Header: complex complexity, 3 features
2026-07-01 15:27:26 | INFO | Footer: simple complexity, 0 features
2026-07-01 15:27:26 | INFO | Phase 2: Identifying main content area...
2026-07-01 15:27:26 | INFO | Main content: #main-content
2026-07-01 15:27:26 | INFO | Phase 3: Detecting blocks...
2026-07-01 15:27:26 | INFO | Phase 4: Capturing block screenshots...
2026-07-01 15:27:27 | INFO | Lazy-load scroll complete
2026-07-01 15:27:27 | INFO | Phase 0B: Cleaning up overlays...
2026-07-01 15:27:28 | INFO |    Top-section: 31 rows via title+placeholder
2026-07-01 15:27:28 | INFO |    Body start: y=775 (start row 31 via below-title+placeholder)
2026-07-01 15:27:28 | INFO | URL Pattern: /en/sustentabilidade/responsabilidade-social
2026-07-01 15:27:28 | INFO | Page catalog complete: /workspace/catalog/.pages/petrobras_com_br_en_sustentabilidade_responsabilidade-social--18edb523/page-catalog.json
2026-07-01 15:27:28 | INFO | SUCCESS: https://petrobras.com.br/en/sustentabilidade/responsabilidade-social
2026-07-01 15:27:28 | INFO | PROGRESS: 100/249 analyzed (40% checklist complete) | 100 ok, 0 failed, 0 skipped | ~50 min remaining
2026-07-01 15:27:28 | INFO | Captured 15 block screenshots
2026-07-01 15:27:28 | INFO | Detected 15 blocks
2026-07-01 15:27:28 | INFO | Generating fingerprints for template discovery...
2026-07-01 15:27:29 | INFO | Phase 0A: Triggering lazy-loaded content...
2026-07-01 15:27:29 | INFO | [105/249] Processing: https://petrobras.com.br/en/sustentabilidade/solucoes-baseadas-na-natureza
2026-07-01 15:27:30 | INFO | Generated slug: petrobras_com_br_en_sustentabilidade_solucoes-baseadas-na-natureza--0f99edd7
2026-07-01 15:27:30 | INFO | Starting analysis: https://petrobras.com.br/en/sustentabilidade/solucoes-baseadas-na-natureza -> /workspace/catalog/.pages/petrobras_com_br_en_sustentabilidade_solucoes-baseadas-na-natureza--0f99edd7
2026-07-01 15:27:30 | INFO | Loading: https://petrobras.com.br/en/sustentabilidade/solucoes-baseadas-na-natureza
2026-07-01 15:27:30 | INFO | Lazy-load scroll complete
2026-07-01 15:27:30 | INFO | Phase 0B: Cleaning up overlays...
2026-07-01 15:27:31 | INFO |    Top-section: 31 rows via title+placeholder
2026-07-01 15:27:31 | INFO |    Body start: y=775 (start row 31 via below-title+placeholder)
2026-07-01 15:27:31 | INFO | URL Pattern: /en/sustentabilidade/patrocinios
2026-07-01 15:27:31 | INFO | Page catalog complete: /workspace/catalog/.pages/petrobras_com_br_en_sustentabilidade_patrocinios--2548576b/page-catalog.json
2026-07-01 15:27:31 | INFO | SUCCESS: https://petrobras.com.br/en/sustentabilidade/patrocinios
2026-07-01 15:27:32 | INFO | [106/249] Processing: https://petrobras.com.br/en/sustentabilidade/cultural
2026-07-01 15:27:32 | INFO | Generated slug: petrobras_com_br_en_sustentabilidade_cultural--c373480b
2026-07-01 15:27:32 | INFO | Starting analysis: https://petrobras.com.br/en/sustentabilidade/cultural -> /workspace/catalog/.pages/petrobras_com_br_en_sustentabilidade_cultural--c373480b
2026-07-01 15:27:32 | INFO | Loading: https://petrobras.com.br/en/sustentabilidade/cultural
2026-07-01 15:27:33 | INFO | Phase 0A: Triggering lazy-loaded content...
2026-07-01 15:27:35 | INFO | Lazy-load scroll complete
2026-07-01 15:27:35 | INFO | Phase 0B: Cleaning up overlays...
2026-07-01 15:27:36 | INFO | Phase 0A: Triggering lazy-loaded content...
2026-07-01 15:27:38 | INFO | Lazy-load scroll complete
2026-07-01 15:27:38 | INFO | Phase 0B: Cleaning up overlays...
2026-07-01 15:28:25 | INFO | Removed 5 elements: overlay, popup
📐 Detecting header/footer for this page...
2026-07-01 15:28:25 | INFO | Template - Reused saved footer selector on current page
2026-07-01 15:28:25 | INFO | Header: complex complexity, 4 features
2026-07-01 15:28:25 | INFO | Footer: simple complexity, 0 features
2026-07-01 15:28:25 | INFO | Phase 2: Identifying main content area...
2026-07-01 15:28:25 | INFO | Main content: #main-content
2026-07-01 15:28:25 | INFO | Phase 3: Detecting blocks...
2026-07-01 15:28:25 | INFO | Phase 4: Capturing block screenshots...
2026-07-01 15:28:27 | INFO | Captured 7 block screenshots
2026-07-01 15:28:27 | INFO | Detected 7 blocks
2026-07-01 15:28:27 | INFO | Generating fingerprints for template discovery...
2026-07-01 15:28:29 | INFO |    Top-section: 17 rows via title
2026-07-01 15:28:29 | INFO |    Body start: y=425 (start row 17 via below-title)
2026-07-01 15:28:29 | INFO | URL Pattern: /en/sustentabilidade/investimento-socioambiental
2026-07-01 15:28:29 | INFO | Page catalog complete: /workspace/catalog/.pages/petrobras_com_br_en_sustentabilidade_investimento-socioambiental--f2f2a9f2/page-catalog.json
2026-07-01 15:28:29 | INFO | SUCCESS: https://petrobras.com.br/en/sustentabilidade/investimento-socioambiental
2026-07-01 15:28:31 | INFO | [107/249] Processing: https://petrobras.com.br/en/sustentabilidade/esportes
2026-07-01 15:28:31 | INFO | Generated slug: petrobras_com_br_en_sustentabilidade_esportes--528df9a3
2026-07-01 15:28:31 | INFO | Starting analysis: https://petrobras.com.br/en/sustentabilidade/esportes -> /workspace/catalog/.pages/petrobras_com_br_en_sustentabilidade_esportes--528df9a3
2026-07-01 15:28:31 | INFO | Loading: https://petrobras.com.br/en/sustentabilidade/esportes
2026-07-01 15:28:35 | INFO | Phase 0A: Triggering lazy-loaded content...
2026-07-01 15:28:37 | INFO | Lazy-load scroll complete
2026-07-01 15:28:37 | INFO | Phase 0B: Cleaning up overlays...
2026-07-01 15:28:58 | INFO | Removed 20 elements: overlay, popup
📐 Detecting header/footer for this page...
2026-07-01 15:28:58 | INFO | Template - Reused saved footer selector on current page
2026-07-01 15:28:58 | INFO | Header: complex complexity, 4 features
2026-07-01 15:28:58 | INFO | Footer: simple complexity, 0 features
2026-07-01 15:28:58 | INFO | Phase 2: Identifying main content area...
2026-07-01 15:28:58 | INFO | Main content: #main-content
2026-07-01 15:28:58 | INFO | Phase 3: Detecting blocks...
2026-07-01 15:28:58 | INFO | Phase 4: Capturing block screenshots...
2026-07-01 15:29:00 | INFO | Captured 7 block screenshots
2026-07-01 15:29:00 | INFO | Detected 7 blocks
2026-07-01 15:29:00 | INFO | Generating fingerprints for template discovery...
2026-07-01 15:29:02 | INFO | Removed 5 elements: overlay, popup
📐 Detecting header/footer for this page...
2026-07-01 15:29:02 | INFO | Template - Reused saved footer selector on current page
2026-07-01 15:29:02 | INFO | Header: complex complexity, 4 features
2026-07-01 15:29:02 | INFO | Footer: simple complexity, 0 features
2026-07-01 15:29:02 | INFO | Phase 2: Identifying main content area...
2026-07-01 15:29:02 | INFO | Main content: #main-content
2026-07-01 15:29:02 | INFO | Phase 3: Detecting blocks...
2026-07-01 15:29:02 | INFO | Phase 4: Capturing block screenshots...
2026-07-01 15:29:02 | INFO |    Top-section: 17 rows via title
2026-07-01 15:29:02 | INFO |    Body start: y=425 (start row 17 via below-title)
2026-07-01 15:29:02 | INFO | URL Pattern: /en/sustentabilidade/socioambiental
2026-07-01 15:29:02 | INFO | Page catalog complete: /workspace/catalog/.pages/petrobras_com_br_en_sustentabilidade_socioambiental--a3230219/page-catalog.json
2026-07-01 15:29:02 | INFO | SUCCESS: https://petrobras.com.br/en/sustentabilidade/socioambiental
2026-07-01 15:29:03 | INFO | Captured 4 block screenshots
2026-07-01 15:29:03 | INFO | Detected 4 blocks
2026-07-01 15:29:03 | INFO | Generating fingerprints for template discovery...
2026-07-01 15:29:04 | INFO | [108/249] Processing: https://petrobras.com.br/en/sustentabilidade/futebol-feminino
2026-07-01 15:29:04 | INFO | Generated slug: petrobras_com_br_en_sustentabilidade_futebol-feminino--211e0359
2026-07-01 15:29:04 | INFO | Starting analysis: https://petrobras.com.br/en/sustentabilidade/futebol-feminino -> /workspace/catalog/.pages/petrobras_com_br_en_sustentabilidade_futebol-feminino--211e0359
2026-07-01 15:29:04 | INFO | Loading: https://petrobras.com.br/en/sustentabilidade/futebol-feminino
2026-07-01 15:29:05 | INFO |    Top-section: 15 rows via title
2026-07-01 15:29:05 | INFO |    Body start: y=375 (start row 15 via below-title)
2026-07-01 15:29:05 | INFO | URL Pattern: /en/sustentabilidade/selecoes-publicas
2026-07-01 15:29:05 | INFO | Page catalog complete: /workspace/catalog/.pages/petrobras_com_br_en_sustentabilidade_selecoes-publicas--056c7e39/page-catalog.json
2026-07-01 15:29:05 | INFO | SUCCESS: https://petrobras.com.br/en/sustentabilidade/selecoes-publicas
2026-07-01 15:29:07 | INFO | [109/249] Processing: https://petrobras.com.br/en/sustentabilidade/esporte-motor
2026-07-01 15:29:07 | INFO | Generated slug: petrobras_com_br_en_sustentabilidade_esporte-motor--3e317a53
2026-07-01 15:29:07 | INFO | Starting analysis: https://petrobras.com.br/en/sustentabilidade/esporte-motor -> /workspace/catalog/.pages/petrobras_com_br_en_sustentabilidade_esporte-motor--3e317a53
2026-07-01 15:29:07 | INFO | Loading: https://petrobras.com.br/en/sustentabilidade/esporte-motor
2026-07-01 15:29:07 | INFO | Removed 7 elements: overlay, popup
📐 Detecting header/footer for this page...
2026-07-01 15:29:07 | INFO | Template - Reused saved footer selector on current page
2026-07-01 15:29:07 | INFO | Header: complex complexity, 4 features
2026-07-01 15:29:07 | INFO | Footer: simple complexity, 0 features
2026-07-01 15:29:07 | INFO | Phase 2: Identifying main content area...
2026-07-01 15:29:07 | INFO | Main content: #main-content
2026-07-01 15:29:07 | INFO | Phase 3: Detecting blocks...
2026-07-01 15:29:07 | WARNING | Blocks - 82% of blocks are unknown - site uses non-EDS patterns
2026-07-01 15:29:07 | INFO | Phase 4: Capturing block screenshots...
2026-07-01 15:29:08 | INFO | Phase 0A: Triggering lazy-loaded content...
2026-07-01 15:29:09 | INFO | Captured 11 block screenshots
2026-07-01 15:29:09 | INFO | Detected 11 blocks
2026-07-01 15:29:09 | INFO | Generating fingerprints for template discovery...
2026-07-01 15:29:10 | INFO | Removed 11 elements: overlay, popup
📐 Detecting header/footer for this page...
2026-07-01 15:29:10 | INFO | Template - Reused saved footer selector on current page
2026-07-01 15:29:10 | INFO | Header: complex complexity, 4 features
2026-07-01 15:29:10 | INFO | Footer: simple complexity, 0 features
2026-07-01 15:29:10 | INFO | Phase 2: Identifying main content area...
2026-07-01 15:29:10 | INFO | Main content: #main-content
2026-07-01 15:29:10 | INFO | Phase 3: Detecting blocks...
2026-07-01 15:29:10 | INFO | Phase 4: Capturing block screenshots...
2026-07-01 15:29:10 | INFO | Lazy-load scroll complete
2026-07-01 15:29:10 | INFO | Phase 0B: Cleaning up overlays...
2026-07-01 15:29:10 | INFO | Phase 0A: Triggering lazy-loaded content...
2026-07-01 15:29:11 | INFO |    Top-section: 15 rows via title
2026-07-01 15:29:11 | INFO |    Body start: y=375 (start row 15 via below-title)
2026-07-01 15:29:11 | INFO | URL Pattern: /en/sustentabilidade/solucoes-baseadas-na-natureza
2026-07-01 15:29:11 | INFO | Page catalog complete: /workspace/catalog/.pages/petrobras_com_br_en_sustentabilidade_solucoes-baseadas-na-natureza--0f99edd7/page-catalog.json
2026-07-01 15:29:11 | INFO | SUCCESS: https://petrobras.com.br/en/sustentabilidade/solucoes-baseadas-na-natureza
2026-07-01 15:29:11 | INFO | PROGRESS: 105/249 analyzed (42% checklist complete) | 105 ok, 0 failed, 0 skipped | ~48 min remaining
2026-07-01 15:29:11 | INFO | Captured 8 block screenshots
2026-07-01 15:29:11 | INFO | Detected 8 blocks
2026-07-01 15:29:11 | INFO | Generating fingerprints for template discovery...
2026-07-01 15:29:13 | INFO | [110/249] Processing: https://petrobras.com.br/en/sustentabilidade/time-petrobras
2026-07-01 15:29:13 | INFO | Generated slug: petrobras_com_br_en_sustentabilidade_time-petrobras--dd22aadb
2026-07-01 15:29:13 | INFO | Starting analysis: https://petrobras.com.br/en/sustentabilidade/time-petrobras -> /workspace/catalog/.pages/petrobras_com_br_en_sustentabilidade_time-petrobras--dd22aadb
2026-07-01 15:29:13 | INFO | Lazy-load scroll complete
2026-07-01 15:29:13 | INFO | Phase 0B: Cleaning up overlays...
2026-07-01 15:29:13 | INFO | Loading: https://petrobras.com.br/en/sustentabilidade/time-petrobras
2026-07-01 15:29:14 | INFO |    Top-section: 15 rows via title
2026-07-01 15:29:14 | INFO |    Body start: y=375 (start row 15 via below-title)
2026-07-01 15:29:14 | INFO | URL Pattern: /en/sustentabilidade/cultural
2026-07-01 15:29:14 | INFO | Page catalog complete: /workspace/catalog/.pages/petrobras_com_br_en_sustentabilidade_cultural--c373480b/page-catalog.json
2026-07-01 15:29:14 | INFO | SUCCESS: https://petrobras.com.br/en/sustentabilidade/cultural
2026-07-01 15:29:15 | INFO | [111/249] Processing: https://petrobras.com.br/en/sustentabilidade/skate
2026-07-01 15:29:15 | INFO | Generated slug: petrobras_com_br_en_sustentabilidade_skate--fed9e670
2026-07-01 15:29:15 | INFO | Starting analysis: https://petrobras.com.br/en/sustentabilidade/skate -> /workspace/catalog/.pages/petrobras_com_br_en_sustentabilidade_skate--fed9e670
2026-07-01 15:29:15 | INFO | Loading: https://petrobras.com.br/en/sustentabilidade/skate
2026-07-01 15:29:17 | INFO | Phase 0A: Triggering lazy-loaded content...
2026-07-01 15:29:19 | INFO | Lazy-load scroll complete
2026-07-01 15:29:19 | INFO | Phase 0B: Cleaning up overlays...
2026-07-01 15:29:20 | INFO | Phase 0A: Triggering lazy-loaded content...
2026-07-01 15:29:21 | INFO | Lazy-load scroll complete
2026-07-01 15:29:21 | INFO | Phase 0B: Cleaning up overlays...
2026-07-01 15:30:08 | INFO | Removed 5 elements: overlay, popup
📐 Detecting header/footer for this page...
2026-07-01 15:30:08 | INFO | Template - Reused saved footer selector on current page
2026-07-01 15:30:08 | INFO | Header: complex complexity, 4 features
2026-07-01 15:30:08 | INFO | Footer: simple complexity, 0 features
2026-07-01 15:30:08 | INFO | Phase 2: Identifying main content area...
2026-07-01 15:30:08 | INFO | Main content: #main-content
2026-07-01 15:30:08 | INFO | Phase 3: Detecting blocks...
2026-07-01 15:30:08 | INFO | Phase 4: Capturing block screenshots...
2026-07-01 15:30:09 | INFO | Captured 9 block screenshots
2026-07-01 15:30:09 | INFO | Detected 9 blocks
2026-07-01 15:30:09 | INFO | Generating fingerprints for template discovery...
2026-07-01 15:30:12 | INFO |    Top-section: 7 rows via title
2026-07-01 15:30:12 | INFO |    Body start: y=175 (start row 7 via below-title)
2026-07-01 15:30:12 | INFO | URL Pattern: /en/sustentabilidade/esportes
2026-07-01 15:30:12 | INFO | Page catalog complete: /workspace/catalog/.pages/petrobras_com_br_en_sustentabilidade_esportes--528df9a3/page-catalog.json
2026-07-01 15:30:12 | INFO | SUCCESS: https://petrobras.com.br/en/sustentabilidade/esportes
2026-07-01 15:30:14 | INFO | [112/249] Processing: https://petrobras.com.br/en/sustentabilidade/eventos
2026-07-01 15:30:14 | INFO | Generated slug: petrobras_com_br_en_sustentabilidade_eventos--4f713a52
2026-07-01 15:30:14 | INFO | Starting analysis: https://petrobras.com.br/en/sustentabilidade/eventos -> /workspace/catalog/.pages/petrobras_com_br_en_sustentabilidade_eventos--4f713a52
2026-07-01 15:30:14 | INFO | Loading: https://petrobras.com.br/en/sustentabilidade/eventos
2026-07-01 15:30:19 | INFO | Phase 0A: Triggering lazy-loaded content...
2026-07-01 15:30:21 | INFO | Lazy-load scroll complete
2026-07-01 15:30:21 | INFO | Phase 0B: Cleaning up overlays...
2026-07-01 15:30:41 | INFO | Removed 7 elements: overlay, popup
📐 Detecting header/footer for this page...
2026-07-01 15:30:41 | INFO | Template - Reused saved footer selector on current page
2026-07-01 15:30:41 | INFO | Header: complex complexity, 4 features
2026-07-01 15:30:41 | INFO | Footer: simple complexity, 0 features
2026-07-01 15:30:41 | INFO | Phase 2: Identifying main content area...
2026-07-01 15:30:41 | INFO | Main content: #main-content
2026-07-01 15:30:41 | INFO | Phase 3: Detecting blocks...
2026-07-01 15:30:41 | INFO | Phase 4: Capturing block screenshots...
2026-07-01 15:30:43 | INFO | Captured 14 block screenshots
2026-07-01 15:30:43 | INFO | Detected 14 blocks
2026-07-01 15:30:43 | INFO | Generating fingerprints for template discovery...
2026-07-01 15:30:44 | INFO | Removed 5 elements: overlay, popup
📐 Detecting header/footer for this page...
2026-07-01 15:30:44 | INFO | Template - Reused saved footer selector on current page
2026-07-01 15:30:44 | INFO | Header: complex complexity, 4 features
2026-07-01 15:30:44 | INFO | Footer: simple complexity, 0 features
2026-07-01 15:30:44 | INFO | Phase 2: Identifying main content area...
2026-07-01 15:30:44 | INFO | Main content: #main-content
2026-07-01 15:30:44 | INFO | Phase 3: Detecting blocks...
2026-07-01 15:30:44 | INFO | Phase 4: Capturing block screenshots...
2026-07-01 15:30:46 | INFO |    Top-section: 15 rows via title
2026-07-01 15:30:46 | INFO |    Body start: y=375 (start row 15 via below-title)
2026-07-01 15:30:46 | INFO | URL Pattern: /en/sustentabilidade/futebol-feminino
2026-07-01 15:30:46 | INFO | Page catalog complete: /workspace/catalog/.pages/petrobras_com_br_en_sustentabilidade_futebol-feminino--211e0359/page-catalog.json
2026-07-01 15:30:46 | INFO | SUCCESS: https://petrobras.com.br/en/sustentabilidade/futebol-feminino
2026-07-01 15:30:46 | INFO | Captured 12 block screenshots
2026-07-01 15:30:46 | INFO | Detected 12 blocks
2026-07-01 15:30:46 | INFO | Generating fingerprints for template discovery...
2026-07-01 15:30:47 | INFO | [113/249] Processing: https://petrobras.com.br/en/sustentabilidade/cinema
2026-07-01 15:30:47 | INFO | Generated slug: petrobras_com_br_en_sustentabilidade_cinema--9f0a084f
2026-07-01 15:30:47 | INFO | Starting analysis: https://petrobras.com.br/en/sustentabilidade/cinema -> /workspace/catalog/.pages/petrobras_com_br_en_sustentabilidade_cinema--9f0a084f
2026-07-01 15:30:47 | INFO | Loading: https://petrobras.com.br/en/sustentabilidade/cinema
2026-07-01 15:30:48 | INFO |    Top-section: 15 rows via title
2026-07-01 15:30:48 | INFO |    Body start: y=375 (start row 15 via below-title)
2026-07-01 15:30:48 | INFO | URL Pattern: /en/sustentabilidade/esporte-motor
2026-07-01 15:30:48 | INFO | Page catalog complete: /workspace/catalog/.pages/petrobras_com_br_en_sustentabilidade_esporte-motor--3e317a53/page-catalog.json
2026-07-01 15:30:48 | INFO | SUCCESS: https://petrobras.com.br/en/sustentabilidade/esporte-motor
2026-07-01 15:30:50 | INFO | [114/249] Processing: https://petrobras.com.br/en/sustentabilidade/governanca-corporativa
2026-07-01 15:30:50 | INFO | Generated slug: petrobras_com_br_en_sustentabilidade_governanca-corporativa--d897a718
2026-07-01 15:30:50 | INFO | Starting analysis: https://petrobras.com.br/en/sustentabilidade/governanca-corporativa -> /workspace/catalog/.pages/petrobras_com_br_en_sustentabilidade_governanca-corporativa--d897a718
2026-07-01 15:30:50 | INFO | Loading: https://petrobras.com.br/en/sustentabilidade/governanca-corporativa
2026-07-01 15:30:51 | INFO | Removed 5 elements: overlay, popup
📐 Detecting header/footer for this page...
2026-07-01 15:30:51 | INFO | Template - Reused saved footer selector on current page
2026-07-01 15:30:51 | INFO | Header: complex complexity, 4 features
2026-07-01 15:30:51 | INFO | Footer: simple complexity, 0 features
2026-07-01 15:30:51 | INFO | Phase 2: Identifying main content area...
2026-07-01 15:30:51 | INFO | Main content: #main-content
2026-07-01 15:30:51 | INFO | Phase 3: Detecting blocks...
2026-07-01 15:30:51 | INFO | Phase 4: Capturing block screenshots...
2026-07-01 15:30:51 | WARNING | Screenshots - Block not visible: unknown-423556ee
2026-07-01 15:30:51 | INFO | Phase 0A: Triggering lazy-loaded content...
2026-07-01 15:30:52 | INFO | Captured 6 block screenshots
2026-07-01 15:30:52 | INFO | Detected 7 blocks
2026-07-01 15:30:52 | INFO | Generating fingerprints for template discovery...
2026-07-01 15:30:53 | INFO | Removed 5 elements: overlay, popup
📐 Detecting header/footer for this page...
2026-07-01 15:30:53 | INFO | Template - Reused saved footer selector on current page
2026-07-01 15:30:53 | INFO | Header: complex complexity, 4 features
2026-07-01 15:30:53 | INFO | Footer: simple complexity, 0 features
2026-07-01 15:30:53 | INFO | Phase 2: Identifying main content area...
2026-07-01 15:30:53 | INFO | Main content: #main-content
2026-07-01 15:30:53 | INFO | Phase 3: Detecting blocks...
2026-07-01 15:30:53 | INFO | Phase 4: Capturing block screenshots...
2026-07-01 15:30:53 | INFO | Lazy-load scroll complete
2026-07-01 15:30:53 | INFO | Phase 0B: Cleaning up overlays...
2026-07-01 15:30:54 | INFO | Phase 0A: Triggering lazy-loaded content...
2026-07-01 15:30:54 | INFO | Captured 5 block screenshots
2026-07-01 15:30:54 | INFO | Detected 5 blocks
2026-07-01 15:30:54 | INFO | Generating fingerprints for template discovery...
2026-07-01 15:30:54 | INFO |    Top-section: 36 rows via title+placeholder
2026-07-01 15:30:54 | INFO |    Body start: y=900 (start row 36 via below-title+placeholder)
2026-07-01 15:30:54 | INFO | URL Pattern: /en/sustentabilidade/time-petrobras
2026-07-01 15:30:54 | INFO | Page catalog complete: /workspace/catalog/.pages/petrobras_com_br_en_sustentabilidade_time-petrobras--dd22aadb/page-catalog.json
2026-07-01 15:30:54 | INFO | SUCCESS: https://petrobras.com.br/en/sustentabilidade/time-petrobras
2026-07-01 15:30:54 | INFO | PROGRESS: 110/249 analyzed (44% checklist complete) | 110 ok, 0 failed, 0 skipped | ~47 min remaining
2026-07-01 15:30:56 | INFO | [115/249] Processing: https://petrobras.com.br/en/sustentabilidade/relatorios-anuais
2026-07-01 15:30:56 | INFO | Generated slug: petrobras_com_br_en_sustentabilidade_relatorios-anuais--4410142e
2026-07-01 15:30:56 | INFO | Starting analysis: https://petrobras.com.br/en/sustentabilidade/relatorios-anuais -> /workspace/catalog/.pages/petrobras_com_br_en_sustentabilidade_relatorios-anuais--4410142e
2026-07-01 15:30:56 | INFO | Loading: https://petrobras.com.br/en/sustentabilidade/relatorios-anuais
2026-07-01 15:30:56 | INFO |    Top-section: 17 rows via title
2026-07-01 15:30:56 | INFO |    Body start: y=425 (start row 17 via below-title)
2026-07-01 15:30:56 | INFO | URL Pattern: /en/sustentabilidade/skate
2026-07-01 15:30:56 | INFO | Page catalog complete: /workspace/catalog/.pages/petrobras_com_br_en_sustentabilidade_skate--fed9e670/page-catalog.json
2026-07-01 15:30:56 | INFO | SUCCESS: https://petrobras.com.br/en/sustentabilidade/skate
2026-07-01 15:30:57 | INFO | Lazy-load scroll complete
2026-07-01 15:30:57 | INFO | Phase 0B: Cleaning up overlays...
2026-07-01 15:30:58 | INFO | [116/249] Processing: https://petrobras.com.br/inovacao-e-tecnologia
2026-07-01 15:30:58 | INFO | Generated slug: petrobras_com_br_inovacao-e-tecnologia--70bf2304
2026-07-01 15:30:58 | INFO | Starting analysis: https://petrobras.com.br/inovacao-e-tecnologia -> /workspace/catalog/.pages/petrobras_com_br_inovacao-e-tecnologia--70bf2304
2026-07-01 15:30:58 | INFO | Loading: https://petrobras.com.br/inovacao-e-tecnologia
2026-07-01 15:31:00 | INFO | Phase 0A: Triggering lazy-loaded content...
2026-07-01 15:31:02 | INFO | Lazy-load scroll complete
2026-07-01 15:31:02 | INFO | Phase 0B: Cleaning up overlays...
2026-07-01 15:31:05 | INFO | Phase 0A: Triggering lazy-loaded content...
2026-07-01 15:31:07 | INFO | Lazy-load scroll complete
2026-07-01 15:31:07 | INFO | Phase 0B: Cleaning up overlays...
2026-07-01 15:31:38 | INFO | Removed 11 elements: overlay, popup
📐 Detecting header/footer for this page...
2026-07-01 15:31:38 | INFO | Template - Reused saved header selector on current page
2026-07-01 15:31:38 | INFO | Template - Reused saved footer selector on current page
2026-07-01 15:31:38 | INFO | Header: complex complexity, 3 features
2026-07-01 15:31:38 | INFO | Footer: simple complexity, 0 features
2026-07-01 15:31:38 | INFO | Phase 2: Identifying main content area...
2026-07-01 15:31:38 | INFO | Main content: #main-content
2026-07-01 15:31:38 | INFO | Phase 3: Detecting blocks...
2026-07-01 15:31:38 | INFO | Phase 4: Capturing block screenshots...
2026-07-01 15:31:40 | INFO | Captured 11 block screenshots
2026-07-01 15:31:40 | INFO | Detected 11 blocks
2026-07-01 15:31:40 | INFO | Generating fingerprints for template discovery...
2026-07-01 15:31:42 | INFO |    Top-section: 23 rows via title+placeholder
2026-07-01 15:31:42 | INFO |    Body start: y=575 (start row 23 via below-title+placeholder)
2026-07-01 15:31:42 | INFO | URL Pattern: /inovacao-e-tecnologia
2026-07-01 15:31:42 | INFO | Page catalog complete: /workspace/catalog/.pages/petrobras_com_br_inovacao-e-tecnologia--70bf2304/page-catalog.json
2026-07-01 15:31:42 | INFO | SUCCESS: https://petrobras.com.br/inovacao-e-tecnologia
2026-07-01 15:31:44 | INFO | [117/249] Processing: https://petrobras.com.br/inovacao-e-tecnologia/centro-de-pesquisa
2026-07-01 15:31:44 | INFO | Generated slug: petrobras_com_br_inovacao-e-tecnologia_centro-de-pesquisa--29a72b71
2026-07-01 15:31:44 | INFO | Starting analysis: https://petrobras.com.br/inovacao-e-tecnologia/centro-de-pesquisa -> /workspace/catalog/.pages/petrobras_com_br_inovacao-e-tecnologia_centro-de-pesquisa--29a72b71
2026-07-01 15:31:44 | INFO | Loading: https://petrobras.com.br/inovacao-e-tecnologia/centro-de-pesquisa
2026-07-01 15:31:48 | INFO | Phase 0A: Triggering lazy-loaded content...
2026-07-01 15:31:50 | INFO | Lazy-load scroll complete
2026-07-01 15:31:50 | INFO | Phase 0B: Cleaning up overlays...
2026-07-01 15:31:52 | INFO | Removed 8 elements: overlay, popup
📐 Detecting header/footer for this page...
2026-07-01 15:31:52 | INFO | Template - Reused saved footer selector on current page
2026-07-01 15:31:52 | INFO | Header: complex complexity, 4 features
2026-07-01 15:31:52 | INFO | Footer: simple complexity, 0 features
2026-07-01 15:31:52 | INFO | Phase 2: Identifying main content area...
2026-07-01 15:31:52 | INFO | Main content: #main-content
2026-07-01 15:31:52 | INFO | Phase 3: Detecting blocks...
2026-07-01 15:31:52 | INFO | Phase 4: Capturing block screenshots...
2026-07-01 15:31:54 | INFO | Captured 11 block screenshots
2026-07-01 15:31:54 | INFO | Detected 11 blocks
2026-07-01 15:31:54 | INFO | Generating fingerprints for template discovery...
2026-07-01 15:31:56 | INFO |    Top-section: 17 rows via title
2026-07-01 15:31:56 | INFO |    Body start: y=425 (start row 17 via below-title)
2026-07-01 15:31:56 | INFO | URL Pattern: /en/sustentabilidade/eventos
2026-07-01 15:31:56 | INFO | Page catalog complete: /workspace/catalog/.pages/petrobras_com_br_en_sustentabilidade_eventos--4f713a52/page-catalog.json
2026-07-01 15:31:56 | INFO | SUCCESS: https://petrobras.com.br/en/sustentabilidade/eventos
2026-07-01 15:31:58 | INFO | [118/249] Processing: https://petrobras.com.br/inovacao-e-tecnologia/patentes
2026-07-01 15:31:58 | INFO | Generated slug: petrobras_com_br_inovacao-e-tecnologia_patentes--492a92be
2026-07-01 15:31:58 | INFO | Starting analysis: https://petrobras.com.br/inovacao-e-tecnologia/patentes -> /workspace/catalog/.pages/petrobras_com_br_inovacao-e-tecnologia_patentes--492a92be
2026-07-01 15:31:58 | INFO | Loading: https://petrobras.com.br/inovacao-e-tecnologia/patentes
2026-07-01 15:32:02 | INFO | Phase 0A: Triggering lazy-loaded content...
2026-07-01 15:32:04 | INFO | Lazy-load scroll complete
2026-07-01 15:32:04 | INFO | Phase 0B: Cleaning up overlays...
2026-07-01 15:32:22 | INFO | Removed 7 elements: overlay, popup
📐 Detecting header/footer for this page...
2026-07-01 15:32:22 | INFO | Template - Reused saved footer selector on current page
2026-07-01 15:32:22 | INFO | Header: complex complexity, 4 features
2026-07-01 15:32:22 | INFO | Footer: simple complexity, 0 features
2026-07-01 15:32:22 | INFO | Phase 2: Identifying main content area...
2026-07-01 15:32:22 | INFO | Main content: #main-content
2026-07-01 15:32:22 | INFO | Phase 3: Detecting blocks...
2026-07-01 15:32:22 | INFO | Phase 4: Capturing block screenshots...
2026-07-01 15:32:24 | INFO | Captured 15 block screenshots
2026-07-01 15:32:24 | INFO | Detected 15 blocks
2026-07-01 15:32:24 | INFO | Generating fingerprints for template discovery...
2026-07-01 15:32:25 | INFO | Removed 11 elements: overlay, popup
📐 Detecting header/footer for this page...
2026-07-01 15:32:25 | INFO | Template - Reused saved footer selector on current page
2026-07-01 15:32:25 | INFO | Header: complex complexity, 4 features
2026-07-01 15:32:25 | INFO | Footer: simple complexity, 0 features
2026-07-01 15:32:25 | INFO | Phase 2: Identifying main content area...
2026-07-01 15:32:25 | INFO | Main content: #main-content
2026-07-01 15:32:25 | INFO | Phase 3: Detecting blocks...
2026-07-01 15:32:25 | INFO | Phase 4: Capturing block screenshots...
2026-07-01 15:32:26 | INFO | Captured 8 block screenshots
2026-07-01 15:32:26 | INFO | Detected 8 blocks
2026-07-01 15:32:26 | INFO | Generating fingerprints for template discovery...
2026-07-01 15:32:26 | INFO |    Top-section: 20 rows via title+container
2026-07-01 15:32:26 | INFO |    Body start: y=500 (start row 20 via below-title+container)
2026-07-01 15:32:26 | INFO | URL Pattern: /inovacao-e-tecnologia/centro-de-pesquisa
2026-07-01 15:32:26 | INFO | Page catalog complete: /workspace/catalog/.pages/petrobras_com_br_inovacao-e-tecnologia_centro-de-pesquisa--29a72b71/page-catalog.json
2026-07-01 15:32:26 | INFO | SUCCESS: https://petrobras.com.br/inovacao-e-tecnologia/centro-de-pesquisa
2026-07-01 15:32:28 | INFO | [119/249] Processing: https://petrobras.com.br/inovacao-e-tecnologia/inovacao-aberta
2026-07-01 15:32:28 | INFO | Generated slug: petrobras_com_br_inovacao-e-tecnologia_inovacao-aberta--a4d3fd4e
2026-07-01 15:32:28 | INFO | Starting analysis: https://petrobras.com.br/inovacao-e-tecnologia/inovacao-aberta -> /workspace/catalog/.pages/petrobras_com_br_inovacao-e-tecnologia_inovacao-aberta--a4d3fd4e
2026-07-01 15:32:28 | INFO | Loading: https://petrobras.com.br/inovacao-e-tecnologia/inovacao-aberta
2026-07-01 15:32:28 | INFO |    Top-section: 15 rows via title
2026-07-01 15:32:28 | INFO |    Body start: y=375 (start row 15 via below-title)
2026-07-01 15:32:28 | INFO | URL Pattern: /en/sustentabilidade/cinema
2026-07-01 15:32:28 | INFO | Page catalog complete: /workspace/catalog/.pages/petrobras_com_br_en_sustentabilidade_cinema--9f0a084f/page-catalog.json
2026-07-01 15:32:28 | INFO | SUCCESS: https://petrobras.com.br/en/sustentabilidade/cinema
2026-07-01 15:32:28 | INFO | PROGRESS: 115/249 analyzed (46% checklist complete) | 115 ok, 0 failed, 0 skipped | ~45 min remaining
2026-07-01 15:32:29 | INFO | Removed 5 elements: overlay, popup
📐 Detecting header/footer for this page...
2026-07-01 15:32:29 | INFO | Template - Reused saved header selector on current page
2026-07-01 15:32:29 | INFO | Template - Reused saved footer selector on current page
2026-07-01 15:32:29 | INFO | Header: complex complexity, 3 features
2026-07-01 15:32:29 | INFO | Footer: simple complexity, 0 features
2026-07-01 15:32:29 | INFO | Phase 2: Identifying main content area...
2026-07-01 15:32:29 | INFO | Main content: #main-content
2026-07-01 15:32:29 | INFO | Phase 3: Detecting blocks...
2026-07-01 15:32:29 | INFO | Phase 4: Capturing block screenshots...
2026-07-01 15:32:30 | INFO | [120/249] Processing: https://petrobras.com.br/negocios
2026-07-01 15:32:30 | INFO | Generated slug: petrobras_com_br_negocios--0a8ec899
2026-07-01 15:32:30 | INFO | Starting analysis: https://petrobras.com.br/negocios -> /workspace/catalog/.pages/petrobras_com_br_negocios--0a8ec899
2026-07-01 15:32:30 | INFO | Loading: https://petrobras.com.br/negocios
2026-07-01 15:32:31 | INFO | Captured 20 block screenshots
2026-07-01 15:32:31 | INFO | Detected 20 blocks
2026-07-01 15:32:31 | INFO | Generating fingerprints for template discovery...
2026-07-01 15:32:31 | INFO | Phase 0A: Triggering lazy-loaded content...
2026-07-01 15:32:34 | INFO | Removed 5 elements: overlay, popup
📐 Detecting header/footer for this page...
2026-07-01 15:32:34 | INFO |    Top-section: 18 rows via title+container
2026-07-01 15:32:34 | INFO |    Body start: y=450 (start row 18 via below-title+container)
2026-07-01 15:32:34 | INFO | URL Pattern: /en/sustentabilidade/governanca-corporativa
2026-07-01 15:32:34 | INFO | Page catalog complete: /workspace/catalog/.pages/petrobras_com_br_en_sustentabilidade_governanca-corporativa--d897a718/page-catalog.json
2026-07-01 15:32:34 | INFO | SUCCESS: https://petrobras.com.br/en/sustentabilidade/governanca-corporativa
2026-07-01 15:32:34 | INFO | Template - Reused saved footer selector on current page
2026-07-01 15:32:34 | INFO | Header: complex complexity, 4 features
2026-07-01 15:32:34 | INFO | Footer: simple complexity, 0 features
2026-07-01 15:32:34 | INFO | Phase 2: Identifying main content area...
2026-07-01 15:32:34 | INFO | Main content: #main-content
2026-07-01 15:32:34 | INFO | Phase 3: Detecting blocks...
2026-07-01 15:32:34 | INFO | Phase 4: Capturing block screenshots...
2026-07-01 15:32:34 | INFO | Phase 0A: Triggering lazy-loaded content...
2026-07-01 15:32:34 | INFO | Lazy-load scroll complete
2026-07-01 15:32:34 | INFO | Phase 0B: Cleaning up overlays...
2026-07-01 15:32:35 | INFO | Captured 8 block screenshots
2026-07-01 15:32:35 | INFO | Detected 8 blocks
2026-07-01 15:32:35 | INFO | Generating fingerprints for template discovery...
2026-07-01 15:32:35 | INFO | [121/249] Processing: https://petrobras.com.br/negocios/oferta-processamento-de-gas
2026-07-01 15:32:35 | INFO | Generated slug: petrobras_com_br_negocios_oferta-processamento-de-gas--0a7a82bd
2026-07-01 15:32:35 | INFO | Starting analysis: https://petrobras.com.br/negocios/oferta-processamento-de-gas -> /workspace/catalog/.pages/petrobras_com_br_negocios_oferta-processamento-de-gas--0a7a82bd
2026-07-01 15:32:35 | INFO | Loading: https://petrobras.com.br/negocios/oferta-processamento-de-gas
2026-07-01 15:32:35 | INFO | Removed 5 elements: overlay, popup
📐 Detecting header/footer for this page...
2026-07-01 15:32:35 | INFO | Template - Reused saved footer selector on current page
2026-07-01 15:32:35 | INFO | Header: complex complexity, 4 features
2026-07-01 15:32:35 | INFO | Footer: simple complexity, 0 features
2026-07-01 15:32:35 | INFO | Phase 2: Identifying main content area...
2026-07-01 15:32:35 | INFO | Main content: #main-content
2026-07-01 15:32:36 | INFO | Phase 3: Detecting blocks...
2026-07-01 15:32:36 | WARNING | Blocks - 50% of blocks are unknown - site uses non-EDS patterns
2026-07-01 15:32:36 | INFO | Phase 4: Capturing block screenshots...
2026-07-01 15:32:36 | INFO | Lazy-load scroll complete
2026-07-01 15:32:36 | INFO | Phase 0B: Cleaning up overlays...
2026-07-01 15:32:37 | INFO | Captured 14 block screenshots
2026-07-01 15:32:37 | INFO | Detected 14 blocks
2026-07-01 15:32:37 | INFO | Generating fingerprints for template discovery...
2026-07-01 15:32:37 | INFO |    Top-section: 15 rows via title
2026-07-01 15:32:37 | INFO |    Body start: y=375 (start row 15 via below-title)
2026-07-01 15:32:37 | INFO | URL Pattern: /en/sustentabilidade/relatorios-anuais
2026-07-01 15:32:37 | INFO | Page catalog complete: /workspace/catalog/.pages/petrobras_com_br_en_sustentabilidade_relatorios-anuais--4410142e/page-catalog.json
2026-07-01 15:32:37 | INFO | SUCCESS: https://petrobras.com.br/en/sustentabilidade/relatorios-anuais
2026-07-01 15:32:39 | INFO | Phase 0A: Triggering lazy-loaded content...
2026-07-01 15:32:39 | INFO | [122/249] Processing: https://petrobras.com.br/negocios/oferta-escoamento-de-gas
2026-07-01 15:32:39 | INFO | Generated slug: petrobras_com_br_negocios_oferta-escoamento-de-gas--ad599604
2026-07-01 15:32:39 | INFO | Starting analysis: https://petrobras.com.br/negocios/oferta-escoamento-de-gas -> /workspace/catalog/.pages/petrobras_com_br_negocios_oferta-escoamento-de-gas--ad599604
2026-07-01 15:32:39 | INFO | Loading: https://petrobras.com.br/negocios/oferta-escoamento-de-gas
2026-07-01 15:32:40 | INFO |    Top-section: 20 rows via title+container
2026-07-01 15:32:40 | INFO |    Body start: y=500 (start row 20 via below-title+container)
2026-07-01 15:32:40 | INFO | URL Pattern: /inovacao-e-tecnologia/patentes
2026-07-01 15:32:40 | INFO | Page catalog complete: /workspace/catalog/.pages/petrobras_com_br_inovacao-e-tecnologia_patentes--492a92be/page-catalog.json
2026-07-01 15:32:40 | INFO | SUCCESS: https://petrobras.com.br/inovacao-e-tecnologia/patentes
2026-07-01 15:32:41 | INFO | Lazy-load scroll complete
2026-07-01 15:32:41 | INFO | Phase 0B: Cleaning up overlays...
2026-07-01 15:32:41 | INFO | [123/249] Processing: https://petrobras.com.br/negocios/oferta-de-regaseificacao-de-gas
2026-07-01 15:32:41 | INFO | Generated slug: petrobras_com_br_negocios_oferta-de-regaseificacao-de-gas--58ca71ce
2026-07-01 15:32:41 | INFO | Starting analysis: https://petrobras.com.br/negocios/oferta-de-regaseificacao-de-gas -> /workspace/catalog/.pages/petrobras_com_br_negocios_oferta-de-regaseificacao-de-gas--58ca71ce
2026-07-01 15:32:41 | INFO | Loading: https://petrobras.com.br/negocios/oferta-de-regaseificacao-de-gas
2026-07-01 15:32:43 | INFO | Phase 0A: Triggering lazy-loaded content...
2026-07-01 15:32:45 | INFO | Lazy-load scroll complete
2026-07-01 15:32:45 | INFO | Phase 0B: Cleaning up overlays...
2026-07-01 15:32:46 | INFO | Phase 0A: Triggering lazy-loaded content...
2026-07-01 15:32:48 | INFO | Lazy-load scroll complete
2026-07-01 15:32:48 | INFO | Phase 0B: Cleaning up overlays...
2026-07-01 15:33:06 | INFO | Removed 5 elements: overlay, popup
📐 Detecting header/footer for this page...
2026-07-01 15:33:06 | INFO | Template - Reused saved header selector on current page
2026-07-01 15:33:06 | INFO | Template - Reused saved footer selector on current page
2026-07-01 15:33:06 | INFO | Header: complex complexity, 3 features
2026-07-01 15:33:06 | INFO | Footer: simple complexity, 0 features
2026-07-01 15:33:06 | INFO | Phase 2: Identifying main content area...
2026-07-01 15:33:06 | INFO | Main content: #main-content
2026-07-01 15:33:06 | INFO | Phase 3: Detecting blocks...
2026-07-01 15:33:06 | INFO | Phase 4: Capturing block screenshots...
2026-07-01 15:33:07 | INFO | Removed 5 elements: overlay, popup
📐 Detecting header/footer for this page...
2026-07-01 15:33:07 | INFO | Template - Reused saved footer selector on current page
2026-07-01 15:33:07 | INFO | Header: complex complexity, 4 features
2026-07-01 15:33:07 | INFO | Footer: simple complexity, 0 features
2026-07-01 15:33:07 | INFO | Phase 2: Identifying main content area...
2026-07-01 15:33:07 | INFO | Main content: #main-content
2026-07-01 15:33:08 | INFO | Phase 3: Detecting blocks...
2026-07-01 15:33:08 | INFO | Phase 4: Capturing block screenshots...
2026-07-01 15:33:08 | INFO | Captured 17 block screenshots
2026-07-01 15:33:08 | INFO | Detected 17 blocks
2026-07-01 15:33:08 | INFO | Generating fingerprints for template discovery...
2026-07-01 15:33:09 | INFO | Captured 11 block screenshots
2026-07-01 15:33:09 | INFO | Detected 11 blocks
2026-07-01 15:33:09 | INFO | Generating fingerprints for template discovery...
2026-07-01 15:33:10 | INFO |    Top-section: 31 rows via title+placeholder
2026-07-01 15:33:10 | INFO |    Body start: y=775 (start row 31 via below-title+placeholder)
2026-07-01 15:33:10 | INFO | URL Pattern: /inovacao-e-tecnologia/inovacao-aberta
2026-07-01 15:33:10 | INFO | Page catalog complete: /workspace/catalog/.pages/petrobras_com_br_inovacao-e-tecnologia_inovacao-aberta--a4d3fd4e/page-catalog.json
2026-07-01 15:33:10 | INFO | SUCCESS: https://petrobras.com.br/inovacao-e-tecnologia/inovacao-aberta
2026-07-01 15:33:11 | INFO |    Top-section: 16 rows via title
2026-07-01 15:33:11 | INFO |    Body start: y=400 (start row 16 via below-title)
2026-07-01 15:33:11 | INFO | URL Pattern: /negocios
2026-07-01 15:33:11 | INFO | Page catalog complete: /workspace/catalog/.pages/petrobras_com_br_negocios--0a8ec899/page-catalog.json
2026-07-01 15:33:11 | INFO | SUCCESS: https://petrobras.com.br/negocios
2026-07-01 15:33:11 | INFO | PROGRESS: 120/249 analyzed (48% checklist complete) | 120 ok, 0 failed, 0 skipped | ~42 min remaining
2026-07-01 15:33:12 | INFO | [124/249] Processing: https://petrobras.com.br/privacidade-protecao-de-dados
2026-07-01 15:33:12 | INFO | Generated slug: petrobras_com_br_privacidade-protecao-de-dados--6ca8e6a9
2026-07-01 15:33:12 | INFO | Starting analysis: https://petrobras.com.br/privacidade-protecao-de-dados -> /workspace/catalog/.pages/petrobras_com_br_privacidade-protecao-de-dados--6ca8e6a9
2026-07-01 15:33:12 | INFO | Loading: https://petrobras.com.br/privacidade-protecao-de-dados
2026-07-01 15:33:13 | INFO | Removed 5 elements: overlay, popup
📐 Detecting header/footer for this page...
2026-07-01 15:33:13 | INFO | Template - Reused saved footer selector on current page
2026-07-01 15:33:13 | INFO | Header: complex complexity, 4 features
2026-07-01 15:33:13 | INFO | Footer: simple complexity, 0 features
2026-07-01 15:33:13 | INFO | Phase 2: Identifying main content area...
2026-07-01 15:33:13 | INFO | Main content: #main-content
2026-07-01 15:33:13 | INFO | Phase 3: Detecting blocks...
2026-07-01 15:33:13 | INFO | Phase 4: Capturing block screenshots...
2026-07-01 15:33:13 | INFO | [125/249] Processing: https://petrobras.com.br/privacidade-protecao-de-dados/cliente-fornecedor-consumidor-concorrente
2026-07-01 15:33:13 | INFO | Generated slug: petrobras_com_br_privacidade-protecao-de-dados_cliente-fornecedor-consumidor-concorrente--c29688c9
2026-07-01 15:33:13 | INFO | Starting analysis: https://petrobras.com.br/privacidade-protecao-de-dados/cliente-fornecedor-consumidor-concorrente -> /workspace/catalog/.pages/petrobras_com_br_privacidade-protecao-de-dados_cliente-fornecedor-consumidor-concorrente--c29688c9
2026-07-01 15:33:13 | INFO | Loading: https://petrobras.com.br/privacidade-protecao-de-dados/cliente-fornecedor-consumidor-concorrente
2026-07-01 15:33:14 | INFO | Captured 12 block screenshots
2026-07-01 15:33:14 | INFO | Detected 12 blocks
2026-07-01 15:33:14 | INFO | Generating fingerprints for template discovery...
2026-07-01 15:33:15 | INFO | Phase 0A: Triggering lazy-loaded content...
2026-07-01 15:33:16 | INFO | Phase 0A: Triggering lazy-loaded content...
2026-07-01 15:33:17 | INFO | Removed 5 elements: overlay, popup
📐 Detecting header/footer for this page...
2026-07-01 15:33:17 | INFO | Template - Reused saved footer selector on current page
2026-07-01 15:33:17 | INFO | Header: complex complexity, 4 features
2026-07-01 15:33:17 | INFO | Footer: simple complexity, 0 features
2026-07-01 15:33:17 | INFO | Phase 2: Identifying main content area...
2026-07-01 15:33:17 | INFO | Main content: #main-content
2026-07-01 15:33:17 | INFO |    Top-section: 15 rows via title
2026-07-01 15:33:17 | INFO |    Body start: y=375 (start row 15 via below-title)
2026-07-01 15:33:17 | INFO | URL Pattern: /negocios/oferta-processamento-de-gas
2026-07-01 15:33:17 | INFO | Page catalog complete: /workspace/catalog/.pages/petrobras_com_br_negocios_oferta-processamento-de-gas--0a7a82bd/page-catalog.json
2026-07-01 15:33:17 | INFO | SUCCESS: https://petrobras.com.br/negocios/oferta-processamento-de-gas
2026-07-01 15:33:17 | INFO | Phase 3: Detecting blocks...
2026-07-01 15:33:17 | INFO | Phase 4: Capturing block screenshots...
2026-07-01 15:33:17 | INFO | Lazy-load scroll complete
2026-07-01 15:33:17 | INFO | Phase 0B: Cleaning up overlays...
2026-07-01 15:33:18 | INFO | Lazy-load scroll complete
2026-07-01 15:33:18 | INFO | Phase 0B: Cleaning up overlays...
2026-07-01 15:33:18 | INFO | [126/249] Processing: https://petrobras.com.br/privacidade-protecao-de-dados/comunidades-em-area-de-abrangencia-comunidade-cientifica-e-de-inovacao-organizacoes-da-sociedade-civil-e-entidades-de-classe
2026-07-01 15:33:18 | INFO | Generated slug: petrobras_com_br_privacidade-protecao-de-dados_comunidades-em-area-de-abrangencia-comunidade-cientifica-e-de-inovacao-organizacoes-da-sociedade-civil-e-entidades-de-classe--d3d4f1ed
2026-07-01 15:33:18 | INFO | Starting analysis: https://petrobras.com.br/privacidade-protecao-de-dados/comunidades-em-area-de-abrangencia-comunidade-cientifica-e-de-inovacao-organizacoes-da-sociedade-civil-e-entidades-de-classe -> /workspace/catalog/.pages/petrobras_com_br_privacidade-protecao-de-dados_comunidades-em-area-de-abrangencia-comunidade-cientifica-e-de-inovacao-organizacoes-da-sociedade-civil-e-entidades-de-classe--d3d4f1ed
2026-07-01 15:33:18 | INFO | Captured 8 block screenshots
2026-07-01 15:33:18 | INFO | Detected 8 blocks
2026-07-01 15:33:18 | INFO | Generating fingerprints for template discovery...
2026-07-01 15:33:18 | INFO | Loading: https://petrobras.com.br/privacidade-protecao-de-dados/comunidades-em-area-de-abrangencia-comunidade-cientifica-e-de-inovacao-organizacoes-da-sociedade-civil-e-entidades-de-classe
2026-07-01 15:33:19 | INFO | Removed 14 elements: overlay, popup
📐 Detecting header/footer for this page...
2026-07-01 15:33:19 | INFO | Template - Reused saved footer selector on current page
2026-07-01 15:33:19 | INFO | Header: complex complexity, 4 features
2026-07-01 15:33:19 | INFO | Footer: simple complexity, 0 features
2026-07-01 15:33:19 | INFO | Phase 2: Identifying main content area...
2026-07-01 15:33:19 | INFO | Main content: #main-content
2026-07-01 15:33:19 | INFO | Phase 3: Detecting blocks...
2026-07-01 15:33:19 | INFO | Phase 4: Capturing block screenshots...
2026-07-01 15:33:21 | INFO | Captured 11 block screenshots
2026-07-01 15:33:21 | INFO | Detected 11 blocks
2026-07-01 15:33:21 | INFO | Generating fingerprints for template discovery...
2026-07-01 15:33:21 | INFO |    Top-section: 17 rows via title
2026-07-01 15:33:21 | INFO |    Body start: y=425 (start row 17 via below-title)
2026-07-01 15:33:21 | INFO | URL Pattern: /negocios/oferta-escoamento-de-gas
2026-07-01 15:33:21 | INFO | Page catalog complete: /workspace/catalog/.pages/petrobras_com_br_negocios_oferta-escoamento-de-gas--ad599604/page-catalog.json
2026-07-01 15:33:21 | INFO | SUCCESS: https://petrobras.com.br/negocios/oferta-escoamento-de-gas
2026-07-01 15:33:22 | INFO | Phase 0A: Triggering lazy-loaded content...
2026-07-01 15:33:22 | INFO | [127/249] Processing: https://petrobras.com.br/privacidade-protecao-de-dados/midia-investidor-parceiro-de-negocios-poder-publico
2026-07-01 15:33:22 | INFO | Generated slug: petrobras_com_br_privacidade-protecao-de-dados_midia-investidor-parceiro-de-negocios-poder-publico--fc709543
2026-07-01 15:33:22 | INFO | Starting analysis: https://petrobras.com.br/privacidade-protecao-de-dados/midia-investidor-parceiro-de-negocios-poder-publico -> /workspace/catalog/.pages/petrobras_com_br_privacidade-protecao-de-dados_midia-investidor-parceiro-de-negocios-poder-publico--fc709543
2026-07-01 15:33:22 | INFO | Loading: https://petrobras.com.br/privacidade-protecao-de-dados/midia-investidor-parceiro-de-negocios-poder-publico
2026-07-01 15:33:23 | INFO |    Top-section: 15 rows via title
2026-07-01 15:33:23 | INFO |    Body start: y=375 (start row 15 via below-title)
2026-07-01 15:33:23 | INFO | URL Pattern: /negocios/oferta-de-regaseificacao-de-gas
2026-07-01 15:33:23 | INFO | Page catalog complete: /workspace/catalog/.pages/petrobras_com_br_negocios_oferta-de-regaseificacao-de-gas--58ca71ce/page-catalog.json
2026-07-01 15:33:23 | INFO | SUCCESS: https://petrobras.com.br/negocios/oferta-de-regaseificacao-de-gas
2026-07-01 15:33:23 | INFO | Lazy-load scroll complete
2026-07-01 15:33:23 | INFO | Phase 0B: Cleaning up overlays...
2026-07-01 15:33:25 | INFO | [128/249] Processing: https://petrobras.com.br/privacidade-protecao-de-dados/candidato-em-concurso-publico
2026-07-01 15:33:25 | INFO | Generated slug: petrobras_com_br_privacidade-protecao-de-dados_candidato-em-concurso-publico--02db0876
2026-07-01 15:33:25 | INFO | Starting analysis: https://petrobras.com.br/privacidade-protecao-de-dados/candidato-em-concurso-publico -> /workspace/catalog/.pages/petrobras_com_br_privacidade-protecao-de-dados_candidato-em-concurso-publico--02db0876
2026-07-01 15:33:25 | INFO | Loading: https://petrobras.com.br/privacidade-protecao-de-dados/candidato-em-concurso-publico
2026-07-01 15:33:26 | INFO | Phase 0A: Triggering lazy-loaded content...
2026-07-01 15:33:28 | INFO | Lazy-load scroll complete
2026-07-01 15:33:28 | INFO | Phase 0B: Cleaning up overlays...
2026-07-01 15:33:28 | INFO | Phase 0A: Triggering lazy-loaded content...
2026-07-01 15:33:30 | INFO | Lazy-load scroll complete
2026-07-01 15:33:30 | INFO | Phase 0B: Cleaning up overlays...
2026-07-01 15:33:49 | INFO | Removed 5 elements: overlay, popup
📐 Detecting header/footer for this page...
2026-07-01 15:33:49 | INFO | Template - Reused saved footer selector on current page
2026-07-01 15:33:49 | INFO | Header: complex complexity, 4 features
2026-07-01 15:33:49 | INFO | Footer: simple complexity, 0 features
2026-07-01 15:33:49 | INFO | Phase 2: Identifying main content area...
2026-07-01 15:33:49 | INFO | Main content: #main-content
2026-07-01 15:33:49 | INFO | Phase 3: Detecting blocks...
2026-07-01 15:33:49 | INFO | Phase 4: Capturing block screenshots...
2026-07-01 15:33:49 | INFO | Removed 5 elements: overlay, popup
📐 Detecting header/footer for this page...
2026-07-01 15:33:49 | INFO | Template - Reused saved footer selector on current page
2026-07-01 15:33:49 | INFO | Header: complex complexity, 4 features
2026-07-01 15:33:49 | INFO | Footer: simple complexity, 0 features
2026-07-01 15:33:49 | INFO | Phase 2: Identifying main content area...
2026-07-01 15:33:49 | INFO | Main content: #main-content
2026-07-01 15:33:49 | INFO | Phase 3: Detecting blocks...
2026-07-01 15:33:49 | INFO | Phase 4: Capturing block screenshots...
2026-07-01 15:33:50 | INFO | Captured 6 block screenshots
2026-07-01 15:33:50 | INFO | Detected 6 blocks
2026-07-01 15:33:50 | INFO | Generating fingerprints for template discovery...
2026-07-01 15:33:50 | INFO | Captured 3 block screenshots
2026-07-01 15:33:50 | INFO | Detected 3 blocks
2026-07-01 15:33:50 | INFO | Generating fingerprints for template discovery...
2026-07-01 15:33:52 | INFO |    Top-section: 15 rows via title+container
2026-07-01 15:33:52 | INFO |    Body start: y=375 (start row 15 via below-title+container)
2026-07-01 15:33:52 | INFO | URL Pattern: /privacidade-protecao-de-dados/cliente-fornecedor-consumidor-concorrente
2026-07-01 15:33:52 | INFO | Page catalog complete: /workspace/catalog/.pages/petrobras_com_br_privacidade-protecao-de-dados_cliente-fornecedor-consumidor-concorrente--c29688c9/page-catalog.json
2026-07-01 15:33:52 | INFO | SUCCESS: https://petrobras.com.br/privacidade-protecao-de-dados/cliente-fornecedor-consumidor-concorrente
2026-07-01 15:33:53 | INFO |    Top-section: 16 rows via title+container
2026-07-01 15:33:53 | INFO |    Body start: y=400 (start row 16 via below-title+container)
2026-07-01 15:33:53 | INFO | URL Pattern: /privacidade-protecao-de-dados
2026-07-01 15:33:53 | INFO | Page catalog complete: /workspace/catalog/.pages/petrobras_com_br_privacidade-protecao-de-dados--6ca8e6a9/page-catalog.json
2026-07-01 15:33:53 | INFO | SUCCESS: https://petrobras.com.br/privacidade-protecao-de-dados
2026-07-01 15:33:53 | INFO | PROGRESS: 125/249 analyzed (50% checklist complete) | 125 ok, 0 failed, 0 skipped | ~40 min remaining
2026-07-01 15:33:54 | INFO | [129/249] Processing: https://petrobras.com.br/privacidade-protecao-de-dados/demais-publico
2026-07-01 15:33:54 | INFO | Generated slug: petrobras_com_br_privacidade-protecao-de-dados_demais-publico--bfba5b1b
2026-07-01 15:33:54 | INFO | Starting analysis: https://petrobras.com.br/privacidade-protecao-de-dados/demais-publico -> /workspace/catalog/.pages/petrobras_com_br_privacidade-protecao-de-dados_demais-publico--bfba5b1b
2026-07-01 15:33:54 | INFO | [130/249] Processing: https://petrobras.com.br/privacidade-protecao-de-dados/publico-interno-atual-empregado-atual-empregado-de-prestador-de-servico-aposentado-outros
2026-07-01 15:33:54 | INFO | Generated slug: petrobras_com_br_privacidade-protecao-de-dados_publico-interno-atual-empregado-atual-empregado-de-prestador-de-servico-aposentado-outros--0e933ad3
2026-07-01 15:33:54 | INFO | Starting analysis: https://petrobras.com.br/privacidade-protecao-de-dados/publico-interno-atual-empregado-atual-empregado-de-prestador-de-servico-aposentado-outros -> /workspace/catalog/.pages/petrobras_com_br_privacidade-protecao-de-dados_publico-interno-atual-empregado-atual-empregado-de-prestador-de-servico-aposentado-outros--0e933ad3
2026-07-01 15:33:54 | INFO | Loading: https://petrobras.com.br/privacidade-protecao-de-dados/demais-publico
2026-07-01 15:33:54 | INFO | Loading: https://petrobras.com.br/privacidade-protecao-de-dados/publico-interno-atual-empregado-atual-empregado-de-prestador-de-servico-aposentado-outros
2026-07-01 15:33:55 | INFO | Removed 5 elements: overlay, popup
📐 Detecting header/footer for this page...
2026-07-01 15:33:55 | INFO | Template - Reused saved footer selector on current page
2026-07-01 15:33:55 | INFO | Header: complex complexity, 4 features
2026-07-01 15:33:55 | INFO | Footer: simple complexity, 0 features
2026-07-01 15:33:55 | INFO | Phase 2: Identifying main content area...
2026-07-01 15:33:55 | INFO | Main content: #main-content
2026-07-01 15:33:55 | INFO | Phase 3: Detecting blocks...
2026-07-01 15:33:55 | INFO | Phase 4: Capturing block screenshots...
2026-07-01 15:33:56 | INFO | Captured 3 block screenshots
2026-07-01 15:33:56 | INFO | Detected 3 blocks
2026-07-01 15:33:56 | INFO | Generating fingerprints for template discovery...
2026-07-01 15:33:57 | INFO | Phase 0A: Triggering lazy-loaded content...
2026-07-01 15:33:58 | INFO | Phase 0A: Triggering lazy-loaded content...
2026-07-01 15:33:58 | INFO |    Top-section: 19 rows via title+container
2026-07-01 15:33:58 | INFO |    Body start: y=475 (start row 19 via below-title+container)
2026-07-01 15:33:58 | INFO | URL Pattern: /privacidade-protecao-de-dados/comunidades-em-area-de-abrangencia-comunidade-cientifica-e-de-inovacao-organizacoes-da-sociedade-civil-e-entidades-de-classe
2026-07-01 15:33:58 | INFO | Page catalog complete: /workspace/catalog/.pages/petrobras_com_br_privacidade-protecao-de-dados_comunidades-em-area-de-abrangencia-comunidade-cientifica-e-de-inovacao-organizacoes-da-sociedade-civil-e-entidades-de-classe--d3d4f1ed/page-catalog.json
2026-07-01 15:33:58 | INFO | SUCCESS: https://petrobras.com.br/privacidade-protecao-de-dados/comunidades-em-area-de-abrangencia-comunidade-cientifica-e-de-inovacao-organizacoes-da-sociedade-civil-e-entidades-de-classe
2026-07-01 15:33:59 | INFO | Removed 5 elements: overlay, popup
📐 Detecting header/footer for this page...
2026-07-01 15:33:59 | INFO | Template - Reused saved footer selector on current page
2026-07-01 15:33:59 | INFO | Header: complex complexity, 4 features
2026-07-01 15:33:59 | INFO | Footer: simple complexity, 0 features
2026-07-01 15:33:59 | INFO | Phase 2: Identifying main content area...
2026-07-01 15:33:59 | INFO | Main content: #main-content
2026-07-01 15:33:59 | INFO | Phase 3: Detecting blocks...
2026-07-01 15:33:59 | INFO | Lazy-load scroll complete
2026-07-01 15:33:59 | INFO | Phase 0B: Cleaning up overlays...
2026-07-01 15:33:59 | INFO | Phase 4: Capturing block screenshots...
2026-07-01 15:33:59 | INFO | Lazy-load scroll complete
2026-07-01 15:33:59 | INFO | Phase 0B: Cleaning up overlays...
2026-07-01 15:33:59 | INFO | [131/249] Processing: https://petrobras.com.br/quem-somos/perfil
2026-07-01 15:33:59 | INFO | Generated slug: petrobras_com_br_quem-somos_perfil--b7731683
2026-07-01 15:33:59 | INFO | Starting analysis: https://petrobras.com.br/quem-somos/perfil -> /workspace/catalog/.pages/petrobras_com_br_quem-somos_perfil--b7731683
2026-07-01 15:33:59 | INFO | Loading: https://petrobras.com.br/quem-somos/perfil
2026-07-01 15:34:00 | INFO | Captured 3 block screenshots
2026-07-01 15:34:00 | INFO | Detected 3 blocks
2026-07-01 15:34:00 | INFO | Generating fingerprints for template discovery...
2026-07-01 15:34:01 | INFO | Removed 5 elements: overlay, popup
📐 Detecting header/footer for this page...
2026-07-01 15:34:01 | INFO | Template - Reused saved footer selector on current page
2026-07-01 15:34:01 | INFO | Header: complex complexity, 4 features
2026-07-01 15:34:01 | INFO | Footer: simple complexity, 0 features
2026-07-01 15:34:01 | INFO | Phase 2: Identifying main content area...
2026-07-01 15:34:01 | INFO | Main content: #main-content
2026-07-01 15:34:01 | INFO | Phase 3: Detecting blocks...
2026-07-01 15:34:01 | INFO | Phase 4: Capturing block screenshots...
2026-07-01 15:34:02 | INFO | Captured 3 block screenshots
2026-07-01 15:34:02 | INFO | Detected 3 blocks
2026-07-01 15:34:02 | INFO | Generating fingerprints for template discovery...
2026-07-01 15:34:02 | INFO |    Top-section: 15 rows via title+container
2026-07-01 15:34:02 | INFO |    Body start: y=375 (start row 15 via below-title+container)
2026-07-01 15:34:02 | INFO | URL Pattern: /privacidade-protecao-de-dados/midia-investidor-parceiro-de-negocios-poder-publico
2026-07-01 15:34:02 | INFO | Page catalog complete: /workspace/catalog/.pages/petrobras_com_br_privacidade-protecao-de-dados_midia-investidor-parceiro-de-negocios-poder-publico--fc709543/page-catalog.json
2026-07-01 15:34:02 | INFO | SUCCESS: https://petrobras.com.br/privacidade-protecao-de-dados/midia-investidor-parceiro-de-negocios-poder-publico
2026-07-01 15:34:03 | INFO | Phase 0A: Triggering lazy-loaded content...
2026-07-01 15:34:04 | INFO | [132/249] Processing: https://petrobras.com.br/quem-somos/participacoes-societarias
2026-07-01 15:34:04 | INFO | Generated slug: petrobras_com_br_quem-somos_participacoes-societarias--f1504bfd
2026-07-01 15:34:04 | INFO | Starting analysis: https://petrobras.com.br/quem-somos/participacoes-societarias -> /workspace/catalog/.pages/petrobras_com_br_quem-somos_participacoes-societarias--f1504bfd
2026-07-01 15:34:04 | INFO | Loading: https://petrobras.com.br/quem-somos/participacoes-societarias
2026-07-01 15:34:04 | INFO |    Top-section: 14 rows via title+container
2026-07-01 15:34:04 | INFO |    Body start: y=350 (start row 14 via below-title+container)
2026-07-01 15:34:04 | INFO | URL Pattern: /privacidade-protecao-de-dados/candidato-em-concurso-publico
2026-07-01 15:34:04 | INFO | Page catalog complete: /workspace/catalog/.pages/petrobras_com_br_privacidade-protecao-de-dados_candidato-em-concurso-publico--02db0876/page-catalog.json
2026-07-01 15:34:04 | INFO | SUCCESS: https://petrobras.com.br/privacidade-protecao-de-dados/candidato-em-concurso-publico
2026-07-01 15:34:06 | INFO | [133/249] Processing: https://petrobras.com.br/quem-somos/estrategia
2026-07-01 15:34:06 | INFO | Generated slug: petrobras_com_br_quem-somos_estrategia--4a5e8b79
2026-07-01 15:34:06 | INFO | Starting analysis: https://petrobras.com.br/quem-somos/estrategia -> /workspace/catalog/.pages/petrobras_com_br_quem-somos_estrategia--4a5e8b79
2026-07-01 15:34:06 | INFO | Loading: https://petrobras.com.br/quem-somos/estrategia
2026-07-01 15:34:06 | INFO | Lazy-load scroll complete
2026-07-01 15:34:06 | INFO | Phase 0B: Cleaning up overlays...
2026-07-01 15:34:08 | INFO | Phase 0A: Triggering lazy-loaded content...
2026-07-01 15:34:09 | INFO | Phase 0A: Triggering lazy-loaded content...
2026-07-01 15:34:10 | INFO | Lazy-load scroll complete
2026-07-01 15:34:10 | INFO | Phase 0B: Cleaning up overlays...
2026-07-01 15:34:11 | INFO | Lazy-load scroll complete
2026-07-01 15:34:11 | INFO | Phase 0B: Cleaning up overlays...
2026-07-01 15:34:30 | INFO | Removed 5 elements: overlay, popup
📐 Detecting header/footer for this page...
2026-07-01 15:34:30 | INFO | Template - Reused saved footer selector on current page
2026-07-01 15:34:30 | INFO | Header: complex complexity, 4 features
2026-07-01 15:34:30 | INFO | Footer: simple complexity, 0 features
2026-07-01 15:34:30 | INFO | Phase 2: Identifying main content area...
2026-07-01 15:34:30 | INFO | Main content: #main-content
2026-07-01 15:34:30 | INFO | Removed 5 elements: overlay, popup
📐 Detecting header/footer for this page...
2026-07-01 15:34:30 | INFO | Template - Reused saved footer selector on current page
2026-07-01 15:34:30 | INFO | Header: complex complexity, 4 features
2026-07-01 15:34:30 | INFO | Footer: simple complexity, 0 features
2026-07-01 15:34:30 | INFO | Phase 2: Identifying main content area...
2026-07-01 15:34:30 | INFO | Main content: #main-content
2026-07-01 15:34:30 | INFO | Phase 3: Detecting blocks...
2026-07-01 15:34:30 | INFO | Phase 4: Capturing block screenshots...
2026-07-01 15:34:30 | INFO | Phase 3: Detecting blocks...
2026-07-01 15:34:30 | INFO | Phase 4: Capturing block screenshots...
2026-07-01 15:34:31 | INFO | Captured 3 block screenshots
2026-07-01 15:34:31 | INFO | Detected 3 blocks
2026-07-01 15:34:31 | INFO | Generating fingerprints for template discovery...
2026-07-01 15:34:31 | INFO | Captured 3 block screenshots
2026-07-01 15:34:31 | INFO | Detected 3 blocks
2026-07-01 15:34:31 | INFO | Generating fingerprints for template discovery...
2026-07-01 15:34:34 | INFO |    Top-section: 14 rows via title+container
2026-07-01 15:34:34 | INFO |    Body start: y=350 (start row 14 via below-title+container)
2026-07-01 15:34:34 | INFO | URL Pattern: /privacidade-protecao-de-dados/demais-publico
2026-07-01 15:34:34 | INFO | Page catalog complete: /workspace/catalog/.pages/petrobras_com_br_privacidade-protecao-de-dados_demais-publico--bfba5b1b/page-catalog.json
2026-07-01 15:34:34 | INFO |    Top-section: 15 rows via title+container
2026-07-01 15:34:34 | INFO |    Body start: y=375 (start row 15 via below-title+container)
2026-07-01 15:34:34 | INFO | URL Pattern: /privacidade-protecao-de-dados/publico-interno-atual-empregado-atual-empregado-de-prestador-de-servico-aposentado-outros
2026-07-01 15:34:34 | INFO | Page catalog complete: /workspace/catalog/.pages/petrobras_com_br_privacidade-protecao-de-dados_publico-interno-atual-empregado-atual-empregado-de-prestador-de-servico-aposentado-outros--0e933ad3/page-catalog.json
2026-07-01 15:34:34 | INFO | SUCCESS: https://petrobras.com.br/privacidade-protecao-de-dados/demais-publico
2026-07-01 15:34:34 | INFO | SUCCESS: https://petrobras.com.br/privacidade-protecao-de-dados/publico-interno-atual-empregado-atual-empregado-de-prestador-de-servico-aposentado-outros
2026-07-01 15:34:34 | INFO | PROGRESS: 130/249 analyzed (52% checklist complete) | 130 ok, 0 failed, 0 skipped | ~37 min remaining
2026-07-01 15:34:35 | INFO | [134/249] Processing: https://petrobras.com.br/quem-somos/nossa-marca
2026-07-01 15:34:35 | INFO | Generated slug: petrobras_com_br_quem-somos_nossa-marca--7325a41c
2026-07-01 15:34:35 | INFO | Starting analysis: https://petrobras.com.br/quem-somos/nossa-marca -> /workspace/catalog/.pages/petrobras_com_br_quem-somos_nossa-marca--7325a41c
2026-07-01 15:34:35 | INFO | [135/249] Processing: https://petrobras.com.br/quem-somos/nossos-escritorios
2026-07-01 15:34:35 | INFO | Generated slug: petrobras_com_br_quem-somos_nossos-escritorios--be52ed68
2026-07-01 15:34:35 | INFO | Starting analysis: https://petrobras.com.br/quem-somos/nossos-escritorios -> /workspace/catalog/.pages/petrobras_com_br_quem-somos_nossos-escritorios--be52ed68
2026-07-01 15:34:35 | INFO | Loading: https://petrobras.com.br/quem-somos/nossos-escritorios
2026-07-01 15:34:35 | INFO | Loading: https://petrobras.com.br/quem-somos/nossa-marca
2026-07-01 15:34:37 | INFO | Removed 5 elements: overlay, popup
📐 Detecting header/footer for this page...
2026-07-01 15:34:37 | INFO | Template - Reused saved header selector on current page
2026-07-01 15:34:37 | INFO | Template - Reused saved footer selector on current page
2026-07-01 15:34:37 | INFO | Header: complex complexity, 3 features
2026-07-01 15:34:37 | INFO | Footer: simple complexity, 0 features
2026-07-01 15:34:37 | INFO | Phase 2: Identifying main content area...
2026-07-01 15:34:37 | INFO | Main content: #main-content
2026-07-01 15:34:37 | INFO | Phase 3: Detecting blocks...
2026-07-01 15:34:37 | INFO | Phase 4: Capturing block screenshots...
2026-07-01 15:34:37 | WARNING | Screenshots - Block not visible: unknown-3fddcaf8
2026-07-01 15:34:38 | WARNING | Screenshots - Block not visible: columns-340498ab
2026-07-01 15:34:38 | INFO | Phase 0A: Triggering lazy-loaded content...
2026-07-01 15:34:39 | INFO | Captured 13 block screenshots
2026-07-01 15:34:39 | INFO | Detected 15 blocks
2026-07-01 15:34:39 | INFO | Generating fingerprints for template discovery...
2026-07-01 15:34:39 | INFO | Phase 0A: Triggering lazy-loaded content...
2026-07-01 15:34:41 | INFO | Lazy-load scroll complete
2026-07-01 15:34:41 | INFO | Phase 0B: Cleaning up overlays...
2026-07-01 15:34:41 | INFO |    Top-section: 31 rows via title+placeholder
2026-07-01 15:34:41 | INFO |    Body start: y=775 (start row 31 via below-title+placeholder)
2026-07-01 15:34:41 | INFO | URL Pattern: /quem-somos/perfil
2026-07-01 15:34:41 | INFO | Page catalog complete: /workspace/catalog/.pages/petrobras_com_br_quem-somos_perfil--b7731683/page-catalog.json
2026-07-01 15:34:41 | INFO | SUCCESS: https://petrobras.com.br/quem-somos/perfil
2026-07-01 15:34:42 | INFO | Removed 5 elements: overlay, popup
📐 Detecting header/footer for this page...
2026-07-01 15:34:42 | INFO | Lazy-load scroll complete
2026-07-01 15:34:42 | INFO | Phase 0B: Cleaning up overlays...
2026-07-01 15:34:42 | INFO | Template - Reused saved footer selector on current page
2026-07-01 15:34:42 | INFO | Header: complex complexity, 4 features
2026-07-01 15:34:42 | INFO | Footer: simple complexity, 0 features
2026-07-01 15:34:42 | INFO | Phase 2: Identifying main content area...
2026-07-01 15:34:42 | INFO | Main content: #main-content
2026-07-01 15:34:42 | INFO | Phase 3: Detecting blocks...
2026-07-01 15:34:42 | INFO | Phase 4: Capturing block screenshots...
2026-07-01 15:34:43 | INFO | Removed 5 elements: overlay, popup
📐 Detecting header/footer for this page...
2026-07-01 15:34:43 | INFO | Template - Reused saved footer selector on current page
2026-07-01 15:34:43 | INFO | Header: complex complexity, 4 features
2026-07-01 15:34:43 | INFO | Footer: simple complexity, 0 features
2026-07-01 15:34:43 | INFO | Phase 2: Identifying main content area...
2026-07-01 15:34:43 | INFO | Main content: #main-content
2026-07-01 15:34:43 | INFO | Phase 3: Detecting blocks...
2026-07-01 15:34:43 | INFO | [136/249] Processing: https://petrobras.com.br/quem-somos/trajetoria
2026-07-01 15:34:43 | INFO | Generated slug: petrobras_com_br_quem-somos_trajetoria--b1342c85
2026-07-01 15:34:43 | INFO | Starting analysis: https://petrobras.com.br/quem-somos/trajetoria -> /workspace/catalog/.pages/petrobras_com_br_quem-somos_trajetoria--b1342c85
2026-07-01 15:34:43 | INFO | Phase 4: Capturing block screenshots...
2026-07-01 15:34:43 | INFO | Loading: https://petrobras.com.br/quem-somos/trajetoria
2026-07-01 15:34:43 | INFO | Captured 8 block screenshots
2026-07-01 15:34:43 | INFO | Detected 8 blocks
2026-07-01 15:34:43 | INFO | Generating fingerprints for template discovery...
2026-07-01 15:34:45 | INFO | Captured 15 block screenshots
2026-07-01 15:34:45 | INFO | Detected 15 blocks
2026-07-01 15:34:45 | INFO | Generating fingerprints for template discovery...
2026-07-01 15:34:46 | INFO |    Top-section: 15 rows via title
2026-07-01 15:34:46 | INFO |    Body start: y=375 (start row 15 via below-title)
2026-07-01 15:34:46 | INFO | URL Pattern: /quem-somos/participacoes-societarias
2026-07-01 15:34:46 | INFO | Page catalog complete: /workspace/catalog/.pages/petrobras_com_br_quem-somos_participacoes-societarias--f1504bfd/page-catalog.json
2026-07-01 15:34:46 | INFO | SUCCESS: https://petrobras.com.br/quem-somos/participacoes-societarias
2026-07-01 15:34:46 | INFO | Phase 0A: Triggering lazy-loaded content...
2026-07-01 15:34:47 | INFO |    Top-section: 15 rows via title
2026-07-01 15:34:47 | INFO |    Body start: y=375 (start row 15 via below-title)
2026-07-01 15:34:47 | INFO | URL Pattern: /quem-somos/estrategia
2026-07-01 15:34:47 | INFO | Page catalog complete: /workspace/catalog/.pages/petrobras_com_br_quem-somos_estrategia--4a5e8b79/page-catalog.json
2026-07-01 15:34:47 | INFO | SUCCESS: https://petrobras.com.br/quem-somos/estrategia
2026-07-01 15:34:47 | INFO | [137/249] Processing: https://petrobras.com.br/quem-somos/exploracao-e-producao
2026-07-01 15:34:47 | INFO | Generated slug: petrobras_com_br_quem-somos_exploracao-e-producao--5cff5a7d
2026-07-01 15:34:47 | INFO | Starting analysis: https://petrobras.com.br/quem-somos/exploracao-e-producao -> /workspace/catalog/.pages/petrobras_com_br_quem-somos_exploracao-e-producao--5cff5a7d
2026-07-01 15:34:47 | INFO | Loading: https://petrobras.com.br/quem-somos/exploracao-e-producao
2026-07-01 15:34:48 | INFO | Lazy-load scroll complete
2026-07-01 15:34:48 | INFO | Phase 0B: Cleaning up overlays...
2026-07-01 15:34:49 | INFO | [138/249] Processing: https://petrobras.com.br/quem-somos/vida-na-plataforma
2026-07-01 15:34:49 | INFO | Generated slug: petrobras_com_br_quem-somos_vida-na-plataforma--5d4ff768
2026-07-01 15:34:49 | INFO | Starting analysis: https://petrobras.com.br/quem-somos/vida-na-plataforma -> /workspace/catalog/.pages/petrobras_com_br_quem-somos_vida-na-plataforma--5d4ff768
2026-07-01 15:34:49 | INFO | Loading: https://petrobras.com.br/quem-somos/vida-na-plataforma
2026-07-01 15:34:51 | INFO | Phase 0A: Triggering lazy-loaded content...
2026-07-01 15:34:53 | INFO | Phase 0A: Triggering lazy-loaded content...
2026-07-01 15:34:55 | INFO | Lazy-load scroll complete
2026-07-01 15:34:55 | INFO | Phase 0B: Cleaning up overlays...
2026-07-01 15:34:58 | INFO | Lazy-load scroll complete
2026-07-01 15:34:58 | INFO | Phase 0B: Cleaning up overlays...
2026-07-01 15:35:12 | INFO | Removed 5 elements: overlay, popup
📐 Detecting header/footer for this page...
2026-07-01 15:35:12 | INFO | Template - Reused saved footer selector on current page
2026-07-01 15:35:12 | INFO | Header: complex complexity, 4 features
2026-07-01 15:35:12 | INFO | Footer: simple complexity, 0 features
2026-07-01 15:35:12 | INFO | Phase 2: Identifying main content area...
2026-07-01 15:35:12 | INFO | Main content: #main-content
2026-07-01 15:35:13 | INFO | Phase 3: Detecting blocks...
2026-07-01 15:35:13 | INFO | Phase 4: Capturing block screenshots...
2026-07-01 15:35:13 | INFO | Removed 5 elements: overlay, popup
📐 Detecting header/footer for this page...
2026-07-01 15:35:13 | INFO | Template - Reused saved header selector on current page
2026-07-01 15:35:13 | INFO | Template - Reused saved footer selector on current page
2026-07-01 15:35:13 | INFO | Header: complex complexity, 3 features
2026-07-01 15:35:13 | INFO | Footer: simple complexity, 0 features
2026-07-01 15:35:13 | INFO | Phase 2: Identifying main content area...
2026-07-01 15:35:13 | INFO | Main content: #main-content
2026-07-01 15:35:13 | INFO | Phase 3: Detecting blocks...
2026-07-01 15:35:13 | INFO | Phase 4: Capturing block screenshots...
2026-07-01 15:35:14 | INFO | Captured 10 block screenshots
2026-07-01 15:35:14 | INFO | Detected 10 blocks
2026-07-01 15:35:14 | INFO | Generating fingerprints for template discovery...
2026-07-01 15:35:15 | INFO | Captured 14 block screenshots
2026-07-01 15:35:15 | INFO | Detected 14 blocks
2026-07-01 15:35:15 | INFO | Generating fingerprints for template discovery...
2026-07-01 15:35:16 | INFO |    Top-section: 19 rows via title+container
2026-07-01 15:35:16 | INFO |    Body start: y=475 (start row 19 via below-title+container)
2026-07-01 15:35:16 | INFO | URL Pattern: /quem-somos/nossos-escritorios
2026-07-01 15:35:16 | INFO | Page catalog complete: /workspace/catalog/.pages/petrobras_com_br_quem-somos_nossos-escritorios--be52ed68/page-catalog.json
2026-07-01 15:35:16 | INFO | SUCCESS: https://petrobras.com.br/quem-somos/nossos-escritorios
2026-07-01 15:35:17 | INFO |    Top-section: 31 rows via title+placeholder
2026-07-01 15:35:17 | INFO |    Body start: y=775 (start row 31 via below-title+placeholder)
2026-07-01 15:35:17 | INFO | URL Pattern: /quem-somos/nossa-marca
2026-07-01 15:35:17 | INFO | Page catalog complete: /workspace/catalog/.pages/petrobras_com_br_quem-somos_nossa-marca--7325a41c/page-catalog.json
2026-07-01 15:35:17 | INFO | SUCCESS: https://petrobras.com.br/quem-somos/nossa-marca
2026-07-01 15:35:17 | INFO | PROGRESS: 135/249 analyzed (54% checklist complete) | 135 ok, 0 failed, 0 skipped | ~35 min remaining
2026-07-01 15:35:18 | INFO | [139/249] Processing: https://petrobras.com.br/quem-somos/novas-fronteiras
2026-07-01 15:35:18 | INFO | Generated slug: petrobras_com_br_quem-somos_novas-fronteiras--843447fd
2026-07-01 15:35:18 | INFO | Starting analysis: https://petrobras.com.br/quem-somos/novas-fronteiras -> /workspace/catalog/.pages/petrobras_com_br_quem-somos_novas-fronteiras--843447fd
2026-07-01 15:35:18 | INFO | Loading: https://petrobras.com.br/quem-somos/novas-fronteiras
2026-07-01 15:35:19 | INFO | [140/249] Processing: https://petrobras.com.br/quem-somos/logistica
2026-07-01 15:35:19 | INFO | Generated slug: petrobras_com_br_quem-somos_logistica--74ca30bd
2026-07-01 15:35:19 | INFO | Starting analysis: https://petrobras.com.br/quem-somos/logistica -> /workspace/catalog/.pages/petrobras_com_br_quem-somos_logistica--74ca30bd
2026-07-01 15:35:19 | INFO | Loading: https://petrobras.com.br/quem-somos/logistica
2026-07-01 15:35:19 | INFO | Removed 6 elements: overlay, popup
📐 Detecting header/footer for this page...
2026-07-01 15:35:19 | INFO | Template - Reused saved header selector on current page
2026-07-01 15:35:19 | INFO | Template - Reused saved footer selector on current page
2026-07-01 15:35:19 | INFO | Header: complex complexity, 3 features
2026-07-01 15:35:19 | INFO | Footer: simple complexity, 0 features
2026-07-01 15:35:19 | INFO | Phase 2: Identifying main content area...
2026-07-01 15:35:19 | INFO | Main content: #main-content
2026-07-01 15:35:20 | INFO | Phase 3: Detecting blocks...
2026-07-01 15:35:20 | INFO | Phase 4: Capturing block screenshots...
2026-07-01 15:35:20 | INFO | Captured 4 block screenshots
2026-07-01 15:35:20 | INFO | Detected 4 blocks
2026-07-01 15:35:20 | INFO | Generating fingerprints for template discovery...
2026-07-01 15:35:23 | INFO | Phase 0A: Triggering lazy-loaded content...
2026-07-01 15:35:23 | INFO |    Top-section: 37 rows via title+placeholder
2026-07-01 15:35:23 | INFO |    Body start: y=925 (start row 37 via below-title+placeholder)
2026-07-01 15:35:23 | INFO | URL Pattern: /quem-somos/trajetoria
2026-07-01 15:35:23 | INFO | Page catalog complete: /workspace/catalog/.pages/petrobras_com_br_quem-somos_trajetoria--b1342c85/page-catalog.json
2026-07-01 15:35:23 | INFO | SUCCESS: https://petrobras.com.br/quem-somos/trajetoria
2026-07-01 15:35:24 | INFO | [141/249] Processing: https://petrobras.com.br/quem-somos/refino
2026-07-01 15:35:24 | INFO | Generated slug: petrobras_com_br_quem-somos_refino--b9d94c00
2026-07-01 15:35:24 | INFO | Starting analysis: https://petrobras.com.br/quem-somos/refino -> /workspace/catalog/.pages/petrobras_com_br_quem-somos_refino--b9d94c00
2026-07-01 15:35:24 | INFO | Loading: https://petrobras.com.br/quem-somos/refino
2026-07-01 15:35:25 | INFO | Phase 0A: Triggering lazy-loaded content...
2026-07-01 15:35:26 | INFO | Removed 7 elements: overlay, popup
📐 Detecting header/footer for this page...
2026-07-01 15:35:26 | INFO | Template - Reused saved footer selector on current page
2026-07-01 15:35:26 | INFO | Header: complex complexity, 4 features
2026-07-01 15:35:26 | INFO | Footer: simple complexity, 0 features
2026-07-01 15:35:26 | INFO | Phase 2: Identifying main content area...
2026-07-01 15:35:26 | INFO | Main content: #main-content
2026-07-01 15:35:26 | INFO | Phase 3: Detecting blocks...
2026-07-01 15:35:26 | INFO | Phase 4: Capturing block screenshots...
2026-07-01 15:35:27 | INFO | Lazy-load scroll complete
2026-07-01 15:35:27 | INFO | Phase 0B: Cleaning up overlays...
2026-07-01 15:35:27 | WARNING | Screenshots - Block not visible: columns-340498ab
2026-07-01 15:35:28 | INFO | Lazy-load scroll complete
2026-07-01 15:35:28 | INFO | Phase 0B: Cleaning up overlays...
2026-07-01 15:35:28 | INFO | Phase 0A: Triggering lazy-loaded content...
2026-07-01 15:35:29 | INFO | Removed 5 elements: overlay, popup
📐 Detecting header/footer for this page...
2026-07-01 15:35:29 | INFO | Template - Reused saved header selector on current page
2026-07-01 15:35:29 | INFO | Template - Reused saved footer selector on current page
2026-07-01 15:35:29 | INFO | Header: complex complexity, 3 features
2026-07-01 15:35:29 | INFO | Footer: simple complexity, 0 features
2026-07-01 15:35:29 | INFO | Phase 2: Identifying main content area...
2026-07-01 15:35:29 | INFO | Main content: #main-content
2026-07-01 15:35:30 | INFO | Phase 3: Detecting blocks...
2026-07-01 15:35:30 | INFO | Phase 4: Capturing block screenshots...
2026-07-01 15:35:30 | WARNING | Screenshots - Block not visible: hero-6d0ef3a4
2026-07-01 15:35:30 | INFO | Captured 36 block screenshots
2026-07-01 15:35:30 | INFO | Detected 37 blocks
2026-07-01 15:35:30 | INFO | Generating fingerprints for template discovery...
2026-07-01 15:35:30 | INFO | Lazy-load scroll complete
2026-07-01 15:35:30 | INFO | Phase 0B: Cleaning up overlays...
2026-07-01 15:35:32 | INFO |    Top-section: 17 rows via title
2026-07-01 15:35:32 | INFO |    Body start: y=425 (start row 17 via below-title)
2026-07-01 15:35:32 | INFO | URL Pattern: /quem-somos/exploracao-e-producao
2026-07-01 15:35:32 | INFO | Page catalog complete: /workspace/catalog/.pages/petrobras_com_br_quem-somos_exploracao-e-producao--5cff5a7d/page-catalog.json
2026-07-01 15:35:32 | INFO | SUCCESS: https://petrobras.com.br/quem-somos/exploracao-e-producao
2026-07-01 15:35:34 | INFO | Captured 34 block screenshots
2026-07-01 15:35:34 | INFO | Detected 35 blocks
2026-07-01 15:35:34 | INFO | Generating fingerprints for template discovery...
2026-07-01 15:35:34 | INFO | [142/249] Processing: https://petrobras.com.br/quem-somos/gas
2026-07-01 15:35:34 | INFO | Generated slug: petrobras_com_br_quem-somos_gas--fbff7b74
2026-07-01 15:35:34 | INFO | Starting analysis: https://petrobras.com.br/quem-somos/gas -> /workspace/catalog/.pages/petrobras_com_br_quem-somos_gas--fbff7b74
2026-07-01 15:35:34 | INFO | Loading: https://petrobras.com.br/quem-somos/gas
2026-07-01 15:35:36 | INFO |    Top-section: 36 rows via title+placeholder
2026-07-01 15:35:36 | INFO |    Body start: y=900 (start row 36 via below-title+placeholder)
2026-07-01 15:35:36 | INFO | URL Pattern: /quem-somos/vida-na-plataforma
2026-07-01 15:35:36 | INFO | Page catalog complete: /workspace/catalog/.pages/petrobras_com_br_quem-somos_vida-na-plataforma--5d4ff768/page-catalog.json
2026-07-01 15:35:36 | INFO | SUCCESS: https://petrobras.com.br/quem-somos/vida-na-plataforma
2026-07-01 15:35:38 | INFO | Phase 0A: Triggering lazy-loaded content...
2026-07-01 15:35:38 | INFO | [143/249] Processing: https://petrobras.com.br/quem-somos/fertilizantes
2026-07-01 15:35:38 | INFO | Generated slug: petrobras_com_br_quem-somos_fertilizantes--a1277641
2026-07-01 15:35:38 | INFO | Starting analysis: https://petrobras.com.br/quem-somos/fertilizantes -> /workspace/catalog/.pages/petrobras_com_br_quem-somos_fertilizantes--a1277641
2026-07-01 15:35:38 | INFO | Loading: https://petrobras.com.br/quem-somos/fertilizantes
2026-07-01 15:35:40 | INFO | Lazy-load scroll complete
2026-07-01 15:35:40 | INFO | Phase 0B: Cleaning up overlays...
2026-07-01 15:35:41 | INFO | Phase 0A: Triggering lazy-loaded content...
2026-07-01 15:35:44 | INFO | Lazy-load scroll complete
2026-07-01 15:35:44 | INFO | Phase 0B: Cleaning up overlays...
2026-07-01 15:35:58 | INFO | Removed 7 elements: overlay, popup
📐 Detecting header/footer for this page...
2026-07-01 15:35:58 | INFO | Template - Reused saved footer selector on current page
2026-07-01 15:35:58 | INFO | Header: complex complexity, 4 features
2026-07-01 15:35:58 | INFO | Footer: simple complexity, 0 features
2026-07-01 15:35:58 | INFO | Phase 2: Identifying main content area...
2026-07-01 15:35:58 | INFO | Main content: #main-content
2026-07-01 15:35:58 | INFO | Phase 3: Detecting blocks...
2026-07-01 15:35:58 | INFO | Phase 4: Capturing block screenshots...
2026-07-01 15:35:59 | WARNING | Screenshots - Block not visible: columns-340498ab
2026-07-01 15:35:59 | INFO | Removed 5 elements: overlay, popup
📐 Detecting header/footer for this page...
2026-07-01 15:35:59 | INFO | Template - Reused saved footer selector on current page
2026-07-01 15:35:59 | INFO | Header: complex complexity, 4 features
2026-07-01 15:35:59 | INFO | Footer: simple complexity, 0 features
2026-07-01 15:35:59 | INFO | Phase 2: Identifying main content area...
2026-07-01 15:35:59 | INFO | Main content: #main-content
2026-07-01 15:35:59 | INFO | Phase 3: Detecting blocks...
2026-07-01 15:35:59 | INFO | Phase 4: Capturing block screenshots...
2026-07-01 15:36:01 | INFO | Captured 22 block screenshots
2026-07-01 15:36:01 | INFO | Detected 23 blocks
2026-07-01 15:36:01 | INFO | Generating fingerprints for template discovery...
2026-07-01 15:36:01 | INFO | Captured 17 block screenshots
2026-07-01 15:36:01 | INFO | Detected 17 blocks
2026-07-01 15:36:01 | INFO | Generating fingerprints for template discovery...
2026-07-01 15:36:02 | INFO | Removed 5 elements: overlay, popup
📐 Detecting header/footer for this page...
2026-07-01 15:36:02 | INFO | Template - Reused saved footer selector on current page
2026-07-01 15:36:02 | INFO | Header: complex complexity, 4 features
2026-07-01 15:36:02 | INFO | Footer: simple complexity, 0 features
2026-07-01 15:36:02 | INFO | Phase 2: Identifying main content area...
2026-07-01 15:36:02 | INFO | Main content: #main-content
2026-07-01 15:36:02 | INFO | Phase 3: Detecting blocks...
2026-07-01 15:36:02 | INFO | Phase 4: Capturing block screenshots...
2026-07-01 15:36:03 | INFO |    Top-section: 15 rows via title
2026-07-01 15:36:03 | INFO |    Body start: y=375 (start row 15 via below-title)
2026-07-01 15:36:03 | INFO | URL Pattern: /quem-somos/novas-fronteiras
2026-07-01 15:36:03 | INFO | Page catalog complete: /workspace/catalog/.pages/petrobras_com_br_quem-somos_novas-fronteiras--843447fd/page-catalog.json
2026-07-01 15:36:03 | INFO | SUCCESS: https://petrobras.com.br/quem-somos/novas-fronteiras
2026-07-01 15:36:04 | INFO | Captured 14 block screenshots
2026-07-01 15:36:04 | INFO | Detected 14 blocks
2026-07-01 15:36:04 | INFO | Generating fingerprints for template discovery...
2026-07-01 15:36:04 | INFO |    Top-section: 13 rows via title
2026-07-01 15:36:04 | INFO |    Body start: y=325 (start row 13 via below-title)
2026-07-01 15:36:04 | INFO | URL Pattern: /quem-somos/logistica
2026-07-01 15:36:04 | INFO | Page catalog complete: /workspace/catalog/.pages/petrobras_com_br_quem-somos_logistica--74ca30bd/page-catalog.json
2026-07-01 15:36:04 | INFO | SUCCESS: https://petrobras.com.br/quem-somos/logistica
2026-07-01 15:36:04 | INFO | PROGRESS: 140/249 analyzed (56% checklist complete) | 140 ok, 0 failed, 0 skipped | ~33 min remaining
2026-07-01 15:36:05 | INFO | [144/249] Processing: https://petrobras.com.br/quem-somos/produtos
2026-07-01 15:36:05 | INFO | Generated slug: petrobras_com_br_quem-somos_produtos--d4f28aaf
2026-07-01 15:36:05 | INFO | Starting analysis: https://petrobras.com.br/quem-somos/produtos -> /workspace/catalog/.pages/petrobras_com_br_quem-somos_produtos--d4f28aaf
2026-07-01 15:36:05 | INFO | Loading: https://petrobras.com.br/quem-somos/produtos
2026-07-01 15:36:06 | INFO | [145/249] Processing: https://petrobras.com.br/quem-somos/combustiveis-customizados
2026-07-01 15:36:06 | INFO | Generated slug: petrobras_com_br_quem-somos_combustiveis-customizados--c5edafba
2026-07-01 15:36:06 | INFO | Starting analysis: https://petrobras.com.br/quem-somos/combustiveis-customizados -> /workspace/catalog/.pages/petrobras_com_br_quem-somos_combustiveis-customizados--c5edafba
2026-07-01 15:36:06 | INFO | Loading: https://petrobras.com.br/quem-somos/combustiveis-customizados
2026-07-01 15:36:06 | INFO |    Top-section: 13 rows via title
2026-07-01 15:36:06 | INFO |    Body start: y=325 (start row 13 via below-title)
2026-07-01 15:36:06 | INFO | URL Pattern: /quem-somos/refino
2026-07-01 15:36:06 | INFO | Page catalog complete: /workspace/catalog/.pages/petrobras_com_br_quem-somos_refino--b9d94c00/page-catalog.json
2026-07-01 15:36:06 | INFO | SUCCESS: https://petrobras.com.br/quem-somos/refino
2026-07-01 15:36:08 | INFO | [146/249] Processing: https://petrobras.com.br/quem-somos/bunker
2026-07-01 15:36:08 | INFO | Generated slug: petrobras_com_br_quem-somos_bunker--6b04080b
2026-07-01 15:36:08 | INFO | Starting analysis: https://petrobras.com.br/quem-somos/bunker -> /workspace/catalog/.pages/petrobras_com_br_quem-somos_bunker--6b04080b
2026-07-01 15:36:08 | INFO | Loading: https://petrobras.com.br/quem-somos/bunker
2026-07-01 15:36:09 | INFO | Phase 0A: Triggering lazy-loaded content...
2026-07-01 15:36:09 | INFO | Phase 0A: Triggering lazy-loaded content...
2026-07-01 15:36:11 | INFO | Phase 0A: Triggering lazy-loaded content...
2026-07-01 15:36:11 | INFO | Lazy-load scroll complete
2026-07-01 15:36:11 | INFO | Phase 0B: Cleaning up overlays...
2026-07-01 15:36:11 | INFO | Lazy-load scroll complete
2026-07-01 15:36:11 | INFO | Phase 0B: Cleaning up overlays...
2026-07-01 15:36:11 | INFO | Removed 7 elements: overlay, popup
📐 Detecting header/footer for this page...
2026-07-01 15:36:11 | INFO | Template - Reused saved footer selector on current page
2026-07-01 15:36:11 | INFO | Header: complex complexity, 4 features
2026-07-01 15:36:11 | INFO | Footer: simple complexity, 0 features
2026-07-01 15:36:11 | INFO | Phase 2: Identifying main content area...
2026-07-01 15:36:11 | INFO | Main content: #main-content
2026-07-01 15:36:12 | INFO | Phase 3: Detecting blocks...
2026-07-01 15:36:12 | INFO | Phase 4: Capturing block screenshots...
2026-07-01 15:36:13 | INFO | Captured 12 block screenshots
2026-07-01 15:36:13 | INFO | Detected 12 blocks
2026-07-01 15:36:13 | INFO | Generating fingerprints for template discovery...
2026-07-01 15:36:13 | INFO | Lazy-load scroll complete
2026-07-01 15:36:13 | INFO | Phase 0B: Cleaning up overlays...
2026-07-01 15:36:15 | INFO | Removed 5 elements: overlay, popup
📐 Detecting header/footer for this page...
2026-07-01 15:36:15 | INFO | Template - Reused saved footer selector on current page
2026-07-01 15:36:15 | INFO | Header: complex complexity, 4 features
2026-07-01 15:36:15 | INFO | Footer: simple complexity, 0 features
2026-07-01 15:36:15 | INFO | Phase 2: Identifying main content area...
2026-07-01 15:36:15 | INFO | Main content: #main-content
2026-07-01 15:36:15 | INFO | Phase 3: Detecting blocks...
2026-07-01 15:36:15 | WARNING | Blocks - 58% of blocks are unknown - site uses non-EDS patterns
2026-07-01 15:36:15 | INFO | Phase 4: Capturing block screenshots...
2026-07-01 15:36:16 | INFO |    Top-section: 13 rows via title
2026-07-01 15:36:16 | INFO |    Body start: y=325 (start row 13 via below-title)
2026-07-01 15:36:16 | INFO | URL Pattern: /quem-somos/gas
2026-07-01 15:36:16 | INFO | Page catalog complete: /workspace/catalog/.pages/petrobras_com_br_quem-somos_gas--fbff7b74/page-catalog.json
2026-07-01 15:36:16 | INFO | SUCCESS: https://petrobras.com.br/quem-somos/gas
2026-07-01 15:36:17 | INFO | Captured 12 block screenshots
2026-07-01 15:36:17 | INFO | Detected 12 blocks
2026-07-01 15:36:17 | INFO | Generating fingerprints for template discovery...
2026-07-01 15:36:17 | INFO | [147/249] Processing: https://petrobras.com.br/quem-somos/bunker-vls-b24
2026-07-01 15:36:17 | INFO | Generated slug: petrobras_com_br_quem-somos_bunker-vls-b24--1d8b4314
2026-07-01 15:36:17 | INFO | Starting analysis: https://petrobras.com.br/quem-somos/bunker-vls-b24 -> /workspace/catalog/.pages/petrobras_com_br_quem-somos_bunker-vls-b24--1d8b4314
2026-07-01 15:36:17 | INFO | Loading: https://petrobras.com.br/quem-somos/bunker-vls-b24
2026-07-01 15:36:19 | INFO |    Top-section: 13 rows via title
2026-07-01 15:36:19 | INFO |    Body start: y=325 (start row 13 via below-title)
2026-07-01 15:36:19 | INFO | URL Pattern: /quem-somos/fertilizantes
2026-07-01 15:36:19 | INFO | Page catalog complete: /workspace/catalog/.pages/petrobras_com_br_quem-somos_fertilizantes--a1277641/page-catalog.json
2026-07-01 15:36:19 | INFO | SUCCESS: https://petrobras.com.br/quem-somos/fertilizantes
2026-07-01 15:36:21 | INFO | Phase 0A: Triggering lazy-loaded content...
2026-07-01 15:36:21 | INFO | [148/249] Processing: https://petrobras.com.br/quem-somos/cap-pro
2026-07-01 15:36:21 | INFO | Generated slug: petrobras_com_br_quem-somos_cap-pro--cd64c48a
2026-07-01 15:36:21 | INFO | Starting analysis: https://petrobras.com.br/quem-somos/cap-pro -> /workspace/catalog/.pages/petrobras_com_br_quem-somos_cap-pro--cd64c48a
2026-07-01 15:36:21 | INFO | Loading: https://petrobras.com.br/quem-somos/cap-pro
2026-07-01 15:36:23 | INFO | Lazy-load scroll complete
2026-07-01 15:36:23 | INFO | Phase 0B: Cleaning up overlays...
2026-07-01 15:36:24 | INFO | Phase 0A: Triggering lazy-loaded content...
2026-07-01 15:36:27 | INFO | Lazy-load scroll complete
2026-07-01 15:36:27 | INFO | Phase 0B: Cleaning up overlays...
2026-07-01 15:36:43 | INFO | Removed 5 elements: overlay, popup
📐 Detecting header/footer for this page...
2026-07-01 15:36:43 | INFO | Removed 5 elements: overlay, popup
📐 Detecting header/footer for this page...
2026-07-01 15:36:43 | INFO | Template - Reused saved header selector on current page
2026-07-01 15:36:43 | INFO | Template - Reused saved footer selector on current page
2026-07-01 15:36:43 | INFO | Header: complex complexity, 3 features
2026-07-01 15:36:43 | INFO | Footer: simple complexity, 0 features
2026-07-01 15:36:43 | INFO | Phase 2: Identifying main content area...
2026-07-01 15:36:43 | INFO | Main content: #main-content
2026-07-01 15:36:43 | INFO | Template - Reused saved footer selector on current page
2026-07-01 15:36:43 | INFO | Header: complex complexity, 4 features
2026-07-01 15:36:43 | INFO | Footer: simple complexity, 0 features
2026-07-01 15:36:43 | INFO | Phase 2: Identifying main content area...
2026-07-01 15:36:43 | INFO | Main content: #main-content
2026-07-01 15:36:43 | INFO | Phase 3: Detecting blocks...
2026-07-01 15:36:43 | INFO | Phase 3: Detecting blocks...
2026-07-01 15:36:43 | INFO | Phase 4: Capturing block screenshots...
2026-07-01 15:36:43 | INFO | Phase 4: Capturing block screenshots...
2026-07-01 15:36:44 | INFO | Captured 10 block screenshots
2026-07-01 15:36:44 | INFO | Detected 10 blocks
2026-07-01 15:36:44 | INFO | Generating fingerprints for template discovery...
2026-07-01 15:36:45 | INFO | Removed 5 elements: overlay, popup
📐 Detecting header/footer for this page...
2026-07-01 15:36:45 | INFO | Template - Reused saved footer selector on current page
2026-07-01 15:36:45 | INFO | Header: complex complexity, 4 features
2026-07-01 15:36:45 | INFO | Footer: simple complexity, 0 features
2026-07-01 15:36:45 | INFO | Phase 2: Identifying main content area...
2026-07-01 15:36:45 | INFO | Main content: #main-content
2026-07-01 15:36:45 | INFO | Phase 3: Detecting blocks...
2026-07-01 15:36:45 | WARNING | Blocks - 73% of blocks are unknown - site uses non-EDS patterns
2026-07-01 15:36:45 | INFO | Phase 4: Capturing block screenshots...
2026-07-01 15:36:46 | INFO | Captured 34 block screenshots
2026-07-01 15:36:46 | INFO | Detected 34 blocks
2026-07-01 15:36:46 | INFO | Generating fingerprints for template discovery...
2026-07-01 15:36:46 | INFO | Captured 11 block screenshots
2026-07-01 15:36:46 | INFO | Detected 11 blocks
2026-07-01 15:36:46 | INFO | Generating fingerprints for template discovery...
2026-07-01 15:36:47 | INFO |    Top-section: 15 rows via title
2026-07-01 15:36:47 | INFO |    Body start: y=375 (start row 15 via below-title)
2026-07-01 15:36:47 | INFO | URL Pattern: /quem-somos/combustiveis-customizados
2026-07-01 15:36:47 | INFO | Page catalog complete: /workspace/catalog/.pages/petrobras_com_br_quem-somos_combustiveis-customizados--c5edafba/page-catalog.json
2026-07-01 15:36:47 | INFO | SUCCESS: https://petrobras.com.br/quem-somos/combustiveis-customizados
2026-07-01 15:36:48 | INFO | [149/249] Processing: https://petrobras.com.br/quem-somos/diesel-podium
2026-07-01 15:36:48 | INFO | Generated slug: petrobras_com_br_quem-somos_diesel-podium--0665b9dd
2026-07-01 15:36:48 | INFO | Starting analysis: https://petrobras.com.br/quem-somos/diesel-podium -> /workspace/catalog/.pages/petrobras_com_br_quem-somos_diesel-podium--0665b9dd
2026-07-01 15:36:48 | INFO | Loading: https://petrobras.com.br/quem-somos/diesel-podium
2026-07-01 15:36:49 | INFO |    Top-section: 12 rows via title+container
2026-07-01 15:36:49 | INFO |    Body start: y=300 (start row 12 via below-title+container)
2026-07-01 15:36:49 | INFO | URL Pattern: /quem-somos/produtos
2026-07-01 15:36:49 | INFO | Page catalog complete: /workspace/catalog/.pages/petrobras_com_br_quem-somos_produtos--d4f28aaf/page-catalog.json
2026-07-01 15:36:49 | INFO | SUCCESS: https://petrobras.com.br/quem-somos/produtos
2026-07-01 15:36:49 | INFO | PROGRESS: 145/249 analyzed (58% checklist complete) | 145 ok, 0 failed, 0 skipped | ~31 min remaining
2026-07-01 15:36:49 | INFO |    Top-section: 17 rows via title
2026-07-01 15:36:49 | INFO |    Body start: y=425 (start row 17 via below-title)
2026-07-01 15:36:49 | INFO | URL Pattern: /quem-somos/bunker
2026-07-01 15:36:49 | INFO | Page catalog complete: /workspace/catalog/.pages/petrobras_com_br_quem-somos_bunker--6b04080b/page-catalog.json
2026-07-01 15:36:49 | INFO | SUCCESS: https://petrobras.com.br/quem-somos/bunker
2026-07-01 15:36:50 | INFO | [150/249] Processing: https://petrobras.com.br/quem-somos/enxofre
2026-07-01 15:36:50 | INFO | Generated slug: petrobras_com_br_quem-somos_enxofre--b17b9001
2026-07-01 15:36:50 | INFO | Starting analysis: https://petrobras.com.br/quem-somos/enxofre -> /workspace/catalog/.pages/petrobras_com_br_quem-somos_enxofre--b17b9001
2026-07-01 15:36:50 | INFO | Loading: https://petrobras.com.br/quem-somos/enxofre
2026-07-01 15:36:50 | INFO | [151/249] Processing: https://petrobras.com.br/quem-somos/gasolina
2026-07-01 15:36:50 | INFO | Generated slug: petrobras_com_br_quem-somos_gasolina--5a807921
2026-07-01 15:36:50 | INFO | Starting analysis: https://petrobras.com.br/quem-somos/gasolina -> /workspace/catalog/.pages/petrobras_com_br_quem-somos_gasolina--5a807921
2026-07-01 15:36:50 | INFO | Loading: https://petrobras.com.br/quem-somos/gasolina
2026-07-01 15:36:52 | INFO | Phase 0A: Triggering lazy-loaded content...
2026-07-01 15:36:54 | INFO | Phase 0A: Triggering lazy-loaded content...
2026-07-01 15:36:54 | INFO | Phase 0A: Triggering lazy-loaded content...
2026-07-01 15:36:54 | INFO | Lazy-load scroll complete
2026-07-01 15:36:54 | INFO | Phase 0B: Cleaning up overlays...
2026-07-01 15:36:54 | INFO | Removed 5 elements: overlay, popup
📐 Detecting header/footer for this page...
2026-07-01 15:36:54 | INFO | Template - Reused saved footer selector on current page
2026-07-01 15:36:54 | INFO | Header: complex complexity, 4 features
2026-07-01 15:36:54 | INFO | Footer: simple complexity, 0 features
2026-07-01 15:36:54 | INFO | Phase 2: Identifying main content area...
2026-07-01 15:36:54 | INFO | Main content: #main-content
2026-07-01 15:36:54 | INFO | Phase 3: Detecting blocks...
2026-07-01 15:36:54 | WARNING | Blocks - 57% of blocks are unknown - site uses non-EDS patterns
2026-07-01 15:36:54 | INFO | Phase 4: Capturing block screenshots...
2026-07-01 15:36:55 | INFO | Lazy-load scroll complete
2026-07-01 15:36:55 | INFO | Phase 0B: Cleaning up overlays...
2026-07-01 15:36:55 | INFO | Captured 7 block screenshots
2026-07-01 15:36:55 | INFO | Detected 7 blocks
2026-07-01 15:36:55 | INFO | Generating fingerprints for template discovery...
2026-07-01 15:36:56 | INFO | Lazy-load scroll complete
2026-07-01 15:36:56 | INFO | Phase 0B: Cleaning up overlays...
2026-07-01 15:36:58 | INFO |    Top-section: 19 rows via title
2026-07-01 15:36:58 | INFO |    Body start: y=475 (start row 19 via below-title)
2026-07-01 15:36:58 | INFO | URL Pattern: /quem-somos/bunker-vls-b24
2026-07-01 15:36:58 | INFO | Page catalog complete: /workspace/catalog/.pages/petrobras_com_br_quem-somos_bunker-vls-b24--1d8b4314/page-catalog.json
2026-07-01 15:36:58 | INFO | SUCCESS: https://petrobras.com.br/quem-somos/bunker-vls-b24
2026-07-01 15:36:59 | INFO | Removed 5 elements: overlay, popup
📐 Detecting header/footer for this page...
2026-07-01 15:36:59 | INFO | Template - Reused saved footer selector on current page
2026-07-01 15:36:59 | INFO | Header: complex complexity, 4 features
2026-07-01 15:36:59 | INFO | Footer: simple complexity, 0 features
2026-07-01 15:36:59 | INFO | Phase 2: Identifying main content area...
2026-07-01 15:36:59 | INFO | Main content: #main-content
2026-07-01 15:36:59 | INFO | Phase 3: Detecting blocks...
2026-07-01 15:36:59 | WARNING | Blocks - 53% of blocks are unknown - site uses non-EDS patterns
2026-07-01 15:36:59 | INFO | Phase 4: Capturing block screenshots...
2026-07-01 15:36:59 | INFO | [152/249] Processing: https://petrobras.com.br/quem-somos/gasolina-podium
2026-07-01 15:36:59 | INFO | Generated slug: petrobras_com_br_quem-somos_gasolina-podium--11a9615e
2026-07-01 15:36:59 | INFO | Starting analysis: https://petrobras.com.br/quem-somos/gasolina-podium -> /workspace/catalog/.pages/petrobras_com_br_quem-somos_gasolina-podium--11a9615e
2026-07-01 15:36:59 | INFO | Loading: https://petrobras.com.br/quem-somos/gasolina-podium
2026-07-01 15:37:01 | INFO | Captured 19 block screenshots
2026-07-01 15:37:01 | INFO | Detected 19 blocks
2026-07-01 15:37:01 | INFO | Generating fingerprints for template discovery...
2026-07-01 15:37:03 | INFO | Phase 0A: Triggering lazy-loaded content...
2026-07-01 15:37:04 | INFO |    Top-section: 13 rows via title
2026-07-01 15:37:04 | INFO |    Body start: y=325 (start row 13 via below-title)
2026-07-01 15:37:04 | INFO | URL Pattern: /quem-somos/cap-pro
2026-07-01 15:37:04 | INFO | Page catalog complete: /workspace/catalog/.pages/petrobras_com_br_quem-somos_cap-pro--cd64c48a/page-catalog.json
2026-07-01 15:37:04 | INFO | SUCCESS: https://petrobras.com.br/quem-somos/cap-pro
2026-07-01 15:37:05 | INFO | Lazy-load scroll complete
2026-07-01 15:37:05 | INFO | Phase 0B: Cleaning up overlays...
2026-07-01 15:37:05 | INFO | [153/249] Processing: https://petrobras.com.br/quem-somos/gas-liquefeito-de-petroleo
2026-07-01 15:37:05 | INFO | Generated slug: petrobras_com_br_quem-somos_gas-liquefeito-de-petroleo--b7f837df
2026-07-01 15:37:05 | INFO | Starting analysis: https://petrobras.com.br/quem-somos/gas-liquefeito-de-petroleo -> /workspace/catalog/.pages/petrobras_com_br_quem-somos_gas-liquefeito-de-petroleo--b7f837df
2026-07-01 15:37:05 | INFO | Loading: https://petrobras.com.br/quem-somos/gas-liquefeito-de-petroleo
2026-07-01 15:37:09 | INFO | Phase 0A: Triggering lazy-loaded content...
2026-07-01 15:37:11 | INFO | Lazy-load scroll complete
2026-07-01 15:37:11 | INFO | Phase 0B: Cleaning up overlays...
2026-07-01 15:37:25 | INFO | Removed 5 elements: overlay, popup
📐 Detecting header/footer for this page...
2026-07-01 15:37:25 | INFO | Template - Reused saved footer selector on current page
2026-07-01 15:37:25 | INFO | Header: complex complexity, 4 features
2026-07-01 15:37:25 | INFO | Footer: simple complexity, 0 features
2026-07-01 15:37:25 | INFO | Phase 2: Identifying main content area...
2026-07-01 15:37:25 | INFO | Main content: #main-content
2026-07-01 15:37:25 | INFO | Phase 3: Detecting blocks...
2026-07-01 15:37:25 | INFO | Phase 4: Capturing block screenshots...
2026-07-01 15:37:27 | INFO | Removed 5 elements: overlay, popup
📐 Detecting header/footer for this page...
2026-07-01 15:37:27 | INFO | Template - Reused saved footer selector on current page
2026-07-01 15:37:27 | INFO | Header: complex complexity, 4 features
2026-07-01 15:37:27 | INFO | Footer: simple complexity, 0 features
2026-07-01 15:37:27 | INFO | Phase 2: Identifying main content area...
2026-07-01 15:37:27 | INFO | Main content: #main-content
2026-07-01 15:37:27 | INFO | Phase 3: Detecting blocks...
2026-07-01 15:37:27 | INFO | Phase 4: Capturing block screenshots...
2026-07-01 15:37:27 | INFO | Removed 5 elements: overlay, popup
📐 Detecting header/footer for this page...
2026-07-01 15:37:27 | INFO | Template - Reused saved footer selector on current page
2026-07-01 15:37:27 | INFO | Header: complex complexity, 4 features
2026-07-01 15:37:27 | INFO | Footer: simple complexity, 0 features
2026-07-01 15:37:27 | INFO | Phase 2: Identifying main content area...
2026-07-01 15:37:27 | INFO | Main content: #main-content
2026-07-01 15:37:27 | INFO | Phase 3: Detecting blocks...
2026-07-01 15:37:27 | INFO | Phase 4: Capturing block screenshots...
2026-07-01 15:37:28 | INFO | Captured 20 block screenshots
2026-07-01 15:37:28 | INFO | Detected 20 blocks
2026-07-01 15:37:28 | INFO | Generating fingerprints for template discovery...
2026-07-01 15:37:28 | INFO | Captured 9 block screenshots
2026-07-01 15:37:28 | INFO | Detected 9 blocks
2026-07-01 15:37:28 | INFO | Generating fingerprints for template discovery...
2026-07-01 15:37:29 | INFO | Captured 15 block screenshots
2026-07-01 15:37:29 | INFO | Detected 15 blocks
2026-07-01 15:37:29 | INFO | Generating fingerprints for template discovery...
2026-07-01 15:37:30 | INFO |    Top-section: 15 rows via title
2026-07-01 15:37:30 | INFO |    Body start: y=375 (start row 15 via below-title)
2026-07-01 15:37:30 | INFO | URL Pattern: /quem-somos/diesel-podium
2026-07-01 15:37:30 | INFO | Page catalog complete: /workspace/catalog/.pages/petrobras_com_br_quem-somos_diesel-podium--0665b9dd/page-catalog.json
2026-07-01 15:37:30 | INFO | SUCCESS: https://petrobras.com.br/quem-somos/diesel-podium
2026-07-01 15:37:31 | INFO |    Top-section: 7 rows via title
2026-07-01 15:37:31 | INFO |    Body start: y=175 (start row 7 via below-title)
2026-07-01 15:37:31 | INFO | URL Pattern: /quem-somos/enxofre
2026-07-01 15:37:31 | INFO | Page catalog complete: /workspace/catalog/.pages/petrobras_com_br_quem-somos_enxofre--b17b9001/page-catalog.json
2026-07-01 15:37:31 | INFO | SUCCESS: https://petrobras.com.br/quem-somos/enxofre
2026-07-01 15:37:31 | INFO | PROGRESS: 150/249 analyzed (60% checklist complete) | 150 ok, 0 failed, 0 skipped | ~29 min remaining
2026-07-01 15:37:31 | INFO | [154/249] Processing: https://petrobras.com.br/quem-somos/gas-natural
2026-07-01 15:37:31 | INFO | Generated slug: petrobras_com_br_quem-somos_gas-natural--ae1cfbc1
2026-07-01 15:37:31 | INFO | Starting analysis: https://petrobras.com.br/quem-somos/gas-natural -> /workspace/catalog/.pages/petrobras_com_br_quem-somos_gas-natural--ae1cfbc1
2026-07-01 15:37:32 | INFO | Loading: https://petrobras.com.br/quem-somos/gas-natural
2026-07-01 15:37:32 | INFO |    Top-section: 7 rows via title
2026-07-01 15:37:32 | INFO |    Body start: y=175 (start row 7 via below-title)
2026-07-01 15:37:32 | INFO | URL Pattern: /quem-somos/gasolina
2026-07-01 15:37:32 | INFO | Page catalog complete: /workspace/catalog/.pages/petrobras_com_br_quem-somos_gasolina--5a807921/page-catalog.json
2026-07-01 15:37:32 | INFO | SUCCESS: https://petrobras.com.br/quem-somos/gasolina
2026-07-01 15:37:32 | INFO | [155/249] Processing: https://petrobras.com.br/quem-somos/gas-natural-veicular
2026-07-01 15:37:32 | INFO | Generated slug: petrobras_com_br_quem-somos_gas-natural-veicular--7172a451
2026-07-01 15:37:32 | INFO | Starting analysis: https://petrobras.com.br/quem-somos/gas-natural-veicular -> /workspace/catalog/.pages/petrobras_com_br_quem-somos_gas-natural-veicular--7172a451
2026-07-01 15:37:32 | INFO | Loading: https://petrobras.com.br/quem-somos/gas-natural-veicular
2026-07-01 15:37:33 | INFO | [156/249] Processing: https://petrobras.com.br/quem-somos/oleo-basico-lubrificante
2026-07-01 15:37:33 | INFO | Generated slug: petrobras_com_br_quem-somos_oleo-basico-lubrificante--57c5f26d
2026-07-01 15:37:33 | INFO | Starting analysis: https://petrobras.com.br/quem-somos/oleo-basico-lubrificante -> /workspace/catalog/.pages/petrobras_com_br_quem-somos_oleo-basico-lubrificante--57c5f26d
2026-07-01 15:37:33 | INFO | Loading: https://petrobras.com.br/quem-somos/oleo-basico-lubrificante
2026-07-01 15:37:35 | INFO | Phase 0A: Triggering lazy-loaded content...
2026-07-01 15:37:35 | INFO | Phase 0A: Triggering lazy-loaded content...
2026-07-01 15:37:36 | INFO | Removed 7 elements: overlay, popup
📐 Detecting header/footer for this page...
2026-07-01 15:37:36 | INFO | Template - Reused saved footer selector on current page
2026-07-01 15:37:36 | INFO | Header: complex complexity, 4 features
2026-07-01 15:37:36 | INFO | Footer: simple complexity, 0 features
2026-07-01 15:37:36 | INFO | Phase 2: Identifying main content area...
2026-07-01 15:37:36 | INFO | Main content: #main-content
2026-07-01 15:37:36 | INFO | Phase 3: Detecting blocks...
2026-07-01 15:37:36 | WARNING | Blocks - 55% of blocks are unknown - site uses non-EDS patterns
2026-07-01 15:37:36 | INFO | Phase 4: Capturing block screenshots...
2026-07-01 15:37:36 | INFO | Lazy-load scroll complete
2026-07-01 15:37:36 | INFO | Phase 0B: Cleaning up overlays...
2026-07-01 15:37:37 | INFO | Phase 0A: Triggering lazy-loaded content...
2026-07-01 15:37:37 | INFO | Lazy-load scroll complete
2026-07-01 15:37:37 | INFO | Phase 0B: Cleaning up overlays...
2026-07-01 15:37:38 | INFO | Captured 11 block screenshots
2026-07-01 15:37:38 | INFO | Detected 11 blocks
2026-07-01 15:37:38 | INFO | Generating fingerprints for template discovery...
2026-07-01 15:37:39 | INFO | Lazy-load scroll complete
2026-07-01 15:37:39 | INFO | Phase 0B: Cleaning up overlays...
2026-07-01 15:37:40 | INFO |    Top-section: 13 rows via title
2026-07-01 15:37:40 | INFO |    Body start: y=325 (start row 13 via below-title)
2026-07-01 15:37:40 | INFO | URL Pattern: /quem-somos/gasolina-podium
2026-07-01 15:37:40 | INFO | Page catalog complete: /workspace/catalog/.pages/petrobras_com_br_quem-somos_gasolina-podium--11a9615e/page-catalog.json
2026-07-01 15:37:40 | INFO | SUCCESS: https://petrobras.com.br/quem-somos/gasolina-podium
2026-07-01 15:37:42 | INFO | [157/249] Processing: https://petrobras.com.br/quem-somos/oleo-diesel
2026-07-01 15:37:42 | INFO | Generated slug: petrobras_com_br_quem-somos_oleo-diesel--b62014df
2026-07-01 15:37:42 | INFO | Starting analysis: https://petrobras.com.br/quem-somos/oleo-diesel -> /workspace/catalog/.pages/petrobras_com_br_quem-somos_oleo-diesel--b62014df
2026-07-01 15:37:42 | INFO | Loading: https://petrobras.com.br/quem-somos/oleo-diesel
2026-07-01 15:37:42 | INFO | Removed 5 elements: overlay, popup
📐 Detecting header/footer for this page...
2026-07-01 15:37:42 | INFO | Template - Reused saved footer selector on current page
2026-07-01 15:37:42 | INFO | Header: complex complexity, 4 features
2026-07-01 15:37:42 | INFO | Footer: simple complexity, 0 features
2026-07-01 15:37:42 | INFO | Phase 2: Identifying main content area...
2026-07-01 15:37:42 | INFO | Main content: #main-content
2026-07-01 15:37:42 | INFO | Phase 3: Detecting blocks...
2026-07-01 15:37:42 | WARNING | Blocks - 50% of blocks are unknown - site uses non-EDS patterns
2026-07-01 15:37:42 | INFO | Phase 4: Capturing block screenshots...
2026-07-01 15:37:44 | INFO | Captured 14 block screenshots
2026-07-01 15:37:44 | INFO | Detected 14 blocks
2026-07-01 15:37:44 | INFO | Generating fingerprints for template discovery...
2026-07-01 15:37:46 | INFO | Phase 0A: Triggering lazy-loaded content...
2026-07-01 15:37:47 | INFO |    Top-section: 13 rows via title
2026-07-01 15:37:47 | INFO |    Body start: y=325 (start row 13 via below-title)
2026-07-01 15:37:47 | INFO | URL Pattern: /quem-somos/gas-liquefeito-de-petroleo
2026-07-01 15:37:47 | INFO | Page catalog complete: /workspace/catalog/.pages/petrobras_com_br_quem-somos_gas-liquefeito-de-petroleo--b7f837df/page-catalog.json
2026-07-01 15:37:47 | INFO | SUCCESS: https://petrobras.com.br/quem-somos/gas-liquefeito-de-petroleo
2026-07-01 15:37:48 | INFO | Lazy-load scroll complete
2026-07-01 15:37:48 | INFO | Phase 0B: Cleaning up overlays...
2026-07-01 15:37:48 | INFO | [158/249] Processing: https://petrobras.com.br/quem-somos/oleos-combustiveis
2026-07-01 15:37:48 | INFO | Generated slug: petrobras_com_br_quem-somos_oleos-combustiveis--d3337edf
2026-07-01 15:37:48 | INFO | Starting analysis: https://petrobras.com.br/quem-somos/oleos-combustiveis -> /workspace/catalog/.pages/petrobras_com_br_quem-somos_oleos-combustiveis--d3337edf
2026-07-01 15:37:48 | INFO | Loading: https://petrobras.com.br/quem-somos/oleos-combustiveis
2026-07-01 15:37:52 | INFO | Phase 0A: Triggering lazy-loaded content...
2026-07-01 15:37:54 | INFO | Lazy-load scroll complete
2026-07-01 15:37:54 | INFO | Phase 0B: Cleaning up overlays...
2026-07-01 15:38:08 | INFO | Removed 5 elements: overlay, popup
📐 Detecting header/footer for this page...
2026-07-01 15:38:08 | INFO | Template - Reused saved footer selector on current page
2026-07-01 15:38:08 | INFO | Header: complex complexity, 4 features
2026-07-01 15:38:08 | INFO | Footer: simple complexity, 0 features
2026-07-01 15:38:08 | INFO | Phase 2: Identifying main content area...
2026-07-01 15:38:08 | INFO | Main content: #main-content
2026-07-01 15:38:08 | INFO | Phase 3: Detecting blocks...
2026-07-01 15:38:08 | INFO | Phase 4: Capturing block screenshots...
2026-07-01 15:38:09 | INFO | Removed 5 elements: overlay, popup
📐 Detecting header/footer for this page...
2026-07-01 15:38:09 | INFO | Template - Reused saved footer selector on current page
2026-07-01 15:38:09 | INFO | Header: complex complexity, 4 features
2026-07-01 15:38:09 | INFO | Footer: simple complexity, 0 features
2026-07-01 15:38:09 | INFO | Phase 2: Identifying main content area...
2026-07-01 15:38:09 | INFO | Main content: #main-content
2026-07-01 15:38:09 | INFO | Phase 3: Detecting blocks...
2026-07-01 15:38:09 | INFO | Phase 4: Capturing block screenshots...
2026-07-01 15:38:09 | INFO | Captured 5 block screenshots
2026-07-01 15:38:09 | INFO | Detected 5 blocks
2026-07-01 15:38:09 | INFO | Generating fingerprints for template discovery...
2026-07-01 15:38:10 | INFO | Captured 10 block screenshots
2026-07-01 15:38:10 | INFO | Detected 10 blocks
2026-07-01 15:38:10 | INFO | Generating fingerprints for template discovery...
2026-07-01 15:38:10 | INFO | Removed 5 elements: overlay, popup
📐 Detecting header/footer for this page...
2026-07-01 15:38:10 | INFO | Template - Reused saved footer selector on current page
2026-07-01 15:38:10 | INFO | Header: complex complexity, 4 features
2026-07-01 15:38:10 | INFO | Footer: simple complexity, 0 features
2026-07-01 15:38:10 | INFO | Phase 2: Identifying main content area...
2026-07-01 15:38:10 | INFO | Main content: #main-content
2026-07-01 15:38:10 | INFO | Phase 3: Detecting blocks...
2026-07-01 15:38:10 | WARNING | Blocks - 90% of blocks are unknown - site uses non-EDS patterns
2026-07-01 15:38:10 | INFO | Phase 4: Capturing block screenshots...
2026-07-01 15:38:11 | INFO |    Top-section: 13 rows via title
2026-07-01 15:38:11 | INFO |    Body start: y=325 (start row 13 via below-title)
2026-07-01 15:38:11 | INFO | URL Pattern: /quem-somos/gas-natural
2026-07-01 15:38:11 | INFO | Page catalog complete: /workspace/catalog/.pages/petrobras_com_br_quem-somos_gas-natural--ae1cfbc1/page-catalog.json
2026-07-01 15:38:11 | INFO | SUCCESS: https://petrobras.com.br/quem-somos/gas-natural
2026-07-01 15:38:12 | INFO | Captured 10 block screenshots
2026-07-01 15:38:12 | INFO | Detected 10 blocks
2026-07-01 15:38:12 | INFO | Generating fingerprints for template discovery...
2026-07-01 15:38:13 | INFO |    Top-section: 13 rows via title
2026-07-01 15:38:13 | INFO |    Body start: y=325 (start row 13 via below-title)
2026-07-01 15:38:13 | INFO | URL Pattern: /quem-somos/gas-natural-veicular
2026-07-01 15:38:13 | INFO | Page catalog complete: /workspace/catalog/.pages/petrobras_com_br_quem-somos_gas-natural-veicular--7172a451/page-catalog.json
2026-07-01 15:38:13 | INFO | SUCCESS: https://petrobras.com.br/quem-somos/gas-natural-veicular
2026-07-01 15:38:13 | INFO | PROGRESS: 155/249 analyzed (62% checklist complete) | 155 ok, 0 failed, 0 skipped | ~27 min remaining
2026-07-01 15:38:13 | INFO | [159/249] Processing: https://petrobras.com.br/quem-somos/raro-petrobras
2026-07-01 15:38:13 | INFO | Generated slug: petrobras_com_br_quem-somos_raro-petrobras--b6cbc77c
2026-07-01 15:38:13 | INFO | Starting analysis: https://petrobras.com.br/quem-somos/raro-petrobras -> /workspace/catalog/.pages/petrobras_com_br_quem-somos_raro-petrobras--b6cbc77c
2026-07-01 15:38:13 | INFO | Loading: https://petrobras.com.br/quem-somos/raro-petrobras
2026-07-01 15:38:14 | INFO | [160/249] Processing: https://petrobras.com.br/quem-somos/parafina
2026-07-01 15:38:14 | INFO | Generated slug: petrobras_com_br_quem-somos_parafina--d004bb1a
2026-07-01 15:38:14 | INFO | Starting analysis: https://petrobras.com.br/quem-somos/parafina -> /workspace/catalog/.pages/petrobras_com_br_quem-somos_parafina--d004bb1a
2026-07-01 15:38:14 | INFO | Loading: https://petrobras.com.br/quem-somos/parafina
2026-07-01 15:38:14 | INFO |    Top-section: 20 rows via title
2026-07-01 15:38:14 | INFO |    Body start: y=500 (start row 20 via below-title)
2026-07-01 15:38:14 | INFO | URL Pattern: /quem-somos/oleo-basico-lubrificante
2026-07-01 15:38:14 | INFO | Page catalog complete: /workspace/catalog/.pages/petrobras_com_br_quem-somos_oleo-basico-lubrificante--57c5f26d/page-catalog.json
2026-07-01 15:38:14 | INFO | SUCCESS: https://petrobras.com.br/quem-somos/oleo-basico-lubrificante
2026-07-01 15:38:16 | INFO | [161/249] Processing: https://petrobras.com.br/quem-somos/tipos-de-fertilizantes
2026-07-01 15:38:16 | INFO | Generated slug: petrobras_com_br_quem-somos_tipos-de-fertilizantes--1f71f494
2026-07-01 15:38:16 | INFO | Starting analysis: https://petrobras.com.br/quem-somos/tipos-de-fertilizantes -> /workspace/catalog/.pages/petrobras_com_br_quem-somos_tipos-de-fertilizantes--1f71f494
2026-07-01 15:38:16 | INFO | Loading: https://petrobras.com.br/quem-somos/tipos-de-fertilizantes
2026-07-01 15:38:16 | INFO | Phase 0A: Triggering lazy-loaded content...
2026-07-01 15:38:18 | INFO | Phase 0A: Triggering lazy-loaded content...
2026-07-01 15:38:18 | INFO | Lazy-load scroll complete
2026-07-01 15:38:18 | INFO | Phase 0B: Cleaning up overlays...
2026-07-01 15:38:19 | INFO | Phase 0A: Triggering lazy-loaded content...
2026-07-01 15:38:20 | INFO | Removed 5 elements: overlay, popup
📐 Detecting header/footer for this page...
2026-07-01 15:38:20 | INFO | Template - Reused saved footer selector on current page
2026-07-01 15:38:20 | INFO | Header: complex complexity, 4 features
2026-07-01 15:38:20 | INFO | Footer: simple complexity, 0 features
2026-07-01 15:38:20 | INFO | Phase 2: Identifying main content area...
2026-07-01 15:38:20 | INFO | Main content: #main-content
2026-07-01 15:38:20 | INFO | Phase 3: Detecting blocks...
2026-07-01 15:38:20 | INFO | Lazy-load scroll complete
2026-07-01 15:38:20 | INFO | Phase 0B: Cleaning up overlays...
2026-07-01 15:38:20 | WARNING | Blocks - 60% of blocks are unknown - site uses non-EDS patterns
2026-07-01 15:38:20 | INFO | Phase 4: Capturing block screenshots...
2026-07-01 15:38:22 | INFO | Captured 15 block screenshots
2026-07-01 15:38:22 | INFO | Detected 15 blocks
2026-07-01 15:38:22 | INFO | Generating fingerprints for template discovery...
2026-07-01 15:38:22 | INFO | Lazy-load scroll complete
2026-07-01 15:38:22 | INFO | Phase 0B: Cleaning up overlays...
2026-07-01 15:38:24 | INFO |    Top-section: 13 rows via title
2026-07-01 15:38:24 | INFO |    Body start: y=325 (start row 13 via below-title)
2026-07-01 15:38:24 | INFO | URL Pattern: /quem-somos/oleo-diesel
2026-07-01 15:38:24 | INFO | Page catalog complete: /workspace/catalog/.pages/petrobras_com_br_quem-somos_oleo-diesel--b62014df/page-catalog.json
2026-07-01 15:38:24 | INFO | SUCCESS: https://petrobras.com.br/quem-somos/oleo-diesel
2026-07-01 15:38:26 | INFO | Removed 5 elements: overlay, popup
📐 Detecting header/footer for this page...
2026-07-01 15:38:26 | INFO | Template - Reused saved footer selector on current page
2026-07-01 15:38:26 | INFO | Header: complex complexity, 4 features
2026-07-01 15:38:26 | INFO | Footer: simple complexity, 0 features
2026-07-01 15:38:26 | INFO | Phase 2: Identifying main content area...
2026-07-01 15:38:26 | INFO | Main content: #main-content
2026-07-01 15:38:26 | INFO | [162/249] Processing: https://petrobras.com.br/quem-somos/liderancas
2026-07-01 15:38:26 | INFO | Generated slug: petrobras_com_br_quem-somos_liderancas--ce7f6fab
2026-07-01 15:38:26 | INFO | Starting analysis: https://petrobras.com.br/quem-somos/liderancas -> /workspace/catalog/.pages/petrobras_com_br_quem-somos_liderancas--ce7f6fab
2026-07-01 15:38:26 | INFO | Loading: https://petrobras.com.br/quem-somos/liderancas
2026-07-01 15:38:26 | INFO | Phase 3: Detecting blocks...
2026-07-01 15:38:26 | WARNING | Blocks - 50% of blocks are unknown - site uses non-EDS patterns
2026-07-01 15:38:26 | INFO | Phase 4: Capturing block screenshots...
2026-07-01 15:38:27 | INFO | Captured 10 block screenshots
2026-07-01 15:38:27 | INFO | Detected 10 blocks
2026-07-01 15:38:27 | INFO | Generating fingerprints for template discovery...
2026-07-01 15:38:30 | INFO | Phase 0A: Triggering lazy-loaded content...
2026-07-01 15:38:30 | INFO |    Top-section: 13 rows via title
2026-07-01 15:38:30 | INFO |    Body start: y=325 (start row 13 via below-title)
2026-07-01 15:38:30 | INFO | URL Pattern: /quem-somos/oleos-combustiveis
2026-07-01 15:38:30 | INFO | Page catalog complete: /workspace/catalog/.pages/petrobras_com_br_quem-somos_oleos-combustiveis--d3337edf/page-catalog.json
2026-07-01 15:38:30 | INFO | SUCCESS: https://petrobras.com.br/quem-somos/oleos-combustiveis
2026-07-01 15:38:31 | INFO | [163/249] Processing: https://petrobras.com.br/quem-somos/carreiras
2026-07-01 15:38:31 | INFO | Generated slug: petrobras_com_br_quem-somos_carreiras--85bc7e47
2026-07-01 15:38:31 | INFO | Starting analysis: https://petrobras.com.br/quem-somos/carreiras -> /workspace/catalog/.pages/petrobras_com_br_quem-somos_carreiras--85bc7e47
2026-07-01 15:38:31 | INFO | Loading: https://petrobras.com.br/quem-somos/carreiras
2026-07-01 15:38:32 | INFO | Lazy-load scroll complete
2026-07-01 15:38:32 | INFO | Phase 0B: Cleaning up overlays...
2026-07-01 15:38:35 | INFO | Phase 0A: Triggering lazy-loaded content...
2026-07-01 15:38:37 | INFO | Lazy-load scroll complete
2026-07-01 15:38:37 | INFO | Phase 0B: Cleaning up overlays...
2026-07-01 15:38:50 | INFO | Removed 5 elements: overlay, popup
📐 Detecting header/footer for this page...
2026-07-01 15:38:50 | INFO | Template - Reused saved footer selector on current page
2026-07-01 15:38:50 | INFO | Header: complex complexity, 4 features
2026-07-01 15:38:50 | INFO | Footer: simple complexity, 0 features
2026-07-01 15:38:50 | INFO | Phase 2: Identifying main content area...
2026-07-01 15:38:50 | INFO | Main content: #main-content
2026-07-01 15:38:50 | INFO | Phase 3: Detecting blocks...
2026-07-01 15:38:50 | WARNING | Blocks - 67% of blocks are unknown - site uses non-EDS patterns
2026-07-01 15:38:50 | INFO | Phase 4: Capturing block screenshots...
2026-07-01 15:38:51 | INFO | Removed 5 elements: overlay, popup
📐 Detecting header/footer for this page...
2026-07-01 15:38:51 | INFO | Captured 6 block screenshots
2026-07-01 15:38:51 | INFO | Detected 6 blocks
2026-07-01 15:38:51 | INFO | Generating fingerprints for template discovery...
2026-07-01 15:38:51 | INFO | Template - Reused saved footer selector on current page
2026-07-01 15:38:51 | INFO | Header: complex complexity, 4 features
2026-07-01 15:38:51 | INFO | Footer: simple complexity, 0 features
2026-07-01 15:38:51 | INFO | Phase 2: Identifying main content area...
2026-07-01 15:38:51 | INFO | Main content: #main-content
2026-07-01 15:38:51 | INFO | Phase 3: Detecting blocks...
2026-07-01 15:38:51 | WARNING | Blocks - 57% of blocks are unknown - site uses non-EDS patterns
2026-07-01 15:38:51 | INFO | Phase 4: Capturing block screenshots...
2026-07-01 15:38:52 | INFO | Captured 7 block screenshots
2026-07-01 15:38:52 | INFO | Detected 7 blocks
2026-07-01 15:38:52 | INFO | Generating fingerprints for template discovery...
2026-07-01 15:38:53 | INFO | Removed 5 elements: overlay, popup
📐 Detecting header/footer for this page...
2026-07-01 15:38:53 | INFO | Template - Reused saved footer selector on current page
2026-07-01 15:38:53 | INFO | Header: complex complexity, 4 features
2026-07-01 15:38:53 | INFO | Footer: simple complexity, 0 features
2026-07-01 15:38:53 | INFO | Phase 2: Identifying main content area...
2026-07-01 15:38:53 | INFO | Main content: #main-content
2026-07-01 15:38:53 | INFO |    Top-section: 17 rows via title
2026-07-01 15:38:53 | INFO |    Body start: y=425 (start row 17 via below-title)
2026-07-01 15:38:53 | INFO | URL Pattern: /quem-somos/raro-petrobras
2026-07-01 15:38:53 | INFO | Page catalog complete: /workspace/catalog/.pages/petrobras_com_br_quem-somos_raro-petrobras--b6cbc77c/page-catalog.json
2026-07-01 15:38:53 | INFO | SUCCESS: https://petrobras.com.br/quem-somos/raro-petrobras
2026-07-01 15:38:53 | INFO | Phase 3: Detecting blocks...
2026-07-01 15:38:53 | WARNING | Blocks - 80% of blocks are unknown - site uses non-EDS patterns
2026-07-01 15:38:53 | INFO | Phase 4: Capturing block screenshots...
2026-07-01 15:38:55 | INFO |    Top-section: 13 rows via title
2026-07-01 15:38:55 | INFO |    Body start: y=325 (start row 13 via below-title)
2026-07-01 15:38:55 | INFO | URL Pattern: /quem-somos/parafina
2026-07-01 15:38:55 | INFO | Page catalog complete: /workspace/catalog/.pages/petrobras_com_br_quem-somos_parafina--d004bb1a/page-catalog.json
2026-07-01 15:38:55 | INFO | SUCCESS: https://petrobras.com.br/quem-somos/parafina
2026-07-01 15:38:55 | INFO | PROGRESS: 160/249 analyzed (64% checklist complete) | 160 ok, 0 failed, 0 skipped | ~25 min remaining
2026-07-01 15:38:55 | INFO | [164/249] Processing: https://petrobras.com.br/quem-somos/jovem-aprendiz
2026-07-01 15:38:55 | INFO | Generated slug: petrobras_com_br_quem-somos_jovem-aprendiz--44a7d26e
2026-07-01 15:38:55 | INFO | Starting analysis: https://petrobras.com.br/quem-somos/jovem-aprendiz -> /workspace/catalog/.pages/petrobras_com_br_quem-somos_jovem-aprendiz--44a7d26e
2026-07-01 15:38:55 | INFO | Loading: https://petrobras.com.br/quem-somos/jovem-aprendiz
2026-07-01 15:38:56 | INFO | Captured 20 block screenshots
2026-07-01 15:38:56 | INFO | Detected 20 blocks
2026-07-01 15:38:56 | INFO | Generating fingerprints for template discovery...
2026-07-01 15:38:56 | INFO | [165/249] Processing: https://petrobras.com.br/quem-somos/concursos
2026-07-01 15:38:56 | INFO | Generated slug: petrobras_com_br_quem-somos_concursos--30749157
2026-07-01 15:38:56 | INFO | Starting analysis: https://petrobras.com.br/quem-somos/concursos -> /workspace/catalog/.pages/petrobras_com_br_quem-somos_concursos--30749157
2026-07-01 15:38:56 | INFO | Loading: https://petrobras.com.br/quem-somos/concursos
2026-07-01 15:38:58 | INFO |    Top-section: 7 rows via title
2026-07-01 15:38:58 | INFO |    Body start: y=175 (start row 7 via below-title)
2026-07-01 15:38:58 | INFO | URL Pattern: /quem-somos/tipos-de-fertilizantes
2026-07-01 15:38:58 | INFO | Page catalog complete: /workspace/catalog/.pages/petrobras_com_br_quem-somos_tipos-de-fertilizantes--1f71f494/page-catalog.json
2026-07-01 15:38:58 | INFO | SUCCESS: https://petrobras.com.br/quem-somos/tipos-de-fertilizantes
2026-07-01 15:38:59 | INFO | Phase 0A: Triggering lazy-loaded content...
2026-07-01 15:39:00 | INFO | [166/249] Processing: https://petrobras.com.br/quem-somos/estagios
2026-07-01 15:39:00 | INFO | Generated slug: petrobras_com_br_quem-somos_estagios--e55fc8bd
2026-07-01 15:39:00 | INFO | Starting analysis: https://petrobras.com.br/quem-somos/estagios -> /workspace/catalog/.pages/petrobras_com_br_quem-somos_estagios--e55fc8bd
2026-07-01 15:39:00 | INFO | Loading: https://petrobras.com.br/quem-somos/estagios
2026-07-01 15:39:00 | INFO | Phase 0A: Triggering lazy-loaded content...
2026-07-01 15:39:01 | INFO | Lazy-load scroll complete
2026-07-01 15:39:01 | INFO | Phase 0B: Cleaning up overlays...
2026-07-01 15:39:03 | INFO | Removed 13 elements: overlay, popup
📐 Detecting header/footer for this page...
2026-07-01 15:39:03 | INFO | Template - Reused saved header selector on current page
2026-07-01 15:39:03 | INFO | Template - Reused saved footer selector on current page
2026-07-01 15:39:03 | INFO | Header: complex complexity, 3 features
2026-07-01 15:39:03 | INFO | Footer: simple complexity, 0 features
2026-07-01 15:39:03 | INFO | Phase 2: Identifying main content area...
2026-07-01 15:39:03 | INFO | Main content: #main-content
2026-07-01 15:39:03 | INFO | Phase 3: Detecting blocks...
2026-07-01 15:39:03 | INFO | Lazy-load scroll complete
2026-07-01 15:39:03 | INFO | Phase 0B: Cleaning up overlays...
2026-07-01 15:39:03 | INFO | Phase 4: Capturing block screenshots...
2026-07-01 15:39:03 | INFO | Phase 0A: Triggering lazy-loaded content...
2026-07-01 15:39:06 | INFO | Lazy-load scroll complete
2026-07-01 15:39:06 | INFO | Phase 0B: Cleaning up overlays...
2026-07-01 15:39:08 | INFO | Removed 15 elements: overlay, popup
📐 Detecting header/footer for this page...
2026-07-01 15:39:08 | INFO | Template - Reused saved header selector on current page
2026-07-01 15:39:08 | INFO | Template - Reused saved footer selector on current page
2026-07-01 15:39:08 | INFO | Header: complex complexity, 3 features
2026-07-01 15:39:08 | INFO | Footer: simple complexity, 0 features
2026-07-01 15:39:08 | INFO | Phase 2: Identifying main content area...
2026-07-01 15:39:08 | INFO | Main content: #main-content
2026-07-01 15:39:08 | INFO | Phase 3: Detecting blocks...
2026-07-01 15:39:08 | INFO | Phase 4: Capturing block screenshots...
2026-07-01 15:39:09 | INFO | Captured 78 block screenshots
2026-07-01 15:39:09 | INFO | Detected 78 blocks
2026-07-01 15:39:09 | INFO | Generating fingerprints for template discovery...
2026-07-01 15:39:10 | INFO | Captured 12 block screenshots
2026-07-01 15:39:10 | INFO | Detected 12 blocks
2026-07-01 15:39:10 | INFO | Generating fingerprints for template discovery...
2026-07-01 15:39:12 | INFO |    Top-section: 31 rows via title+placeholder
2026-07-01 15:39:12 | INFO |    Body start: y=775 (start row 31 via below-title+placeholder)
2026-07-01 15:39:12 | INFO | URL Pattern: /quem-somos/liderancas
2026-07-01 15:39:12 | INFO | Page catalog complete: /workspace/catalog/.pages/petrobras_com_br_quem-somos_liderancas--ce7f6fab/page-catalog.json
2026-07-01 15:39:12 | INFO | SUCCESS: https://petrobras.com.br/quem-somos/liderancas
2026-07-01 15:39:13 | INFO |    Top-section: 31 rows via title+placeholder
2026-07-01 15:39:13 | INFO |    Body start: y=775 (start row 31 via below-title+placeholder)
2026-07-01 15:39:13 | INFO | URL Pattern: /quem-somos/carreiras
2026-07-01 15:39:13 | INFO | Page catalog complete: /workspace/catalog/.pages/petrobras_com_br_quem-somos_carreiras--85bc7e47/page-catalog.json
2026-07-01 15:39:13 | INFO | SUCCESS: https://petrobras.com.br/quem-somos/carreiras
2026-07-01 15:39:13 | INFO | [167/249] Processing: https://petrobras.com.br/quem-somos/como-trabalhamos
2026-07-01 15:39:13 | INFO | Generated slug: petrobras_com_br_quem-somos_como-trabalhamos--e2ed158f
2026-07-01 15:39:13 | INFO | Starting analysis: https://petrobras.com.br/quem-somos/como-trabalhamos -> /workspace/catalog/.pages/petrobras_com_br_quem-somos_como-trabalhamos--e2ed158f
2026-07-01 15:39:13 | INFO | Loading: https://petrobras.com.br/quem-somos/como-trabalhamos
2026-07-01 15:39:14 | INFO | [168/249] Processing: https://petrobras.com.br/quem-somos/autonomia-e-renda
2026-07-01 15:39:14 | INFO | Generated slug: petrobras_com_br_quem-somos_autonomia-e-renda--a406b194
2026-07-01 15:39:14 | INFO | Starting analysis: https://petrobras.com.br/quem-somos/autonomia-e-renda -> /workspace/catalog/.pages/petrobras_com_br_quem-somos_autonomia-e-renda--a406b194
2026-07-01 15:39:14 | INFO | Loading: https://petrobras.com.br/quem-somos/autonomia-e-renda
2026-07-01 15:39:17 | INFO | Phase 0A: Triggering lazy-loaded content...
2026-07-01 15:39:18 | INFO | Phase 0A: Triggering lazy-loaded content...
2026-07-01 15:39:19 | INFO | Lazy-load scroll complete
2026-07-01 15:39:19 | INFO | Phase 0B: Cleaning up overlays...
2026-07-01 15:39:20 | INFO | Lazy-load scroll complete
2026-07-01 15:39:20 | INFO | Phase 0B: Cleaning up overlays...
2026-07-01 15:39:33 | INFO | Removed 5 elements: overlay, popup
📐 Detecting header/footer for this page...
2026-07-01 15:39:33 | INFO | Template - Reused saved footer selector on current page
2026-07-01 15:39:33 | INFO | Header: complex complexity, 4 features
2026-07-01 15:39:33 | INFO | Footer: simple complexity, 0 features
2026-07-01 15:39:33 | INFO | Phase 2: Identifying main content area...
2026-07-01 15:39:33 | INFO | Main content: #main-content
2026-07-01 15:39:33 | INFO | Phase 3: Detecting blocks...
2026-07-01 15:39:33 | INFO | Phase 4: Capturing block screenshots...
2026-07-01 15:39:34 | INFO | Removed 5 elements: overlay, popup
📐 Detecting header/footer for this page...
2026-07-01 15:39:34 | INFO | Template - Reused saved footer selector on current page
2026-07-01 15:39:34 | INFO | Header: complex complexity, 4 features
2026-07-01 15:39:34 | INFO | Footer: simple complexity, 0 features
2026-07-01 15:39:34 | INFO | Phase 2: Identifying main content area...
2026-07-01 15:39:34 | INFO | Main content: #main-content
2026-07-01 15:39:34 | INFO | Phase 3: Detecting blocks...
2026-07-01 15:39:34 | INFO | Phase 4: Capturing block screenshots...
2026-07-01 15:39:35 | INFO | Captured 14 block screenshots
2026-07-01 15:39:35 | INFO | Detected 14 blocks
2026-07-01 15:39:35 | INFO | Generating fingerprints for template discovery...
2026-07-01 15:39:36 | WARNING | Screenshots - Block not visible: accordion-5bd1aedb
2026-07-01 15:39:36 | WARNING | Screenshots - Block not visible: accordion-5bd1ae7e
2026-07-01 15:39:37 | INFO | Removed 5 elements: overlay, popup
📐 Detecting header/footer for this page...
2026-07-01 15:39:37 | INFO | Template - Reused saved footer selector on current page
2026-07-01 15:39:37 | INFO | Header: complex complexity, 4 features
2026-07-01 15:39:37 | INFO | Footer: simple complexity, 0 features
2026-07-01 15:39:37 | INFO | Phase 2: Identifying main content area...
2026-07-01 15:39:37 | INFO | Main content: #main-content
2026-07-01 15:39:37 | INFO | Phase 3: Detecting blocks...
2026-07-01 15:39:37 | INFO | Phase 4: Capturing block screenshots...
2026-07-01 15:39:37 | INFO |    Top-section: 15 rows via title
2026-07-01 15:39:37 | INFO |    Body start: y=375 (start row 15 via below-title)
2026-07-01 15:39:37 | INFO | URL Pattern: /quem-somos/jovem-aprendiz
2026-07-01 15:39:37 | INFO | Page catalog complete: /workspace/catalog/.pages/petrobras_com_br_quem-somos_jovem-aprendiz--44a7d26e/page-catalog.json
2026-07-01 15:39:37 | INFO | SUCCESS: https://petrobras.com.br/quem-somos/jovem-aprendiz
2026-07-01 15:39:38 | WARNING | Screenshots - Block not visible: accordion-1e6427a3
2026-07-01 15:39:39 | INFO | Captured 12 block screenshots
2026-07-01 15:39:39 | INFO | Detected 12 blocks
2026-07-01 15:39:39 | INFO | Generating fingerprints for template discovery...
2026-07-01 15:39:39 | INFO | Captured 48 block screenshots
2026-07-01 15:39:39 | INFO | Detected 51 blocks
2026-07-01 15:39:39 | INFO | Generating fingerprints for template discovery...
2026-07-01 15:39:39 | INFO | [169/249] Processing: https://petrobras.com.br/quem-somos/diesel-r5
2026-07-01 15:39:39 | INFO | Generated slug: petrobras_com_br_quem-somos_diesel-r5--634373ab
2026-07-01 15:39:39 | INFO | Starting analysis: https://petrobras.com.br/quem-somos/diesel-r5 -> /workspace/catalog/.pages/petrobras_com_br_quem-somos_diesel-r5--634373ab
2026-07-01 15:39:39 | INFO | Loading: https://petrobras.com.br/quem-somos/diesel-r5
2026-07-01 15:39:41 | INFO |    Top-section: 13 rows via title
2026-07-01 15:39:41 | INFO |    Body start: y=325 (start row 13 via below-title)
2026-07-01 15:39:41 | INFO | URL Pattern: /quem-somos/estagios
2026-07-01 15:39:41 | INFO | Page catalog complete: /workspace/catalog/.pages/petrobras_com_br_quem-somos_estagios--e55fc8bd/page-catalog.json
2026-07-01 15:39:41 | INFO | SUCCESS: https://petrobras.com.br/quem-somos/estagios
2026-07-01 15:39:41 | INFO | PROGRESS: 165/249 analyzed (66% checklist complete) | 165 ok, 0 failed, 0 skipped | ~24 min remaining
2026-07-01 15:39:41 | INFO |    Top-section: 13 rows via title
2026-07-01 15:39:41 | INFO |    Body start: y=325 (start row 13 via below-title)
2026-07-01 15:39:41 | INFO | URL Pattern: /quem-somos/concursos
2026-07-01 15:39:41 | INFO | Page catalog complete: /workspace/catalog/.pages/petrobras_com_br_quem-somos_concursos--30749157/page-catalog.json
2026-07-01 15:39:41 | INFO | SUCCESS: https://petrobras.com.br/quem-somos/concursos
2026-07-01 15:39:43 | INFO | Phase 0A: Triggering lazy-loaded content...
2026-07-01 15:39:43 | INFO | [170/249] Processing: https://petrobras.com.br/quem-somos/saf-petrobras
2026-07-01 15:39:43 | INFO | Generated slug: petrobras_com_br_quem-somos_saf-petrobras--efcb3054
2026-07-01 15:39:43 | INFO | Starting analysis: https://petrobras.com.br/quem-somos/saf-petrobras -> /workspace/catalog/.pages/petrobras_com_br_quem-somos_saf-petrobras--efcb3054
2026-07-01 15:39:43 | INFO | Loading: https://petrobras.com.br/quem-somos/saf-petrobras
2026-07-01 15:39:43 | INFO | [171/249] Processing: https://petrobras.com.br/quem-somos/querosene-de-aviacao
2026-07-01 15:39:43 | INFO | Generated slug: petrobras_com_br_quem-somos_querosene-de-aviacao--75d79308
2026-07-01 15:39:43 | INFO | Starting analysis: https://petrobras.com.br/quem-somos/querosene-de-aviacao -> /workspace/catalog/.pages/petrobras_com_br_quem-somos_querosene-de-aviacao--75d79308
2026-07-01 15:39:43 | INFO | Loading: https://petrobras.com.br/quem-somos/querosene-de-aviacao
2026-07-01 15:39:45 | INFO | Lazy-load scroll complete
2026-07-01 15:39:45 | INFO | Phase 0B: Cleaning up overlays...
2026-07-01 15:39:46 | INFO | Phase 0A: Triggering lazy-loaded content...
2026-07-01 15:39:46 | INFO | Phase 0A: Triggering lazy-loaded content...
2026-07-01 15:39:48 | INFO | Lazy-load scroll complete
2026-07-01 15:39:48 | INFO | Phase 0B: Cleaning up overlays...
2026-07-01 15:39:48 | INFO | Lazy-load scroll complete
2026-07-01 15:39:48 | INFO | Phase 0B: Cleaning up overlays...
2026-07-01 15:39:50 | INFO | Removed 5 elements: overlay, popup
📐 Detecting header/footer for this page...
2026-07-01 15:39:50 | INFO | Template - Reused saved header selector on current page
2026-07-01 15:39:50 | INFO | Template - Reused saved footer selector on current page
2026-07-01 15:39:50 | INFO | Header: complex complexity, 3 features
2026-07-01 15:39:50 | INFO | Footer: simple complexity, 0 features
2026-07-01 15:39:50 | INFO | Phase 2: Identifying main content area...
2026-07-01 15:39:50 | INFO | Main content: #main-content
2026-07-01 15:39:50 | INFO | Phase 3: Detecting blocks...
2026-07-01 15:39:50 | INFO | Phase 4: Capturing block screenshots...
2026-07-01 15:39:51 | INFO | Captured 1 block screenshots
2026-07-01 15:39:51 | INFO | Detected 1 blocks
2026-07-01 15:39:51 | INFO | Generating fingerprints for template discovery...
2026-07-01 15:39:51 | INFO | Removed 5 elements: overlay, popup
📐 Detecting header/footer for this page...
2026-07-01 15:39:51 | INFO | Template - Reused saved header selector on current page
2026-07-01 15:39:51 | INFO | Template - Reused saved footer selector on current page
2026-07-01 15:39:51 | INFO | Header: complex complexity, 3 features
2026-07-01 15:39:51 | INFO | Footer: simple complexity, 0 features
2026-07-01 15:39:51 | INFO | Phase 2: Identifying main content area...
2026-07-01 15:39:51 | INFO | Main content: #main-content
2026-07-01 15:39:51 | INFO | Phase 3: Detecting blocks...
2026-07-01 15:39:51 | INFO | Phase 4: Capturing block screenshots...
2026-07-01 15:39:53 | INFO | Captured 12 block screenshots
2026-07-01 15:39:53 | INFO | Detected 12 blocks
2026-07-01 15:39:53 | INFO | Generating fingerprints for template discovery...
2026-07-01 15:39:53 | INFO |    Top-section: 31 rows via title+placeholder
2026-07-01 15:39:53 | INFO |    Body start: y=775 (start row 31 via below-title+placeholder)
2026-07-01 15:39:53 | INFO | URL Pattern: /quem-somos/como-trabalhamos
2026-07-01 15:39:53 | INFO | Page catalog complete: /workspace/catalog/.pages/petrobras_com_br_quem-somos_como-trabalhamos--e2ed158f/page-catalog.json
2026-07-01 15:39:53 | INFO | SUCCESS: https://petrobras.com.br/quem-somos/como-trabalhamos
2026-07-01 15:39:55 | INFO | [172/249] Processing: https://petrobras.com.br/quem-somos/reach
2026-07-01 15:39:55 | INFO | Generated slug: petrobras_com_br_quem-somos_reach--c577f303
2026-07-01 15:39:55 | INFO | Starting analysis: https://petrobras.com.br/quem-somos/reach -> /workspace/catalog/.pages/petrobras_com_br_quem-somos_reach--c577f303
2026-07-01 15:39:55 | INFO | Loading: https://petrobras.com.br/quem-somos/reach
2026-07-01 15:39:55 | INFO |    Top-section: 31 rows via title+placeholder
2026-07-01 15:39:55 | INFO |    Body start: y=775 (start row 31 via below-title+placeholder)
2026-07-01 15:39:55 | INFO | URL Pattern: /quem-somos/autonomia-e-renda
2026-07-01 15:39:55 | INFO | Page catalog complete: /workspace/catalog/.pages/petrobras_com_br_quem-somos_autonomia-e-renda--a406b194/page-catalog.json
2026-07-01 15:39:55 | INFO | SUCCESS: https://petrobras.com.br/quem-somos/autonomia-e-renda
2026-07-01 15:39:57 | INFO | [173/249] Processing: https://petrobras.com.br/quem-somos/linha-podium
2026-07-01 15:39:57 | INFO | Generated slug: petrobras_com_br_quem-somos_linha-podium--6378fc8c
2026-07-01 15:39:57 | INFO | Starting analysis: https://petrobras.com.br/quem-somos/linha-podium -> /workspace/catalog/.pages/petrobras_com_br_quem-somos_linha-podium--6378fc8c
2026-07-01 15:39:57 | INFO | Loading: https://petrobras.com.br/quem-somos/linha-podium
2026-07-01 15:39:58 | INFO | Phase 0A: Triggering lazy-loaded content...
2026-07-01 15:40:00 | INFO | Phase 0A: Triggering lazy-loaded content...
2026-07-01 15:40:00 | INFO | Lazy-load scroll complete
2026-07-01 15:40:00 | INFO | Phase 0B: Cleaning up overlays...
2026-07-01 15:40:02 | INFO | Lazy-load scroll complete
2026-07-01 15:40:02 | INFO | Phase 0B: Cleaning up overlays...
2026-07-01 15:40:16 | INFO | Removed 5 elements: overlay, popup
📐 Detecting header/footer for this page...
2026-07-01 15:40:16 | INFO | Template - Reused saved footer selector on current page
2026-07-01 15:40:16 | INFO | Header: complex complexity, 4 features
2026-07-01 15:40:16 | INFO | Footer: simple complexity, 0 features
2026-07-01 15:40:16 | INFO | Phase 2: Identifying main content area...
2026-07-01 15:40:16 | INFO | Main content: #main-content
2026-07-01 15:40:17 | INFO | Phase 3: Detecting blocks...
2026-07-01 15:40:17 | WARNING | Blocks - 50% of blocks are unknown - site uses non-EDS patterns
2026-07-01 15:40:17 | INFO | Phase 4: Capturing block screenshots...
2026-07-01 15:40:18 | INFO | Captured 10 block screenshots
2026-07-01 15:40:18 | INFO | Detected 10 blocks
2026-07-01 15:40:18 | INFO | Generating fingerprints for template discovery...
2026-07-01 15:40:19 | INFO | Removed 5 elements: overlay, popup
📐 Detecting header/footer for this page...
2026-07-01 15:40:19 | INFO | Template - Reused saved footer selector on current page
2026-07-01 15:40:19 | INFO | Header: complex complexity, 4 features
2026-07-01 15:40:19 | INFO | Footer: simple complexity, 0 features
2026-07-01 15:40:19 | INFO | Phase 2: Identifying main content area...
2026-07-01 15:40:19 | INFO | Main content: #main-content
2026-07-01 15:40:19 | INFO | Phase 3: Detecting blocks...
2026-07-01 15:40:19 | INFO | Phase 4: Capturing block screenshots...
2026-07-01 15:40:20 | INFO | Removed 5 elements: overlay, popup
📐 Detecting header/footer for this page...
2026-07-01 15:40:20 | INFO | Template - Reused saved footer selector on current page
2026-07-01 15:40:20 | INFO | Header: complex complexity, 4 features
2026-07-01 15:40:20 | INFO | Footer: simple complexity, 0 features
2026-07-01 15:40:20 | INFO | Phase 2: Identifying main content area...
2026-07-01 15:40:20 | INFO | Main content: #main-content
2026-07-01 15:40:20 | INFO | Phase 3: Detecting blocks...
2026-07-01 15:40:20 | INFO | Phase 4: Capturing block screenshots...
2026-07-01 15:40:21 | INFO |    Top-section: 7 rows via title
2026-07-01 15:40:21 | INFO |    Body start: y=175 (start row 7 via below-title)
2026-07-01 15:40:21 | INFO | URL Pattern: /quem-somos/diesel-r5
2026-07-01 15:40:21 | INFO | Page catalog complete: /workspace/catalog/.pages/petrobras_com_br_quem-somos_diesel-r5--634373ab/page-catalog.json
2026-07-01 15:40:21 | INFO | SUCCESS: https://petrobras.com.br/quem-somos/diesel-r5
2026-07-01 15:40:21 | INFO | Captured 8 block screenshots
2026-07-01 15:40:21 | INFO | Detected 8 blocks
2026-07-01 15:40:21 | INFO | Generating fingerprints for template discovery...
2026-07-01 15:40:21 | INFO | Captured 8 block screenshots
2026-07-01 15:40:21 | INFO | Detected 8 blocks
2026-07-01 15:40:21 | INFO | Generating fingerprints for template discovery...
2026-07-01 15:40:22 | INFO | [174/249] Processing: https://petrobras.com.br/quem-somos
2026-07-01 15:40:22 | INFO | Generated slug: petrobras_com_br_quem-somos--3afc6677
2026-07-01 15:40:22 | INFO | Starting analysis: https://petrobras.com.br/quem-somos -> /workspace/catalog/.pages/petrobras_com_br_quem-somos--3afc6677
2026-07-01 15:40:22 | INFO | Loading: https://petrobras.com.br/quem-somos
2026-07-01 15:40:23 | INFO |    Top-section: 13 rows via title
2026-07-01 15:40:23 | INFO |    Body start: y=325 (start row 13 via below-title)
2026-07-01 15:40:23 | INFO | URL Pattern: /quem-somos/saf-petrobras
2026-07-01 15:40:23 | INFO | Page catalog complete: /workspace/catalog/.pages/petrobras_com_br_quem-somos_saf-petrobras--efcb3054/page-catalog.json
2026-07-01 15:40:23 | INFO | SUCCESS: https://petrobras.com.br/quem-somos/saf-petrobras
2026-07-01 15:40:23 | INFO | PROGRESS: 170/249 analyzed (68% checklist complete) | 170 ok, 0 failed, 0 skipped | ~22 min remaining
2026-07-01 15:40:24 | INFO |    Top-section: 13 rows via title
2026-07-01 15:40:24 | INFO |    Body start: y=325 (start row 13 via below-title)
2026-07-01 15:40:24 | INFO | URL Pattern: /quem-somos/querosene-de-aviacao
2026-07-01 15:40:24 | INFO | Page catalog complete: /workspace/catalog/.pages/petrobras_com_br_quem-somos_querosene-de-aviacao--75d79308/page-catalog.json
2026-07-01 15:40:24 | INFO | SUCCESS: https://petrobras.com.br/quem-somos/querosene-de-aviacao
2026-07-01 15:40:25 | INFO | [175/249] Processing: https://petrobras.com.br/quem-somos/porto-de-macae
2026-07-01 15:40:25 | INFO | Generated slug: petrobras_com_br_quem-somos_porto-de-macae--aead1fef
2026-07-01 15:40:25 | INFO | Starting analysis: https://petrobras.com.br/quem-somos/porto-de-macae -> /workspace/catalog/.pages/petrobras_com_br_quem-somos_porto-de-macae--aead1fef
2026-07-01 15:40:25 | INFO | Loading: https://petrobras.com.br/quem-somos/porto-de-macae
2026-07-01 15:40:25 | INFO | [176/249] Processing: https://petrobras.com.br/quem-somos/refinaria-abreu-lima
2026-07-01 15:40:25 | INFO | Generated slug: petrobras_com_br_quem-somos_refinaria-abreu-lima--bcde7092
2026-07-01 15:40:25 | INFO | Starting analysis: https://petrobras.com.br/quem-somos/refinaria-abreu-lima -> /workspace/catalog/.pages/petrobras_com_br_quem-somos_refinaria-abreu-lima--bcde7092
2026-07-01 15:40:25 | INFO | Loading: https://petrobras.com.br/quem-somos/refinaria-abreu-lima
2026-07-01 15:40:26 | INFO | Phase 0A: Triggering lazy-loaded content...
2026-07-01 15:40:28 | INFO | Lazy-load scroll complete
2026-07-01 15:40:28 | INFO | Phase 0B: Cleaning up overlays...
2026-07-01 15:40:29 | INFO | Phase 0A: Triggering lazy-loaded content...
2026-07-01 15:40:29 | INFO | Phase 0A: Triggering lazy-loaded content...
2026-07-01 15:40:31 | INFO | Lazy-load scroll complete
2026-07-01 15:40:31 | INFO | Phase 0B: Cleaning up overlays...
2026-07-01 15:40:31 | INFO | Lazy-load scroll complete
2026-07-01 15:40:31 | INFO | Phase 0B: Cleaning up overlays...
2026-07-01 15:40:32 | INFO | Removed 5 elements: overlay, popup
📐 Detecting header/footer for this page...
2026-07-01 15:40:32 | INFO | Template - Reused saved header selector on current page
2026-07-01 15:40:32 | INFO | Template - Reused saved footer selector on current page
2026-07-01 15:40:32 | INFO | Header: complex complexity, 3 features
2026-07-01 15:40:32 | INFO | Footer: simple complexity, 0 features
2026-07-01 15:40:32 | INFO | Phase 2: Identifying main content area...
2026-07-01 15:40:32 | INFO | Main content: #main-content
2026-07-01 15:40:32 | INFO | Phase 3: Detecting blocks...
2026-07-01 15:40:32 | WARNING | Blocks - 50% of blocks are unknown - site uses non-EDS patterns
2026-07-01 15:40:32 | INFO | Phase 4: Capturing block screenshots...
2026-07-01 15:40:33 | INFO | Captured 4 block screenshots
2026-07-01 15:40:33 | INFO | Detected 4 blocks
2026-07-01 15:40:33 | INFO | Generating fingerprints for template discovery...
2026-07-01 15:40:33 | INFO | Removed 7 elements: overlay, popup
📐 Detecting header/footer for this page...
2026-07-01 15:40:33 | INFO | Template - Reused saved footer selector on current page
2026-07-01 15:40:33 | INFO | Header: complex complexity, 4 features
2026-07-01 15:40:33 | INFO | Footer: simple complexity, 0 features
2026-07-01 15:40:33 | INFO | Phase 2: Identifying main content area...
2026-07-01 15:40:33 | INFO | Main content: #main-content
2026-07-01 15:40:33 | INFO | Phase 3: Detecting blocks...
2026-07-01 15:40:33 | WARNING | Blocks - 55% of blocks are unknown - site uses non-EDS patterns
2026-07-01 15:40:33 | INFO | Phase 4: Capturing block screenshots...
2026-07-01 15:40:35 | INFO | Captured 11 block screenshots
2026-07-01 15:40:35 | INFO | Detected 11 blocks
2026-07-01 15:40:35 | INFO | Generating fingerprints for template discovery...
2026-07-01 15:40:35 | INFO |    Top-section: 31 rows via title+placeholder
2026-07-01 15:40:35 | INFO |    Body start: y=775 (start row 31 via below-title+placeholder)
2026-07-01 15:40:35 | INFO | URL Pattern: /quem-somos/reach
2026-07-01 15:40:35 | INFO | Page catalog complete: /workspace/catalog/.pages/petrobras_com_br_quem-somos_reach--c577f303/page-catalog.json
2026-07-01 15:40:35 | INFO | SUCCESS: https://petrobras.com.br/quem-somos/reach
2026-07-01 15:40:37 | INFO | [177/249] Processing: https://petrobras.com.br/quem-somos/complexo-boaventura
2026-07-01 15:40:37 | INFO | Generated slug: petrobras_com_br_quem-somos_complexo-boaventura--92450213
2026-07-01 15:40:37 | INFO | Starting analysis: https://petrobras.com.br/quem-somos/complexo-boaventura -> /workspace/catalog/.pages/petrobras_com_br_quem-somos_complexo-boaventura--92450213
2026-07-01 15:40:37 | INFO | Loading: https://petrobras.com.br/quem-somos/complexo-boaventura
2026-07-01 15:40:37 | INFO |    Top-section: 13 rows via title
2026-07-01 15:40:37 | INFO |    Body start: y=325 (start row 13 via below-title)
2026-07-01 15:40:37 | INFO | URL Pattern: /quem-somos/linha-podium
2026-07-01 15:40:37 | INFO | Page catalog complete: /workspace/catalog/.pages/petrobras_com_br_quem-somos_linha-podium--6378fc8c/page-catalog.json
2026-07-01 15:40:37 | INFO | SUCCESS: https://petrobras.com.br/quem-somos/linha-podium
2026-07-01 15:40:39 | INFO | [178/249] Processing: https://petrobras.com.br/quem-somos/refinaria-capuava
2026-07-01 15:40:39 | INFO | Generated slug: petrobras_com_br_quem-somos_refinaria-capuava--f50805b0
2026-07-01 15:40:39 | INFO | Starting analysis: https://petrobras.com.br/quem-somos/refinaria-capuava -> /workspace/catalog/.pages/petrobras_com_br_quem-somos_refinaria-capuava--f50805b0
2026-07-01 15:40:39 | INFO | Loading: https://petrobras.com.br/quem-somos/refinaria-capuava
2026-07-01 15:40:42 | INFO | Phase 0A: Triggering lazy-loaded content...
2026-07-01 15:40:43 | INFO | Phase 0A: Triggering lazy-loaded content...
2026-07-01 15:40:44 | INFO | Lazy-load scroll complete
2026-07-01 15:40:44 | INFO | Phase 0B: Cleaning up overlays...
2026-07-01 15:40:45 | INFO | Lazy-load scroll complete
2026-07-01 15:40:45 | INFO | Phase 0B: Cleaning up overlays...
2026-07-01 15:40:59 | INFO | Removed 5 elements: overlay, popup
📐 Detecting header/footer for this page...
2026-07-01 15:41:00 | INFO | Template - Reused saved header selector on current page
2026-07-01 15:41:00 | INFO | Template - Reused saved footer selector on current page
2026-07-01 15:41:00 | INFO | Header: complex complexity, 3 features
2026-07-01 15:41:00 | INFO | Footer: simple complexity, 0 features
2026-07-01 15:41:00 | INFO | Phase 2: Identifying main content area...
2026-07-01 15:41:00 | INFO | Main content: #main-content
2026-07-01 15:41:00 | INFO | Phase 3: Detecting blocks...
2026-07-01 15:41:00 | INFO | Phase 4: Capturing block screenshots...
2026-07-01 15:41:01 | INFO | Captured 9 block screenshots
2026-07-01 15:41:01 | INFO | Detected 9 blocks
2026-07-01 15:41:01 | INFO | Generating fingerprints for template discovery...
2026-07-01 15:41:02 | INFO | Removed 5 elements: overlay, popup
📐 Detecting header/footer for this page...
2026-07-01 15:41:02 | INFO | Template - Reused saved footer selector on current page
2026-07-01 15:41:02 | INFO | Header: complex complexity, 4 features
2026-07-01 15:41:02 | INFO | Footer: simple complexity, 0 features
2026-07-01 15:41:02 | INFO | Phase 2: Identifying main content area...
2026-07-01 15:41:02 | INFO | Main content: #main-content
2026-07-01 15:41:02 | INFO | Phase 3: Detecting blocks...
2026-07-01 15:41:02 | INFO | Phase 4: Capturing block screenshots...
2026-07-01 15:41:02 | INFO | Removed 16 elements: overlay, popup
📐 Detecting header/footer for this page...
2026-07-01 15:41:02 | INFO | Template - Reused saved footer selector on current page
2026-07-01 15:41:02 | INFO | Header: complex complexity, 4 features
2026-07-01 15:41:02 | INFO | Footer: simple complexity, 0 features
2026-07-01 15:41:02 | INFO | Phase 2: Identifying main content area...
2026-07-01 15:41:02 | INFO | Main content: #main-content
2026-07-01 15:41:02 | INFO | Phase 3: Detecting blocks...
2026-07-01 15:41:02 | INFO | Phase 4: Capturing block screenshots...
2026-07-01 15:41:03 | INFO | Captured 6 block screenshots
2026-07-01 15:41:03 | INFO | Detected 6 blocks
2026-07-01 15:41:03 | INFO | Generating fingerprints for template discovery...
2026-07-01 15:41:04 | INFO |    Top-section: 20 rows via title+container
2026-07-01 15:41:04 | INFO |    Body start: y=500 (start row 20 via below-title+container)
2026-07-01 15:41:04 | INFO | URL Pattern: /quem-somos
2026-07-01 15:41:04 | INFO | Page catalog complete: /workspace/catalog/.pages/petrobras_com_br_quem-somos--3afc6677/page-catalog.json
2026-07-01 15:41:04 | INFO | SUCCESS: https://petrobras.com.br/quem-somos
2026-07-01 15:41:04 | INFO | Captured 9 block screenshots
2026-07-01 15:41:04 | INFO | Detected 9 blocks
2026-07-01 15:41:04 | INFO | Generating fingerprints for template discovery...
2026-07-01 15:41:05 | INFO | [179/249] Processing: https://petrobras.com.br/quem-somos/refinaria-duque-de-caxias
2026-07-01 15:41:05 | INFO | Generated slug: petrobras_com_br_quem-somos_refinaria-duque-de-caxias--1d80c1a9
2026-07-01 15:41:05 | INFO | Starting analysis: https://petrobras.com.br/quem-somos/refinaria-duque-de-caxias -> /workspace/catalog/.pages/petrobras_com_br_quem-somos_refinaria-duque-de-caxias--1d80c1a9
2026-07-01 15:41:05 | INFO | Loading: https://petrobras.com.br/quem-somos/refinaria-duque-de-caxias
2026-07-01 15:41:06 | INFO |    Top-section: 14 rows via title+container
2026-07-01 15:41:06 | INFO |    Body start: y=350 (start row 14 via below-title+container)
2026-07-01 15:41:06 | INFO | URL Pattern: /quem-somos/refinaria-abreu-lima
2026-07-01 15:41:06 | INFO | Page catalog complete: /workspace/catalog/.pages/petrobras_com_br_quem-somos_refinaria-abreu-lima--bcde7092/page-catalog.json
2026-07-01 15:41:06 | INFO | SUCCESS: https://petrobras.com.br/quem-somos/refinaria-abreu-lima
2026-07-01 15:41:06 | INFO | PROGRESS: 175/249 analyzed (70% checklist complete) | 175 ok, 0 failed, 0 skipped | ~20 min remaining
2026-07-01 15:41:06 | INFO |    Top-section: 17 rows via title
2026-07-01 15:41:06 | INFO |    Body start: y=425 (start row 17 via below-title)
2026-07-01 15:41:06 | INFO | URL Pattern: /quem-somos/porto-de-macae
2026-07-01 15:41:06 | INFO | Page catalog complete: /workspace/catalog/.pages/petrobras_com_br_quem-somos_porto-de-macae--aead1fef/page-catalog.json
2026-07-01 15:41:06 | INFO | SUCCESS: https://petrobras.com.br/quem-somos/porto-de-macae
2026-07-01 15:41:07 | INFO | [180/249] Processing: https://petrobras.com.br/quem-somos/refinaria-alberto-pasqualini
2026-07-01 15:41:07 | INFO | Generated slug: petrobras_com_br_quem-somos_refinaria-alberto-pasqualini--e3407a52
2026-07-01 15:41:07 | INFO | Starting analysis: https://petrobras.com.br/quem-somos/refinaria-alberto-pasqualini -> /workspace/catalog/.pages/petrobras_com_br_quem-somos_refinaria-alberto-pasqualini--e3407a52
2026-07-01 15:41:07 | INFO | Loading: https://petrobras.com.br/quem-somos/refinaria-alberto-pasqualini
2026-07-01 15:41:08 | INFO | [181/249] Processing: https://petrobras.com.br/quem-somos/refinaria-gabriel-passos
2026-07-01 15:41:08 | INFO | Generated slug: petrobras_com_br_quem-somos_refinaria-gabriel-passos--a1a4be85
2026-07-01 15:41:08 | INFO | Starting analysis: https://petrobras.com.br/quem-somos/refinaria-gabriel-passos -> /workspace/catalog/.pages/petrobras_com_br_quem-somos_refinaria-gabriel-passos--a1a4be85
2026-07-01 15:41:08 | INFO | Loading: https://petrobras.com.br/quem-somos/refinaria-gabriel-passos
2026-07-01 15:41:09 | INFO | Phase 0A: Triggering lazy-loaded content...
2026-07-01 15:41:11 | INFO | Lazy-load scroll complete
2026-07-01 15:41:11 | INFO | Phase 0B: Cleaning up overlays...
2026-07-01 15:41:11 | INFO | Phase 0A: Triggering lazy-loaded content...
2026-07-01 15:41:12 | INFO | Phase 0A: Triggering lazy-loaded content...
2026-07-01 15:41:13 | INFO | Lazy-load scroll complete
2026-07-01 15:41:13 | INFO | Phase 0B: Cleaning up overlays...
2026-07-01 15:41:14 | INFO | Lazy-load scroll complete
2026-07-01 15:41:14 | INFO | Phase 0B: Cleaning up overlays...
2026-07-01 15:41:15 | INFO | Removed 5 elements: overlay, popup
📐 Detecting header/footer for this page...
2026-07-01 15:41:15 | INFO | Template - Reused saved footer selector on current page
2026-07-01 15:41:15 | INFO | Header: complex complexity, 4 features
2026-07-01 15:41:15 | INFO | Footer: simple complexity, 0 features
2026-07-01 15:41:15 | INFO | Phase 2: Identifying main content area...
2026-07-01 15:41:15 | INFO | Main content: #main-content
2026-07-01 15:41:15 | INFO | Phase 3: Detecting blocks...
2026-07-01 15:41:15 | INFO | Phase 4: Capturing block screenshots...
2026-07-01 15:41:16 | WARNING | Screenshots - Block not visible: accordion-603cfc8e
2026-07-01 15:41:17 | INFO | Captured 10 block screenshots
2026-07-01 15:41:17 | INFO | Detected 11 blocks
2026-07-01 15:41:17 | INFO | Generating fingerprints for template discovery...
2026-07-01 15:41:17 | INFO | Removed 5 elements: overlay, popup
📐 Detecting header/footer for this page...
2026-07-01 15:41:17 | INFO | Template - Reused saved footer selector on current page
2026-07-01 15:41:17 | INFO | Header: complex complexity, 4 features
2026-07-01 15:41:17 | INFO | Footer: simple complexity, 0 features
2026-07-01 15:41:17 | INFO | Phase 2: Identifying main content area...
2026-07-01 15:41:17 | INFO | Main content: #main-content
2026-07-01 15:41:17 | INFO | Phase 3: Detecting blocks...
2026-07-01 15:41:17 | INFO | Phase 4: Capturing block screenshots...
2026-07-01 15:41:18 | INFO | Captured 6 block screenshots
2026-07-01 15:41:18 | INFO | Detected 6 blocks
2026-07-01 15:41:18 | INFO | Generating fingerprints for template discovery...
2026-07-01 15:41:19 | INFO |    Top-section: 14 rows via title+container
2026-07-01 15:41:19 | INFO |    Body start: y=350 (start row 14 via below-title+container)
2026-07-01 15:41:19 | INFO | URL Pattern: /quem-somos/complexo-boaventura
2026-07-01 15:41:19 | INFO | Page catalog complete: /workspace/catalog/.pages/petrobras_com_br_quem-somos_complexo-boaventura--92450213/page-catalog.json
2026-07-01 15:41:19 | INFO | SUCCESS: https://petrobras.com.br/quem-somos/complexo-boaventura
2026-07-01 15:41:20 | INFO |    Top-section: 14 rows via title+container
2026-07-01 15:41:20 | INFO |    Body start: y=350 (start row 14 via below-title+container)
2026-07-01 15:41:20 | INFO | URL Pattern: /quem-somos/refinaria-capuava
2026-07-01 15:41:20 | INFO | Page catalog complete: /workspace/catalog/.pages/petrobras_com_br_quem-somos_refinaria-capuava--f50805b0/page-catalog.json
2026-07-01 15:41:20 | INFO | SUCCESS: https://petrobras.com.br/quem-somos/refinaria-capuava
2026-07-01 15:41:21 | INFO | [182/249] Processing: https://petrobras.com.br/quem-somos/refinaria-presidente-getulio-vargas
2026-07-01 15:41:21 | INFO | Generated slug: petrobras_com_br_quem-somos_refinaria-presidente-getulio-vargas--7c3101b7
2026-07-01 15:41:21 | INFO | Starting analysis: https://petrobras.com.br/quem-somos/refinaria-presidente-getulio-vargas -> /workspace/catalog/.pages/petrobras_com_br_quem-somos_refinaria-presidente-getulio-vargas--7c3101b7
2026-07-01 15:41:21 | INFO | Loading: https://petrobras.com.br/quem-somos/refinaria-presidente-getulio-vargas
2026-07-01 15:41:22 | INFO | [183/249] Processing: https://petrobras.com.br/quem-somos/refinaria-presidente-bernardes
2026-07-01 15:41:22 | INFO | Generated slug: petrobras_com_br_quem-somos_refinaria-presidente-bernardes--ffd19a35
2026-07-01 15:41:22 | INFO | Starting analysis: https://petrobras.com.br/quem-somos/refinaria-presidente-bernardes -> /workspace/catalog/.pages/petrobras_com_br_quem-somos_refinaria-presidente-bernardes--ffd19a35
2026-07-01 15:41:22 | INFO | Loading: https://petrobras.com.br/quem-somos/refinaria-presidente-bernardes
2026-07-01 15:41:25 | INFO | Phase 0A: Triggering lazy-loaded content...
2026-07-01 15:41:26 | INFO | Phase 0A: Triggering lazy-loaded content...
2026-07-01 15:41:27 | INFO | Lazy-load scroll complete
2026-07-01 15:41:27 | INFO | Phase 0B: Cleaning up overlays...
2026-07-01 15:41:27 | INFO | Lazy-load scroll complete
2026-07-01 15:41:27 | INFO | Phase 0B: Cleaning up overlays...
2026-07-01 15:41:42 | INFO | Removed 5 elements: overlay, popup
📐 Detecting header/footer for this page...
2026-07-01 15:41:42 | INFO | Template - Reused saved footer selector on current page
2026-07-01 15:41:42 | INFO | Header: complex complexity, 4 features
2026-07-01 15:41:42 | INFO | Footer: simple complexity, 0 features
2026-07-01 15:41:42 | INFO | Phase 2: Identifying main content area...
2026-07-01 15:41:42 | INFO | Main content: #main-content
2026-07-01 15:41:42 | INFO | Phase 3: Detecting blocks...
2026-07-01 15:41:42 | INFO | Phase 4: Capturing block screenshots...
2026-07-01 15:41:43 | INFO | Captured 6 block screenshots
2026-07-01 15:41:43 | INFO | Detected 6 blocks
2026-07-01 15:41:43 | INFO | Generating fingerprints for template discovery...
2026-07-01 15:41:44 | INFO | Removed 5 elements: overlay, popup
📐 Detecting header/footer for this page...
2026-07-01 15:41:44 | INFO | Template - Reused saved footer selector on current page
2026-07-01 15:41:44 | INFO | Header: complex complexity, 4 features
2026-07-01 15:41:44 | INFO | Footer: simple complexity, 0 features
2026-07-01 15:41:44 | INFO | Phase 2: Identifying main content area...
2026-07-01 15:41:44 | INFO | Main content: #main-content
2026-07-01 15:41:44 | INFO | Phase 3: Detecting blocks...
2026-07-01 15:41:44 | INFO | Phase 4: Capturing block screenshots...
2026-07-01 15:41:45 | INFO | Removed 5 elements: overlay, popup
📐 Detecting header/footer for this page...
2026-07-01 15:41:45 | INFO | Template - Reused saved footer selector on current page
2026-07-01 15:41:45 | INFO | Header: complex complexity, 4 features
2026-07-01 15:41:45 | INFO | Footer: simple complexity, 0 features
2026-07-01 15:41:45 | INFO | Phase 2: Identifying main content area...
2026-07-01 15:41:45 | INFO | Main content: #main-content
2026-07-01 15:41:45 | INFO | Phase 3: Detecting blocks...
2026-07-01 15:41:45 | INFO | Phase 4: Capturing block screenshots...
2026-07-01 15:41:45 | INFO | Captured 6 block screenshots
2026-07-01 15:41:45 | INFO | Detected 6 blocks
2026-07-01 15:41:45 | INFO | Generating fingerprints for template discovery...
2026-07-01 15:41:46 | INFO |    Top-section: 14 rows via title+container
2026-07-01 15:41:46 | INFO |    Body start: y=350 (start row 14 via below-title+container)
2026-07-01 15:41:46 | INFO | URL Pattern: /quem-somos/refinaria-duque-de-caxias
2026-07-01 15:41:46 | INFO | Page catalog complete: /workspace/catalog/.pages/petrobras_com_br_quem-somos_refinaria-duque-de-caxias--1d80c1a9/page-catalog.json
2026-07-01 15:41:46 | INFO | SUCCESS: https://petrobras.com.br/quem-somos/refinaria-duque-de-caxias
2026-07-01 15:41:46 | INFO | Captured 6 block screenshots
2026-07-01 15:41:46 | INFO | Detected 6 blocks
2026-07-01 15:41:46 | INFO | Generating fingerprints for template discovery...
2026-07-01 15:41:47 | INFO | [184/249] Processing: https://petrobras.com.br/quem-somos/refinaria-de-paulinia
2026-07-01 15:41:47 | INFO | Generated slug: petrobras_com_br_quem-somos_refinaria-de-paulinia--1bdb57bf
2026-07-01 15:41:47 | INFO | Starting analysis: https://petrobras.com.br/quem-somos/refinaria-de-paulinia -> /workspace/catalog/.pages/petrobras_com_br_quem-somos_refinaria-de-paulinia--1bdb57bf
2026-07-01 15:41:47 | INFO | Loading: https://petrobras.com.br/quem-somos/refinaria-de-paulinia
2026-07-01 15:41:48 | INFO |    Top-section: 14 rows via title+container
2026-07-01 15:41:48 | INFO |    Body start: y=350 (start row 14 via below-title+container)
2026-07-01 15:41:48 | INFO | URL Pattern: /quem-somos/refinaria-alberto-pasqualini
2026-07-01 15:41:48 | INFO | Page catalog complete: /workspace/catalog/.pages/petrobras_com_br_quem-somos_refinaria-alberto-pasqualini--e3407a52/page-catalog.json
2026-07-01 15:41:48 | INFO | SUCCESS: https://petrobras.com.br/quem-somos/refinaria-alberto-pasqualini
2026-07-01 15:41:48 | INFO | PROGRESS: 180/249 analyzed (72% checklist complete) | 180 ok, 0 failed, 0 skipped | ~19 min remaining
2026-07-01 15:41:49 | INFO |    Top-section: 14 rows via title+container
2026-07-01 15:41:49 | INFO |    Body start: y=350 (start row 14 via below-title+container)
2026-07-01 15:41:49 | INFO | URL Pattern: /quem-somos/refinaria-gabriel-passos
2026-07-01 15:41:49 | INFO | Page catalog complete: /workspace/catalog/.pages/petrobras_com_br_quem-somos_refinaria-gabriel-passos--a1a4be85/page-catalog.json
2026-07-01 15:41:49 | INFO | SUCCESS: https://petrobras.com.br/quem-somos/refinaria-gabriel-passos
2026-07-01 15:41:49 | INFO | [185/249] Processing: https://petrobras.com.br/quem-somos/refinaria-henrique-lage
2026-07-01 15:41:49 | INFO | Generated slug: petrobras_com_br_quem-somos_refinaria-henrique-lage--0a746af3
2026-07-01 15:41:49 | INFO | Starting analysis: https://petrobras.com.br/quem-somos/refinaria-henrique-lage -> /workspace/catalog/.pages/petrobras_com_br_quem-somos_refinaria-henrique-lage--0a746af3
2026-07-01 15:41:49 | INFO | Loading: https://petrobras.com.br/quem-somos/refinaria-henrique-lage
2026-07-01 15:41:50 | INFO | [186/249] Processing: https://petrobras.com.br/quem-somos/refinarinaria-lubrificantes-derivados-nordeste
2026-07-01 15:41:50 | INFO | Generated slug: petrobras_com_br_quem-somos_refinarinaria-lubrificantes-derivados-nordeste--41921ee1
2026-07-01 15:41:50 | INFO | Starting analysis: https://petrobras.com.br/quem-somos/refinarinaria-lubrificantes-derivados-nordeste -> /workspace/catalog/.pages/petrobras_com_br_quem-somos_refinarinaria-lubrificantes-derivados-nordeste--41921ee1
2026-07-01 15:41:50 | INFO | Loading: https://petrobras.com.br/quem-somos/refinarinaria-lubrificantes-derivados-nordeste
2026-07-01 15:41:51 | INFO | Phase 0A: Triggering lazy-loaded content...
2026-07-01 15:41:53 | INFO | Lazy-load scroll complete
2026-07-01 15:41:53 | INFO | Phase 0B: Cleaning up overlays...
2026-07-01 15:41:54 | INFO | Phase 0A: Triggering lazy-loaded content...
2026-07-01 15:41:54 | INFO | Phase 0A: Triggering lazy-loaded content...
2026-07-01 15:41:55 | INFO | Lazy-load scroll complete
2026-07-01 15:41:55 | INFO | Phase 0B: Cleaning up overlays...
2026-07-01 15:41:56 | INFO | Lazy-load scroll complete
2026-07-01 15:41:56 | INFO | Phase 0B: Cleaning up overlays...
2026-07-01 15:41:58 | INFO | Removed 5 elements: overlay, popup
📐 Detecting header/footer for this page...
2026-07-01 15:41:58 | INFO | Template - Reused saved footer selector on current page
2026-07-01 15:41:58 | INFO | Header: complex complexity, 4 features
2026-07-01 15:41:58 | INFO | Footer: simple complexity, 0 features
2026-07-01 15:41:58 | INFO | Phase 2: Identifying main content area...
2026-07-01 15:41:58 | INFO | Main content: #main-content
2026-07-01 15:41:58 | INFO | Phase 3: Detecting blocks...
2026-07-01 15:41:58 | INFO | Phase 4: Capturing block screenshots...
2026-07-01 15:41:58 | WARNING | Screenshots - Block not visible: accordion-79d82f1d
2026-07-01 15:41:59 | INFO | Removed 5 elements: overlay, popup
📐 Detecting header/footer for this page...
2026-07-01 15:41:59 | INFO | Template - Reused saved footer selector on current page
2026-07-01 15:41:59 | INFO | Header: complex complexity, 4 features
2026-07-01 15:41:59 | INFO | Footer: simple complexity, 0 features
2026-07-01 15:41:59 | INFO | Phase 2: Identifying main content area...
2026-07-01 15:41:59 | INFO | Main content: #main-content
2026-07-01 15:41:59 | INFO | Phase 3: Detecting blocks...
2026-07-01 15:41:59 | INFO | Phase 4: Capturing block screenshots...
2026-07-01 15:41:59 | INFO | Captured 5 block screenshots
2026-07-01 15:41:59 | INFO | Detected 6 blocks
2026-07-01 15:41:59 | INFO | Generating fingerprints for template discovery...
2026-07-01 15:42:00 | INFO | Captured 6 block screenshots
2026-07-01 15:42:00 | INFO | Detected 6 blocks
2026-07-01 15:42:00 | INFO | Generating fingerprints for template discovery...
2026-07-01 15:42:02 | INFO |    Top-section: 16 rows via title+container
2026-07-01 15:42:02 | INFO |    Body start: y=400 (start row 16 via below-title+container)
2026-07-01 15:42:02 | INFO | URL Pattern: /quem-somos/refinaria-presidente-getulio-vargas
2026-07-01 15:42:02 | INFO | Page catalog complete: /workspace/catalog/.pages/petrobras_com_br_quem-somos_refinaria-presidente-getulio-vargas--7c3101b7/page-catalog.json
2026-07-01 15:42:02 | INFO | SUCCESS: https://petrobras.com.br/quem-somos/refinaria-presidente-getulio-vargas
2026-07-01 15:42:03 | INFO |    Top-section: 16 rows via title+container
2026-07-01 15:42:03 | INFO |    Body start: y=400 (start row 16 via below-title+container)
2026-07-01 15:42:03 | INFO | URL Pattern: /quem-somos/refinaria-presidente-bernardes
2026-07-01 15:42:03 | INFO | Page catalog complete: /workspace/catalog/.pages/petrobras_com_br_quem-somos_refinaria-presidente-bernardes--ffd19a35/page-catalog.json
2026-07-01 15:42:03 | INFO | SUCCESS: https://petrobras.com.br/quem-somos/refinaria-presidente-bernardes
2026-07-01 15:42:03 | INFO | [187/249] Processing: https://petrobras.com.br/quem-somos/assistencia-tecnica
2026-07-01 15:42:03 | INFO | Generated slug: petrobras_com_br_quem-somos_assistencia-tecnica--c5565b0b
2026-07-01 15:42:03 | INFO | Starting analysis: https://petrobras.com.br/quem-somos/assistencia-tecnica -> /workspace/catalog/.pages/petrobras_com_br_quem-somos_assistencia-tecnica--c5565b0b
2026-07-01 15:42:03 | INFO | Loading: https://petrobras.com.br/quem-somos/assistencia-tecnica
2026-07-01 15:42:04 | INFO | [188/249] Processing: https://petrobras.com.br/quem-somos/diesel-verana
2026-07-01 15:42:04 | INFO | Generated slug: petrobras_com_br_quem-somos_diesel-verana--e3d98c9f
2026-07-01 15:42:04 | INFO | Starting analysis: https://petrobras.com.br/quem-somos/diesel-verana -> /workspace/catalog/.pages/petrobras_com_br_quem-somos_diesel-verana--e3d98c9f
2026-07-01 15:42:04 | INFO | Loading: https://petrobras.com.br/quem-somos/diesel-verana
2026-07-01 15:42:08 | INFO | Phase 0A: Triggering lazy-loaded content...
2026-07-01 15:42:09 | INFO | Phase 0A: Triggering lazy-loaded content...
2026-07-01 15:42:10 | INFO | Lazy-load scroll complete
2026-07-01 15:42:10 | INFO | Phase 0B: Cleaning up overlays...
2026-07-01 15:42:13 | INFO | Lazy-load scroll complete
2026-07-01 15:42:13 | INFO | Phase 0B: Cleaning up overlays...
2026-07-01 15:42:24 | INFO | Removed 5 elements: overlay, popup
📐 Detecting header/footer for this page...
2026-07-01 15:42:24 | INFO | Template - Reused saved footer selector on current page
2026-07-01 15:42:24 | INFO | Header: complex complexity, 4 features
2026-07-01 15:42:24 | INFO | Footer: simple complexity, 0 features
2026-07-01 15:42:24 | INFO | Phase 2: Identifying main content area...
2026-07-01 15:42:24 | INFO | Main content: #main-content
2026-07-01 15:42:24 | INFO | Phase 3: Detecting blocks...
2026-07-01 15:42:24 | INFO | Phase 4: Capturing block screenshots...
2026-07-01 15:42:25 | INFO | Captured 6 block screenshots
2026-07-01 15:42:25 | INFO | Detected 6 blocks
2026-07-01 15:42:25 | INFO | Generating fingerprints for template discovery...
2026-07-01 15:42:27 | INFO | Removed 5 elements: overlay, popup
📐 Detecting header/footer for this page...
2026-07-01 15:42:27 | INFO | Removed 5 elements: overlay, popup
📐 Detecting header/footer for this page...
2026-07-01 15:42:27 | INFO | Template - Reused saved footer selector on current page
2026-07-01 15:42:27 | INFO | Header: complex complexity, 4 features
2026-07-01 15:42:27 | INFO | Footer: simple complexity, 0 features
2026-07-01 15:42:27 | INFO | Phase 2: Identifying main content area...
2026-07-01 15:42:27 | INFO | Main content: #main-content
2026-07-01 15:42:27 | INFO | Template - Reused saved footer selector on current page
2026-07-01 15:42:27 | INFO | Header: complex complexity, 4 features
2026-07-01 15:42:27 | INFO | Footer: simple complexity, 0 features
2026-07-01 15:42:27 | INFO | Phase 2: Identifying main content area...
2026-07-01 15:42:27 | INFO | Main content: #main-content
2026-07-01 15:42:27 | INFO | Phase 3: Detecting blocks...
2026-07-01 15:42:27 | INFO | Phase 3: Detecting blocks...
2026-07-01 15:42:27 | INFO | Phase 4: Capturing block screenshots...
2026-07-01 15:42:27 | INFO | Phase 4: Capturing block screenshots...
2026-07-01 15:42:28 | INFO | Captured 4 block screenshots
2026-07-01 15:42:28 | INFO | Detected 4 blocks
2026-07-01 15:42:28 | INFO | Generating fingerprints for template discovery...
2026-07-01 15:42:28 | INFO |    Top-section: 14 rows via title+container
2026-07-01 15:42:28 | INFO |    Body start: y=350 (start row 14 via below-title+container)
2026-07-01 15:42:28 | INFO | URL Pattern: /quem-somos/refinaria-de-paulinia
2026-07-01 15:42:28 | INFO | Page catalog complete: /workspace/catalog/.pages/petrobras_com_br_quem-somos_refinaria-de-paulinia--1bdb57bf/page-catalog.json
2026-07-01 15:42:28 | INFO | SUCCESS: https://petrobras.com.br/quem-somos/refinaria-de-paulinia
2026-07-01 15:42:28 | INFO | Captured 6 block screenshots
2026-07-01 15:42:28 | INFO | Detected 6 blocks
2026-07-01 15:42:28 | INFO | Generating fingerprints for template discovery...
2026-07-01 15:42:29 | INFO | [189/249] Processing: https://petrobras.com.br/quem-somos/cap-convencional
2026-07-01 15:42:29 | INFO | Generated slug: petrobras_com_br_quem-somos_cap-convencional--0cea9b55
2026-07-01 15:42:29 | INFO | Starting analysis: https://petrobras.com.br/quem-somos/cap-convencional -> /workspace/catalog/.pages/petrobras_com_br_quem-somos_cap-convencional--0cea9b55
2026-07-01 15:42:29 | INFO | Loading: https://petrobras.com.br/quem-somos/cap-convencional
2026-07-01 15:42:30 | INFO |    Top-section: 16 rows via title+container
2026-07-01 15:42:30 | INFO |    Body start: y=400 (start row 16 via below-title+container)
2026-07-01 15:42:30 | INFO | URL Pattern: /quem-somos/refinarinaria-lubrificantes-derivados-nordeste
2026-07-01 15:42:30 | INFO | Page catalog complete: /workspace/catalog/.pages/petrobras_com_br_quem-somos_refinarinaria-lubrificantes-derivados-nordeste--41921ee1/page-catalog.json
2026-07-01 15:42:30 | INFO | SUCCESS: https://petrobras.com.br/quem-somos/refinarinaria-lubrificantes-derivados-nordeste
2026-07-01 15:42:30 | INFO | PROGRESS: 185/249 analyzed (74% checklist complete) | 185 ok, 0 failed, 0 skipped | ~17 min remaining
2026-07-01 15:42:30 | INFO |    Top-section: 14 rows via title+container
2026-07-01 15:42:30 | INFO |    Body start: y=350 (start row 14 via below-title+container)
2026-07-01 15:42:30 | INFO | URL Pattern: /quem-somos/refinaria-henrique-lage
2026-07-01 15:42:30 | INFO | Page catalog complete: /workspace/catalog/.pages/petrobras_com_br_quem-somos_refinaria-henrique-lage--0a746af3/page-catalog.json
2026-07-01 15:42:30 | INFO | SUCCESS: https://petrobras.com.br/quem-somos/refinaria-henrique-lage
2026-07-01 15:42:32 | INFO | [190/249] Processing: https://petrobras.com.br/quem-somos/oleo-diesel-maritimo
2026-07-01 15:42:32 | INFO | Generated slug: petrobras_com_br_quem-somos_oleo-diesel-maritimo--6b51fd56
2026-07-01 15:42:32 | INFO | Starting analysis: https://petrobras.com.br/quem-somos/oleo-diesel-maritimo -> /workspace/catalog/.pages/petrobras_com_br_quem-somos_oleo-diesel-maritimo--6b51fd56
2026-07-01 15:42:32 | INFO | Loading: https://petrobras.com.br/quem-somos/oleo-diesel-maritimo
2026-07-01 15:42:32 | INFO | [191/249] Processing: https://petrobras.com.br/quem-somos/add-cleaner-petrobras
2026-07-01 15:42:32 | INFO | Generated slug: petrobras_com_br_quem-somos_add-cleaner-petrobras--4e0305d5
2026-07-01 15:42:32 | INFO | Starting analysis: https://petrobras.com.br/quem-somos/add-cleaner-petrobras -> /workspace/catalog/.pages/petrobras_com_br_quem-somos_add-cleaner-petrobras--4e0305d5
2026-07-01 15:42:32 | INFO | Loading: https://petrobras.com.br/quem-somos/add-cleaner-petrobras
2026-07-01 15:42:33 | INFO | Phase 0A: Triggering lazy-loaded content...
2026-07-01 15:42:35 | INFO | Phase 0A: Triggering lazy-loaded content...
2026-07-01 15:42:35 | INFO | Lazy-load scroll complete
2026-07-01 15:42:35 | INFO | Phase 0B: Cleaning up overlays...
2026-07-01 15:42:35 | INFO | Phase 0A: Triggering lazy-loaded content...
2026-07-01 15:42:37 | INFO | Lazy-load scroll complete
2026-07-01 15:42:37 | INFO | Phase 0B: Cleaning up overlays...
2026-07-01 15:42:37 | INFO | Lazy-load scroll complete
2026-07-01 15:42:37 | INFO | Phase 0B: Cleaning up overlays...
2026-07-01 15:42:41 | INFO | Removed 5 elements: overlay, popup
📐 Detecting header/footer for this page...
2026-07-01 15:42:41 | INFO | Template - Reused saved footer selector on current page
2026-07-01 15:42:41 | INFO | Header: complex complexity, 4 features
2026-07-01 15:42:41 | INFO | Footer: simple complexity, 0 features
2026-07-01 15:42:41 | INFO | Phase 2: Identifying main content area...
2026-07-01 15:42:41 | INFO | Main content: #main-content
2026-07-01 15:42:41 | INFO | Phase 3: Detecting blocks...
2026-07-01 15:42:42 | WARNING | Blocks - 69% of blocks are unknown - site uses non-EDS patterns
2026-07-01 15:42:42 | INFO | Phase 4: Capturing block screenshots...
2026-07-01 15:42:43 | INFO | Captured 13 block screenshots
2026-07-01 15:42:43 | INFO | Detected 13 blocks
2026-07-01 15:42:43 | INFO | Generating fingerprints for template discovery...
2026-07-01 15:42:44 | INFO | Removed 5 elements: overlay, popup
📐 Detecting header/footer for this page...
2026-07-01 15:42:44 | INFO | Template - Reused saved footer selector on current page
2026-07-01 15:42:44 | INFO | Header: complex complexity, 4 features
2026-07-01 15:42:44 | INFO | Footer: simple complexity, 0 features
2026-07-01 15:42:44 | INFO | Phase 2: Identifying main content area...
2026-07-01 15:42:44 | INFO | Main content: #main-content
2026-07-01 15:42:44 | INFO | Phase 3: Detecting blocks...
2026-07-01 15:42:44 | INFO | Phase 4: Capturing block screenshots...
2026-07-01 15:42:46 | INFO |    Top-section: 13 rows via title
2026-07-01 15:42:46 | INFO |    Body start: y=325 (start row 13 via below-title)
2026-07-01 15:42:46 | INFO | URL Pattern: /quem-somos/diesel-verana
2026-07-01 15:42:46 | INFO | Page catalog complete: /workspace/catalog/.pages/petrobras_com_br_quem-somos_diesel-verana--e3d98c9f/page-catalog.json
2026-07-01 15:42:46 | INFO | SUCCESS: https://petrobras.com.br/quem-somos/diesel-verana
2026-07-01 15:42:47 | INFO | [192/249] Processing: https://petrobras.com.br/sustentabilidade/mudancas-climaticas
2026-07-01 15:42:47 | INFO | Generated slug: petrobras_com_br_sustentabilidade_mudancas-climaticas--b6255d63
2026-07-01 15:42:47 | INFO | Starting analysis: https://petrobras.com.br/sustentabilidade/mudancas-climaticas -> /workspace/catalog/.pages/petrobras_com_br_sustentabilidade_mudancas-climaticas--b6255d63
2026-07-01 15:42:47 | INFO | Loading: https://petrobras.com.br/sustentabilidade/mudancas-climaticas
2026-07-01 15:42:48 | INFO | Captured 35 block screenshots
2026-07-01 15:42:48 | INFO | Detected 35 blocks
2026-07-01 15:42:48 | INFO | Generating fingerprints for template discovery...
2026-07-01 15:42:51 | INFO |    Top-section: 15 rows via title
2026-07-01 15:42:51 | INFO |    Body start: y=375 (start row 15 via below-title)
2026-07-01 15:42:51 | INFO | URL Pattern: /quem-somos/assistencia-tecnica
2026-07-01 15:42:51 | INFO | Page catalog complete: /workspace/catalog/.pages/petrobras_com_br_quem-somos_assistencia-tecnica--c5565b0b/page-catalog.json
2026-07-01 15:42:51 | INFO | SUCCESS: https://petrobras.com.br/quem-somos/assistencia-tecnica
2026-07-01 15:42:51 | INFO | Phase 0A: Triggering lazy-loaded content...
2026-07-01 15:42:52 | INFO | [193/249] Processing: https://petrobras.com.br/sustentabilidade/dados-abertos
2026-07-01 15:42:52 | INFO | Generated slug: petrobras_com_br_sustentabilidade_dados-abertos--15030f70
2026-07-01 15:42:52 | INFO | Starting analysis: https://petrobras.com.br/sustentabilidade/dados-abertos -> /workspace/catalog/.pages/petrobras_com_br_sustentabilidade_dados-abertos--15030f70
2026-07-01 15:42:52 | INFO | Loading: https://petrobras.com.br/sustentabilidade/dados-abertos
2026-07-01 15:42:53 | INFO | Lazy-load scroll complete
2026-07-01 15:42:53 | INFO | Phase 0B: Cleaning up overlays...
2026-07-01 15:42:56 | INFO | Phase 0A: Triggering lazy-loaded content...
2026-07-01 15:42:58 | INFO | Lazy-load scroll complete
2026-07-01 15:42:58 | INFO | Phase 0B: Cleaning up overlays...
2026-07-01 15:43:07 | INFO | Removed 5 elements: overlay, popup
📐 Detecting header/footer for this page...
2026-07-01 15:43:07 | INFO | Template - Reused saved footer selector on current page
2026-07-01 15:43:07 | INFO | Header: complex complexity, 4 features
2026-07-01 15:43:07 | INFO | Footer: simple complexity, 0 features
2026-07-01 15:43:07 | INFO | Phase 2: Identifying main content area...
2026-07-01 15:43:07 | INFO | Main content: #main-content
2026-07-01 15:43:07 | INFO | Phase 3: Detecting blocks...
2026-07-01 15:43:07 | INFO | Phase 4: Capturing block screenshots...
2026-07-01 15:43:08 | INFO | Removed 5 elements: overlay, popup
📐 Detecting header/footer for this page...
2026-07-01 15:43:08 | INFO | Template - Reused saved footer selector on current page
2026-07-01 15:43:08 | INFO | Header: complex complexity, 4 features
2026-07-01 15:43:08 | INFO | Footer: simple complexity, 0 features
2026-07-01 15:43:08 | INFO | Phase 2: Identifying main content area...
2026-07-01 15:43:08 | INFO | Main content: #main-content
2026-07-01 15:43:08 | INFO | Phase 3: Detecting blocks...
2026-07-01 15:43:08 | WARNING | Blocks - 71% of blocks are unknown - site uses non-EDS patterns
2026-07-01 15:43:08 | INFO | Phase 4: Capturing block screenshots...
2026-07-01 15:43:09 | INFO | Captured 15 block screenshots
2026-07-01 15:43:09 | INFO | Detected 15 blocks
2026-07-01 15:43:09 | INFO | Generating fingerprints for template discovery...
2026-07-01 15:43:09 | INFO | Removed 5 elements: overlay, popup
📐 Detecting header/footer for this page...
2026-07-01 15:43:09 | INFO | Template - Reused saved footer selector on current page
2026-07-01 15:43:09 | INFO | Header: complex complexity, 4 features
2026-07-01 15:43:09 | INFO | Footer: simple complexity, 0 features
2026-07-01 15:43:09 | INFO | Phase 2: Identifying main content area...
2026-07-01 15:43:09 | INFO | Main content: #main-content
2026-07-01 15:43:09 | INFO | Phase 3: Detecting blocks...
2026-07-01 15:43:09 | WARNING | Blocks - 50% of blocks are unknown - site uses non-EDS patterns
2026-07-01 15:43:09 | INFO | Phase 4: Capturing block screenshots...
2026-07-01 15:43:09 | INFO | Captured 7 block screenshots
2026-07-01 15:43:09 | INFO | Detected 7 blocks
2026-07-01 15:43:09 | INFO | Generating fingerprints for template discovery...
2026-07-01 15:43:10 | INFO | Captured 8 block screenshots
2026-07-01 15:43:10 | INFO | Detected 8 blocks
2026-07-01 15:43:10 | INFO | Generating fingerprints for template discovery...
2026-07-01 15:43:11 | INFO |    Top-section: 17 rows via title
2026-07-01 15:43:11 | INFO |    Body start: y=425 (start row 17 via below-title)
2026-07-01 15:43:11 | INFO | URL Pattern: /quem-somos/cap-convencional
2026-07-01 15:43:11 | INFO | Page catalog complete: /workspace/catalog/.pages/petrobras_com_br_quem-somos_cap-convencional--0cea9b55/page-catalog.json
2026-07-01 15:43:11 | INFO | SUCCESS: https://petrobras.com.br/quem-somos/cap-convencional
2026-07-01 15:43:12 | INFO |    Top-section: 13 rows via title
2026-07-01 15:43:12 | INFO |    Body start: y=325 (start row 13 via below-title)
2026-07-01 15:43:12 | INFO | URL Pattern: /quem-somos/oleo-diesel-maritimo
2026-07-01 15:43:12 | INFO | Page catalog complete: /workspace/catalog/.pages/petrobras_com_br_quem-somos_oleo-diesel-maritimo--6b51fd56/page-catalog.json
2026-07-01 15:43:12 | INFO | SUCCESS: https://petrobras.com.br/quem-somos/oleo-diesel-maritimo
2026-07-01 15:43:12 | INFO | PROGRESS: 190/249 analyzed (76% checklist complete) | 190 ok, 0 failed, 0 skipped | ~16 min remaining
2026-07-01 15:43:12 | INFO |    Top-section: 7 rows via title
2026-07-01 15:43:12 | INFO |    Body start: y=175 (start row 7 via below-title)
2026-07-01 15:43:12 | INFO | URL Pattern: /quem-somos/add-cleaner-petrobras
2026-07-01 15:43:12 | INFO | Page catalog complete: /workspace/catalog/.pages/petrobras_com_br_quem-somos_add-cleaner-petrobras--4e0305d5/page-catalog.json
2026-07-01 15:43:12 | INFO | SUCCESS: https://petrobras.com.br/quem-somos/add-cleaner-petrobras
2026-07-01 15:43:12 | INFO | [194/249] Processing: https://petrobras.com.br/sustentabilidade/meio-ambiente
2026-07-01 15:43:12 | INFO | Generated slug: petrobras_com_br_sustentabilidade_meio-ambiente--609cd926
2026-07-01 15:43:12 | INFO | Starting analysis: https://petrobras.com.br/sustentabilidade/meio-ambiente -> /workspace/catalog/.pages/petrobras_com_br_sustentabilidade_meio-ambiente--609cd926
2026-07-01 15:43:13 | INFO | Loading: https://petrobras.com.br/sustentabilidade/meio-ambiente
2026-07-01 15:43:13 | INFO | [195/249] Processing: https://petrobras.com.br/sustentabilidade/descomissionamento-offshore
2026-07-01 15:43:13 | INFO | Generated slug: petrobras_com_br_sustentabilidade_descomissionamento-offshore--658eb204
2026-07-01 15:43:13 | INFO | Starting analysis: https://petrobras.com.br/sustentabilidade/descomissionamento-offshore -> /workspace/catalog/.pages/petrobras_com_br_sustentabilidade_descomissionamento-offshore--658eb204
2026-07-01 15:43:13 | INFO | Loading: https://petrobras.com.br/sustentabilidade/descomissionamento-offshore
2026-07-01 15:43:14 | INFO | [196/249] Processing: https://petrobras.com.br/sustentabilidade/iniciativas-de-reflorestamento
2026-07-01 15:43:14 | INFO | Generated slug: petrobras_com_br_sustentabilidade_iniciativas-de-reflorestamento--de7573d5
2026-07-01 15:43:14 | INFO | Starting analysis: https://petrobras.com.br/sustentabilidade/iniciativas-de-reflorestamento -> /workspace/catalog/.pages/petrobras_com_br_sustentabilidade_iniciativas-de-reflorestamento--de7573d5
2026-07-01 15:43:14 | INFO | Loading: https://petrobras.com.br/sustentabilidade/iniciativas-de-reflorestamento
2026-07-01 15:43:17 | INFO | Phase 0A: Triggering lazy-loaded content...
2026-07-01 15:43:17 | INFO | Phase 0A: Triggering lazy-loaded content...
2026-07-01 15:43:17 | INFO | Phase 0A: Triggering lazy-loaded content...
2026-07-01 15:43:19 | INFO | Lazy-load scroll complete
2026-07-01 15:43:19 | INFO | Phase 0B: Cleaning up overlays...
2026-07-01 15:43:20 | INFO | Lazy-load scroll complete
2026-07-01 15:43:20 | INFO | Phase 0B: Cleaning up overlays...
2026-07-01 15:43:22 | INFO | Lazy-load scroll complete
2026-07-01 15:43:22 | INFO | Phase 0B: Cleaning up overlays...
2026-07-01 15:43:24 | INFO | Removed 5 elements: overlay, popup
📐 Detecting header/footer for this page...
2026-07-01 15:43:24 | INFO | Template - Reused saved header selector on current page
2026-07-01 15:43:24 | INFO | Template - Reused saved footer selector on current page
2026-07-01 15:43:24 | INFO | Header: complex complexity, 3 features
2026-07-01 15:43:24 | INFO | Footer: simple complexity, 0 features
2026-07-01 15:43:24 | INFO | Phase 2: Identifying main content area...
2026-07-01 15:43:24 | INFO | Main content: #main-content
2026-07-01 15:43:24 | INFO | Phase 3: Detecting blocks...
2026-07-01 15:43:24 | INFO | Phase 4: Capturing block screenshots...
2026-07-01 15:43:24 | WARNING | Screenshots - Block not visible: accordion-49960e92
2026-07-01 15:43:25 | INFO | Captured 6 block screenshots
2026-07-01 15:43:25 | INFO | Detected 7 blocks
2026-07-01 15:43:25 | INFO | Generating fingerprints for template discovery...
2026-07-01 15:43:28 | INFO |    Top-section: 31 rows via title+placeholder
2026-07-01 15:43:28 | INFO |    Body start: y=775 (start row 31 via below-title+placeholder)
2026-07-01 15:43:28 | INFO | URL Pattern: /sustentabilidade/mudancas-climaticas
2026-07-01 15:43:28 | INFO | Page catalog complete: /workspace/catalog/.pages/petrobras_com_br_sustentabilidade_mudancas-climaticas--b6255d63/page-catalog.json
2026-07-01 15:43:28 | INFO | SUCCESS: https://petrobras.com.br/sustentabilidade/mudancas-climaticas
2026-07-01 15:43:29 | INFO | Removed 5 elements: overlay, popup
📐 Detecting header/footer for this page...
2026-07-01 15:43:29 | INFO | Template - Reused saved header selector on current page
2026-07-01 15:43:29 | INFO | Template - Reused saved footer selector on current page
2026-07-01 15:43:29 | INFO | Header: complex complexity, 3 features
2026-07-01 15:43:29 | INFO | Footer: simple complexity, 0 features
2026-07-01 15:43:29 | INFO | Phase 2: Identifying main content area...
2026-07-01 15:43:29 | INFO | Main content: #main-content
2026-07-01 15:43:29 | INFO | Phase 3: Detecting blocks...
2026-07-01 15:43:29 | INFO | Phase 4: Capturing block screenshots...
2026-07-01 15:43:29 | INFO | [197/249] Processing: https://petrobras.com.br/sustentabilidade/biodiversidade
2026-07-01 15:43:29 | INFO | Generated slug: petrobras_com_br_sustentabilidade_biodiversidade--83f1cfa5
2026-07-01 15:43:29 | INFO | Starting analysis: https://petrobras.com.br/sustentabilidade/biodiversidade -> /workspace/catalog/.pages/petrobras_com_br_sustentabilidade_biodiversidade--83f1cfa5
2026-07-01 15:43:29 | INFO | Loading: https://petrobras.com.br/sustentabilidade/biodiversidade
2026-07-01 15:43:30 | INFO | Captured 4 block screenshots
2026-07-01 15:43:30 | INFO | Detected 4 blocks
2026-07-01 15:43:30 | INFO | Generating fingerprints for template discovery...
2026-07-01 15:43:33 | INFO |    Top-section: 31 rows via title+placeholder
2026-07-01 15:43:33 | INFO |    Body start: y=775 (start row 31 via below-title+placeholder)
2026-07-01 15:43:33 | INFO | URL Pattern: /sustentabilidade/dados-abertos
2026-07-01 15:43:33 | INFO | Page catalog complete: /workspace/catalog/.pages/petrobras_com_br_sustentabilidade_dados-abertos--15030f70/page-catalog.json
2026-07-01 15:43:33 | INFO | SUCCESS: https://petrobras.com.br/sustentabilidade/dados-abertos
2026-07-01 15:43:34 | INFO | [198/249] Processing: https://petrobras.com.br/sustentabilidade/recursos-hidricos
2026-07-01 15:43:34 | INFO | Generated slug: petrobras_com_br_sustentabilidade_recursos-hidricos--eaea9f15
2026-07-01 15:43:34 | INFO | Starting analysis: https://petrobras.com.br/sustentabilidade/recursos-hidricos -> /workspace/catalog/.pages/petrobras_com_br_sustentabilidade_recursos-hidricos--eaea9f15
2026-07-01 15:43:34 | INFO | Loading: https://petrobras.com.br/sustentabilidade/recursos-hidricos
2026-07-01 15:43:34 | INFO | Phase 0A: Triggering lazy-loaded content...
2026-07-01 15:43:38 | INFO | Lazy-load scroll complete
2026-07-01 15:43:38 | INFO | Phase 0B: Cleaning up overlays...
2026-07-01 15:43:38 | INFO | Phase 0A: Triggering lazy-loaded content...
2026-07-01 15:43:40 | INFO | Lazy-load scroll complete
2026-07-01 15:43:40 | INFO | Phase 0B: Cleaning up overlays...
2026-07-01 15:43:50 | INFO | Removed 5 elements: overlay, popup
📐 Detecting header/footer for this page...
2026-07-01 15:43:50 | INFO | Template - Reused saved header selector on current page
2026-07-01 15:43:50 | INFO | Template - Reused saved footer selector on current page
2026-07-01 15:43:50 | INFO | Header: complex complexity, 3 features
2026-07-01 15:43:50 | INFO | Footer: simple complexity, 0 features
2026-07-01 15:43:50 | INFO | Phase 2: Identifying main content area...
2026-07-01 15:43:50 | INFO | Main content: #main-content
2026-07-01 15:43:50 | INFO | Phase 3: Detecting blocks...
2026-07-01 15:43:50 | INFO | Phase 4: Capturing block screenshots...
2026-07-01 15:43:51 | INFO | Removed 5 elements: overlay, popup
📐 Detecting header/footer for this page...
2026-07-01 15:43:51 | INFO | Template - Reused saved footer selector on current page
2026-07-01 15:43:51 | INFO | Header: complex complexity, 4 features
2026-07-01 15:43:51 | INFO | Footer: simple complexity, 0 features
2026-07-01 15:43:51 | INFO | Phase 2: Identifying main content area...
2026-07-01 15:43:51 | INFO | Main content: #main-content
2026-07-01 15:43:51 | INFO | Phase 3: Detecting blocks...
2026-07-01 15:43:51 | INFO | Phase 4: Capturing block screenshots...
2026-07-01 15:43:52 | INFO | Captured 7 block screenshots
2026-07-01 15:43:52 | INFO | Detected 7 blocks
2026-07-01 15:43:52 | INFO | Generating fingerprints for template discovery...
2026-07-01 15:43:53 | INFO | Captured 11 block screenshots
2026-07-01 15:43:53 | INFO | Detected 11 blocks
2026-07-01 15:43:53 | INFO | Generating fingerprints for template discovery...
2026-07-01 15:43:54 | INFO | Removed 9 elements: overlay, popup
📐 Detecting header/footer for this page...
2026-07-01 15:43:54 | INFO | Template - Reused saved footer selector on current page
2026-07-01 15:43:54 | INFO | Header: complex complexity, 4 features
2026-07-01 15:43:54 | INFO | Footer: simple complexity, 0 features
2026-07-01 15:43:54 | INFO | Phase 2: Identifying main content area...
2026-07-01 15:43:54 | INFO | Main content: #main-content
2026-07-01 15:43:54 | INFO | Phase 3: Detecting blocks...
2026-07-01 15:43:54 | WARNING | Blocks - 57% of blocks are unknown - site uses non-EDS patterns
2026-07-01 15:43:54 | INFO | Phase 4: Capturing block screenshots...
2026-07-01 15:43:54 | INFO |    Top-section: 31 rows via title+placeholder
2026-07-01 15:43:54 | INFO |    Body start: y=775 (start row 31 via below-title+placeholder)
2026-07-01 15:43:54 | INFO | URL Pattern: /sustentabilidade/meio-ambiente
2026-07-01 15:43:54 | INFO | Page catalog complete: /workspace/catalog/.pages/petrobras_com_br_sustentabilidade_meio-ambiente--609cd926/page-catalog.json
2026-07-01 15:43:54 | INFO | SUCCESS: https://petrobras.com.br/sustentabilidade/meio-ambiente
2026-07-01 15:43:55 | INFO |    Top-section: 7 rows via title
2026-07-01 15:43:55 | INFO |    Body start: y=175 (start row 7 via below-title)
2026-07-01 15:43:55 | INFO | URL Pattern: /sustentabilidade/iniciativas-de-reflorestamento
2026-07-01 15:43:55 | INFO | Page catalog complete: /workspace/catalog/.pages/petrobras_com_br_sustentabilidade_iniciativas-de-reflorestamento--de7573d5/page-catalog.json
2026-07-01 15:43:55 | INFO | SUCCESS: https://petrobras.com.br/sustentabilidade/iniciativas-de-reflorestamento
2026-07-01 15:43:55 | INFO | PROGRESS: 195/249 analyzed (78% checklist complete) | 195 ok, 0 failed, 0 skipped | ~14 min remaining
2026-07-01 15:43:56 | INFO | [199/249] Processing: https://petrobras.com.br/sustentabilidade/seguranca-meio-ambiente-saude
2026-07-01 15:43:56 | INFO | Generated slug: petrobras_com_br_sustentabilidade_seguranca-meio-ambiente-saude--3714fa53
2026-07-01 15:43:56 | INFO | Starting analysis: https://petrobras.com.br/sustentabilidade/seguranca-meio-ambiente-saude -> /workspace/catalog/.pages/petrobras_com_br_sustentabilidade_seguranca-meio-ambiente-saude--3714fa53
2026-07-01 15:43:56 | INFO | Loading: https://petrobras.com.br/sustentabilidade/seguranca-meio-ambiente-saude
2026-07-01 15:43:57 | INFO | [200/249] Processing: https://petrobras.com.br/sustentabilidade/seguranca-operacional
2026-07-01 15:43:57 | INFO | Generated slug: petrobras_com_br_sustentabilidade_seguranca-operacional--61aeb695
2026-07-01 15:43:57 | INFO | Starting analysis: https://petrobras.com.br/sustentabilidade/seguranca-operacional -> /workspace/catalog/.pages/petrobras_com_br_sustentabilidade_seguranca-operacional--61aeb695
2026-07-01 15:43:57 | INFO | Loading: https://petrobras.com.br/sustentabilidade/seguranca-operacional
2026-07-01 15:43:57 | INFO | Captured 30 block screenshots
2026-07-01 15:43:57 | INFO | Detected 30 blocks
2026-07-01 15:43:57 | INFO | Generating fingerprints for template discovery...
2026-07-01 15:43:59 | INFO | Phase 0A: Triggering lazy-loaded content...
2026-07-01 15:44:00 | INFO |    Top-section: 17 rows via title
2026-07-01 15:44:00 | INFO |    Body start: y=425 (start row 17 via below-title)
2026-07-01 15:44:00 | INFO | URL Pattern: /sustentabilidade/descomissionamento-offshore
2026-07-01 15:44:00 | INFO | Page catalog complete: /workspace/catalog/.pages/petrobras_com_br_sustentabilidade_descomissionamento-offshore--658eb204/page-catalog.json
2026-07-01 15:44:00 | INFO | SUCCESS: https://petrobras.com.br/sustentabilidade/descomissionamento-offshore
2026-07-01 15:44:00 | INFO | Phase 0A: Triggering lazy-loaded content...
2026-07-01 15:44:01 | INFO | [201/249] Processing: https://petrobras.com.br/sustentabilidade/licenciamento-ambiental
2026-07-01 15:44:01 | INFO | Generated slug: petrobras_com_br_sustentabilidade_licenciamento-ambiental--0675000e
2026-07-01 15:44:01 | INFO | Starting analysis: https://petrobras.com.br/sustentabilidade/licenciamento-ambiental -> /workspace/catalog/.pages/petrobras_com_br_sustentabilidade_licenciamento-ambiental--0675000e
2026-07-01 15:44:01 | INFO | Loading: https://petrobras.com.br/sustentabilidade/licenciamento-ambiental
2026-07-01 15:44:01 | INFO | Lazy-load scroll complete
2026-07-01 15:44:01 | INFO | Phase 0B: Cleaning up overlays...
2026-07-01 15:44:02 | INFO | Lazy-load scroll complete
2026-07-01 15:44:02 | INFO | Phase 0B: Cleaning up overlays...
2026-07-01 15:44:05 | INFO | Phase 0A: Triggering lazy-loaded content...
2026-07-01 15:44:07 | INFO | Lazy-load scroll complete
2026-07-01 15:44:07 | INFO | Phase 0B: Cleaning up overlays...
2026-07-01 15:44:09 | INFO | Removed 118 elements: overlay, popup
📐 Detecting header/footer for this page...
2026-07-01 15:44:09 | INFO | Template - Reused saved header selector on current page
2026-07-01 15:44:09 | INFO | Template - Reused saved footer selector on current page
2026-07-01 15:44:09 | INFO | Header: complex complexity, 3 features
2026-07-01 15:44:09 | INFO | Footer: simple complexity, 0 features
2026-07-01 15:44:09 | INFO | Phase 2: Identifying main content area...
2026-07-01 15:44:09 | INFO | Main content: #main-content
2026-07-01 15:44:09 | INFO | Phase 3: Detecting blocks...
2026-07-01 15:44:09 | WARNING | Blocks - 65% of blocks are unknown - site uses non-EDS patterns
2026-07-01 15:44:09 | INFO | Phase 4: Capturing block screenshots...
2026-07-01 15:44:11 | INFO | Removed 5 elements: overlay, popup
📐 Detecting header/footer for this page...
2026-07-01 15:44:11 | INFO | Template - Reused saved footer selector on current page
2026-07-01 15:44:11 | INFO | Header: complex complexity, 4 features
2026-07-01 15:44:11 | INFO | Footer: simple complexity, 0 features
2026-07-01 15:44:11 | INFO | Phase 2: Identifying main content area...
2026-07-01 15:44:11 | INFO | Main content: #main-content
2026-07-01 15:44:11 | INFO | Phase 3: Detecting blocks...
2026-07-01 15:44:11 | INFO | Phase 4: Capturing block screenshots...
2026-07-01 15:44:11 | INFO | Captured 17 block screenshots
2026-07-01 15:44:11 | INFO | Detected 17 blocks
2026-07-01 15:44:11 | INFO | Generating fingerprints for template discovery...
2026-07-01 15:44:12 | INFO | Captured 5 block screenshots
2026-07-01 15:44:12 | INFO | Detected 5 blocks
2026-07-01 15:44:12 | INFO | Generating fingerprints for template discovery...
2026-07-01 15:44:14 | INFO |    Top-section: 31 rows via title+placeholder
2026-07-01 15:44:14 | INFO |    Body start: y=775 (start row 31 via below-title+placeholder)
2026-07-01 15:44:14 | INFO | URL Pattern: /sustentabilidade/biodiversidade
2026-07-01 15:44:14 | INFO | Page catalog complete: /workspace/catalog/.pages/petrobras_com_br_sustentabilidade_biodiversidade--83f1cfa5/page-catalog.json
2026-07-01 15:44:14 | INFO | SUCCESS: https://petrobras.com.br/sustentabilidade/biodiversidade
2026-07-01 15:44:15 | INFO |    Top-section: 13 rows via title
2026-07-01 15:44:15 | INFO |    Body start: y=325 (start row 13 via below-title)
2026-07-01 15:44:15 | INFO | URL Pattern: /sustentabilidade/recursos-hidricos
2026-07-01 15:44:15 | INFO | Page catalog complete: /workspace/catalog/.pages/petrobras_com_br_sustentabilidade_recursos-hidricos--eaea9f15/page-catalog.json
2026-07-01 15:44:15 | INFO | SUCCESS: https://petrobras.com.br/sustentabilidade/recursos-hidricos
2026-07-01 15:44:16 | INFO | [202/249] Processing: https://petrobras.com.br/sustentabilidade/responsabilidade-social
2026-07-01 15:44:16 | INFO | Generated slug: petrobras_com_br_sustentabilidade_responsabilidade-social--5c5eb7a1
2026-07-01 15:44:16 | INFO | Starting analysis: https://petrobras.com.br/sustentabilidade/responsabilidade-social -> /workspace/catalog/.pages/petrobras_com_br_sustentabilidade_responsabilidade-social--5c5eb7a1
2026-07-01 15:44:16 | INFO | Loading: https://petrobras.com.br/sustentabilidade/responsabilidade-social
2026-07-01 15:44:16 | INFO | [203/249] Processing: https://petrobras.com.br/sustentabilidade/patrocinios
2026-07-01 15:44:16 | INFO | Generated slug: petrobras_com_br_sustentabilidade_patrocinios--2ac7f8d7
2026-07-01 15:44:16 | INFO | Starting analysis: https://petrobras.com.br/sustentabilidade/patrocinios -> /workspace/catalog/.pages/petrobras_com_br_sustentabilidade_patrocinios--2ac7f8d7
2026-07-01 15:44:16 | INFO | Loading: https://petrobras.com.br/sustentabilidade/patrocinios
2026-07-01 15:44:19 | INFO | Phase 0A: Triggering lazy-loaded content...
2026-07-01 15:44:21 | INFO | Phase 0A: Triggering lazy-loaded content...
2026-07-01 15:44:23 | INFO | Lazy-load scroll complete
2026-07-01 15:44:23 | INFO | Phase 0B: Cleaning up overlays...
2026-07-01 15:44:23 | INFO | Lazy-load scroll complete
2026-07-01 15:44:23 | INFO | Phase 0B: Cleaning up overlays...
2026-07-01 15:44:33 | INFO | Removed 5 elements: overlay, popup
📐 Detecting header/footer for this page...
2026-07-01 15:44:33 | INFO | Template - Reused saved footer selector on current page
2026-07-01 15:44:33 | INFO | Header: complex complexity, 4 features
2026-07-01 15:44:33 | INFO | Footer: simple complexity, 0 features
2026-07-01 15:44:33 | INFO | Phase 2: Identifying main content area...
2026-07-01 15:44:33 | INFO | Main content: #main-content
2026-07-01 15:44:33 | INFO | Phase 3: Detecting blocks...
2026-07-01 15:44:33 | INFO | Phase 4: Capturing block screenshots...
2026-07-01 15:44:34 | INFO | Removed 5 elements: overlay, popup
📐 Detecting header/footer for this page...
2026-07-01 15:44:34 | INFO | Template - Reused saved footer selector on current page
2026-07-01 15:44:34 | INFO | Header: complex complexity, 4 features
2026-07-01 15:44:34 | INFO | Footer: simple complexity, 0 features
2026-07-01 15:44:34 | INFO | Phase 2: Identifying main content area...
2026-07-01 15:44:34 | INFO | Main content: #main-content
2026-07-01 15:44:34 | INFO | Phase 3: Detecting blocks...
2026-07-01 15:44:34 | WARNING | Blocks - 55% of blocks are unknown - site uses non-EDS patterns
2026-07-01 15:44:34 | INFO | Phase 4: Capturing block screenshots...
2026-07-01 15:44:35 | INFO | Captured 11 block screenshots
2026-07-01 15:44:35 | INFO | Detected 11 blocks
2026-07-01 15:44:35 | INFO | Generating fingerprints for template discovery...
2026-07-01 15:44:36 | INFO | Captured 29 block screenshots
2026-07-01 15:44:36 | INFO | Detected 29 blocks
2026-07-01 15:44:36 | INFO | Generating fingerprints for template discovery...
2026-07-01 15:44:38 | INFO |    Top-section: 17 rows via title
2026-07-01 15:44:38 | INFO |    Body start: y=425 (start row 17 via below-title)
2026-07-01 15:44:38 | INFO | URL Pattern: /sustentabilidade/seguranca-operacional
2026-07-01 15:44:38 | INFO | Page catalog complete: /workspace/catalog/.pages/petrobras_com_br_sustentabilidade_seguranca-operacional--61aeb695/page-catalog.json
2026-07-01 15:44:38 | INFO | SUCCESS: https://petrobras.com.br/sustentabilidade/seguranca-operacional
2026-07-01 15:44:38 | INFO | Removed 5 elements: overlay, popup
📐 Detecting header/footer for this page...
2026-07-01 15:44:38 | INFO | Template - Reused saved footer selector on current page
2026-07-01 15:44:38 | INFO | Header: complex complexity, 4 features
2026-07-01 15:44:38 | INFO | Footer: simple complexity, 0 features
2026-07-01 15:44:38 | INFO | Phase 2: Identifying main content area...
2026-07-01 15:44:38 | INFO | Main content: #main-content
2026-07-01 15:44:38 | INFO | Phase 3: Detecting blocks...
2026-07-01 15:44:38 | INFO | Phase 4: Capturing block screenshots...
2026-07-01 15:44:38 | INFO |    Top-section: 15 rows via title
2026-07-01 15:44:38 | INFO |    Body start: y=375 (start row 15 via below-title)
2026-07-01 15:44:38 | INFO | URL Pattern: /sustentabilidade/seguranca-meio-ambiente-saude
2026-07-01 15:44:38 | INFO | Page catalog complete: /workspace/catalog/.pages/petrobras_com_br_sustentabilidade_seguranca-meio-ambiente-saude--3714fa53/page-catalog.json
2026-07-01 15:44:38 | INFO | SUCCESS: https://petrobras.com.br/sustentabilidade/seguranca-meio-ambiente-saude
2026-07-01 15:44:38 | INFO | PROGRESS: 200/249 analyzed (80% checklist complete) | 200 ok, 0 failed, 0 skipped | ~13 min remaining
2026-07-01 15:44:39 | INFO | [204/249] Processing: https://petrobras.com.br/sustentabilidade/investimento-socioambiental
2026-07-01 15:44:39 | INFO | Generated slug: petrobras_com_br_sustentabilidade_investimento-socioambiental--44d1a86d
2026-07-01 15:44:39 | INFO | Starting analysis: https://petrobras.com.br/sustentabilidade/investimento-socioambiental -> /workspace/catalog/.pages/petrobras_com_br_sustentabilidade_investimento-socioambiental--44d1a86d
2026-07-01 15:44:39 | INFO | Loading: https://petrobras.com.br/sustentabilidade/investimento-socioambiental
2026-07-01 15:44:40 | INFO | Captured 9 block screenshots
2026-07-01 15:44:40 | INFO | Detected 9 blocks
2026-07-01 15:44:40 | INFO | Generating fingerprints for template discovery...
2026-07-01 15:44:40 | INFO | [205/249] Processing: https://petrobras.com.br/sustentabilidade/socioambiental
2026-07-01 15:44:40 | INFO | Generated slug: petrobras_com_br_sustentabilidade_socioambiental--abd06c59
2026-07-01 15:44:40 | INFO | Starting analysis: https://petrobras.com.br/sustentabilidade/socioambiental -> /workspace/catalog/.pages/petrobras_com_br_sustentabilidade_socioambiental--abd06c59
2026-07-01 15:44:40 | INFO | Loading: https://petrobras.com.br/sustentabilidade/socioambiental
2026-07-01 15:44:42 | INFO |    Top-section: 7 rows via title
2026-07-01 15:44:42 | INFO |    Body start: y=175 (start row 7 via below-title)
2026-07-01 15:44:42 | INFO | URL Pattern: /sustentabilidade/licenciamento-ambiental
2026-07-01 15:44:42 | INFO | Page catalog complete: /workspace/catalog/.pages/petrobras_com_br_sustentabilidade_licenciamento-ambiental--0675000e/page-catalog.json
2026-07-01 15:44:42 | INFO | SUCCESS: https://petrobras.com.br/sustentabilidade/licenciamento-ambiental
2026-07-01 15:44:43 | INFO | Phase 0A: Triggering lazy-loaded content...
2026-07-01 15:44:44 | INFO | [206/249] Processing: https://petrobras.com.br/sustentabilidade/selecoes-publicas
2026-07-01 15:44:44 | INFO | Generated slug: petrobras_com_br_sustentabilidade_selecoes-publicas--435619c6
2026-07-01 15:44:44 | INFO | Starting analysis: https://petrobras.com.br/sustentabilidade/selecoes-publicas -> /workspace/catalog/.pages/petrobras_com_br_sustentabilidade_selecoes-publicas--435619c6
2026-07-01 15:44:44 | INFO | Loading: https://petrobras.com.br/sustentabilidade/selecoes-publicas
2026-07-01 15:44:44 | INFO | Phase 0A: Triggering lazy-loaded content...
2026-07-01 15:44:44 | INFO | Lazy-load scroll complete
2026-07-01 15:44:44 | INFO | Phase 0B: Cleaning up overlays...
2026-07-01 15:44:46 | INFO | Lazy-load scroll complete
2026-07-01 15:44:46 | INFO | Phase 0B: Cleaning up overlays...
2026-07-01 15:44:47 | INFO | Phase 0A: Triggering lazy-loaded content...
2026-07-01 15:44:50 | INFO | Lazy-load scroll complete
2026-07-01 15:44:50 | INFO | Phase 0B: Cleaning up overlays...
2026-07-01 15:44:54 | INFO | Removed 5 elements: overlay, popup
📐 Detecting header/footer for this page...
2026-07-01 15:44:54 | INFO | Template - Reused saved header selector on current page
2026-07-01 15:44:54 | INFO | Template - Reused saved footer selector on current page
2026-07-01 15:44:54 | INFO | Header: complex complexity, 3 features
2026-07-01 15:44:54 | INFO | Footer: simple complexity, 0 features
2026-07-01 15:44:54 | INFO | Phase 2: Identifying main content area...
2026-07-01 15:44:54 | INFO | Main content: #main-content
2026-07-01 15:44:54 | INFO | Phase 3: Detecting blocks...
2026-07-01 15:44:54 | INFO | Phase 4: Capturing block screenshots...
2026-07-01 15:44:54 | INFO | Removed 13 elements: overlay, popup
📐 Detecting header/footer for this page...
2026-07-01 15:44:54 | INFO | Template - Reused saved header selector on current page
2026-07-01 15:44:54 | INFO | Template - Reused saved footer selector on current page
2026-07-01 15:44:54 | INFO | Header: complex complexity, 3 features
2026-07-01 15:44:54 | INFO | Footer: simple complexity, 0 features
2026-07-01 15:44:54 | INFO | Phase 2: Identifying main content area...
2026-07-01 15:44:54 | INFO | Main content: #main-content
2026-07-01 15:44:54 | INFO | Phase 3: Detecting blocks...
2026-07-01 15:44:54 | INFO | Phase 4: Capturing block screenshots...
2026-07-01 15:44:56 | INFO | Captured 20 block screenshots
2026-07-01 15:44:56 | INFO | Detected 20 blocks
2026-07-01 15:44:56 | INFO | Generating fingerprints for template discovery...
2026-07-01 15:44:56 | INFO | Captured 15 block screenshots
2026-07-01 15:44:56 | INFO | Detected 15 blocks
2026-07-01 15:44:56 | INFO | Generating fingerprints for template discovery...
2026-07-01 15:44:59 | INFO |    Top-section: 31 rows via title+placeholder
2026-07-01 15:44:59 | INFO |    Body start: y=775 (start row 31 via below-title+placeholder)
2026-07-01 15:44:59 | INFO | URL Pattern: /sustentabilidade/patrocinios
2026-07-01 15:44:59 | INFO | Page catalog complete: /workspace/catalog/.pages/petrobras_com_br_sustentabilidade_patrocinios--2ac7f8d7/page-catalog.json
2026-07-01 15:44:59 | INFO | SUCCESS: https://petrobras.com.br/sustentabilidade/patrocinios
2026-07-01 15:44:59 | INFO |    Top-section: 31 rows via title+placeholder
2026-07-01 15:44:59 | INFO |    Body start: y=775 (start row 31 via below-title+placeholder)
2026-07-01 15:44:59 | INFO | URL Pattern: /sustentabilidade/responsabilidade-social
2026-07-01 15:44:59 | INFO | Page catalog complete: /workspace/catalog/.pages/petrobras_com_br_sustentabilidade_responsabilidade-social--5c5eb7a1/page-catalog.json
2026-07-01 15:44:59 | INFO | SUCCESS: https://petrobras.com.br/sustentabilidade/responsabilidade-social
2026-07-01 15:45:00 | INFO | [207/249] Processing: https://petrobras.com.br/sustentabilidade/solucoes-baseadas-na-natureza
2026-07-01 15:45:00 | INFO | Generated slug: petrobras_com_br_sustentabilidade_solucoes-baseadas-na-natureza--76ea097d
2026-07-01 15:45:00 | INFO | Starting analysis: https://petrobras.com.br/sustentabilidade/solucoes-baseadas-na-natureza -> /workspace/catalog/.pages/petrobras_com_br_sustentabilidade_solucoes-baseadas-na-natureza--76ea097d
2026-07-01 15:45:00 | INFO | Loading: https://petrobras.com.br/sustentabilidade/solucoes-baseadas-na-natureza
2026-07-01 15:45:00 | INFO | [208/249] Processing: https://petrobras.com.br/sustentabilidade/cultural
2026-07-01 15:45:00 | INFO | Generated slug: petrobras_com_br_sustentabilidade_cultural--05960a3b
2026-07-01 15:45:00 | INFO | Starting analysis: https://petrobras.com.br/sustentabilidade/cultural -> /workspace/catalog/.pages/petrobras_com_br_sustentabilidade_cultural--05960a3b
2026-07-01 15:45:00 | INFO | Loading: https://petrobras.com.br/sustentabilidade/cultural
2026-07-01 15:45:04 | INFO | Phase 0A: Triggering lazy-loaded content...
2026-07-01 15:45:05 | INFO | Phase 0A: Triggering lazy-loaded content...
2026-07-01 15:45:06 | INFO | Lazy-load scroll complete
2026-07-01 15:45:06 | INFO | Phase 0B: Cleaning up overlays...
2026-07-01 15:45:07 | INFO | Lazy-load scroll complete
2026-07-01 15:45:07 | INFO | Phase 0B: Cleaning up overlays...
2026-07-01 15:45:16 | INFO | Removed 5 elements: overlay, popup
📐 Detecting header/footer for this page...
2026-07-01 15:45:16 | INFO | Template - Reused saved footer selector on current page
2026-07-01 15:45:16 | INFO | Header: complex complexity, 4 features
2026-07-01 15:45:16 | INFO | Footer: simple complexity, 0 features
2026-07-01 15:45:16 | INFO | Phase 2: Identifying main content area...
2026-07-01 15:45:16 | INFO | Main content: #main-content
2026-07-01 15:45:16 | INFO | Phase 3: Detecting blocks...
2026-07-01 15:45:16 | INFO | Phase 4: Capturing block screenshots...
2026-07-01 15:45:17 | INFO | Removed 20 elements: overlay, popup
📐 Detecting header/footer for this page...
2026-07-01 15:45:17 | INFO | Captured 7 block screenshots
2026-07-01 15:45:17 | INFO | Detected 7 blocks
2026-07-01 15:45:17 | INFO | Generating fingerprints for template discovery...
2026-07-01 15:45:17 | INFO | Template - Reused saved footer selector on current page
2026-07-01 15:45:17 | INFO | Header: complex complexity, 4 features
2026-07-01 15:45:17 | INFO | Footer: simple complexity, 0 features
2026-07-01 15:45:17 | INFO | Phase 2: Identifying main content area...
2026-07-01 15:45:17 | INFO | Main content: #main-content
2026-07-01 15:45:17 | INFO | Phase 3: Detecting blocks...
2026-07-01 15:45:17 | INFO | Phase 4: Capturing block screenshots...
2026-07-01 15:45:18 | INFO | Captured 7 block screenshots
2026-07-01 15:45:18 | INFO | Detected 7 blocks
2026-07-01 15:45:18 | INFO | Generating fingerprints for template discovery...
2026-07-01 15:45:20 | INFO |    Top-section: 17 rows via title
2026-07-01 15:45:20 | INFO |    Body start: y=425 (start row 17 via below-title)
2026-07-01 15:45:20 | INFO | URL Pattern: /sustentabilidade/investimento-socioambiental
2026-07-01 15:45:20 | INFO | Page catalog complete: /workspace/catalog/.pages/petrobras_com_br_sustentabilidade_investimento-socioambiental--44d1a86d/page-catalog.json
2026-07-01 15:45:20 | INFO | SUCCESS: https://petrobras.com.br/sustentabilidade/investimento-socioambiental
2026-07-01 15:45:21 | INFO |    Top-section: 15 rows via title
2026-07-01 15:45:21 | INFO |    Body start: y=375 (start row 15 via below-title)
2026-07-01 15:45:21 | INFO | URL Pattern: /sustentabilidade/socioambiental
2026-07-01 15:45:21 | INFO | Page catalog complete: /workspace/catalog/.pages/petrobras_com_br_sustentabilidade_socioambiental--abd06c59/page-catalog.json
2026-07-01 15:45:21 | INFO | SUCCESS: https://petrobras.com.br/sustentabilidade/socioambiental
2026-07-01 15:45:21 | INFO | PROGRESS: 205/249 analyzed (82% checklist complete) | 205 ok, 0 failed, 0 skipped | ~11 min remaining
2026-07-01 15:45:21 | INFO | Removed 5 elements: overlay, popup
📐 Detecting header/footer for this page...
2026-07-01 15:45:21 | INFO | Template - Reused saved footer selector on current page
2026-07-01 15:45:21 | INFO | Header: complex complexity, 4 features
2026-07-01 15:45:21 | INFO | Footer: simple complexity, 0 features
2026-07-01 15:45:21 | INFO | Phase 2: Identifying main content area...
2026-07-01 15:45:21 | INFO | Main content: #main-content
2026-07-01 15:45:21 | INFO | [209/249] Processing: https://petrobras.com.br/sustentabilidade/esportes
2026-07-01 15:45:21 | INFO | Generated slug: petrobras_com_br_sustentabilidade_esportes--9e5c352c
2026-07-01 15:45:21 | INFO | Starting analysis: https://petrobras.com.br/sustentabilidade/esportes -> /workspace/catalog/.pages/petrobras_com_br_sustentabilidade_esportes--9e5c352c
2026-07-01 15:45:21 | INFO | Loading: https://petrobras.com.br/sustentabilidade/esportes
2026-07-01 15:45:21 | INFO | Phase 3: Detecting blocks...
2026-07-01 15:45:21 | INFO | Phase 4: Capturing block screenshots...
2026-07-01 15:45:22 | INFO | [210/249] Processing: https://petrobras.com.br/sustentabilidade/futebol-feminino
2026-07-01 15:45:22 | INFO | Generated slug: petrobras_com_br_sustentabilidade_futebol-feminino--4998f2ba
2026-07-01 15:45:22 | INFO | Starting analysis: https://petrobras.com.br/sustentabilidade/futebol-feminino -> /workspace/catalog/.pages/petrobras_com_br_sustentabilidade_futebol-feminino--4998f2ba
2026-07-01 15:45:22 | INFO | Loading: https://petrobras.com.br/sustentabilidade/futebol-feminino
2026-07-01 15:45:23 | INFO | Captured 9 block screenshots
2026-07-01 15:45:23 | INFO | Detected 9 blocks
2026-07-01 15:45:23 | INFO | Generating fingerprints for template discovery...
2026-07-01 15:45:25 | INFO | Phase 0A: Triggering lazy-loaded content...
2026-07-01 15:45:25 | INFO |    Top-section: 15 rows via title
2026-07-01 15:45:25 | INFO |    Body start: y=375 (start row 15 via below-title)
2026-07-01 15:45:25 | INFO | URL Pattern: /sustentabilidade/selecoes-publicas
2026-07-01 15:45:25 | INFO | Page catalog complete: /workspace/catalog/.pages/petrobras_com_br_sustentabilidade_selecoes-publicas--435619c6/page-catalog.json
2026-07-01 15:45:25 | INFO | SUCCESS: https://petrobras.com.br/sustentabilidade/selecoes-publicas
2026-07-01 15:45:26 | INFO | Phase 0A: Triggering lazy-loaded content...
2026-07-01 15:45:27 | INFO | Lazy-load scroll complete
2026-07-01 15:45:27 | INFO | Phase 0B: Cleaning up overlays...
2026-07-01 15:45:27 | INFO | [211/249] Processing: https://petrobras.com.br/sustentabilidade/esporte-motor
2026-07-01 15:45:27 | INFO | Generated slug: petrobras_com_br_sustentabilidade_esporte-motor--a9d9b475
2026-07-01 15:45:27 | INFO | Starting analysis: https://petrobras.com.br/sustentabilidade/esporte-motor -> /workspace/catalog/.pages/petrobras_com_br_sustentabilidade_esporte-motor--a9d9b475
2026-07-01 15:45:27 | INFO | Loading: https://petrobras.com.br/sustentabilidade/esporte-motor
2026-07-01 15:45:28 | INFO | Lazy-load scroll complete
2026-07-01 15:45:28 | INFO | Phase 0B: Cleaning up overlays...
2026-07-01 15:45:30 | INFO | Phase 0A: Triggering lazy-loaded content...
2026-07-01 15:45:33 | INFO | Lazy-load scroll complete
2026-07-01 15:45:33 | INFO | Phase 0B: Cleaning up overlays...
2026-07-01 15:45:38 | INFO | Removed 7 elements: overlay, popup
📐 Detecting header/footer for this page...
2026-07-01 15:45:38 | INFO | Template - Reused saved footer selector on current page
2026-07-01 15:45:38 | INFO | Header: complex complexity, 4 features
2026-07-01 15:45:38 | INFO | Footer: simple complexity, 0 features
2026-07-01 15:45:38 | INFO | Phase 2: Identifying main content area...
2026-07-01 15:45:38 | INFO | Main content: #main-content
2026-07-01 15:45:38 | INFO | Phase 3: Detecting blocks...
2026-07-01 15:45:38 | WARNING | Blocks - 82% of blocks are unknown - site uses non-EDS patterns
2026-07-01 15:45:38 | INFO | Phase 4: Capturing block screenshots...
2026-07-01 15:45:38 | INFO | Removed 17 elements: overlay, popup
📐 Detecting header/footer for this page...
2026-07-01 15:45:38 | INFO | Template - Reused saved footer selector on current page
2026-07-01 15:45:38 | INFO | Header: complex complexity, 4 features
2026-07-01 15:45:38 | INFO | Footer: simple complexity, 0 features
2026-07-01 15:45:38 | INFO | Phase 2: Identifying main content area...
2026-07-01 15:45:38 | INFO | Main content: #main-content
2026-07-01 15:45:38 | INFO | Phase 3: Detecting blocks...
2026-07-01 15:45:38 | INFO | Phase 4: Capturing block screenshots...
2026-07-01 15:45:39 | INFO | Captured 11 block screenshots
2026-07-01 15:45:39 | INFO | Detected 11 blocks
2026-07-01 15:45:39 | INFO | Generating fingerprints for template discovery...
2026-07-01 15:45:40 | INFO | Captured 11 block screenshots
2026-07-01 15:45:40 | INFO | Detected 11 blocks
2026-07-01 15:45:40 | INFO | Generating fingerprints for template discovery...
2026-07-01 15:45:42 | INFO |    Top-section: 15 rows via title
2026-07-01 15:45:42 | INFO |    Body start: y=375 (start row 15 via below-title)
2026-07-01 15:45:42 | INFO | URL Pattern: /sustentabilidade/solucoes-baseadas-na-natureza
2026-07-01 15:45:42 | INFO | Page catalog complete: /workspace/catalog/.pages/petrobras_com_br_sustentabilidade_solucoes-baseadas-na-natureza--76ea097d/page-catalog.json
2026-07-01 15:45:42 | INFO | SUCCESS: https://petrobras.com.br/sustentabilidade/solucoes-baseadas-na-natureza
2026-07-01 15:45:42 | INFO |    Top-section: 13 rows via title
2026-07-01 15:45:42 | INFO |    Body start: y=325 (start row 13 via below-title)
2026-07-01 15:45:42 | INFO | URL Pattern: /sustentabilidade/cultural
2026-07-01 15:45:42 | INFO | Page catalog complete: /workspace/catalog/.pages/petrobras_com_br_sustentabilidade_cultural--05960a3b/page-catalog.json
2026-07-01 15:45:42 | INFO | SUCCESS: https://petrobras.com.br/sustentabilidade/cultural
2026-07-01 15:45:43 | INFO | [212/249] Processing: https://petrobras.com.br/sustentabilidade/time-petrobras
2026-07-01 15:45:43 | INFO | Generated slug: petrobras_com_br_sustentabilidade_time-petrobras--ed0ad4ec
2026-07-01 15:45:43 | INFO | Starting analysis: https://petrobras.com.br/sustentabilidade/time-petrobras -> /workspace/catalog/.pages/petrobras_com_br_sustentabilidade_time-petrobras--ed0ad4ec
2026-07-01 15:45:43 | INFO | Loading: https://petrobras.com.br/sustentabilidade/time-petrobras
2026-07-01 15:45:44 | INFO | [213/249] Processing: https://petrobras.com.br/sustentabilidade/skate
2026-07-01 15:45:44 | INFO | Generated slug: petrobras_com_br_sustentabilidade_skate--197689c3
2026-07-01 15:45:44 | INFO | Starting analysis: https://petrobras.com.br/sustentabilidade/skate -> /workspace/catalog/.pages/petrobras_com_br_sustentabilidade_skate--197689c3
2026-07-01 15:45:44 | INFO | Loading: https://petrobras.com.br/sustentabilidade/skate
2026-07-01 15:45:47 | INFO | Phase 0A: Triggering lazy-loaded content...
2026-07-01 15:45:47 | INFO | Phase 0A: Triggering lazy-loaded content...
2026-07-01 15:45:49 | INFO | Lazy-load scroll complete
2026-07-01 15:45:49 | INFO | Phase 0B: Cleaning up overlays...
2026-07-01 15:45:49 | INFO | Lazy-load scroll complete
2026-07-01 15:45:49 | INFO | Phase 0B: Cleaning up overlays...
2026-07-01 15:45:58 | INFO | Removed 5 elements: overlay, popup
📐 Detecting header/footer for this page...
2026-07-01 15:45:58 | INFO | Template - Reused saved footer selector on current page
2026-07-01 15:45:58 | INFO | Header: complex complexity, 4 features
2026-07-01 15:45:58 | INFO | Footer: simple complexity, 0 features
2026-07-01 15:45:58 | INFO | Phase 2: Identifying main content area...
2026-07-01 15:45:58 | INFO | Main content: #main-content
2026-07-01 15:45:58 | INFO | Phase 3: Detecting blocks...
2026-07-01 15:45:58 | INFO | Phase 4: Capturing block screenshots...
2026-07-01 15:45:59 | INFO | Removed 7 elements: overlay, popup
📐 Detecting header/footer for this page...
2026-07-01 15:45:59 | INFO | Template - Reused saved footer selector on current page
2026-07-01 15:45:59 | INFO | Header: complex complexity, 4 features
2026-07-01 15:45:59 | INFO | Footer: simple complexity, 0 features
2026-07-01 15:45:59 | INFO | Phase 2: Identifying main content area...
2026-07-01 15:45:59 | INFO | Main content: #main-content
2026-07-01 15:46:00 | INFO | Phase 3: Detecting blocks...
2026-07-01 15:46:00 | INFO | Phase 4: Capturing block screenshots...
2026-07-01 15:46:00 | INFO | Captured 9 block screenshots
2026-07-01 15:46:00 | INFO | Detected 9 blocks
2026-07-01 15:46:00 | INFO | Generating fingerprints for template discovery...
2026-07-01 15:46:01 | INFO | Captured 13 block screenshots
2026-07-01 15:46:01 | INFO | Detected 13 blocks
2026-07-01 15:46:01 | INFO | Generating fingerprints for template discovery...
2026-07-01 15:46:02 | INFO |    Top-section: 7 rows via title
2026-07-01 15:46:02 | INFO |    Body start: y=175 (start row 7 via below-title)
2026-07-01 15:46:02 | INFO | URL Pattern: /sustentabilidade/esportes
2026-07-01 15:46:02 | INFO | Page catalog complete: /workspace/catalog/.pages/petrobras_com_br_sustentabilidade_esportes--9e5c352c/page-catalog.json
2026-07-01 15:46:02 | INFO | SUCCESS: https://petrobras.com.br/sustentabilidade/esportes
2026-07-01 15:46:04 | INFO | [214/249] Processing: https://petrobras.com.br/sustentabilidade/eventos
2026-07-01 15:46:04 | INFO | Generated slug: petrobras_com_br_sustentabilidade_eventos--55cf47d4
2026-07-01 15:46:04 | INFO | Starting analysis: https://petrobras.com.br/sustentabilidade/eventos -> /workspace/catalog/.pages/petrobras_com_br_sustentabilidade_eventos--55cf47d4
2026-07-01 15:46:04 | INFO | Loading: https://petrobras.com.br/sustentabilidade/eventos
2026-07-01 15:46:04 | INFO |    Top-section: 15 rows via title
2026-07-01 15:46:04 | INFO |    Body start: y=375 (start row 15 via below-title)
2026-07-01 15:46:04 | INFO | URL Pattern: /sustentabilidade/futebol-feminino
2026-07-01 15:46:04 | INFO | Page catalog complete: /workspace/catalog/.pages/petrobras_com_br_sustentabilidade_futebol-feminino--4998f2ba/page-catalog.json
2026-07-01 15:46:04 | INFO | SUCCESS: https://petrobras.com.br/sustentabilidade/futebol-feminino
2026-07-01 15:46:04 | INFO | PROGRESS: 210/249 analyzed (84% checklist complete) | 210 ok, 0 failed, 0 skipped | ~10 min remaining
2026-07-01 15:46:04 | INFO | Removed 5 elements: overlay, popup
📐 Detecting header/footer for this page...
2026-07-01 15:46:04 | INFO | Template - Reused saved footer selector on current page
2026-07-01 15:46:04 | INFO | Header: complex complexity, 4 features
2026-07-01 15:46:04 | INFO | Footer: simple complexity, 0 features
2026-07-01 15:46:04 | INFO | Phase 2: Identifying main content area...
2026-07-01 15:46:04 | INFO | Main content: #main-content
2026-07-01 15:46:04 | INFO | Phase 3: Detecting blocks...
2026-07-01 15:46:04 | INFO | Phase 4: Capturing block screenshots...
2026-07-01 15:46:05 | INFO | [215/249] Processing: https://petrobras.com.br/sustentabilidade/cinema
2026-07-01 15:46:05 | INFO | Generated slug: petrobras_com_br_sustentabilidade_cinema--834a7e40
2026-07-01 15:46:05 | INFO | Starting analysis: https://petrobras.com.br/sustentabilidade/cinema -> /workspace/catalog/.pages/petrobras_com_br_sustentabilidade_cinema--834a7e40
2026-07-01 15:46:05 | INFO | Loading: https://petrobras.com.br/sustentabilidade/cinema
2026-07-01 15:46:06 | INFO | Captured 12 block screenshots
2026-07-01 15:46:06 | INFO | Detected 12 blocks
2026-07-01 15:46:06 | INFO | Generating fingerprints for template discovery...
2026-07-01 15:46:08 | INFO | Phase 0A: Triggering lazy-loaded content...
2026-07-01 15:46:08 | INFO |    Top-section: 17 rows via title
2026-07-01 15:46:08 | INFO |    Body start: y=425 (start row 17 via below-title)
2026-07-01 15:46:08 | INFO | URL Pattern: /sustentabilidade/esporte-motor
2026-07-01 15:46:08 | INFO | Page catalog complete: /workspace/catalog/.pages/petrobras_com_br_sustentabilidade_esporte-motor--a9d9b475/page-catalog.json
2026-07-01 15:46:08 | INFO | SUCCESS: https://petrobras.com.br/sustentabilidade/esporte-motor
2026-07-01 15:46:09 | INFO | Phase 0A: Triggering lazy-loaded content...
2026-07-01 15:46:10 | INFO | Lazy-load scroll complete
2026-07-01 15:46:10 | INFO | Phase 0B: Cleaning up overlays...
2026-07-01 15:46:10 | INFO | [216/249] Processing: https://petrobras.com.br/sustentabilidade/governanca-corporativa
2026-07-01 15:46:10 | INFO | Generated slug: petrobras_com_br_sustentabilidade_governanca-corporativa--2496dfce
2026-07-01 15:46:10 | INFO | Starting analysis: https://petrobras.com.br/sustentabilidade/governanca-corporativa -> /workspace/catalog/.pages/petrobras_com_br_sustentabilidade_governanca-corporativa--2496dfce
2026-07-01 15:46:10 | INFO | Loading: https://petrobras.com.br/sustentabilidade/governanca-corporativa
2026-07-01 15:46:11 | INFO | Lazy-load scroll complete
2026-07-01 15:46:11 | INFO | Phase 0B: Cleaning up overlays...
2026-07-01 15:46:14 | INFO | Phase 0A: Triggering lazy-loaded content...
2026-07-01 15:46:17 | INFO | Lazy-load scroll complete
2026-07-01 15:46:17 | INFO | Phase 0B: Cleaning up overlays...
2026-07-01 15:46:20 | INFO | Removed 5 elements: overlay, popup
📐 Detecting header/footer for this page...
2026-07-01 15:46:20 | INFO | Removed 5 elements: overlay, popup
📐 Detecting header/footer for this page...
2026-07-01 15:46:20 | INFO | Template - Reused saved footer selector on current page
2026-07-01 15:46:20 | INFO | Header: complex complexity, 4 features
2026-07-01 15:46:20 | INFO | Footer: simple complexity, 0 features
2026-07-01 15:46:20 | INFO | Phase 2: Identifying main content area...
2026-07-01 15:46:20 | INFO | Main content: #main-content
2026-07-01 15:46:20 | INFO | Template - Reused saved footer selector on current page
2026-07-01 15:46:20 | INFO | Header: complex complexity, 4 features
2026-07-01 15:46:20 | INFO | Footer: simple complexity, 0 features
2026-07-01 15:46:20 | INFO | Phase 2: Identifying main content area...
2026-07-01 15:46:20 | INFO | Main content: #main-content
2026-07-01 15:46:20 | INFO | Phase 3: Detecting blocks...
2026-07-01 15:46:20 | INFO | Phase 3: Detecting blocks...
2026-07-01 15:46:20 | INFO | Phase 4: Capturing block screenshots...
2026-07-01 15:46:20 | INFO | Phase 4: Capturing block screenshots...
2026-07-01 15:46:21 | INFO | Captured 5 block screenshots
2026-07-01 15:46:21 | INFO | Detected 5 blocks
2026-07-01 15:46:21 | INFO | Generating fingerprints for template discovery...
2026-07-01 15:46:22 | INFO | Captured 9 block screenshots
2026-07-01 15:46:22 | INFO | Detected 9 blocks
2026-07-01 15:46:22 | INFO | Generating fingerprints for template discovery...
2026-07-01 15:46:24 | INFO |    Top-section: 15 rows via title
2026-07-01 15:46:24 | INFO |    Body start: y=375 (start row 15 via below-title)
2026-07-01 15:46:24 | INFO | URL Pattern: /sustentabilidade/skate
2026-07-01 15:46:24 | INFO | Page catalog complete: /workspace/catalog/.pages/petrobras_com_br_sustentabilidade_skate--197689c3/page-catalog.json
2026-07-01 15:46:24 | INFO | SUCCESS: https://petrobras.com.br/sustentabilidade/skate
2026-07-01 15:46:24 | INFO |    Top-section: 37 rows via title+placeholder
2026-07-01 15:46:24 | INFO |    Body start: y=910 (start row 36 via below-title+placeholder)
2026-07-01 15:46:24 | INFO | URL Pattern: /sustentabilidade/time-petrobras
2026-07-01 15:46:24 | INFO | Page catalog complete: /workspace/catalog/.pages/petrobras_com_br_sustentabilidade_time-petrobras--ed0ad4ec/page-catalog.json
2026-07-01 15:46:24 | INFO | SUCCESS: https://petrobras.com.br/sustentabilidade/time-petrobras
2026-07-01 15:46:25 | INFO | [217/249] Processing: https://petrobras.com.br/sustentabilidade/relatorios-anuais
2026-07-01 15:46:25 | INFO | Generated slug: petrobras_com_br_sustentabilidade_relatorios-anuais--2607bd7f
2026-07-01 15:46:25 | INFO | Starting analysis: https://petrobras.com.br/sustentabilidade/relatorios-anuais -> /workspace/catalog/.pages/petrobras_com_br_sustentabilidade_relatorios-anuais--2607bd7f
2026-07-01 15:46:25 | INFO | Loading: https://petrobras.com.br/sustentabilidade/relatorios-anuais
2026-07-01 15:46:26 | INFO | [218/249] Processing: https://petrobras.com.br/sustentabilidade
2026-07-01 15:46:26 | INFO | Generated slug: petrobras_com_br_sustentabilidade--1c281267
2026-07-01 15:46:26 | INFO | Starting analysis: https://petrobras.com.br/sustentabilidade -> /workspace/catalog/.pages/petrobras_com_br_sustentabilidade--1c281267
2026-07-01 15:46:26 | INFO | Loading: https://petrobras.com.br/sustentabilidade
2026-07-01 15:46:29 | INFO | Phase 0A: Triggering lazy-loaded content...
2026-07-01 15:46:29 | INFO | Phase 0A: Triggering lazy-loaded content...
2026-07-01 15:46:31 | INFO | Lazy-load scroll complete
2026-07-01 15:46:31 | INFO | Phase 0B: Cleaning up overlays...
2026-07-01 15:46:31 | INFO | Lazy-load scroll complete
2026-07-01 15:46:31 | INFO | Phase 0B: Cleaning up overlays...
2026-07-01 15:46:41 | INFO | Removed 8 elements: overlay, popup
📐 Detecting header/footer for this page...
2026-07-01 15:46:41 | INFO | Template - Reused saved footer selector on current page
2026-07-01 15:46:41 | INFO | Header: complex complexity, 4 features
2026-07-01 15:46:41 | INFO | Footer: simple complexity, 0 features
2026-07-01 15:46:41 | INFO | Phase 2: Identifying main content area...
2026-07-01 15:46:41 | INFO | Main content: #main-content
2026-07-01 15:46:41 | INFO | Phase 3: Detecting blocks...
2026-07-01 15:46:41 | INFO | Phase 4: Capturing block screenshots...
2026-07-01 15:46:42 | INFO | Removed 5 elements: overlay, popup
📐 Detecting header/footer for this page...
2026-07-01 15:46:42 | INFO | Template - Reused saved footer selector on current page
2026-07-01 15:46:42 | INFO | Header: complex complexity, 4 features
2026-07-01 15:46:42 | INFO | Footer: simple complexity, 0 features
2026-07-01 15:46:42 | INFO | Phase 2: Identifying main content area...
2026-07-01 15:46:42 | INFO | Main content: #main-content
2026-07-01 15:46:43 | INFO | Phase 3: Detecting blocks...
2026-07-01 15:46:43 | WARNING | Blocks - 64% of blocks are unknown - site uses non-EDS patterns
2026-07-01 15:46:43 | INFO | Phase 4: Capturing block screenshots...
2026-07-01 15:46:43 | INFO | Captured 11 block screenshots
2026-07-01 15:46:43 | INFO | Detected 11 blocks
2026-07-01 15:46:43 | INFO | Generating fingerprints for template discovery...
2026-07-01 15:46:44 | INFO | Captured 14 block screenshots
2026-07-01 15:46:44 | INFO | Detected 14 blocks
2026-07-01 15:46:44 | INFO | Generating fingerprints for template discovery...
2026-07-01 15:46:45 | INFO |    Top-section: 17 rows via title
2026-07-01 15:46:45 | INFO |    Body start: y=425 (start row 17 via below-title)
2026-07-01 15:46:45 | INFO | URL Pattern: /sustentabilidade/eventos
2026-07-01 15:46:45 | INFO | Page catalog complete: /workspace/catalog/.pages/petrobras_com_br_sustentabilidade_eventos--55cf47d4/page-catalog.json
2026-07-01 15:46:45 | INFO | SUCCESS: https://petrobras.com.br/sustentabilidade/eventos
2026-07-01 15:46:47 | INFO | [219/249] Processing: https://petrobras.com.br/transicao-energetica
2026-07-01 15:46:47 | INFO | Generated slug: petrobras_com_br_transicao-energetica--b7996fe9
2026-07-01 15:46:47 | INFO | Starting analysis: https://petrobras.com.br/transicao-energetica -> /workspace/catalog/.pages/petrobras_com_br_transicao-energetica--b7996fe9
2026-07-01 15:46:47 | INFO | Loading: https://petrobras.com.br/transicao-energetica
2026-07-01 15:46:47 | INFO |    Top-section: 15 rows via title
2026-07-01 15:46:47 | INFO |    Body start: y=375 (start row 15 via below-title)
2026-07-01 15:46:47 | INFO | URL Pattern: /sustentabilidade/cinema
2026-07-01 15:46:47 | INFO | Page catalog complete: /workspace/catalog/.pages/petrobras_com_br_sustentabilidade_cinema--834a7e40/page-catalog.json
2026-07-01 15:46:47 | INFO | SUCCESS: https://petrobras.com.br/sustentabilidade/cinema
2026-07-01 15:46:47 | INFO | PROGRESS: 215/249 analyzed (86% checklist complete) | 215 ok, 0 failed, 0 skipped | ~9 min remaining
2026-07-01 15:46:48 | INFO | [220/249] Processing: https://petrobras.com.br/transicao-energetica/historias-em-quadrinhos
2026-07-01 15:46:48 | INFO | Generated slug: petrobras_com_br_transicao-energetica_historias-em-quadrinhos--32516cfa
2026-07-01 15:46:48 | INFO | Starting analysis: https://petrobras.com.br/transicao-energetica/historias-em-quadrinhos -> /workspace/catalog/.pages/petrobras_com_br_transicao-energetica_historias-em-quadrinhos--32516cfa
2026-07-01 15:46:48 | INFO | Loading: https://petrobras.com.br/transicao-energetica/historias-em-quadrinhos
2026-07-01 15:46:49 | INFO | Removed 5 elements: overlay, popup
📐 Detecting header/footer for this page...
2026-07-01 15:46:49 | INFO | Template - Reused saved header selector on current page
2026-07-01 15:46:49 | INFO | Template - Reused saved footer selector on current page
2026-07-01 15:46:49 | INFO | Header: complex complexity, 3 features
2026-07-01 15:46:49 | INFO | Footer: simple complexity, 0 features
2026-07-01 15:46:49 | INFO | Phase 2: Identifying main content area...
2026-07-01 15:46:49 | INFO | Main content: #main-content
2026-07-01 15:46:49 | INFO | Phase 3: Detecting blocks...
2026-07-01 15:46:49 | INFO | Phase 4: Capturing block screenshots...
2026-07-01 15:46:51 | INFO | Phase 0A: Triggering lazy-loaded content...
2026-07-01 15:46:51 | INFO | Captured 21 block screenshots
2026-07-01 15:46:51 | INFO | Detected 21 blocks
2026-07-01 15:46:51 | INFO | Generating fingerprints for template discovery...
2026-07-01 15:46:52 | INFO | Phase 0A: Triggering lazy-loaded content...
2026-07-01 15:46:54 | INFO | Lazy-load scroll complete
2026-07-01 15:46:54 | INFO | Phase 0B: Cleaning up overlays...
2026-07-01 15:46:54 | INFO | Lazy-load scroll complete
2026-07-01 15:46:54 | INFO | Phase 0B: Cleaning up overlays...
2026-07-01 15:46:54 | INFO |    Top-section: 19 rows via title+container
2026-07-01 15:46:54 | INFO |    Body start: y=475 (start row 19 via below-title+container)
2026-07-01 15:46:54 | INFO | URL Pattern: /sustentabilidade/governanca-corporativa
2026-07-01 15:46:54 | INFO | Page catalog complete: /workspace/catalog/.pages/petrobras_com_br_sustentabilidade_governanca-corporativa--2496dfce/page-catalog.json
2026-07-01 15:46:54 | INFO | SUCCESS: https://petrobras.com.br/sustentabilidade/governanca-corporativa
2026-07-01 15:46:55 | INFO | [221/249] Processing: https://petrobras.com.br/w/web-stories/transicao-energetica/o-que-e-transicao-energetica
2026-07-01 15:46:55 | INFO | Generated slug: petrobras_com_br_w_web-stories_transicao-energetica_o-que-e-transicao-energetica--9b73d17c
2026-07-01 15:46:55 | INFO | Starting analysis: https://petrobras.com.br/w/web-stories/transicao-energetica/o-que-e-transicao-energetica -> /workspace/catalog/.pages/petrobras_com_br_w_web-stories_transicao-energetica_o-que-e-transicao-energetica--9b73d17c
2026-07-01 15:46:55 | INFO | Loading: https://petrobras.com.br/w/web-stories/transicao-energetica/o-que-e-transicao-energetica
2026-07-01 15:46:58 | INFO | Phase 0A: Triggering lazy-loaded content...
2026-07-01 15:47:00 | INFO | Lazy-load scroll complete
2026-07-01 15:47:00 | INFO | Phase 0B: Cleaning up overlays...
2026-07-01 15:47:00 | INFO | Removed 0 elements: none
📐 Detecting header/footer for this page...
2026-07-01 15:47:00 | WARNING | Template - Header not detected on page
2026-07-01 15:47:00 | WARNING | Template - Footer not detected on page
2026-07-01 15:47:00 | INFO | Header: header element not found - proceeding without header analysis
2026-07-01 15:47:00 | INFO | Footer: footer element not found - proceeding without footer analysis
2026-07-01 15:47:00 | INFO | Phase 2: Identifying main content area...
2026-07-01 15:47:00 | INFO | Main content: body
2026-07-01 15:47:00 | INFO | Phase 3: Detecting blocks...
2026-07-01 15:47:00 | INFO | Phase 4: Capturing block screenshots...
2026-07-01 15:47:01 | INFO | Captured 1 block screenshots
2026-07-01 15:47:01 | INFO | Detected 1 blocks
2026-07-01 15:47:01 | INFO | Generating fingerprints for template discovery...
2026-07-01 15:47:02 | INFO | Removed 5 elements: overlay, popup
📐 Detecting header/footer for this page...
2026-07-01 15:47:02 | INFO | Template - Reused saved footer selector on current page
2026-07-01 15:47:02 | INFO | Header: complex complexity, 4 features
2026-07-01 15:47:02 | INFO | Footer: simple complexity, 0 features
2026-07-01 15:47:02 | INFO | Phase 2: Identifying main content area...
2026-07-01 15:47:02 | INFO | Main content: #main-content
2026-07-01 15:47:02 | INFO | Phase 3: Detecting blocks...
2026-07-01 15:47:02 | INFO | Phase 4: Capturing block screenshots...
2026-07-01 15:47:02 | INFO | Removed 5 elements: overlay, popup
📐 Detecting header/footer for this page...
2026-07-01 15:47:02 | INFO | Template - Reused saved header selector on current page
2026-07-01 15:47:02 | INFO | Template - Reused saved footer selector on current page
2026-07-01 15:47:02 | INFO | Header: complex complexity, 3 features
2026-07-01 15:47:02 | INFO | Footer: simple complexity, 0 features
2026-07-01 15:47:02 | INFO | Phase 2: Identifying main content area...
2026-07-01 15:47:02 | INFO | Main content: #main-content
2026-07-01 15:47:02 | INFO | Phase 3: Detecting blocks...
2026-07-01 15:47:02 | INFO | Phase 4: Capturing block screenshots...
2026-07-01 15:47:03 | INFO |    Top-section: 36 rows via hero
2026-07-01 15:47:03 | INFO | URL Pattern: /w/web-stories/transicao-energetica/o-que-e-transicao-energetica
2026-07-01 15:47:03 | INFO | Page catalog complete: /workspace/catalog/.pages/petrobras_com_br_w_web-stories_transicao-energetica_o-que-e-transicao-energetica--9b73d17c/page-catalog.json
2026-07-01 15:47:03 | INFO | SUCCESS: https://petrobras.com.br/w/web-stories/transicao-energetica/o-que-e-transicao-energetica
2026-07-01 15:47:03 | INFO | Captured 6 block screenshots
2026-07-01 15:47:03 | INFO | Detected 6 blocks
2026-07-01 15:47:03 | INFO | Generating fingerprints for template discovery...
2026-07-01 15:47:03 | INFO | Captured 9 block screenshots
2026-07-01 15:47:03 | INFO | Detected 9 blocks
2026-07-01 15:47:03 | INFO | Generating fingerprints for template discovery...
2026-07-01 15:47:05 | INFO | [222/249] Processing: https://petrobras.com.br/w/web-stories/transicao-energetica/produtos-de-baixo-carbono
2026-07-01 15:47:05 | INFO | Generated slug: petrobras_com_br_w_web-stories_transicao-energetica_produtos-de-baixo-carbono--e2fda614
2026-07-01 15:47:05 | INFO | Starting analysis: https://petrobras.com.br/w/web-stories/transicao-energetica/produtos-de-baixo-carbono -> /workspace/catalog/.pages/petrobras_com_br_w_web-stories_transicao-energetica_produtos-de-baixo-carbono--e2fda614
2026-07-01 15:47:05 | INFO | Loading: https://petrobras.com.br/w/web-stories/transicao-energetica/produtos-de-baixo-carbono
2026-07-01 15:47:06 | INFO |    Top-section: 31 rows via title+placeholder
2026-07-01 15:47:06 | INFO |    Body start: y=775 (start row 31 via below-title+placeholder)
2026-07-01 15:47:06 | INFO | URL Pattern: /sustentabilidade
2026-07-01 15:47:06 | INFO | Page catalog complete: /workspace/catalog/.pages/petrobras_com_br_sustentabilidade--1c281267/page-catalog.json
2026-07-01 15:47:06 | INFO | SUCCESS: https://petrobras.com.br/sustentabilidade
2026-07-01 15:47:06 | INFO |    Top-section: 17 rows via title
2026-07-01 15:47:06 | INFO |    Body start: y=425 (start row 17 via below-title)
2026-07-01 15:47:06 | INFO | URL Pattern: /sustentabilidade/relatorios-anuais
2026-07-01 15:47:06 | INFO | Page catalog complete: /workspace/catalog/.pages/petrobras_com_br_sustentabilidade_relatorios-anuais--2607bd7f/page-catalog.json
2026-07-01 15:47:06 | INFO | SUCCESS: https://petrobras.com.br/sustentabilidade/relatorios-anuais
2026-07-01 15:47:07 | INFO | [223/249] Processing: https://petrobras.com.br/w/web-stories/transicao-energetica/quais-sao-as-energias-renovaveis
2026-07-01 15:47:07 | INFO | Generated slug: petrobras_com_br_w_web-stories_transicao-energetica_quais-sao-as-energias-renovaveis--5004fc12
2026-07-01 15:47:07 | INFO | Starting analysis: https://petrobras.com.br/w/web-stories/transicao-energetica/quais-sao-as-energias-renovaveis -> /workspace/catalog/.pages/petrobras_com_br_w_web-stories_transicao-energetica_quais-sao-as-energias-renovaveis--5004fc12
2026-07-01 15:47:07 | INFO | Loading: https://petrobras.com.br/w/web-stories/transicao-energetica/quais-sao-as-energias-renovaveis
2026-07-01 15:47:07 | INFO | Phase 0A: Triggering lazy-loaded content...
2026-07-01 15:47:07 | INFO | [224/249] Processing: https://petrobras.com.br/w/web-stories/transicao-energetica/conheca-5-iniciativas-para-liderar-a-transicao-energetica-justa
2026-07-01 15:47:07 | INFO | Generated slug: petrobras_com_br_w_web-stories_transicao-energetica_conheca-5-iniciativas-para-liderar-a-transicao-energetica-justa--cf7ade93
2026-07-01 15:47:07 | INFO | Starting analysis: https://petrobras.com.br/w/web-stories/transicao-energetica/conheca-5-iniciativas-para-liderar-a-transicao-energetica-justa -> /workspace/catalog/.pages/petrobras_com_br_w_web-stories_transicao-energetica_conheca-5-iniciativas-para-liderar-a-transicao-energetica-justa--cf7ade93
2026-07-01 15:47:07 | INFO | Loading: https://petrobras.com.br/w/web-stories/transicao-energetica/conheca-5-iniciativas-para-liderar-a-transicao-energetica-justa
2026-07-01 15:47:09 | INFO | Lazy-load scroll complete
2026-07-01 15:47:09 | INFO | Phase 0B: Cleaning up overlays...
2026-07-01 15:47:09 | INFO | Removed 0 elements: none
📐 Detecting header/footer for this page...
2026-07-01 15:47:09 | WARNING | Template - Header not detected on page
2026-07-01 15:47:09 | WARNING | Template - Footer not detected on page
2026-07-01 15:47:09 | INFO | Header: header element not found - proceeding without header analysis
2026-07-01 15:47:09 | INFO | Footer: footer element not found - proceeding without footer analysis
2026-07-01 15:47:09 | INFO | Phase 2: Identifying main content area...
2026-07-01 15:47:09 | INFO | Main content: body
2026-07-01 15:47:10 | INFO | Phase 3: Detecting blocks...
2026-07-01 15:47:10 | INFO | Phase 4: Capturing block screenshots...
2026-07-01 15:47:10 | INFO | Phase 0A: Triggering lazy-loaded content...
2026-07-01 15:47:10 | INFO | Phase 0A: Triggering lazy-loaded content...
2026-07-01 15:47:10 | INFO | Captured 1 block screenshots
2026-07-01 15:47:10 | INFO | Detected 1 blocks
2026-07-01 15:47:10 | INFO | Generating fingerprints for template discovery...
2026-07-01 15:47:11 | INFO | Lazy-load scroll complete
2026-07-01 15:47:11 | INFO | Phase 0B: Cleaning up overlays...
2026-07-01 15:47:11 | INFO | Lazy-load scroll complete
2026-07-01 15:47:11 | INFO | Phase 0B: Cleaning up overlays...
2026-07-01 15:47:12 | INFO | Removed 0 elements: none
📐 Detecting header/footer for this page...
2026-07-01 15:47:12 | INFO | Removed 0 elements: none
📐 Detecting header/footer for this page...
2026-07-01 15:47:12 | WARNING | Template - Header not detected on page
2026-07-01 15:47:12 | WARNING | Template - Footer not detected on page
2026-07-01 15:47:12 | WARNING | Template - Header not detected on page
2026-07-01 15:47:12 | WARNING | Template - Footer not detected on page
2026-07-01 15:47:12 | INFO | Header: header element not found - proceeding without header analysis
2026-07-01 15:47:12 | INFO | Footer: footer element not found - proceeding without footer analysis
2026-07-01 15:47:12 | INFO | Phase 2: Identifying main content area...
2026-07-01 15:47:12 | INFO | Main content: body
2026-07-01 15:47:12 | INFO | Header: header element not found - proceeding without header analysis
2026-07-01 15:47:12 | INFO | Footer: footer element not found - proceeding without footer analysis
2026-07-01 15:47:12 | INFO | Phase 2: Identifying main content area...
2026-07-01 15:47:12 | INFO | Main content: body
2026-07-01 15:47:12 | INFO | Phase 3: Detecting blocks...
2026-07-01 15:47:12 | INFO | Phase 3: Detecting blocks...
2026-07-01 15:47:12 | INFO | Phase 4: Capturing block screenshots...
2026-07-01 15:47:12 | INFO | Phase 4: Capturing block screenshots...
2026-07-01 15:47:12 | INFO |    Top-section: 36 rows via title+placeholder
2026-07-01 15:47:12 | INFO | URL Pattern: /w/web-stories/transicao-energetica/produtos-de-baixo-carbono
2026-07-01 15:47:12 | INFO | Page catalog complete: /workspace/catalog/.pages/petrobras_com_br_w_web-stories_transicao-energetica_produtos-de-baixo-carbono--e2fda614/page-catalog.json
2026-07-01 15:47:12 | INFO | SUCCESS: https://petrobras.com.br/w/web-stories/transicao-energetica/produtos-de-baixo-carbono
2026-07-01 15:47:12 | INFO | PROGRESS: 220/249 analyzed (88% checklist complete) | 220 ok, 0 failed, 0 skipped | ~7 min remaining
2026-07-01 15:47:13 | INFO | Captured 1 block screenshots
2026-07-01 15:47:13 | INFO | Detected 1 blocks
2026-07-01 15:47:13 | INFO | Generating fingerprints for template discovery...
2026-07-01 15:47:13 | INFO | Captured 1 block screenshots
2026-07-01 15:47:13 | INFO | Detected 1 blocks
2026-07-01 15:47:13 | INFO | Generating fingerprints for template discovery...
2026-07-01 15:47:14 | INFO | [225/249] Processing: https://petrobras.com.br/w/web-stories/transicao-energetica/como-alcancar-a-seguranca-energetica
2026-07-01 15:47:14 | INFO | Generated slug: petrobras_com_br_w_web-stories_transicao-energetica_como-alcancar-a-seguranca-energetica--beaadad2
2026-07-01 15:47:14 | INFO | Starting analysis: https://petrobras.com.br/w/web-stories/transicao-energetica/como-alcancar-a-seguranca-energetica -> /workspace/catalog/.pages/petrobras_com_br_w_web-stories_transicao-energetica_como-alcancar-a-seguranca-energetica--beaadad2
2026-07-01 15:47:14 | INFO | Loading: https://petrobras.com.br/w/web-stories/transicao-energetica/como-alcancar-a-seguranca-energetica
2026-07-01 15:47:15 | INFO |    Top-section: 36 rows via title+placeholder
2026-07-01 15:47:15 | INFO | URL Pattern: /w/web-stories/transicao-energetica/conheca-5-iniciativas-para-liderar-a-transicao-energetica-justa
2026-07-01 15:47:15 | INFO | Page catalog complete: /workspace/catalog/.pages/petrobras_com_br_w_web-stories_transicao-energetica_conheca-5-iniciativas-para-liderar-a-transicao-energetica-justa--cf7ade93/page-catalog.json
2026-07-01 15:47:15 | INFO |    Top-section: 36 rows via hero
2026-07-01 15:47:15 | INFO | URL Pattern: /w/web-stories/transicao-energetica/quais-sao-as-energias-renovaveis
2026-07-01 15:47:15 | INFO | Page catalog complete: /workspace/catalog/.pages/petrobras_com_br_w_web-stories_transicao-energetica_quais-sao-as-energias-renovaveis--5004fc12/page-catalog.json
2026-07-01 15:47:15 | INFO | SUCCESS: https://petrobras.com.br/w/web-stories/transicao-energetica/conheca-5-iniciativas-para-liderar-a-transicao-energetica-justa
2026-07-01 15:47:15 | INFO | SUCCESS: https://petrobras.com.br/w/web-stories/transicao-energetica/quais-sao-as-energias-renovaveis
2026-07-01 15:47:17 | INFO | [226/249] Processing: https://petrobras.com.br/w/web-stories/transicao-energetica/os-caminhos-dos-biocombustiveis
2026-07-01 15:47:17 | INFO | Generated slug: petrobras_com_br_w_web-stories_transicao-energetica_os-caminhos-dos-biocombustiveis--17de350e
2026-07-01 15:47:17 | INFO | Starting analysis: https://petrobras.com.br/w/web-stories/transicao-energetica/os-caminhos-dos-biocombustiveis -> /workspace/catalog/.pages/petrobras_com_br_w_web-stories_transicao-energetica_os-caminhos-dos-biocombustiveis--17de350e
2026-07-01 15:47:17 | INFO | [227/249] Processing: https://petrobras.com.br/w/web-stories/transicao-energetica/transicao-energetica-na-pratica
2026-07-01 15:47:17 | INFO | Generated slug: petrobras_com_br_w_web-stories_transicao-energetica_transicao-energetica-na-pratica--039de193
2026-07-01 15:47:17 | INFO | Starting analysis: https://petrobras.com.br/w/web-stories/transicao-energetica/transicao-energetica-na-pratica -> /workspace/catalog/.pages/petrobras_com_br_w_web-stories_transicao-energetica_transicao-energetica-na-pratica--039de193
2026-07-01 15:47:17 | INFO | Phase 0A: Triggering lazy-loaded content...
2026-07-01 15:47:17 | INFO | Loading: https://petrobras.com.br/w/web-stories/transicao-energetica/os-caminhos-dos-biocombustiveis
2026-07-01 15:47:17 | INFO | Loading: https://petrobras.com.br/w/web-stories/transicao-energetica/transicao-energetica-na-pratica
2026-07-01 15:47:18 | INFO | Lazy-load scroll complete
2026-07-01 15:47:18 | INFO | Phase 0B: Cleaning up overlays...
2026-07-01 15:47:19 | INFO | Removed 0 elements: none
📐 Detecting header/footer for this page...
2026-07-01 15:47:19 | WARNING | Template - Header not detected on page
2026-07-01 15:47:19 | WARNING | Template - Footer not detected on page
2026-07-01 15:47:19 | INFO | Header: header element not found - proceeding without header analysis
2026-07-01 15:47:19 | INFO | Footer: footer element not found - proceeding without footer analysis
2026-07-01 15:47:19 | INFO | Phase 2: Identifying main content area...
2026-07-01 15:47:19 | INFO | Main content: body
2026-07-01 15:47:19 | INFO | Phase 3: Detecting blocks...
2026-07-01 15:47:19 | INFO | Phase 4: Capturing block screenshots...
2026-07-01 15:47:19 | INFO | Phase 0A: Triggering lazy-loaded content...
2026-07-01 15:47:19 | INFO | Captured 1 block screenshots
2026-07-01 15:47:19 | INFO | Detected 1 blocks
2026-07-01 15:47:19 | INFO | Generating fingerprints for template discovery...
2026-07-01 15:47:19 | INFO | Phase 0A: Triggering lazy-loaded content...
2026-07-01 15:47:21 | INFO | Lazy-load scroll complete
2026-07-01 15:47:21 | INFO | Phase 0B: Cleaning up overlays...
2026-07-01 15:47:21 | INFO | Lazy-load scroll complete
2026-07-01 15:47:21 | INFO | Phase 0B: Cleaning up overlays...
2026-07-01 15:47:21 | INFO | Removed 0 elements: none
📐 Detecting header/footer for this page...
2026-07-01 15:47:21 | WARNING | Template - Header not detected on page
2026-07-01 15:47:21 | WARNING | Template - Footer not detected on page
2026-07-01 15:47:21 | INFO | Header: header element not found - proceeding without header analysis
2026-07-01 15:47:21 | INFO | Footer: footer element not found - proceeding without footer analysis
2026-07-01 15:47:21 | INFO | Phase 2: Identifying main content area...
2026-07-01 15:47:21 | INFO | Main content: body
2026-07-01 15:47:21 | INFO | Removed 0 elements: none
📐 Detecting header/footer for this page...
2026-07-01 15:47:21 | WARNING | Template - Header not detected on page
2026-07-01 15:47:21 | WARNING | Template - Footer not detected on page
2026-07-01 15:47:21 | INFO | Header: header element not found - proceeding without header analysis
2026-07-01 15:47:21 | INFO | Footer: footer element not found - proceeding without footer analysis
2026-07-01 15:47:21 | INFO | Phase 2: Identifying main content area...
2026-07-01 15:47:21 | INFO | Main content: body
2026-07-01 15:47:21 | INFO | Phase 3: Detecting blocks...
2026-07-01 15:47:21 | INFO | Phase 4: Capturing block screenshots...
2026-07-01 15:47:22 | INFO | Phase 3: Detecting blocks...
2026-07-01 15:47:22 | INFO | Phase 4: Capturing block screenshots...
2026-07-01 15:47:22 | INFO |    Top-section: 36 rows via title+placeholder
2026-07-01 15:47:22 | INFO | URL Pattern: /w/web-stories/transicao-energetica/como-alcancar-a-seguranca-energetica
2026-07-01 15:47:22 | INFO | Page catalog complete: /workspace/catalog/.pages/petrobras_com_br_w_web-stories_transicao-energetica_como-alcancar-a-seguranca-energetica--beaadad2/page-catalog.json
2026-07-01 15:47:22 | INFO | SUCCESS: https://petrobras.com.br/w/web-stories/transicao-energetica/como-alcancar-a-seguranca-energetica
2026-07-01 15:47:22 | INFO | Captured 1 block screenshots
2026-07-01 15:47:22 | INFO | Detected 1 blocks
2026-07-01 15:47:22 | INFO | Generating fingerprints for template discovery...
2026-07-01 15:47:22 | INFO | Captured 1 block screenshots
2026-07-01 15:47:22 | INFO | Detected 1 blocks
2026-07-01 15:47:22 | INFO | Generating fingerprints for template discovery...
2026-07-01 15:47:23 | INFO | [228/249] Processing: https://petrobras.com.br/cultural/selecoes-publicas-culturais
2026-07-01 15:47:23 | INFO | Generated slug: petrobras_com_br_cultural_selecoes-publicas-culturais--a0cfbcca
2026-07-01 15:47:23 | INFO | Starting analysis: https://petrobras.com.br/cultural/selecoes-publicas-culturais -> /workspace/catalog/.pages/petrobras_com_br_cultural_selecoes-publicas-culturais--a0cfbcca
2026-07-01 15:47:23 | INFO | Loading: https://petrobras.com.br/cultural/selecoes-publicas-culturais
2026-07-01 15:47:24 | INFO |    Top-section: 36 rows via title+placeholder
2026-07-01 15:47:24 | INFO | URL Pattern: /w/web-stories/transicao-energetica/transicao-energetica-na-pratica
2026-07-01 15:47:24 | INFO | Page catalog complete: /workspace/catalog/.pages/petrobras_com_br_w_web-stories_transicao-energetica_transicao-energetica-na-pratica--039de193/page-catalog.json
2026-07-01 15:47:24 | INFO | SUCCESS: https://petrobras.com.br/w/web-stories/transicao-energetica/transicao-energetica-na-pratica
2026-07-01 15:47:24 | INFO |    Top-section: 36 rows via title+placeholder
2026-07-01 15:47:24 | INFO | URL Pattern: /w/web-stories/transicao-energetica/os-caminhos-dos-biocombustiveis
2026-07-01 15:47:24 | INFO | Page catalog complete: /workspace/catalog/.pages/petrobras_com_br_w_web-stories_transicao-energetica_os-caminhos-dos-biocombustiveis--17de350e/page-catalog.json
2026-07-01 15:47:24 | INFO | SUCCESS: https://petrobras.com.br/w/web-stories/transicao-energetica/os-caminhos-dos-biocombustiveis
2026-07-01 15:47:24 | INFO | PROGRESS: 225/249 analyzed (90% checklist complete) | 225 ok, 0 failed, 0 skipped | ~6 min remaining
2026-07-01 15:47:25 | INFO | Removed 5 elements: overlay, popup
📐 Detecting header/footer for this page...
2026-07-01 15:47:25 | INFO | Template - Reused saved header selector on current page
2026-07-01 15:47:25 | INFO | Template - Reused saved footer selector on current page
2026-07-01 15:47:25 | INFO | Header: complex complexity, 3 features
2026-07-01 15:47:25 | INFO | Footer: simple complexity, 0 features
2026-07-01 15:47:25 | INFO | Phase 2: Identifying main content area...
2026-07-01 15:47:25 | INFO | Main content: #main-content
2026-07-01 15:47:25 | INFO | Phase 3: Detecting blocks...
2026-07-01 15:47:25 | INFO | Removed 5 elements: overlay, popup
📐 Detecting header/footer for this page...
2026-07-01 15:47:25 | INFO | Phase 4: Capturing block screenshots...
2026-07-01 15:47:25 | INFO | Template - Reused saved header selector on current page
2026-07-01 15:47:25 | INFO | Template - Reused saved footer selector on current page
2026-07-01 15:47:25 | INFO | Header: complex complexity, 3 features
2026-07-01 15:47:25 | INFO | Footer: simple complexity, 0 features
2026-07-01 15:47:25 | INFO | Phase 2: Identifying main content area...
2026-07-01 15:47:25 | INFO | Main content: #main-content
2026-07-01 15:47:25 | INFO | Phase 3: Detecting blocks...
2026-07-01 15:47:25 | WARNING | Blocks - 75% of blocks are unknown - site uses non-EDS patterns
2026-07-01 15:47:25 | INFO | Phase 4: Capturing block screenshots...
2026-07-01 15:47:26 | INFO | [229/249] Processing: https://petrobras.com.br/pre-sal
2026-07-01 15:47:26 | INFO | Generated slug: petrobras_com_br_pre-sal--fa7b7a92
2026-07-01 15:47:26 | INFO | Starting analysis: https://petrobras.com.br/pre-sal -> /workspace/catalog/.pages/petrobras_com_br_pre-sal--fa7b7a92
2026-07-01 15:47:26 | INFO | Loading: https://petrobras.com.br/pre-sal
2026-07-01 15:47:26 | INFO | [230/249] Processing: https://petrobras.com.br/jornada-da-energia
2026-07-01 15:47:26 | INFO | Generated slug: petrobras_com_br_jornada-da-energia--58889390
2026-07-01 15:47:26 | INFO | Starting analysis: https://petrobras.com.br/jornada-da-energia -> /workspace/catalog/.pages/petrobras_com_br_jornada-da-energia--58889390
2026-07-01 15:47:26 | INFO | Loading: https://petrobras.com.br/jornada-da-energia
2026-07-01 15:47:26 | INFO | Captured 8 block screenshots
2026-07-01 15:47:26 | INFO | Detected 8 blocks
2026-07-01 15:47:26 | INFO | Generating fingerprints for template discovery...
2026-07-01 15:47:27 | INFO | Phase 0A: Triggering lazy-loaded content...
2026-07-01 15:47:27 | INFO | Captured 16 block screenshots
2026-07-01 15:47:27 | INFO | Detected 16 blocks
2026-07-01 15:47:27 | INFO | Generating fingerprints for template discovery...
2026-07-01 15:47:29 | INFO |    Top-section: 5 rows via title+container
2026-07-01 15:47:29 | INFO |    Body start: y=125 (start row 5 via below-title+container)
2026-07-01 15:47:29 | INFO | URL Pattern: /transicao-energetica/historias-em-quadrinhos
2026-07-01 15:47:29 | INFO | Page catalog complete: /workspace/catalog/.pages/petrobras_com_br_transicao-energetica_historias-em-quadrinhos--32516cfa/page-catalog.json
2026-07-01 15:47:29 | INFO | SUCCESS: https://petrobras.com.br/transicao-energetica/historias-em-quadrinhos
2026-07-01 15:47:29 | INFO | Lazy-load scroll complete
2026-07-01 15:47:29 | INFO | Phase 0B: Cleaning up overlays...
2026-07-01 15:47:30 | INFO |    Top-section: 17 rows via title+container
2026-07-01 15:47:30 | INFO |    Body start: y=425 (start row 17 via below-title+container)
2026-07-01 15:47:30 | INFO | URL Pattern: /transicao-energetica
2026-07-01 15:47:30 | INFO | Page catalog complete: /workspace/catalog/.pages/petrobras_com_br_transicao-energetica--b7996fe9/page-catalog.json
2026-07-01 15:47:30 | INFO | SUCCESS: https://petrobras.com.br/transicao-energetica
2026-07-01 15:47:30 | INFO | Phase 0A: Triggering lazy-loaded content...
2026-07-01 15:47:30 | INFO | [231/249] Processing: https://petrobras.com.br/para-criancas/jornada-da-energia
2026-07-01 15:47:30 | INFO | Generated slug: petrobras_com_br_para-criancas_jornada-da-energia--d8a869d8
2026-07-01 15:47:30 | INFO | Starting analysis: https://petrobras.com.br/para-criancas/jornada-da-energia -> /workspace/catalog/.pages/petrobras_com_br_para-criancas_jornada-da-energia--d8a869d8
2026-07-01 15:47:30 | INFO | Loading: https://petrobras.com.br/para-criancas/jornada-da-energia
2026-07-01 15:47:31 | INFO | [232/249] Processing: https://petrobras.com.br/produtos-mais-sustent%C3%A1veis
2026-07-01 15:47:31 | INFO | Generated slug: petrobras_com_br_produtos-mais-sustent_C3_A1veis--afda81ef
2026-07-01 15:47:31 | INFO | Starting analysis: https://petrobras.com.br/produtos-mais-sustent%C3%A1veis -> /workspace/catalog/.pages/petrobras_com_br_produtos-mais-sustent_C3_A1veis--afda81ef
2026-07-01 15:47:31 | INFO | Loading: https://petrobras.com.br/produtos-mais-sustent%C3%A1veis
2026-07-01 15:47:31 | INFO | Phase 0A: Triggering lazy-loaded content...
2026-07-01 15:47:33 | INFO | Lazy-load scroll complete
2026-07-01 15:47:33 | INFO | Phase 0B: Cleaning up overlays...
2026-07-01 15:47:34 | INFO | Phase 0A: Triggering lazy-loaded content...
2026-07-01 15:47:35 | INFO | Phase 0A: Triggering lazy-loaded content...
2026-07-01 15:47:35 | INFO | Lazy-load scroll complete
2026-07-01 15:47:35 | INFO | Phase 0B: Cleaning up overlays...
2026-07-01 15:47:36 | INFO | Lazy-load scroll complete
2026-07-01 15:47:36 | INFO | Phase 0B: Cleaning up overlays...
2026-07-01 15:47:37 | INFO | Lazy-load scroll complete
2026-07-01 15:47:37 | INFO | Phase 0B: Cleaning up overlays...
2026-07-01 15:48:00 | INFO | Removed 7 elements: overlay, popup
📐 Detecting header/footer for this page...
2026-07-01 15:48:00 | INFO | Template - Reused saved footer selector on current page
2026-07-01 15:48:00 | INFO | Header: complex complexity, 4 features
2026-07-01 15:48:00 | INFO | Footer: simple complexity, 0 features
2026-07-01 15:48:00 | INFO | Phase 2: Identifying main content area...
2026-07-01 15:48:00 | INFO | Main content: #main-content
2026-07-01 15:48:00 | INFO | Phase 3: Detecting blocks...
2026-07-01 15:48:00 | INFO | Phase 4: Capturing block screenshots...
2026-07-01 15:48:02 | INFO | Captured 7 block screenshots
2026-07-01 15:48:02 | INFO | Detected 7 blocks
2026-07-01 15:48:02 | INFO | Generating fingerprints for template discovery...
2026-07-01 15:48:04 | INFO |    Top-section: 13 rows via title
2026-07-01 15:48:04 | INFO |    Body start: y=325 (start row 13 via below-title)
2026-07-01 15:48:04 | INFO | URL Pattern: /cultural/selecoes-publicas-culturais
2026-07-01 15:48:04 | INFO | Page catalog complete: /workspace/catalog/.pages/petrobras_com_br_cultural_selecoes-publicas-culturais--a0cfbcca/page-catalog.json
2026-07-01 15:48:04 | INFO | SUCCESS: https://petrobras.com.br/cultural/selecoes-publicas-culturais
2026-07-01 15:48:04 | INFO | Removed 5 elements: overlay, popup
📐 Detecting header/footer for this page...
2026-07-01 15:48:04 | INFO | Template - Reused saved header selector on current page
2026-07-01 15:48:04 | INFO | Template - Reused saved footer selector on current page
2026-07-01 15:48:04 | INFO | Header: complex complexity, 3 features
2026-07-01 15:48:04 | INFO | Footer: simple complexity, 0 features
2026-07-01 15:48:04 | INFO | Phase 2: Identifying main content area...
2026-07-01 15:48:04 | INFO | Main content: #main-content
2026-07-01 15:48:04 | INFO | Phase 3: Detecting blocks...
2026-07-01 15:48:04 | INFO | Phase 4: Capturing block screenshots...
2026-07-01 15:48:04 | WARNING | Screenshots - Block not visible: hero-a395a5e
2026-07-01 15:48:05 | INFO | [233/249] Processing: https://petrobras.com.br/cap-convencional
2026-07-01 15:48:05 | INFO | Generated slug: petrobras_com_br_cap-convencional--eba66e87
2026-07-01 15:48:05 | INFO | Starting analysis: https://petrobras.com.br/cap-convencional -> /workspace/catalog/.pages/petrobras_com_br_cap-convencional--eba66e87
2026-07-01 15:48:06 | INFO | Loading: https://petrobras.com.br/cap-convencional
2026-07-01 15:48:06 | INFO | Captured 16 block screenshots
2026-07-01 15:48:06 | INFO | Detected 17 blocks
2026-07-01 15:48:06 | INFO | Generating fingerprints for template discovery...
2026-07-01 15:48:06 | INFO | Removed 11 elements: overlay, popup
📐 Detecting header/footer for this page...
2026-07-01 15:48:06 | INFO | Template - Reused saved header selector on current page
2026-07-01 15:48:06 | INFO | Template - Reused saved footer selector on current page
2026-07-01 15:48:06 | INFO | Header: complex complexity, 3 features
2026-07-01 15:48:06 | INFO | Footer: simple complexity, 0 features
2026-07-01 15:48:06 | INFO | Phase 2: Identifying main content area...
2026-07-01 15:48:06 | INFO | Main content: #main-content
2026-07-01 15:48:07 | INFO | Phase 3: Detecting blocks...
2026-07-01 15:48:07 | INFO | Phase 4: Capturing block screenshots...
2026-07-01 15:48:07 | INFO | Removed 10 elements: overlay, popup
📐 Detecting header/footer for this page...
2026-07-01 15:48:07 | INFO | Template - Reused saved header selector on current page
2026-07-01 15:48:07 | INFO | Template - Reused saved footer selector on current page
2026-07-01 15:48:07 | INFO | Header: complex complexity, 3 features
2026-07-01 15:48:07 | INFO | Footer: simple complexity, 0 features
2026-07-01 15:48:07 | INFO | Phase 2: Identifying main content area...
2026-07-01 15:48:07 | INFO | Main content: #main-content
2026-07-01 15:48:07 | INFO | Phase 3: Detecting blocks...
2026-07-01 15:48:07 | INFO | Phase 4: Capturing block screenshots...
2026-07-01 15:48:07 | WARNING | Screenshots - Block not visible: hero-2ebbebc3
2026-07-01 15:48:07 | WARNING | Screenshots - Block not visible: hero-2a749c0c
2026-07-01 15:48:07 | INFO | Captured 2 block screenshots
2026-07-01 15:48:07 | INFO | Detected 2 blocks
2026-07-01 15:48:07 | INFO | Generating fingerprints for template discovery...
2026-07-01 15:48:08 | INFO | Removed 5 elements: overlay, popup
📐 Detecting header/footer for this page...
2026-07-01 15:48:08 | INFO | Template - Reused saved footer selector on current page
2026-07-01 15:48:08 | INFO | Header: complex complexity, 4 features
2026-07-01 15:48:08 | INFO | Footer: simple complexity, 0 features
2026-07-01 15:48:08 | INFO | Phase 2: Identifying main content area...
2026-07-01 15:48:08 | INFO | Main content: #main-content
2026-07-01 15:48:08 | INFO | Phase 3: Detecting blocks...
2026-07-01 15:48:08 | INFO | Phase 4: Capturing block screenshots...
2026-07-01 15:48:08 | INFO | Phase 0A: Triggering lazy-loaded content...
2026-07-01 15:48:09 | INFO |    Top-section: 36 rows via title+placeholder
2026-07-01 15:48:09 | INFO |    Body start: y=900 (start row 36 via below-title+placeholder)
2026-07-01 15:48:09 | INFO | URL Pattern: /jornada-da-energia
2026-07-01 15:48:09 | INFO | Page catalog complete: /workspace/catalog/.pages/petrobras_com_br_jornada-da-energia--58889390/page-catalog.json
2026-07-01 15:48:09 | INFO | SUCCESS: https://petrobras.com.br/jornada-da-energia
2026-07-01 15:48:09 | INFO | Captured 10 block screenshots
2026-07-01 15:48:09 | INFO | Detected 12 blocks
2026-07-01 15:48:09 | INFO | Generating fingerprints for template discovery...
2026-07-01 15:48:10 | INFO |    Top-section: 12 rows via title
2026-07-01 15:48:10 | INFO |    Body start: y=300 (start row 12 via below-title)
2026-07-01 15:48:10 | INFO | URL Pattern: /para-criancas/jornada-da-energia
2026-07-01 15:48:10 | INFO | Page catalog complete: /workspace/catalog/.pages/petrobras_com_br_para-criancas_jornada-da-energia--d8a869d8/page-catalog.json
2026-07-01 15:48:10 | INFO | SUCCESS: https://petrobras.com.br/para-criancas/jornada-da-energia
2026-07-01 15:48:10 | INFO | PROGRESS: 230/249 analyzed (92% checklist complete) | 230 ok, 0 failed, 0 skipped | ~5 min remaining
2026-07-01 15:48:10 | INFO | Captured 10 block screenshots
2026-07-01 15:48:10 | INFO | Detected 10 blocks
2026-07-01 15:48:10 | INFO | Generating fingerprints for template discovery...
2026-07-01 15:48:11 | INFO | [234/249] Processing: https://petrobras.com.br/bunker-vls-b24
2026-07-01 15:48:11 | INFO | Generated slug: petrobras_com_br_bunker-vls-b24--c43d5164
2026-07-01 15:48:11 | INFO | Starting analysis: https://petrobras.com.br/bunker-vls-b24 -> /workspace/catalog/.pages/petrobras_com_br_bunker-vls-b24--c43d5164
2026-07-01 15:48:11 | INFO | Loading: https://petrobras.com.br/bunker-vls-b24
2026-07-01 15:48:11 | INFO | Lazy-load scroll complete
2026-07-01 15:48:11 | INFO | Phase 0B: Cleaning up overlays...
2026-07-01 15:48:11 | INFO | [235/249] Processing: https://petrobras.com.br/web-stories
2026-07-01 15:48:11 | INFO | Generated slug: petrobras_com_br_web-stories--121afd5c
2026-07-01 15:48:11 | INFO | Starting analysis: https://petrobras.com.br/web-stories -> /workspace/catalog/.pages/petrobras_com_br_web-stories--121afd5c
2026-07-01 15:48:11 | INFO | Loading: https://petrobras.com.br/web-stories
2026-07-01 15:48:12 | INFO |    Top-section: 29 rows via title+container
2026-07-01 15:48:12 | INFO |    Body start: y=704 (start row 28 via below-title+container)
2026-07-01 15:48:12 | INFO | URL Pattern: /produtos-mais-sustent%C3%A1veis
2026-07-01 15:48:12 | INFO | Page catalog complete: /workspace/catalog/.pages/petrobras_com_br_produtos-mais-sustent_C3_A1veis--afda81ef/page-catalog.json
2026-07-01 15:48:12 | INFO | SUCCESS: https://petrobras.com.br/produtos-mais-sustent%C3%A1veis
2026-07-01 15:48:14 | INFO | [236/249] Processing: https://petrobras.com.br/fale-conosco
2026-07-01 15:48:14 | INFO | Generated slug: petrobras_com_br_fale-conosco--e4adb542
2026-07-01 15:48:14 | INFO | Starting analysis: https://petrobras.com.br/fale-conosco -> /workspace/catalog/.pages/petrobras_com_br_fale-conosco--e4adb542
2026-07-01 15:48:14 | INFO | Loading: https://petrobras.com.br/fale-conosco
2026-07-01 15:48:15 | INFO | Phase 0A: Triggering lazy-loaded content...
2026-07-01 15:48:15 | INFO | Phase 0A: Triggering lazy-loaded content...
2026-07-01 15:48:16 | INFO | Lazy-load scroll complete
2026-07-01 15:48:16 | INFO | Phase 0B: Cleaning up overlays...
2026-07-01 15:48:17 | INFO | Lazy-load scroll complete
2026-07-01 15:48:17 | INFO | Phase 0B: Cleaning up overlays...
2026-07-01 15:48:17 | INFO | Phase 0A: Triggering lazy-loaded content...
2026-07-01 15:48:19 | INFO | Lazy-load scroll complete
2026-07-01 15:48:19 | INFO | Phase 0B: Cleaning up overlays...
2026-07-01 15:48:42 | INFO | Removed 5 elements: overlay, popup
📐 Detecting header/footer for this page...
2026-07-01 15:48:42 | INFO | Template - Reused saved footer selector on current page
2026-07-01 15:48:42 | INFO | Header: complex complexity, 4 features
2026-07-01 15:48:42 | INFO | Footer: simple complexity, 0 features
2026-07-01 15:48:42 | INFO | Phase 2: Identifying main content area...
2026-07-01 15:48:42 | INFO | Main content: #main-content
2026-07-01 15:48:42 | INFO | Phase 3: Detecting blocks...
2026-07-01 15:48:42 | INFO | Phase 4: Capturing block screenshots...
2026-07-01 15:48:43 | INFO |    Top-section: 5 rows via title+container
2026-07-01 15:48:43 | INFO |    Body start: y=125 (start row 5 via below-title+container)
2026-07-01 15:48:43 | INFO | URL Pattern: /pre-sal
2026-07-01 15:48:43 | INFO | Page catalog complete: /workspace/catalog/.pages/petrobras_com_br_pre-sal--fa7b7a92/page-catalog.json
2026-07-01 15:48:43 | INFO | SUCCESS: https://petrobras.com.br/pre-sal
2026-07-01 15:48:44 | INFO | Captured 15 block screenshots
2026-07-01 15:48:44 | INFO | Detected 15 blocks
2026-07-01 15:48:44 | INFO | Generating fingerprints for template discovery...
2026-07-01 15:48:45 | INFO | [237/249] Processing: https://petrobras.com.br/ouvidoria
2026-07-01 15:48:45 | INFO | Generated slug: petrobras_com_br_ouvidoria--aa65f3bd
2026-07-01 15:48:45 | INFO | Starting analysis: https://petrobras.com.br/ouvidoria -> /workspace/catalog/.pages/petrobras_com_br_ouvidoria--aa65f3bd
2026-07-01 15:48:45 | INFO | Loading: https://petrobras.com.br/ouvidoria
2026-07-01 15:48:46 | INFO |    Top-section: 17 rows via title
2026-07-01 15:48:46 | INFO |    Body start: y=425 (start row 17 via below-title)
2026-07-01 15:48:46 | INFO | URL Pattern: /cap-convencional
2026-07-01 15:48:46 | INFO | Page catalog complete: /workspace/catalog/.pages/petrobras_com_br_cap-convencional--eba66e87/page-catalog.json
2026-07-01 15:48:46 | INFO | SUCCESS: https://petrobras.com.br/cap-convencional
2026-07-01 15:48:47 | INFO | Removed 5 elements: overlay, popup
📐 Detecting header/footer for this page...
2026-07-01 15:48:47 | INFO | Template - Reused saved footer selector on current page
2026-07-01 15:48:47 | INFO | Header: complex complexity, 4 features
2026-07-01 15:48:47 | INFO | Footer: simple complexity, 0 features
2026-07-01 15:48:47 | INFO | Phase 2: Identifying main content area...
2026-07-01 15:48:47 | INFO | Main content: #main-content
2026-07-01 15:48:48 | INFO | Phase 3: Detecting blocks...
2026-07-01 15:48:48 | INFO | Phase 4: Capturing block screenshots...
2026-07-01 15:48:48 | INFO | [238/249] Processing: https://petrobras.com.br/acessibilidade
2026-07-01 15:48:48 | INFO | Generated slug: petrobras_com_br_acessibilidade--f7106f79
2026-07-01 15:48:48 | INFO | Starting analysis: https://petrobras.com.br/acessibilidade -> /workspace/catalog/.pages/petrobras_com_br_acessibilidade--f7106f79
2026-07-01 15:48:48 | INFO | Removed 5 elements: overlay, popup
📐 Detecting header/footer for this page...
2026-07-01 15:48:48 | INFO | Loading: https://petrobras.com.br/acessibilidade
2026-07-01 15:48:48 | INFO | Template - Reused saved footer selector on current page
2026-07-01 15:48:48 | INFO | Header: complex complexity, 4 features
2026-07-01 15:48:48 | INFO | Footer: simple complexity, 0 features
2026-07-01 15:48:48 | INFO | Phase 2: Identifying main content area...
2026-07-01 15:48:48 | INFO | Main content: #main-content
2026-07-01 15:48:48 | INFO | Phase 3: Detecting blocks...
2026-07-01 15:48:48 | WARNING | Blocks - 57% of blocks are unknown - site uses non-EDS patterns
2026-07-01 15:48:48 | INFO | Phase 4: Capturing block screenshots...
2026-07-01 15:48:49 | INFO | Phase 0A: Triggering lazy-loaded content...
2026-07-01 15:48:49 | INFO | Captured 11 block screenshots
2026-07-01 15:48:49 | INFO | Detected 11 blocks
2026-07-01 15:48:49 | INFO | Generating fingerprints for template discovery...
2026-07-01 15:48:49 | INFO | Captured 7 block screenshots
2026-07-01 15:48:49 | INFO | Detected 7 blocks
2026-07-01 15:48:49 | INFO | Generating fingerprints for template discovery...
2026-07-01 15:48:50 | INFO | Removed 5 elements: overlay, popup
📐 Detecting header/footer for this page...
2026-07-01 15:48:50 | INFO | Template - Reused saved footer selector on current page
2026-07-01 15:48:50 | INFO | Header: complex complexity, 4 features
2026-07-01 15:48:50 | INFO | Footer: simple complexity, 0 features
2026-07-01 15:48:50 | INFO | Phase 2: Identifying main content area...
2026-07-01 15:48:50 | INFO | Main content: #main-content
2026-07-01 15:48:50 | INFO | Phase 3: Detecting blocks...
2026-07-01 15:48:50 | INFO | Phase 4: Capturing block screenshots...
2026-07-01 15:48:51 | INFO | Lazy-load scroll complete
2026-07-01 15:48:51 | INFO | Phase 0B: Cleaning up overlays...
2026-07-01 15:48:51 | INFO | Phase 0A: Triggering lazy-loaded content...
2026-07-01 15:48:51 | INFO |    Top-section: 9 rows via title+container
2026-07-01 15:48:51 | INFO |    Body start: y=225 (start row 9 via below-title+container)
2026-07-01 15:48:51 | INFO | URL Pattern: /web-stories
2026-07-01 15:48:51 | INFO | Page catalog complete: /workspace/catalog/.pages/petrobras_com_br_web-stories--121afd5c/page-catalog.json
2026-07-01 15:48:51 | INFO | SUCCESS: https://petrobras.com.br/web-stories
2026-07-01 15:48:52 | INFO |    Top-section: 19 rows via title
2026-07-01 15:48:52 | INFO |    Body start: y=475 (start row 19 via below-title)
2026-07-01 15:48:52 | INFO | URL Pattern: /bunker-vls-b24
2026-07-01 15:48:52 | INFO | Page catalog complete: /workspace/catalog/.pages/petrobras_com_br_bunker-vls-b24--c43d5164/page-catalog.json
2026-07-01 15:48:52 | INFO | SUCCESS: https://petrobras.com.br/bunker-vls-b24
2026-07-01 15:48:52 | INFO | PROGRESS: 235/249 analyzed (94% checklist complete) | 235 ok, 0 failed, 0 skipped | ~4 min remaining
2026-07-01 15:48:52 | INFO | Captured 11 block screenshots
2026-07-01 15:48:52 | INFO | Detected 11 blocks
2026-07-01 15:48:52 | INFO | Generating fingerprints for template discovery...
2026-07-01 15:48:53 | INFO | [239/249] Processing: https://petrobras.com.br/sitemap
2026-07-01 15:48:53 | INFO | Generated slug: petrobras_com_br_sitemap--530acaf1
2026-07-01 15:48:53 | INFO | Starting analysis: https://petrobras.com.br/sitemap -> /workspace/catalog/.pages/petrobras_com_br_sitemap--530acaf1
2026-07-01 15:48:53 | INFO | Loading: https://petrobras.com.br/sitemap
2026-07-01 15:48:53 | INFO | Lazy-load scroll complete
2026-07-01 15:48:53 | INFO | Phase 0B: Cleaning up overlays...
2026-07-01 15:48:53 | INFO | [240/249] Processing: https://petrobras.com.br/w/webstories/sustentabilidade/transicao-energetica-na-pratica
2026-07-01 15:48:53 | INFO | Generated slug: petrobras_com_br_w_webstories_sustentabilidade_transicao-energetica-na-pratica--1554c4a1
2026-07-01 15:48:53 | INFO | Starting analysis: https://petrobras.com.br/w/webstories/sustentabilidade/transicao-energetica-na-pratica -> /workspace/catalog/.pages/petrobras_com_br_w_webstories_sustentabilidade_transicao-energetica-na-pratica--1554c4a1
2026-07-01 15:48:53 | INFO | Loading: https://petrobras.com.br/w/webstories/sustentabilidade/transicao-energetica-na-pratica
2026-07-01 15:48:54 | INFO |    Top-section: 20 rows via fallback
2026-07-01 15:48:54 | INFO |    Body start: y=500 (start row 20 via below-fallback)
2026-07-01 15:48:54 | INFO | URL Pattern: /fale-conosco
2026-07-01 15:48:54 | INFO | Page catalog complete: /workspace/catalog/.pages/petrobras_com_br_fale-conosco--e4adb542/page-catalog.json
2026-07-01 15:48:54 | INFO | SUCCESS: https://petrobras.com.br/fale-conosco
2026-07-01 15:48:56 | INFO | [241/249] Processing: https://petrobras.com.br/energia-em-transformacao
2026-07-01 15:48:56 | INFO | Generated slug: petrobras_com_br_energia-em-transformacao--19501090
2026-07-01 15:48:56 | INFO | Starting analysis: https://petrobras.com.br/energia-em-transformacao -> /workspace/catalog/.pages/petrobras_com_br_energia-em-transformacao--19501090
2026-07-01 15:48:56 | INFO | Loading: https://petrobras.com.br/energia-em-transformacao
2026-07-01 15:48:56 | INFO | Phase 0A: Triggering lazy-loaded content...
2026-07-01 15:48:56 | INFO | Phase 0A: Triggering lazy-loaded content...
2026-07-01 15:48:57 | INFO | Lazy-load scroll complete
2026-07-01 15:48:57 | INFO | Phase 0B: Cleaning up overlays...
2026-07-01 15:48:58 | INFO | Removed 0 elements: none
📐 Detecting header/footer for this page...
2026-07-01 15:48:58 | WARNING | Template - Header not detected on page
2026-07-01 15:48:58 | WARNING | Template - Footer not detected on page
2026-07-01 15:48:58 | INFO | Header: header element not found - proceeding without header analysis
2026-07-01 15:48:58 | INFO | Footer: footer element not found - proceeding without footer analysis
2026-07-01 15:48:58 | INFO | Phase 2: Identifying main content area...
2026-07-01 15:48:58 | INFO | Main content: body
2026-07-01 15:48:58 | INFO | Phase 3: Detecting blocks...
2026-07-01 15:48:58 | INFO | Phase 4: Capturing block screenshots...
2026-07-01 15:48:58 | INFO | Captured 1 block screenshots
2026-07-01 15:48:58 | INFO | Detected 1 blocks
2026-07-01 15:48:58 | INFO | Generating fingerprints for template discovery...
2026-07-01 15:48:58 | INFO | Lazy-load scroll complete
2026-07-01 15:48:58 | INFO | Phase 0B: Cleaning up overlays...
2026-07-01 15:48:59 | INFO | Phase 0A: Triggering lazy-loaded content...
2026-07-01 15:49:01 | INFO |    Top-section: 36 rows via title+placeholder
2026-07-01 15:49:01 | INFO | URL Pattern: /w/webstories/sustentabilidade/transicao-energetica-na-pratica
2026-07-01 15:49:01 | INFO | Page catalog complete: /workspace/catalog/.pages/petrobras_com_br_w_webstories_sustentabilidade_transicao-energetica-na-pratica--1554c4a1/page-catalog.json
2026-07-01 15:49:01 | INFO | SUCCESS: https://petrobras.com.br/w/webstories/sustentabilidade/transicao-energetica-na-pratica
2026-07-01 15:49:02 | INFO | Lazy-load scroll complete
2026-07-01 15:49:02 | INFO | Phase 0B: Cleaning up overlays...
2026-07-01 15:49:02 | INFO | [242/249] Processing: https://petrobras.com.br/seguranca-da-informacao
2026-07-01 15:49:02 | INFO | Generated slug: petrobras_com_br_seguranca-da-informacao--cb1fc04f
2026-07-01 15:49:02 | INFO | Starting analysis: https://petrobras.com.br/seguranca-da-informacao -> /workspace/catalog/.pages/petrobras_com_br_seguranca-da-informacao--cb1fc04f
2026-07-01 15:49:02 | INFO | Loading: https://petrobras.com.br/seguranca-da-informacao
2026-07-01 15:49:06 | INFO | Phase 0A: Triggering lazy-loaded content...
2026-07-01 15:49:07 | INFO | Lazy-load scroll complete
2026-07-01 15:49:07 | INFO | Phase 0B: Cleaning up overlays...
2026-07-01 15:49:22 | INFO | Removed 5 elements: overlay, popup
📐 Detecting header/footer for this page...
2026-07-01 15:49:22 | INFO | Template - Reused saved header selector on current page
2026-07-01 15:49:22 | INFO | Template - Reused saved footer selector on current page
2026-07-01 15:49:22 | INFO | Header: complex complexity, 3 features
2026-07-01 15:49:22 | INFO | Footer: simple complexity, 0 features
2026-07-01 15:49:22 | INFO | Phase 2: Identifying main content area...
2026-07-01 15:49:22 | INFO | Main content: #main-content
2026-07-01 15:49:22 | INFO | Phase 3: Detecting blocks...
2026-07-01 15:49:22 | INFO | Phase 4: Capturing block screenshots...
2026-07-01 15:49:24 | INFO | Captured 11 block screenshots
2026-07-01 15:49:24 | INFO | Detected 11 blocks
2026-07-01 15:49:24 | INFO | Generating fingerprints for template discovery...
2026-07-01 15:49:24 | INFO | Removed 5 elements: overlay, popup
📐 Detecting header/footer for this page...
2026-07-01 15:49:24 | INFO | Template - Reused saved footer selector on current page
2026-07-01 15:49:24 | INFO | Header: complex complexity, 4 features
2026-07-01 15:49:24 | INFO | Footer: simple complexity, 0 features
2026-07-01 15:49:24 | INFO | Phase 2: Identifying main content area...
2026-07-01 15:49:24 | INFO | Main content: #main-content
2026-07-01 15:49:24 | INFO | Phase 3: Detecting blocks...
2026-07-01 15:49:24 | INFO | Phase 4: Capturing block screenshots...
2026-07-01 15:49:25 | INFO | Captured 5 block screenshots
2026-07-01 15:49:25 | INFO | Detected 5 blocks
2026-07-01 15:49:25 | INFO | Generating fingerprints for template discovery...
2026-07-01 15:49:27 | INFO |    Top-section: 19 rows via title+container
2026-07-01 15:49:27 | INFO |    Body start: y=475 (start row 19 via below-title+container)
2026-07-01 15:49:27 | INFO | URL Pattern: /ouvidoria
2026-07-01 15:49:27 | INFO | Page catalog complete: /workspace/catalog/.pages/petrobras_com_br_ouvidoria--aa65f3bd/page-catalog.json
2026-07-01 15:49:27 | INFO | SUCCESS: https://petrobras.com.br/ouvidoria
2026-07-01 15:49:28 | INFO |    Top-section: 20 rows via title+container
2026-07-01 15:49:28 | INFO |    Body start: y=500 (start row 20 via below-title+container)
2026-07-01 15:49:28 | INFO | URL Pattern: /acessibilidade
2026-07-01 15:49:28 | INFO | Page catalog complete: /workspace/catalog/.pages/petrobras_com_br_acessibilidade--f7106f79/page-catalog.json
2026-07-01 15:49:28 | INFO | SUCCESS: https://petrobras.com.br/acessibilidade
2026-07-01 15:49:28 | INFO | Worker 2 refreshing context (50 pages)
2026-07-01 15:49:28 | INFO | [243/249] Processing: https://petrobras.com.br/bolivia
2026-07-01 15:49:28 | INFO | Generated slug: petrobras_com_br_bolivia--fb41cf52
2026-07-01 15:49:28 | INFO | Starting analysis: https://petrobras.com.br/bolivia -> /workspace/catalog/.pages/petrobras_com_br_bolivia--fb41cf52
2026-07-01 15:49:28 | INFO | Loading: https://petrobras.com.br/bolivia
2026-07-01 15:49:29 | INFO | [244/249] Processing: https://petrobras.com.br/colombia
2026-07-01 15:49:29 | INFO | Generated slug: petrobras_com_br_colombia--e0377991
2026-07-01 15:49:29 | INFO | Starting analysis: https://petrobras.com.br/colombia -> /workspace/catalog/.pages/petrobras_com_br_colombia--e0377991
2026-07-01 15:49:29 | INFO | Loading: https://petrobras.com.br/colombia
2026-07-01 15:49:30 | INFO | Removed 5 elements: overlay, popup
📐 Detecting header/footer for this page...
2026-07-01 15:49:30 | INFO | Template - Reused saved footer selector on current page
2026-07-01 15:49:30 | INFO | Header: complex complexity, 4 features
2026-07-01 15:49:30 | INFO | Footer: simple complexity, 0 features
2026-07-01 15:49:30 | INFO | Phase 2: Identifying main content area...
2026-07-01 15:49:30 | INFO | Main content: #main-content
2026-07-01 15:49:30 | INFO | Phase 3: Detecting blocks...
2026-07-01 15:49:30 | WARNING | Blocks - 64% of blocks are unknown - site uses non-EDS patterns
2026-07-01 15:49:30 | INFO | Phase 4: Capturing block screenshots...
2026-07-01 15:49:31 | INFO | Captured 14 block screenshots
2026-07-01 15:49:31 | INFO | Detected 14 blocks
2026-07-01 15:49:31 | INFO | Generating fingerprints for template discovery...
2026-07-01 15:49:33 | INFO | Removed 5 elements: overlay, popup
📐 Detecting header/footer for this page...
2026-07-01 15:49:33 | INFO | Template - Reused saved header selector on current page
2026-07-01 15:49:33 | INFO | Template - Reused saved footer selector on current page
2026-07-01 15:49:33 | INFO | Header: complex complexity, 3 features
2026-07-01 15:49:33 | INFO | Footer: simple complexity, 0 features
2026-07-01 15:49:33 | INFO | Phase 2: Identifying main content area...
2026-07-01 15:49:33 | INFO | Main content: #main-content
2026-07-01 15:49:33 | INFO | Phase 3: Detecting blocks...
2026-07-01 15:49:33 | WARNING | Blocks - 75% of blocks are unknown - site uses non-EDS patterns
2026-07-01 15:49:33 | INFO | Phase 4: Capturing block screenshots...
2026-07-01 15:49:34 | INFO |    Top-section: 13 rows via title
2026-07-01 15:49:34 | INFO |    Body start: y=325 (start row 13 via below-title)
2026-07-01 15:49:34 | INFO | URL Pattern: /sitemap
2026-07-01 15:49:34 | INFO | Page catalog complete: /workspace/catalog/.pages/petrobras_com_br_sitemap--530acaf1/page-catalog.json
2026-07-01 15:49:34 | INFO | SUCCESS: https://petrobras.com.br/sitemap
2026-07-01 15:49:34 | INFO | PROGRESS: 240/249 analyzed (96% checklist complete) | 240 ok, 0 failed, 0 skipped | ~3 min remaining
2026-07-01 15:49:34 | INFO | Phase 0A: Triggering lazy-loaded content...
2026-07-01 15:49:35 | INFO | Phase 0A: Triggering lazy-loaded content...
2026-07-01 15:49:35 | INFO | Captured 16 block screenshots
2026-07-01 15:49:35 | INFO | Detected 16 blocks
2026-07-01 15:49:35 | INFO | Generating fingerprints for template discovery...
2026-07-01 15:49:35 | INFO | [245/249] Processing: https://petrobras.com.br/usa
2026-07-01 15:49:35 | INFO | Generated slug: petrobras_com_br_usa--92986c26
2026-07-01 15:49:35 | INFO | Starting analysis: https://petrobras.com.br/usa -> /workspace/catalog/.pages/petrobras_com_br_usa--92986c26
2026-07-01 15:49:35 | INFO | Loading: https://petrobras.com.br/usa
2026-07-01 15:49:38 | INFO |    Top-section: 17 rows via title+container
2026-07-01 15:49:38 | INFO |    Body start: y=425 (start row 17 via below-title+container)
2026-07-01 15:49:38 | INFO | URL Pattern: /energia-em-transformacao
2026-07-01 15:49:38 | INFO | Page catalog complete: /workspace/catalog/.pages/petrobras_com_br_energia-em-transformacao--19501090/page-catalog.json
2026-07-01 15:49:38 | INFO | SUCCESS: https://petrobras.com.br/energia-em-transformacao
2026-07-01 15:49:38 | INFO | Removed 5 elements: overlay, popup
📐 Detecting header/footer for this page...
2026-07-01 15:49:38 | INFO | Template - Reused saved footer selector on current page
2026-07-01 15:49:38 | INFO | Header: complex complexity, 4 features
2026-07-01 15:49:38 | INFO | Footer: simple complexity, 0 features
2026-07-01 15:49:38 | INFO | Phase 2: Identifying main content area...
2026-07-01 15:49:38 | INFO | Main content: #main-content
2026-07-01 15:49:38 | INFO | Phase 3: Detecting blocks...
2026-07-01 15:49:38 | INFO | Phase 4: Capturing block screenshots...
2026-07-01 15:49:38 | INFO | Lazy-load scroll complete
2026-07-01 15:49:38 | INFO | Phase 0B: Cleaning up overlays...
2026-07-01 15:49:39 | INFO | Captured 2 block screenshots
2026-07-01 15:49:39 | INFO | Detected 2 blocks
2026-07-01 15:49:39 | INFO | Generating fingerprints for template discovery...
2026-07-01 15:49:39 | INFO | Phase 0A: Triggering lazy-loaded content...
2026-07-01 15:49:39 | INFO | Lazy-load scroll complete
2026-07-01 15:49:39 | INFO | Phase 0B: Cleaning up overlays...
2026-07-01 15:49:39 | INFO | [246/249] Processing: https://petrobras.com.br/w/nossas-atividades/por-que-buscar-novas-reservas-de-petroleo-na-margem-equatorial-brasileira
2026-07-01 15:49:39 | INFO | Generated slug: petrobras_com_br_w_nossas-atividades_por-que-buscar-novas-reservas-de-petroleo-na-margem-equatorial-brasileira--63c72416
2026-07-01 15:49:39 | INFO | Starting analysis: https://petrobras.com.br/w/nossas-atividades/por-que-buscar-novas-reservas-de-petroleo-na-margem-equatorial-brasileira -> /workspace/catalog/.pages/petrobras_com_br_w_nossas-atividades_por-que-buscar-novas-reservas-de-petroleo-na-margem-equatorial-brasileira--63c72416
2026-07-01 15:49:39 | INFO | Loading: https://petrobras.com.br/w/nossas-atividades/por-que-buscar-novas-reservas-de-petroleo-na-margem-equatorial-brasileira
2026-07-01 15:49:41 | INFO | Lazy-load scroll complete
2026-07-01 15:49:41 | INFO | Phase 0B: Cleaning up overlays...
2026-07-01 15:49:41 | INFO |    Top-section: 18 rows via title+container
2026-07-01 15:49:41 | INFO |    Body start: y=450 (start row 18 via below-title+container)
2026-07-01 15:49:41 | INFO | URL Pattern: /seguranca-da-informacao
2026-07-01 15:49:41 | INFO | Page catalog complete: /workspace/catalog/.pages/petrobras_com_br_seguranca-da-informacao--cb1fc04f/page-catalog.json
2026-07-01 15:49:41 | INFO | SUCCESS: https://petrobras.com.br/seguranca-da-informacao
2026-07-01 15:49:41 | INFO | Worker 0 refreshing context (50 pages)
2026-07-01 15:49:43 | INFO | Phase 0A: Triggering lazy-loaded content...
2026-07-01 15:49:43 | INFO | [247/249] Processing: https://petrobras.com.br/privacy-protection-personal-data
2026-07-01 15:49:43 | INFO | Generated slug: petrobras_com_br_privacy-protection-personal-data--458a7de4
2026-07-01 15:49:43 | INFO | Starting analysis: https://petrobras.com.br/privacy-protection-personal-data -> /workspace/catalog/.pages/petrobras_com_br_privacy-protection-personal-data--458a7de4
2026-07-01 15:49:43 | INFO | Loading: https://petrobras.com.br/privacy-protection-personal-data
2026-07-01 15:49:44 | INFO | Lazy-load scroll complete
2026-07-01 15:49:44 | INFO | Phase 0B: Cleaning up overlays...
2026-07-01 15:49:45 | INFO | Removed 0 elements: none
📐 Detecting header/footer for this page...
2026-07-01 15:49:45 | WARNING | Template - Header not detected on page
2026-07-01 15:49:45 | WARNING | Template - Footer not detected on page
2026-07-01 15:49:45 | INFO | Header: header element not found - proceeding without header analysis
2026-07-01 15:49:45 | INFO | Footer: footer element not found - proceeding without footer analysis
2026-07-01 15:49:45 | INFO | Phase 2: Identifying main content area...
2026-07-01 15:49:45 | INFO | Main content: body
2026-07-01 15:49:45 | INFO | Phase 3: Detecting blocks...
2026-07-01 15:49:45 | INFO | Phase 4: Capturing block screenshots...
2026-07-01 15:49:45 | INFO | Captured 1 block screenshots
2026-07-01 15:49:45 | INFO | Detected 1 blocks
2026-07-01 15:49:45 | INFO | Generating fingerprints for template discovery...
2026-07-01 15:49:47 | INFO |    Top-section: 36 rows via title+placeholder
2026-07-01 15:49:47 | INFO | URL Pattern: /w/nossas-atividades/por-que-buscar-novas-reservas-de-petroleo-na-margem-equatorial-brasileira
2026-07-01 15:49:47 | INFO | Page catalog complete: /workspace/catalog/.pages/petrobras_com_br_w_nossas-atividades_por-que-buscar-novas-reservas-de-petroleo-na-margem-equatorial-brasileira--63c72416/page-catalog.json
2026-07-01 15:49:47 | INFO | SUCCESS: https://petrobras.com.br/w/nossas-atividades/por-que-buscar-novas-reservas-de-petroleo-na-margem-equatorial-brasileira
2026-07-01 15:49:49 | INFO | [248/249] Processing: https://petrobras.com.br/publico-interno-atual-empregado-atual-empregado-de-prestador-de-servico-aposentado-outros
2026-07-01 15:49:49 | INFO | Generated slug: petrobras_com_br_publico-interno-atual-empregado-atual-empregado-de-prestador-de-servico-aposentado-outros--03e27a0d
2026-07-01 15:49:49 | INFO | Starting analysis: https://petrobras.com.br/publico-interno-atual-empregado-atual-empregado-de-prestador-de-servico-aposentado-outros -> /workspace/catalog/.pages/petrobras_com_br_publico-interno-atual-empregado-atual-empregado-de-prestador-de-servico-aposentado-outros--03e27a0d
2026-07-01 15:49:49 | INFO | Loading: https://petrobras.com.br/publico-interno-atual-empregado-atual-empregado-de-prestador-de-servico-aposentado-outros
2026-07-01 15:49:49 | INFO | Phase 0A: Triggering lazy-loaded content...
2026-07-01 15:49:52 | INFO | Lazy-load scroll complete
2026-07-01 15:49:52 | INFO | Phase 0B: Cleaning up overlays...
2026-07-01 15:49:53 | INFO | Phase 0A: Triggering lazy-loaded content...
2026-07-01 15:49:55 | INFO | Lazy-load scroll complete
2026-07-01 15:49:55 | INFO | Phase 0B: Cleaning up overlays...
2026-07-01 15:50:10 | INFO | Removed 56 elements: overlay, popup
📐 Detecting header/footer for this page...
2026-07-01 15:50:10 | INFO | Template - Reused saved footer selector on current page
2026-07-01 15:50:10 | INFO | Header: complex complexity, 4 features
2026-07-01 15:50:10 | INFO | Footer: simple complexity, 0 features
2026-07-01 15:50:10 | INFO | Phase 2: Identifying main content area...
2026-07-01 15:50:10 | INFO | Main content: #main-content
2026-07-01 15:50:11 | INFO | Phase 3: Detecting blocks...
2026-07-01 15:50:11 | INFO | Phase 4: Capturing block screenshots...
2026-07-01 15:50:12 | INFO | Removed 5 elements: overlay, popup
📐 Detecting header/footer for this page...
2026-07-01 15:50:12 | INFO | Template - Reused saved footer selector on current page
2026-07-01 15:50:12 | INFO | Header: complex complexity, 4 features
2026-07-01 15:50:12 | INFO | Footer: simple complexity, 0 features
2026-07-01 15:50:12 | INFO | Phase 2: Identifying main content area...
2026-07-01 15:50:12 | INFO | Main content: #main-content
2026-07-01 15:50:12 | INFO | Phase 3: Detecting blocks...
2026-07-01 15:50:12 | WARNING | Blocks - 63% of blocks are unknown - site uses non-EDS patterns
2026-07-01 15:50:12 | INFO | Phase 4: Capturing block screenshots...
2026-07-01 15:50:13 | INFO | Captured 8 block screenshots
2026-07-01 15:50:13 | INFO | Detected 8 blocks
2026-07-01 15:50:13 | INFO | Generating fingerprints for template discovery...
2026-07-01 15:50:14 | INFO | Captured 35 block screenshots
2026-07-01 15:50:14 | INFO | Detected 35 blocks
2026-07-01 15:50:14 | INFO | Generating fingerprints for template discovery...
2026-07-01 15:50:16 | INFO |    Top-section: 16 rows via title+container
2026-07-01 15:50:16 | INFO |    Body start: y=400 (start row 16 via below-title+container)
2026-07-01 15:50:16 | INFO | URL Pattern: /usa
2026-07-01 15:50:16 | INFO | Page catalog complete: /workspace/catalog/.pages/petrobras_com_br_usa--92986c26/page-catalog.json
2026-07-01 15:50:16 | INFO | SUCCESS: https://petrobras.com.br/usa
2026-07-01 15:50:17 | INFO |    Top-section: 15 rows via title
2026-07-01 15:50:17 | INFO |    Body start: y=375 (start row 15 via below-title)
2026-07-01 15:50:17 | INFO | URL Pattern: /bolivia
2026-07-01 15:50:17 | INFO | Page catalog complete: /workspace/catalog/.pages/petrobras_com_br_bolivia--fb41cf52/page-catalog.json
2026-07-01 15:50:17 | INFO | SUCCESS: https://petrobras.com.br/bolivia
2026-07-01 15:50:17 | INFO | PROGRESS: 245/249 analyzed (98% checklist complete) | 245 ok, 0 failed, 0 skipped | ~1 min remaining
2026-07-01 15:50:17 | INFO | [249/249] Processing: https://petrobras.com.br/w/web-stories/nossas-atividades/por-que-buscar-novas-reservas-de-petroleo-na-margem-equatorial-brasileira
2026-07-01 15:50:17 | INFO | Generated slug: petrobras_com_br_w_web-stories_nossas-atividades_por-que-buscar-novas-reservas-de-petroleo-na-margem-equatorial-brasileira--f51d3b5f
2026-07-01 15:50:17 | INFO | Starting analysis: https://petrobras.com.br/w/web-stories/nossas-atividades/por-que-buscar-novas-reservas-de-petroleo-na-margem-equatorial-brasileira -> /workspace/catalog/.pages/petrobras_com_br_w_web-stories_nossas-atividades_por-que-buscar-novas-reservas-de-petroleo-na-margem-equatorial-brasileira--f51d3b5f
2026-07-01 15:50:17 | INFO | Loading: https://petrobras.com.br/w/web-stories/nossas-atividades/por-que-buscar-novas-reservas-de-petroleo-na-margem-equatorial-brasileira
2026-07-01 15:50:18 | INFO | Worker 4 finished
2026-07-01 15:50:19 | INFO | Phase 0A: Triggering lazy-loaded content...
2026-07-01 15:50:21 | INFO | Lazy-load scroll complete
2026-07-01 15:50:21 | INFO | Phase 0B: Cleaning up overlays...
2026-07-01 15:50:22 | INFO | Removed 0 elements: none
📐 Detecting header/footer for this page...
2026-07-01 15:50:22 | WARNING | Template - Header not detected on page
2026-07-01 15:50:22 | WARNING | Template - Footer not detected on page
2026-07-01 15:50:22 | INFO | Header: header element not found - proceeding without header analysis
2026-07-01 15:50:22 | INFO | Footer: footer element not found - proceeding without footer analysis
2026-07-01 15:50:22 | INFO | Phase 2: Identifying main content area...
2026-07-01 15:50:22 | INFO | Main content: body
2026-07-01 15:50:22 | INFO | Phase 3: Detecting blocks...
2026-07-01 15:50:22 | INFO | Phase 4: Capturing block screenshots...
2026-07-01 15:50:22 | INFO | Captured 1 block screenshots
2026-07-01 15:50:22 | INFO | Detected 1 blocks
2026-07-01 15:50:22 | INFO | Generating fingerprints for template discovery...
2026-07-01 15:50:24 | INFO |    Top-section: 36 rows via title+placeholder
2026-07-01 15:50:24 | INFO | URL Pattern: /w/web-stories/nossas-atividades/por-que-buscar-novas-reservas-de-petroleo-na-margem-equatorial-brasileira
2026-07-01 15:50:24 | INFO | Page catalog complete: /workspace/catalog/.pages/petrobras_com_br_w_web-stories_nossas-atividades_por-que-buscar-novas-reservas-de-petroleo-na-margem-equatorial-brasileira--f51d3b5f/page-catalog.json
2026-07-01 15:50:24 | INFO | SUCCESS: https://petrobras.com.br/w/web-stories/nossas-atividades/por-que-buscar-novas-reservas-de-petroleo-na-margem-equatorial-brasileira
2026-07-01 15:50:24 | INFO | Worker 3 finished
2026-07-01 15:50:26 | INFO | Removed 5 elements: overlay, popup
📐 Detecting header/footer for this page...
2026-07-01 15:50:26 | INFO | Template - Reused saved footer selector on current page
2026-07-01 15:50:26 | INFO | Header: complex complexity, 4 features
2026-07-01 15:50:26 | INFO | Footer: simple complexity, 0 features
2026-07-01 15:50:26 | INFO | Phase 2: Identifying main content area...
2026-07-01 15:50:26 | INFO | Main content: #main-content
2026-07-01 15:50:26 | INFO | Phase 3: Detecting blocks...
2026-07-01 15:50:26 | INFO | Phase 4: Capturing block screenshots...
2026-07-01 15:50:27 | INFO | Captured 3 block screenshots
2026-07-01 15:50:27 | INFO | Detected 3 blocks
2026-07-01 15:50:27 | INFO | Generating fingerprints for template discovery...
2026-07-01 15:50:30 | INFO |    Top-section: 15 rows via title+container
2026-07-01 15:50:30 | INFO |    Body start: y=375 (start row 15 via below-title+container)
2026-07-01 15:50:30 | INFO | URL Pattern: /publico-interno-atual-empregado-atual-empregado-de-prestador-de-servico-aposentado-outros
2026-07-01 15:50:30 | INFO | Page catalog complete: /workspace/catalog/.pages/petrobras_com_br_publico-interno-atual-empregado-atual-empregado-de-prestador-de-servico-aposentado-outros--03e27a0d/page-catalog.json
2026-07-01 15:50:30 | INFO | SUCCESS: https://petrobras.com.br/publico-interno-atual-empregado-atual-empregado-de-prestador-de-servico-aposentado-outros
2026-07-01 15:50:30 | INFO | Worker 1 refreshing context (50 pages)
2026-07-01 15:50:31 | INFO | Worker 1 finished
2026-07-01 15:50:40 | INFO | Removed 5 elements: overlay, popup
📐 Detecting header/footer for this page...
2026-07-01 15:50:40 | INFO | Template - Reused saved footer selector on current page
2026-07-01 15:50:40 | INFO | Header: complex complexity, 4 features
2026-07-01 15:50:40 | INFO | Footer: simple complexity, 0 features
2026-07-01 15:50:40 | INFO | Phase 2: Identifying main content area...
2026-07-01 15:50:40 | INFO | Main content: #main-content
2026-07-01 15:50:40 | INFO | Phase 3: Detecting blocks...
2026-07-01 15:50:40 | WARNING | Blocks - 73% of blocks are unknown - site uses non-EDS patterns
2026-07-01 15:50:40 | INFO | Phase 4: Capturing block screenshots...
2026-07-01 15:50:42 | INFO | Captured 11 block screenshots
2026-07-01 15:50:42 | INFO | Detected 11 blocks
2026-07-01 15:50:42 | INFO | Generating fingerprints for template discovery...
2026-07-01 15:50:44 | INFO |    Top-section: 18 rows via title+container
2026-07-01 15:50:44 | INFO |    Body start: y=450 (start row 18 via below-title+container)
2026-07-01 15:50:44 | INFO | URL Pattern: /colombia
2026-07-01 15:50:44 | INFO | Page catalog complete: /workspace/catalog/.pages/petrobras_com_br_colombia--e0377991/page-catalog.json
2026-07-01 15:50:44 | INFO | SUCCESS: https://petrobras.com.br/colombia
2026-07-01 15:50:46 | INFO | Worker 2 finished
2026-07-01 15:50:53 | INFO | Removed 5 elements: overlay, popup
📐 Detecting header/footer for this page...
2026-07-01 15:50:53 | INFO | Template - Reused saved footer selector on current page
2026-07-01 15:50:53 | INFO | Header: complex complexity, 4 features
2026-07-01 15:50:53 | INFO | Footer: simple complexity, 0 features
2026-07-01 15:50:53 | INFO | Phase 2: Identifying main content area...
2026-07-01 15:50:53 | INFO | Main content: #main-content
2026-07-01 15:50:53 | INFO | Phase 3: Detecting blocks...
2026-07-01 15:50:53 | INFO | Phase 4: Capturing block screenshots...
2026-07-01 15:50:54 | INFO | Captured 6 block screenshots
2026-07-01 15:50:54 | INFO | Detected 6 blocks
2026-07-01 15:50:54 | INFO | Generating fingerprints for template discovery...
2026-07-01 15:50:57 | INFO |    Top-section: 16 rows via title+container
2026-07-01 15:50:57 | INFO |    Body start: y=400 (start row 16 via below-title+container)
2026-07-01 15:50:57 | INFO | URL Pattern: /privacy-protection-personal-data
2026-07-01 15:50:57 | INFO | Page catalog complete: /workspace/catalog/.pages/petrobras_com_br_privacy-protection-personal-data--458a7de4/page-catalog.json
2026-07-01 15:50:57 | INFO | SUCCESS: https://petrobras.com.br/privacy-protection-personal-data
2026-07-01 15:50:57 | INFO | PROGRESS: 249/249 analyzed (100% checklist complete) | 249 ok, 0 failed, 0 skipped | ~0 min remaining
2026-07-01 15:50:58 | INFO | Worker 0 finished
2026-07-01 15:50:58 | INFO | PROGRESS: 249/249 analyzed (100% checklist complete) | 249 ok, 0 failed, 0 skipped | ~0 min remaining
2026-07-01 15:50:58 | INFO | ================================================================================
2026-07-01 15:50:58 | INFO | BATCH ANALYSIS COMPLETED
2026-07-01 15:50:58 | INFO | ================================================================================
2026-07-01 15:50:58 | INFO | Total URLs: 249
2026-07-01 15:50:58 | INFO | Attempt successes: 249
2026-07-01 15:50:58 | INFO | Attempt failures: 0
2026-07-01 15:50:58 | INFO | Skipped: 0
2026-07-01 15:50:58 | INFO | Checklist final status: 249 analyzed, 0 failed, 0 marked
2026-07-01 15:50:58 | INFO | Workers: 5
2026-07-01 15:50:58 | INFO | ================================================================================
2026-07-01 15:50:58 | INFO | Session state: ANALYZING → TEMPLATING
2026-07-01T15:53:40.558Z | INFO | Consolidating fingerprints from page catalogs...
2026-07-01T15:53:40.719Z | INFO | consolidate-fingerprints - Consolidated 249 fingerprints
2026-07-01 15:54:50 | INFO | Agent 4 Started - Catalog blocks with similarity
2026-07-01 15:54:50 | INFO | Agent 4 Progress - Starting representative pass with 47 page(s) and 757 block occurrence(s)
2026-07-01 15:54:50 | ERROR | Agent 4 - Block hero from https://petrobras.com.br/en/jornada-da-energia has no screenshot - cannot catalog without visual proof
2026-07-01 15:54:50 | ERROR | Agent 4 - Block hero from https://petrobras.com.br/en/pre-sal has no screenshot - cannot catalog without visual proof
2026-07-01 15:54:50 | ERROR | Agent 4 - Block hero from https://petrobras.com.br/en/pre-sal has no screenshot - cannot catalog without visual proof
2026-07-01 15:54:50 | ERROR | Agent 4 - Block columns from https://petrobras.com.br/en/quem-somos/exploracao-e-producao has no screenshot - cannot catalog without visual proof
2026-07-01 15:54:50 | ERROR | Agent 4 - Block columns from https://petrobras.com.br/en/quem-somos/novas-fronteiras has no screenshot - cannot catalog without visual proof
2026-07-01 15:54:50 | ERROR | Agent 4 - Block hero from https://petrobras.com.br/en/quem-somos/vida-na-plataforma has no screenshot - cannot catalog without visual proof
2026-07-01 15:54:50 | INFO | Agent 4 Progress - representative: 25/47 page(s), 413/757 block occurrence(s), 119 unique signatures, 102 variants (100 new, 313 reused)
2026-07-01 15:54:50 | ERROR | Agent 4 - Block unknown from https://petrobras.com.br/en/sustentabilidade/time-petrobras has no screenshot - cannot catalog without visual proof
2026-07-01 15:54:50 | ERROR | Agent 4 - Block hero from https://petrobras.com.br/jornada-da-energia has no screenshot - cannot catalog without visual proof
2026-07-01 15:54:50 | ERROR | Agent 4 - Block columns from https://petrobras.com.br/quem-somos/exploracao-e-producao has no screenshot - cannot catalog without visual proof
2026-07-01 15:54:50 | INFO | Agent 4 Progress - representative: 47/47 page(s), 748/757 block occurrence(s), 153 unique signatures, 130 variants (128 new, 620 reused)
2026-07-01 15:54:50 | INFO | Agent 4 Progress - Starting backfill pass with 202 page(s) and 2123 block occurrence(s)
2026-07-01 15:54:50 | ERROR | Agent 4 - Block unknown from https://petrobras.com.br/en/quem-somos/concursos has no screenshot - cannot catalog without visual proof
2026-07-01 15:54:50 | ERROR | Agent 4 - Block columns from https://petrobras.com.br/en/quem-somos/diesel-r5 has no screenshot - cannot catalog without visual proof
2026-07-01 15:54:50 | INFO | Agent 4 Progress - backfill: 25/202 page(s), 326/2123 block occurrence(s), 184 unique signatures, 159 variants (157 new, 917 reused)
2026-07-01 15:54:50 | ERROR | Agent 4 - Block accordion from https://petrobras.com.br/en/quem-somos/gasolina-podium has no screenshot - cannot catalog without visual proof
2026-07-01 15:54:50 | ERROR | Agent 4 - Block form from https://petrobras.com.br/en/quem-somos/jovem-aprendiz has no screenshot - cannot catalog without visual proof
2026-07-01 15:54:50 | ERROR | Agent 4 - Block unknown from https://petrobras.com.br/en/quem-somos/perfil has no screenshot - cannot catalog without visual proof
2026-07-01 15:54:50 | INFO | Agent 4 Progress - backfill: 50/202 page(s), 596/2123 block occurrence(s), 211 unique signatures, 182 variants (180 new, 1164 reused)
2026-07-01 15:54:50 | INFO | Agent 4 Progress - backfill: 75/202 page(s), 810/2123 block occurrence(s), 221 unique signatures, 191 variants (189 new, 1369 reused)
2026-07-01 15:54:50 | ERROR | Agent 4 - Block hero from https://petrobras.com.br/pre-sal has no screenshot - cannot catalog without visual proof
2026-07-01 15:54:50 | ERROR | Agent 4 - Block hero from https://petrobras.com.br/pre-sal has no screenshot - cannot catalog without visual proof
2026-07-01 15:54:50 | INFO | Agent 4 Progress - backfill: 100/202 page(s), 1086/2123 block occurrence(s), 238 unique signatures, 206 variants (204 new, 1630 reused)
2026-07-01 15:54:50 | ERROR | Agent 4 - Block accordion from https://petrobras.com.br/quem-somos/complexo-boaventura has no screenshot - cannot catalog without visual proof
2026-07-01 15:54:50 | ERROR | Agent 4 - Block accordion from https://petrobras.com.br/quem-somos/concursos has no screenshot - cannot catalog without visual proof
2026-07-01 15:54:50 | ERROR | Agent 4 - Block accordion from https://petrobras.com.br/quem-somos/concursos has no screenshot - cannot catalog without visual proof
2026-07-01 15:54:50 | ERROR | Agent 4 - Block accordion from https://petrobras.com.br/quem-somos/concursos has no screenshot - cannot catalog without visual proof
2026-07-01 15:54:50 | INFO | Agent 4 Progress - backfill: 125/202 page(s), 1363/2123 block occurrence(s), 245 unique signatures, 213 variants (211 new, 1900 reused)
2026-07-01 15:54:50 | ERROR | Agent 4 - Block columns from https://petrobras.com.br/quem-somos/novas-fronteiras has no screenshot - cannot catalog without visual proof
2026-07-01 15:54:50 | ERROR | Agent 4 - Block unknown from https://petrobras.com.br/quem-somos/perfil has no screenshot - cannot catalog without visual proof
2026-07-01 15:54:50 | ERROR | Agent 4 - Block columns from https://petrobras.com.br/quem-somos/perfil has no screenshot - cannot catalog without visual proof
2026-07-01 15:54:50 | INFO | Agent 4 Progress - backfill: 150/202 page(s), 1634/2123 block occurrence(s), 255 unique signatures, 221 variants (219 new, 2163 reused)
2026-07-01 15:54:50 | ERROR | Agent 4 - Block accordion from https://petrobras.com.br/quem-somos/refinaria-presidente-getulio-vargas has no screenshot - cannot catalog without visual proof
2026-07-01 15:54:50 | ERROR | Agent 4 - Block hero from https://petrobras.com.br/quem-somos/vida-na-plataforma has no screenshot - cannot catalog without visual proof
2026-07-01 15:54:50 | INFO | Agent 4 Progress - backfill: 175/202 page(s), 1890/2123 block occurrence(s), 270 unique signatures, 234 variants (232 new, 2406 reused)
2026-07-01 15:54:50 | ERROR | Agent 4 - Block accordion from https://petrobras.com.br/sustentabilidade/mudancas-climaticas has no screenshot - cannot catalog without visual proof
2026-07-01 15:54:50 | INFO | Agent 4 Progress - backfill: 200/202 page(s), 2104/2123 block occurrence(s), 275 unique signatures, 238 variants (236 new, 2616 reused)
2026-07-01 15:54:50 | INFO | Agent 4 Progress - backfill: 202/202 page(s), 2106/2123 block occurrence(s), 275 unique signatures, 238 variants (236 new, 2618 reused)
2026-07-01 15:54:50 | INFO | Agent 4 Completed - Cataloged 238 block variants (236 new, 2618 reused)
2026-07-01 15:54:50 | INFO | Agent 2 Started - Generate summary.json
2026-07-01 15:54:51 | INFO | Session state set to INACTIVE
2026-07-01 15:54:51 | INFO | Agent 2 Completed - Summary generated successfully
