2026-06-30 22:16:06 | INFO | Setting up catalog project for: https://araucarianitrogenados.com.br/
2026-06-30 22:16:06 | INFO | Project root: /workspace
2026-06-30 22:16:06 | INFO | Creating catalog folder: /workspace/catalog
2026-06-30 22:16:06 | INFO | Plugin root: /home/node/.excat-marketplaces/excat-marketplace/excat
2026-06-30 22:16:06 | INFO | Config file created: /workspace/catalog/.catalog-config.json
2026-06-30 22:16:06 | INFO | Log file initialized: /workspace/catalog/catalog.log
2026-06-30 22:16:06 | INFO | Session initialized: DISCOVERY
2026-06-30 22:16:06 | INFO | Catalog project setup complete
2026-06-30 22:16:06 | INFO | Catalog folder: /workspace/catalog
2026-06-30 22:16:06 | INFO | Config file: /workspace/catalog/.catalog-config.json
2026-06-30 22:16:06 | INFO | Log file: /workspace/catalog/catalog.log
2026-06-30 22:16:06 | INFO | Session: /workspace/catalog/.catalog_session (DISCOVERY)
2026-06-30 22:16:39 | INFO | Creating sample URLs...
2026-06-30 22:16:39 | INFO | Total URLs in grouped data: 60
2026-06-30 22:16:39 | INFO | Total URLs (60) <= 1000, using ALL URLs
2026-06-30 22:16:39 | INFO | Created urls-sample.json with 60 URLs
2026-06-30 22:16:39 | INFO | Validating urls-sample.json against schema...
✅ VALIDATION PASSED: urls-sample.json matches schema
2026-06-30 22:16:39 | INFO | Schema validation passed
2026-06-30 22:16:39 | INFO | Sample creation complete - urls-sample.json with 60 URLs
2026-06-30 22:16:39 | INFO | Checklist not found, looking for URLs source file...
2026-06-30 22:16:39 | INFO | Validating urls-sample.json against urls-sample.schema.json...
✅ VALIDATION PASSED: urls-sample.json matches schema
2026-06-30 22:16:39 | INFO | Creating checklist from: /workspace/catalog/urls-sample.json
2026-06-30 22:16:39 | INFO | Created urls-checklist.json with 60 URLs
2026-06-30 22:16:39 | INFO | Session state: ANALYZING
2026-06-30 22:16:39 | INFO | ================================================================================
2026-06-30 22:16:39 | INFO | BATCH ANALYSIS STARTED
2026-06-30 22:16:39 | INFO | Catalog: /workspace/catalog
2026-06-30 22:16:39 | INFO | Delay: 1500ms between requests
2026-06-30 22:16:39 | INFO | Workers: 5
2026-06-30 22:16:39 | INFO | Identity profiles: 13 available (workers cycle through them deterministically)
2026-06-30 22:16:39 | INFO | Scheduling: shared queue; each worker pulls the next pending URL as soon as it finishes.
2026-06-30 22:16:39 | INFO | Adaptive backoff: enabled (bot/WAF detection reduces active workers before aborting)
2026-06-30 22:16:39 | INFO | ================================================================================
2026-06-30 22:16:39 | INFO | Found 60 URLs to process (5 workers)
2026-06-30 22:16:39 | INFO | AGENT_RELAY: Share ETA and PROGRESS/HEARTBEAT lines with the user at least every 60 seconds.
2026-06-30 22:16:39 | INFO | Created .pages directory: /workspace/catalog/.pages
2026-06-30 22:16:39 | INFO | Pages to analyze: 60
2026-06-30 22:16:39 | INFO | Processing speed baseline: ~50 pages/minute (5 workers)
2026-06-30 22:16:39 | INFO | Estimated analysis time: ~2 min
2026-06-30 22:16:39 | INFO | Worker 0 started (profile 0: Windows)
2026-06-30 22:16:39 | INFO | Launching stealth browser...
2026-06-30 22:16:39 | INFO | [1/60] Processing: https://araucarianitrogenados.com.br/
2026-06-30 22:16:39 | INFO | Generated slug: araucarianitrogenados_com_br--50cb08c1
2026-06-30 22:16:39 | INFO | Starting analysis: https://araucarianitrogenados.com.br/ -> /workspace/catalog/.pages/araucarianitrogenados_com_br--50cb08c1
2026-06-30 22:16:39 | INFO | Loading: https://araucarianitrogenados.com.br/
2026-06-30 22:16:40 | INFO | Worker 1 started (profile 1: Windows)
2026-06-30 22:16:40 | INFO | Launching stealth browser...
2026-06-30 22:16:40 | INFO | [2/60] Processing: https://araucarianitrogenados.com.br/acesso-a-informacao
2026-06-30 22:16:40 | INFO | Generated slug: araucarianitrogenados_com_br_acesso-a-informacao--d0c23e62
2026-06-30 22:16:40 | INFO | Starting analysis: https://araucarianitrogenados.com.br/acesso-a-informacao -> /workspace/catalog/.pages/araucarianitrogenados_com_br_acesso-a-informacao--d0c23e62
2026-06-30 22:16:40 | INFO | Loading: https://araucarianitrogenados.com.br/acesso-a-informacao
2026-06-30 22:16:42 | INFO | Worker 2 started (profile 2: Windows)
2026-06-30 22:16:42 | INFO | Launching stealth browser...
2026-06-30 22:16:42 | INFO | [3/60] Processing: https://araucarianitrogenados.com.br/acesso-a-informacao/acoes-e-programas
2026-06-30 22:16:42 | INFO | Generated slug: araucarianitrogenados_com_br_acesso-a-informacao_acoes-e-programas--8684dc72
2026-06-30 22:16:42 | INFO | Starting analysis: https://araucarianitrogenados.com.br/acesso-a-informacao/acoes-e-programas -> /workspace/catalog/.pages/araucarianitrogenados_com_br_acesso-a-informacao_acoes-e-programas--8684dc72
2026-06-30 22:16:42 | INFO | Loading: https://araucarianitrogenados.com.br/acesso-a-informacao/acoes-e-programas
2026-06-30 22:16:43 | INFO | Worker 3 started (profile 3: Windows)
2026-06-30 22:16:43 | INFO | Launching stealth browser...
2026-06-30 22:16:43 | INFO | [4/60] Processing: https://araucarianitrogenados.com.br/acesso-a-informacao/auditorias
2026-06-30 22:16:43 | INFO | Generated slug: araucarianitrogenados_com_br_acesso-a-informacao_auditorias--f803d504
2026-06-30 22:16:43 | INFO | Starting analysis: https://araucarianitrogenados.com.br/acesso-a-informacao/auditorias -> /workspace/catalog/.pages/araucarianitrogenados_com_br_acesso-a-informacao_auditorias--f803d504
2026-06-30 22:16:43 | INFO | Loading: https://araucarianitrogenados.com.br/acesso-a-informacao/auditorias
2026-06-30 22:16:45 | INFO | Worker 4 started (profile 4: macOS)
2026-06-30 22:16:45 | INFO | Launching stealth browser...
2026-06-30 22:16:45 | INFO | [5/60] Processing: https://araucarianitrogenados.com.br/acesso-a-informacao/convenios-e-transferencias
2026-06-30 22:16:45 | INFO | Generated slug: araucarianitrogenados_com_br_acesso-a-informacao_convenios-e-transferencias--3c3aaace
2026-06-30 22:16:45 | INFO | Starting analysis: https://araucarianitrogenados.com.br/acesso-a-informacao/convenios-e-transferencias -> /workspace/catalog/.pages/araucarianitrogenados_com_br_acesso-a-informacao_convenios-e-transferencias--3c3aaace
2026-06-30 22:16:45 | INFO | Loading: https://araucarianitrogenados.com.br/acesso-a-informacao/convenios-e-transferencias
2026-06-30 22:16:46 | INFO | Phase 0A: Triggering lazy-loaded content...
2026-06-30 22:16:47 | INFO | Phase 0A: Triggering lazy-loaded content...
2026-06-30 22:16:48 | INFO | Phase 0A: Triggering lazy-loaded content...
2026-06-30 22:16:48 | INFO | Lazy-load scroll complete
2026-06-30 22:16:48 | INFO | Phase 0B: Cleaning up overlays...
2026-06-30 22:16:48 | INFO | Lazy-load scroll complete
2026-06-30 22:16:48 | INFO | Phase 0B: Cleaning up overlays...
2026-06-30 22:16:49 | INFO | Lazy-load scroll complete
2026-06-30 22:16:49 | INFO | Phase 0B: Cleaning up overlays...
2026-06-30 22:16:50 | INFO | Phase 0A: Triggering lazy-loaded content...
2026-06-30 22:16:51 | INFO | Phase 0A: Triggering lazy-loaded content...
2026-06-30 22:16:51 | INFO | Lazy-load scroll complete
2026-06-30 22:16:51 | INFO | Phase 0B: Cleaning up overlays...
2026-06-30 22:16:52 | INFO | Lazy-load scroll complete
2026-06-30 22:16:52 | INFO | Phase 0B: Cleaning up overlays...
2026-06-30 22:17:49 | INFO | Removed 3 elements: overlay, popup
📐 Detecting header/footer for this page...
2026-06-30 22:17:49 | INFO | Removed 3 elements: overlay, popup
📐 Detecting header/footer for this page...
   ✅ Saved global header: div.lfr-layout-structure-item-top-menu---empresas.lfr-layout-structure-item-eb47e215-41bd-9837-d3bf-3c048eb74887
2026-06-30 22:17:50 | INFO | Header: complex complexity, 3 features
2026-06-30 22:17:50 | INFO | Footer: simple complexity, 0 features
2026-06-30 22:17:50 | INFO | Phase 2: Identifying main content area...
2026-06-30 22:17:50 | INFO | Main content: #main-content
   ✅ Saved global footer: #ec-footer
2026-06-30 22:17:50 | INFO | Header: complex complexity, 3 features
2026-06-30 22:17:50 | INFO | Footer: simple complexity, 0 features
2026-06-30 22:17:50 | INFO | Phase 2: Identifying main content area...
2026-06-30 22:17:50 | INFO | Main content: #main-content
2026-06-30 22:17:50 | INFO | Phase 3: Detecting blocks...
2026-06-30 22:17:50 | INFO | Phase 3: Detecting blocks...
2026-06-30 22:17:50 | INFO | Phase 4: Capturing block screenshots...
2026-06-30 22:17:50 | WARNING | Blocks - 50% of blocks are unknown - site uses non-EDS patterns
2026-06-30 22:17:50 | INFO | Phase 4: Capturing block screenshots...
2026-06-30 22:17:51 | INFO | Captured 4 block screenshots
2026-06-30 22:17:51 | INFO | Detected 4 blocks
2026-06-30 22:17:51 | INFO | Generating fingerprints for template discovery...
2026-06-30 22:17:51 | INFO | Removed 3 elements: overlay, popup
📐 Detecting header/footer for this page...
2026-06-30 22:17:51 | INFO | Template - Reused saved footer selector on current page
2026-06-30 22:17:51 | INFO | Header: complex complexity, 3 features
2026-06-30 22:17:51 | INFO | Footer: simple complexity, 0 features
2026-06-30 22:17:51 | INFO | Phase 2: Identifying main content area...
2026-06-30 22:17:51 | INFO | Main content: #main-content
2026-06-30 22:17:51 | INFO | Phase 3: Detecting blocks...
2026-06-30 22:17:51 | INFO | Phase 4: Capturing block screenshots...
2026-06-30 22:17:51 | INFO | Captured 2 block screenshots
2026-06-30 22:17:51 | INFO | Detected 2 blocks
2026-06-30 22:17:51 | INFO | Generating fingerprints for template discovery...
2026-06-30 22:17:51 | INFO | Captured 2 block screenshots
2026-06-30 22:17:51 | INFO | Detected 2 blocks
2026-06-30 22:17:51 | INFO | Generating fingerprints for template discovery...
2026-06-30 22:17:52 | INFO | Removed 3 elements: overlay, popup
📐 Detecting header/footer for this page...
2026-06-30 22:17:52 | INFO | Template - Reused saved footer selector on current page
2026-06-30 22:17:52 | INFO | Header: complex complexity, 3 features
2026-06-30 22:17:52 | INFO | Footer: simple complexity, 0 features
2026-06-30 22:17:52 | INFO | Phase 2: Identifying main content area...
2026-06-30 22:17:52 | INFO | Main content: #main-content
2026-06-30 22:17:52 | INFO | Phase 3: Detecting blocks...
2026-06-30 22:17:52 | INFO | Phase 4: Capturing block screenshots...
2026-06-30 22:17:53 | INFO |    Top-section: 7 rows via title+container
2026-06-30 22:17:53 | INFO |    Body start: y=175 (start row 7 via below-title+container)
2026-06-30 22:17:53 | INFO | URL Pattern: /acesso-a-informacao
2026-06-30 22:17:53 | INFO | Page catalog complete: /workspace/catalog/.pages/araucarianitrogenados_com_br_acesso-a-informacao--d0c23e62/page-catalog.json
2026-06-30 22:17:53 | INFO | SUCCESS: https://araucarianitrogenados.com.br/acesso-a-informacao
2026-06-30 22:17:53 | INFO | Created header-global metadata (selector: div.lfr-layout-structure-item-top-menu---empresas.lfr-layout-structure-item-eb47e215-41bd-9837-d3bf-3c048eb74887)
2026-06-30 22:17:53 | INFO | Created footer-global metadata (selector: #ec-footer)
2026-06-30 22:17:53 | INFO | Captured 2 block screenshots
2026-06-30 22:17:53 | INFO | Detected 2 blocks
2026-06-30 22:17:53 | INFO | Generating fingerprints for template discovery...
2026-06-30 22:17:54 | INFO |    Top-section: 7 rows via title+container
2026-06-30 22:17:54 | INFO |    Body start: y=175 (start row 7 via below-title+container)
2026-06-30 22:17:54 | INFO | URL Pattern: /acesso-a-informacao/acoes-e-programas
2026-06-30 22:17:54 | INFO | Page catalog complete: /workspace/catalog/.pages/araucarianitrogenados_com_br_acesso-a-informacao_acoes-e-programas--8684dc72/page-catalog.json
2026-06-30 22:17:54 | INFO | SUCCESS: https://araucarianitrogenados.com.br/acesso-a-informacao/acoes-e-programas
2026-06-30 22:17:54 | INFO | Removed 3 elements: overlay, popup
📐 Detecting header/footer for this page...
2026-06-30 22:17:54 | INFO | Template - Reused saved footer selector on current page
2026-06-30 22:17:54 | INFO | Header: complex complexity, 3 features
2026-06-30 22:17:54 | INFO | Footer: simple complexity, 0 features
2026-06-30 22:17:54 | INFO | Phase 2: Identifying main content area...
2026-06-30 22:17:54 | INFO | Main content: #main-content
2026-06-30 22:17:54 | INFO |    Top-section: 7 rows via title+container
2026-06-30 22:17:54 | INFO |    Body start: y=175 (start row 7 via below-title+container)
2026-06-30 22:17:54 | INFO | URL Pattern: /
2026-06-30 22:17:54 | INFO | Page catalog complete: /workspace/catalog/.pages/araucarianitrogenados_com_br--50cb08c1/page-catalog.json
2026-06-30 22:17:54 | INFO | SUCCESS: https://araucarianitrogenados.com.br/
2026-06-30 22:17:54 | INFO | Phase 3: Detecting blocks...
2026-06-30 22:17:54 | INFO | Phase 4: Capturing block screenshots...
2026-06-30 22:17:54 | INFO | [6/60] Processing: https://araucarianitrogenados.com.br/acesso-a-informacao/dados-abertos
2026-06-30 22:17:54 | INFO | Generated slug: araucarianitrogenados_com_br_acesso-a-informacao_dados-abertos--45083830
2026-06-30 22:17:54 | INFO | Starting analysis: https://araucarianitrogenados.com.br/acesso-a-informacao/dados-abertos -> /workspace/catalog/.pages/araucarianitrogenados_com_br_acesso-a-informacao_dados-abertos--45083830
2026-06-30 22:17:54 | INFO | Loading: https://araucarianitrogenados.com.br/acesso-a-informacao/dados-abertos
2026-06-30 22:17:55 | INFO | Captured 3 block screenshots
2026-06-30 22:17:55 | INFO | Detected 3 blocks
2026-06-30 22:17:55 | INFO | Generating fingerprints for template discovery...
2026-06-30 22:17:55 | INFO | [7/60] Processing: https://araucarianitrogenados.com.br/acesso-a-informacao/empregados-publicos
2026-06-30 22:17:55 | INFO | Generated slug: araucarianitrogenados_com_br_acesso-a-informacao_empregados-publicos--f00e249d
2026-06-30 22:17:55 | INFO | Starting analysis: https://araucarianitrogenados.com.br/acesso-a-informacao/empregados-publicos -> /workspace/catalog/.pages/araucarianitrogenados_com_br_acesso-a-informacao_empregados-publicos--f00e249d
2026-06-30 22:17:55 | INFO | Loading: https://araucarianitrogenados.com.br/acesso-a-informacao/empregados-publicos
2026-06-30 22:17:55 | INFO | [8/60] Processing: https://araucarianitrogenados.com.br/acesso-a-informacao/informacoes-classificadas
2026-06-30 22:17:55 | INFO | Generated slug: araucarianitrogenados_com_br_acesso-a-informacao_informacoes-classificadas--c42c5adb
2026-06-30 22:17:55 | INFO | Starting analysis: https://araucarianitrogenados.com.br/acesso-a-informacao/informacoes-classificadas -> /workspace/catalog/.pages/araucarianitrogenados_com_br_acesso-a-informacao_informacoes-classificadas--c42c5adb
2026-06-30 22:17:55 | INFO | Loading: https://araucarianitrogenados.com.br/acesso-a-informacao/informacoes-classificadas
2026-06-30 22:17:55 | INFO |    Top-section: 15 rows via title
2026-06-30 22:17:55 | INFO |    Body start: y=375 (start row 15 via below-title)
2026-06-30 22:17:55 | INFO | URL Pattern: /acesso-a-informacao/auditorias
2026-06-30 22:17:55 | INFO | Page catalog complete: /workspace/catalog/.pages/araucarianitrogenados_com_br_acesso-a-informacao_auditorias--f803d504/page-catalog.json
2026-06-30 22:17:55 | INFO | SUCCESS: https://araucarianitrogenados.com.br/acesso-a-informacao/auditorias
2026-06-30 22:17:57 | INFO | [9/60] Processing: https://araucarianitrogenados.com.br/acesso-a-informacao/institucional
2026-06-30 22:17:57 | INFO | Generated slug: araucarianitrogenados_com_br_acesso-a-informacao_institucional--a8690fa6
2026-06-30 22:17:57 | INFO | Starting analysis: https://araucarianitrogenados.com.br/acesso-a-informacao/institucional -> /workspace/catalog/.pages/araucarianitrogenados_com_br_acesso-a-informacao_institucional--a8690fa6
2026-06-30 22:17:57 | INFO |    Top-section: 7 rows via title+container
2026-06-30 22:17:57 | INFO |    Body start: y=175 (start row 7 via below-title+container)
2026-06-30 22:17:57 | INFO | URL Pattern: /acesso-a-informacao/convenios-e-transferencias
2026-06-30 22:17:57 | INFO | Page catalog complete: /workspace/catalog/.pages/araucarianitrogenados_com_br_acesso-a-informacao_convenios-e-transferencias--3c3aaace/page-catalog.json
2026-06-30 22:17:57 | INFO | Loading: https://araucarianitrogenados.com.br/acesso-a-informacao/institucional
2026-06-30 22:17:57 | INFO | SUCCESS: https://araucarianitrogenados.com.br/acesso-a-informacao/convenios-e-transferencias
2026-06-30 22:17:57 | INFO | PROGRESS: 5/60 analyzed (8% checklist complete) | 5 ok, 0 failed, 0 skipped | ~15 min remaining
2026-06-30 22:17:58 | INFO | Phase 0A: Triggering lazy-loaded content...
2026-06-30 22:17:58 | INFO | [10/60] Processing: https://araucarianitrogenados.com.br/acesso-a-informacao/licitacoes-e-contratos
2026-06-30 22:17:58 | INFO | Generated slug: araucarianitrogenados_com_br_acesso-a-informacao_licitacoes-e-contratos--c12f29a5
2026-06-30 22:17:58 | INFO | Starting analysis: https://araucarianitrogenados.com.br/acesso-a-informacao/licitacoes-e-contratos -> /workspace/catalog/.pages/araucarianitrogenados_com_br_acesso-a-informacao_licitacoes-e-contratos--c12f29a5
2026-06-30 22:17:58 | INFO | Loading: https://araucarianitrogenados.com.br/acesso-a-informacao/licitacoes-e-contratos
2026-06-30 22:17:59 | INFO | Phase 0A: Triggering lazy-loaded content...
2026-06-30 22:17:59 | INFO | Lazy-load scroll complete
2026-06-30 22:17:59 | INFO | Phase 0B: Cleaning up overlays...
2026-06-30 22:17:59 | INFO | Phase 0A: Triggering lazy-loaded content...
2026-06-30 22:18:00 | INFO | Lazy-load scroll complete
2026-06-30 22:18:00 | INFO | Phase 0B: Cleaning up overlays...
2026-06-30 22:18:00 | INFO | Phase 0A: Triggering lazy-loaded content...
2026-06-30 22:18:01 | INFO | Lazy-load scroll complete
2026-06-30 22:18:01 | INFO | Phase 0B: Cleaning up overlays...
2026-06-30 22:18:02 | INFO | Phase 0A: Triggering lazy-loaded content...
2026-06-30 22:18:02 | INFO | Lazy-load scroll complete
2026-06-30 22:18:02 | INFO | Phase 0B: Cleaning up overlays...
2026-06-30 22:18:03 | INFO | Lazy-load scroll complete
2026-06-30 22:18:03 | INFO | Phase 0B: Cleaning up overlays...
2026-06-30 22:19:01 | INFO | Removed 3 elements: overlay, popup
📐 Detecting header/footer for this page...
2026-06-30 22:19:01 | INFO | Template - Reused saved footer selector on current page
2026-06-30 22:19:01 | INFO | Header: complex complexity, 3 features
2026-06-30 22:19:01 | INFO | Footer: simple complexity, 0 features
2026-06-30 22:19:01 | INFO | Phase 2: Identifying main content area...
2026-06-30 22:19:01 | INFO | Main content: #main-content
2026-06-30 22:19:01 | INFO | Phase 3: Detecting blocks...
2026-06-30 22:19:01 | INFO | Phase 4: Capturing block screenshots...
2026-06-30 22:19:01 | INFO | Captured 2 block screenshots
2026-06-30 22:19:01 | INFO | Detected 2 blocks
2026-06-30 22:19:01 | INFO | Generating fingerprints for template discovery...
2026-06-30 22:19:01 | INFO | Removed 3 elements: overlay, popup
📐 Detecting header/footer for this page...
2026-06-30 22:19:01 | INFO | Template - Reused saved footer selector on current page
2026-06-30 22:19:01 | INFO | Header: complex complexity, 3 features
2026-06-30 22:19:01 | INFO | Footer: simple complexity, 0 features
2026-06-30 22:19:01 | INFO | Phase 2: Identifying main content area...
2026-06-30 22:19:01 | INFO | Main content: #main-content
2026-06-30 22:19:02 | INFO | Phase 3: Detecting blocks...
2026-06-30 22:19:02 | INFO | Phase 4: Capturing block screenshots...
2026-06-30 22:19:02 | INFO | Removed 3 elements: overlay, popup
📐 Detecting header/footer for this page...
2026-06-30 22:19:02 | INFO | Template - Reused saved footer selector on current page
2026-06-30 22:19:02 | INFO | Header: complex complexity, 3 features
2026-06-30 22:19:02 | INFO | Footer: simple complexity, 0 features
2026-06-30 22:19:02 | INFO | Phase 2: Identifying main content area...
2026-06-30 22:19:02 | INFO | Main content: #main-content
2026-06-30 22:19:02 | INFO | Captured 2 block screenshots
2026-06-30 22:19:02 | INFO | Detected 2 blocks
2026-06-30 22:19:02 | INFO | Generating fingerprints for template discovery...
2026-06-30 22:19:02 | INFO | Phase 3: Detecting blocks...
2026-06-30 22:19:02 | WARNING | Blocks - 50% of blocks are unknown - site uses non-EDS patterns
2026-06-30 22:19:02 | INFO | Phase 4: Capturing block screenshots...
2026-06-30 22:19:03 | INFO | Captured 4 block screenshots
2026-06-30 22:19:03 | INFO | Detected 4 blocks
2026-06-30 22:19:03 | INFO | Generating fingerprints for template discovery...
2026-06-30 22:19:03 | INFO | Removed 3 elements: overlay, popup
📐 Detecting header/footer for this page...
2026-06-30 22:19:03 | INFO | Template - Reused saved footer selector on current page
2026-06-30 22:19:03 | INFO | Header: complex complexity, 3 features
2026-06-30 22:19:03 | INFO | Footer: simple complexity, 0 features
2026-06-30 22:19:03 | INFO | Phase 2: Identifying main content area...
2026-06-30 22:19:03 | INFO | Main content: #main-content
2026-06-30 22:19:03 | INFO | Phase 3: Detecting blocks...
2026-06-30 22:19:03 | WARNING | Blocks - 75% of blocks are unknown - site uses non-EDS patterns
2026-06-30 22:19:03 | INFO | Phase 4: Capturing block screenshots...
2026-06-30 22:19:04 | INFO |    Top-section: 5 rows via title+container
2026-06-30 22:19:04 | INFO |    Body start: y=125 (start row 5 via below-title+container)
2026-06-30 22:19:04 | INFO | URL Pattern: /acesso-a-informacao/dados-abertos
2026-06-30 22:19:04 | INFO | Page catalog complete: /workspace/catalog/.pages/araucarianitrogenados_com_br_acesso-a-informacao_dados-abertos--45083830/page-catalog.json
2026-06-30 22:19:04 | INFO | SUCCESS: https://araucarianitrogenados.com.br/acesso-a-informacao/dados-abertos
2026-06-30 22:19:04 | INFO | Captured 8 block screenshots
2026-06-30 22:19:04 | INFO | Detected 8 blocks
2026-06-30 22:19:04 | INFO | Generating fingerprints for template discovery...
2026-06-30 22:19:04 | INFO |    Top-section: 5 rows via title+container
2026-06-30 22:19:04 | INFO |    Body start: y=125 (start row 5 via below-title+container)
2026-06-30 22:19:04 | INFO | URL Pattern: /acesso-a-informacao/informacoes-classificadas
2026-06-30 22:19:04 | INFO | Page catalog complete: /workspace/catalog/.pages/araucarianitrogenados_com_br_acesso-a-informacao_informacoes-classificadas--c42c5adb/page-catalog.json
2026-06-30 22:19:04 | INFO | SUCCESS: https://araucarianitrogenados.com.br/acesso-a-informacao/informacoes-classificadas
2026-06-30 22:19:04 | INFO | Removed 3 elements: overlay, popup
📐 Detecting header/footer for this page...
2026-06-30 22:19:05 | INFO | Template - Reused saved footer selector on current page
2026-06-30 22:19:05 | INFO | Header: complex complexity, 3 features
2026-06-30 22:19:05 | INFO | Footer: simple complexity, 0 features
2026-06-30 22:19:05 | INFO | Phase 2: Identifying main content area...
2026-06-30 22:19:05 | INFO | Main content: #main-content
2026-06-30 22:19:05 | INFO | Phase 3: Detecting blocks...
2026-06-30 22:19:05 | INFO | Phase 4: Capturing block screenshots...
2026-06-30 22:19:05 | INFO | [11/60] Processing: https://araucarianitrogenados.com.br/acesso-a-informacao/participacao-social
2026-06-30 22:19:05 | INFO | Generated slug: araucarianitrogenados_com_br_acesso-a-informacao_participacao-social--54dd9bb8
2026-06-30 22:19:05 | INFO | Starting analysis: https://araucarianitrogenados.com.br/acesso-a-informacao/participacao-social -> /workspace/catalog/.pages/araucarianitrogenados_com_br_acesso-a-informacao_participacao-social--54dd9bb8
2026-06-30 22:19:05 | INFO | Loading: https://araucarianitrogenados.com.br/acesso-a-informacao/participacao-social
2026-06-30 22:19:05 | INFO | Captured 2 block screenshots
2026-06-30 22:19:05 | INFO | Detected 2 blocks
2026-06-30 22:19:05 | INFO | Generating fingerprints for template discovery...
2026-06-30 22:19:05 | INFO |    Top-section: 7 rows via title+container
2026-06-30 22:19:05 | INFO |    Body start: y=175 (start row 7 via below-title+container)
2026-06-30 22:19:05 | INFO | URL Pattern: /acesso-a-informacao/empregados-publicos
2026-06-30 22:19:05 | INFO | Page catalog complete: /workspace/catalog/.pages/araucarianitrogenados_com_br_acesso-a-informacao_empregados-publicos--f00e249d/page-catalog.json
2026-06-30 22:19:05 | INFO | SUCCESS: https://araucarianitrogenados.com.br/acesso-a-informacao/empregados-publicos
2026-06-30 22:19:06 | INFO | [12/60] Processing: https://araucarianitrogenados.com.br/acesso-a-informacao/perguntas-frequentes
2026-06-30 22:19:06 | INFO | Generated slug: araucarianitrogenados_com_br_acesso-a-informacao_perguntas-frequentes--be41bfb1
2026-06-30 22:19:06 | INFO | Starting analysis: https://araucarianitrogenados.com.br/acesso-a-informacao/perguntas-frequentes -> /workspace/catalog/.pages/araucarianitrogenados_com_br_acesso-a-informacao_perguntas-frequentes--be41bfb1
2026-06-30 22:19:06 | INFO | Loading: https://araucarianitrogenados.com.br/acesso-a-informacao/perguntas-frequentes
2026-06-30 22:19:07 | INFO |    Top-section: 13 rows via title
2026-06-30 22:19:07 | INFO |    Body start: y=325 (start row 13 via below-title)
2026-06-30 22:19:07 | INFO | URL Pattern: /acesso-a-informacao/institucional
2026-06-30 22:19:07 | INFO | Page catalog complete: /workspace/catalog/.pages/araucarianitrogenados_com_br_acesso-a-informacao_institucional--a8690fa6/page-catalog.json
2026-06-30 22:19:07 | INFO | SUCCESS: https://araucarianitrogenados.com.br/acesso-a-informacao/institucional
2026-06-30 22:19:07 | INFO | [13/60] Processing: https://araucarianitrogenados.com.br/acesso-a-informacao/receitas-e-despesas
2026-06-30 22:19:07 | INFO | Generated slug: araucarianitrogenados_com_br_acesso-a-informacao_receitas-e-despesas--fe66acb4
2026-06-30 22:19:07 | INFO | Starting analysis: https://araucarianitrogenados.com.br/acesso-a-informacao/receitas-e-despesas -> /workspace/catalog/.pages/araucarianitrogenados_com_br_acesso-a-informacao_receitas-e-despesas--fe66acb4
2026-06-30 22:19:07 | INFO | Loading: https://araucarianitrogenados.com.br/acesso-a-informacao/receitas-e-despesas
2026-06-30 22:19:08 | INFO |    Top-section: 7 rows via title+container
2026-06-30 22:19:08 | INFO |    Body start: y=175 (start row 7 via below-title+container)
2026-06-30 22:19:08 | INFO | URL Pattern: /acesso-a-informacao/licitacoes-e-contratos
2026-06-30 22:19:08 | INFO | Page catalog complete: /workspace/catalog/.pages/araucarianitrogenados_com_br_acesso-a-informacao_licitacoes-e-contratos--c12f29a5/page-catalog.json
2026-06-30 22:19:08 | INFO | SUCCESS: https://araucarianitrogenados.com.br/acesso-a-informacao/licitacoes-e-contratos
2026-06-30 22:19:08 | INFO | PROGRESS: 10/60 analyzed (17% checklist complete) | 10 ok, 0 failed, 0 skipped | ~13 min remaining
2026-06-30 22:19:08 | INFO | [14/60] Processing: https://araucarianitrogenados.com.br/acesso-a-informacao/sancoes-administrativas
2026-06-30 22:19:08 | INFO | Generated slug: araucarianitrogenados_com_br_acesso-a-informacao_sancoes-administrativas--70153e05
2026-06-30 22:19:08 | INFO | Starting analysis: https://araucarianitrogenados.com.br/acesso-a-informacao/sancoes-administrativas -> /workspace/catalog/.pages/araucarianitrogenados_com_br_acesso-a-informacao_sancoes-administrativas--70153e05
2026-06-30 22:19:08 | INFO | Loading: https://araucarianitrogenados.com.br/acesso-a-informacao/sancoes-administrativas
2026-06-30 22:19:08 | INFO | Phase 0A: Triggering lazy-loaded content...
2026-06-30 22:19:09 | INFO | [15/60] Processing: https://araucarianitrogenados.com.br/acesso-a-informacao/servico-de-informacao-ao-cidadao-sic
2026-06-30 22:19:09 | INFO | Generated slug: araucarianitrogenados_com_br_acesso-a-informacao_servico-de-informacao-ao-cidadao-sic--2bf5e9ba
2026-06-30 22:19:09 | INFO | Starting analysis: https://araucarianitrogenados.com.br/acesso-a-informacao/servico-de-informacao-ao-cidadao-sic -> /workspace/catalog/.pages/araucarianitrogenados_com_br_acesso-a-informacao_servico-de-informacao-ao-cidadao-sic--2bf5e9ba
2026-06-30 22:19:09 | INFO | Loading: https://araucarianitrogenados.com.br/acesso-a-informacao/servico-de-informacao-ao-cidadao-sic
2026-06-30 22:19:09 | INFO | Phase 0A: Triggering lazy-loaded content...
2026-06-30 22:19:10 | INFO | Lazy-load scroll complete
2026-06-30 22:19:10 | INFO | Phase 0B: Cleaning up overlays...
2026-06-30 22:19:10 | INFO | Phase 0A: Triggering lazy-loaded content...
2026-06-30 22:19:11 | INFO | Lazy-load scroll complete
2026-06-30 22:19:11 | INFO | Phase 0B: Cleaning up overlays...
2026-06-30 22:19:11 | INFO | Phase 0A: Triggering lazy-loaded content...
2026-06-30 22:19:12 | INFO | Lazy-load scroll complete
2026-06-30 22:19:12 | INFO | Phase 0B: Cleaning up overlays...
2026-06-30 22:19:12 | INFO | Phase 0A: Triggering lazy-loaded content...
2026-06-30 22:19:13 | INFO | Lazy-load scroll complete
2026-06-30 22:19:13 | INFO | Phase 0B: Cleaning up overlays...
2026-06-30 22:19:14 | INFO | Lazy-load scroll complete
2026-06-30 22:19:14 | INFO | Phase 0B: Cleaning up overlays...
2026-06-30 22:20:11 | INFO | Removed 3 elements: overlay, popup
📐 Detecting header/footer for this page...
2026-06-30 22:20:11 | INFO | Template - Reused saved footer selector on current page
2026-06-30 22:20:11 | INFO | Header: complex complexity, 3 features
2026-06-30 22:20:11 | INFO | Footer: simple complexity, 0 features
2026-06-30 22:20:11 | INFO | Phase 2: Identifying main content area...
2026-06-30 22:20:11 | INFO | Main content: #main-content
2026-06-30 22:20:11 | INFO | Phase 3: Detecting blocks...
2026-06-30 22:20:11 | INFO | Phase 4: Capturing block screenshots...
2026-06-30 22:20:12 | INFO | Removed 3 elements: overlay, popup
📐 Detecting header/footer for this page...
2026-06-30 22:20:12 | INFO | Template - Reused saved footer selector on current page
2026-06-30 22:20:12 | INFO | Header: complex complexity, 3 features
2026-06-30 22:20:12 | INFO | Footer: simple complexity, 0 features
2026-06-30 22:20:12 | INFO | Phase 2: Identifying main content area...
2026-06-30 22:20:12 | INFO | Main content: #main-content
2026-06-30 22:20:12 | INFO | Captured 2 block screenshots
2026-06-30 22:20:12 | INFO | Detected 2 blocks
2026-06-30 22:20:12 | INFO | Generating fingerprints for template discovery...
2026-06-30 22:20:12 | INFO | Phase 3: Detecting blocks...
2026-06-30 22:20:12 | WARNING | Blocks - 50% of blocks are unknown - site uses non-EDS patterns
2026-06-30 22:20:12 | INFO | Phase 4: Capturing block screenshots...
2026-06-30 22:20:13 | INFO | Captured 4 block screenshots
2026-06-30 22:20:13 | INFO | Detected 4 blocks
2026-06-30 22:20:13 | INFO | Generating fingerprints for template discovery...
2026-06-30 22:20:13 | INFO | Removed 3 elements: overlay, popup
📐 Detecting header/footer for this page...
2026-06-30 22:20:13 | INFO | Template - Reused saved footer selector on current page
2026-06-30 22:20:13 | INFO | Header: complex complexity, 3 features
2026-06-30 22:20:13 | INFO | Footer: simple complexity, 0 features
2026-06-30 22:20:13 | INFO | Phase 2: Identifying main content area...
2026-06-30 22:20:13 | INFO | Main content: #main-content
2026-06-30 22:20:13 | INFO | Phase 3: Detecting blocks...
2026-06-30 22:20:13 | INFO | Phase 4: Capturing block screenshots...
2026-06-30 22:20:14 | INFO | Captured 2 block screenshots
2026-06-30 22:20:14 | INFO | Detected 2 blocks
2026-06-30 22:20:14 | INFO | Generating fingerprints for template discovery...
2026-06-30 22:20:14 | INFO | Removed 3 elements: overlay, popup
📐 Detecting header/footer for this page...
2026-06-30 22:20:14 | INFO | Template - Reused saved footer selector on current page
2026-06-30 22:20:14 | INFO | Header: complex complexity, 3 features
2026-06-30 22:20:14 | INFO | Footer: simple complexity, 0 features
2026-06-30 22:20:14 | INFO | Phase 2: Identifying main content area...
2026-06-30 22:20:14 | INFO | Main content: #main-content
2026-06-30 22:20:14 | INFO |    Top-section: 7 rows via title+container
2026-06-30 22:20:14 | INFO |    Body start: y=175 (start row 7 via below-title+container)
2026-06-30 22:20:14 | INFO | URL Pattern: /acesso-a-informacao/participacao-social
2026-06-30 22:20:14 | INFO | Page catalog complete: /workspace/catalog/.pages/araucarianitrogenados_com_br_acesso-a-informacao_participacao-social--54dd9bb8/page-catalog.json
2026-06-30 22:20:14 | INFO | SUCCESS: https://araucarianitrogenados.com.br/acesso-a-informacao/participacao-social
2026-06-30 22:20:14 | INFO | Phase 3: Detecting blocks...
2026-06-30 22:20:14 | WARNING | Blocks - 67% of blocks are unknown - site uses non-EDS patterns
2026-06-30 22:20:14 | INFO | Phase 4: Capturing block screenshots...
2026-06-30 22:20:15 | INFO | Captured 3 block screenshots
2026-06-30 22:20:15 | INFO | Detected 3 blocks
2026-06-30 22:20:15 | INFO | Generating fingerprints for template discovery...
2026-06-30 22:20:15 | INFO |    Top-section: 5 rows via title+container
2026-06-30 22:20:15 | INFO |    Body start: y=125 (start row 5 via below-title+container)
2026-06-30 22:20:15 | INFO | URL Pattern: /acesso-a-informacao/perguntas-frequentes
2026-06-30 22:20:15 | INFO | Page catalog complete: /workspace/catalog/.pages/araucarianitrogenados_com_br_acesso-a-informacao_perguntas-frequentes--be41bfb1/page-catalog.json
2026-06-30 22:20:15 | INFO | SUCCESS: https://araucarianitrogenados.com.br/acesso-a-informacao/perguntas-frequentes
2026-06-30 22:20:15 | INFO | Removed 3 elements: overlay, popup
📐 Detecting header/footer for this page...
2026-06-30 22:20:15 | INFO | Template - Reused saved footer selector on current page
2026-06-30 22:20:15 | INFO | Header: complex complexity, 3 features
2026-06-30 22:20:15 | INFO | Footer: simple complexity, 0 features
2026-06-30 22:20:15 | INFO | Phase 2: Identifying main content area...
2026-06-30 22:20:15 | INFO | Main content: #main-content
2026-06-30 22:20:16 | INFO | Phase 3: Detecting blocks...
2026-06-30 22:20:16 | WARNING | Blocks - 71% of blocks are unknown - site uses non-EDS patterns
2026-06-30 22:20:16 | INFO | Phase 4: Capturing block screenshots...
2026-06-30 22:20:16 | INFO | [16/60] Processing: https://araucarianitrogenados.com.br/acesso-a-informacao/transparencia-e-prestacao-de-contas
2026-06-30 22:20:16 | INFO | Generated slug: araucarianitrogenados_com_br_acesso-a-informacao_transparencia-e-prestacao-de-contas--d636289a
2026-06-30 22:20:16 | INFO | Starting analysis: https://araucarianitrogenados.com.br/acesso-a-informacao/transparencia-e-prestacao-de-contas -> /workspace/catalog/.pages/araucarianitrogenados_com_br_acesso-a-informacao_transparencia-e-prestacao-de-contas--d636289a
2026-06-30 22:20:16 | INFO | Loading: https://araucarianitrogenados.com.br/acesso-a-informacao/transparencia-e-prestacao-de-contas
2026-06-30 22:20:16 | INFO |    Top-section: 7 rows via title+container
2026-06-30 22:20:16 | INFO |    Body start: y=175 (start row 7 via below-title+container)
2026-06-30 22:20:16 | INFO | URL Pattern: /acesso-a-informacao/receitas-e-despesas
2026-06-30 22:20:16 | INFO | Page catalog complete: /workspace/catalog/.pages/araucarianitrogenados_com_br_acesso-a-informacao_receitas-e-despesas--fe66acb4/page-catalog.json
2026-06-30 22:20:16 | INFO | SUCCESS: https://araucarianitrogenados.com.br/acesso-a-informacao/receitas-e-despesas
2026-06-30 22:20:17 | INFO | Captured 7 block screenshots
2026-06-30 22:20:17 | INFO | Detected 7 blocks
2026-06-30 22:20:17 | INFO | Generating fingerprints for template discovery...
2026-06-30 22:20:17 | INFO | [17/60] Processing: https://araucarianitrogenados.com.br/acesso-a-informacao/acoes-e-programas/carta-de-servicos
2026-06-30 22:20:17 | INFO | Generated slug: araucarianitrogenados_com_br_acesso-a-informacao_acoes-e-programas_carta-de-servicos--74750780
2026-06-30 22:20:17 | INFO | Starting analysis: https://araucarianitrogenados.com.br/acesso-a-informacao/acoes-e-programas/carta-de-servicos -> /workspace/catalog/.pages/araucarianitrogenados_com_br_acesso-a-informacao_acoes-e-programas_carta-de-servicos--74750780
2026-06-30 22:20:17 | INFO | Loading: https://araucarianitrogenados.com.br/acesso-a-informacao/acoes-e-programas/carta-de-servicos
2026-06-30 22:20:17 | INFO |    Top-section: 5 rows via title+container
2026-06-30 22:20:17 | INFO |    Body start: y=125 (start row 5 via below-title+container)
2026-06-30 22:20:17 | INFO | URL Pattern: /acesso-a-informacao/sancoes-administrativas
2026-06-30 22:20:17 | INFO | Page catalog complete: /workspace/catalog/.pages/araucarianitrogenados_com_br_acesso-a-informacao_sancoes-administrativas--70153e05/page-catalog.json
2026-06-30 22:20:17 | INFO | SUCCESS: https://araucarianitrogenados.com.br/acesso-a-informacao/sancoes-administrativas
2026-06-30 22:20:17 | INFO | [18/60] Processing: https://araucarianitrogenados.com.br/acesso-a-informacao/acoes-e-programas/governanca
2026-06-30 22:20:17 | INFO | Generated slug: araucarianitrogenados_com_br_acesso-a-informacao_acoes-e-programas_governanca--dd749547
2026-06-30 22:20:17 | INFO | Starting analysis: https://araucarianitrogenados.com.br/acesso-a-informacao/acoes-e-programas/governanca -> /workspace/catalog/.pages/araucarianitrogenados_com_br_acesso-a-informacao_acoes-e-programas_governanca--dd749547
2026-06-30 22:20:17 | INFO | Loading: https://araucarianitrogenados.com.br/acesso-a-informacao/acoes-e-programas/governanca
2026-06-30 22:20:19 | INFO |    Top-section: 5 rows via title+container
2026-06-30 22:20:19 | INFO |    Body start: y=125 (start row 5 via below-title+container)
2026-06-30 22:20:19 | INFO | URL Pattern: /acesso-a-informacao/servico-de-informacao-ao-cidadao-sic
2026-06-30 22:20:19 | INFO | Page catalog complete: /workspace/catalog/.pages/araucarianitrogenados_com_br_acesso-a-informacao_servico-de-informacao-ao-cidadao-sic--2bf5e9ba/page-catalog.json
2026-06-30 22:20:19 | INFO | SUCCESS: https://araucarianitrogenados.com.br/acesso-a-informacao/servico-de-informacao-ao-cidadao-sic
2026-06-30 22:20:19 | INFO | PROGRESS: 15/60 analyzed (25% checklist complete) | 15 ok, 0 failed, 0 skipped | ~11 min remaining
2026-06-30 22:20:19 | INFO | [19/60] Processing: https://araucarianitrogenados.com.br/acesso-a-informacao/acoes-e-programas/programas-finalisticos
2026-06-30 22:20:19 | INFO | Generated slug: araucarianitrogenados_com_br_acesso-a-informacao_acoes-e-programas_programas-finalisticos--91eea552
2026-06-30 22:20:19 | INFO | Starting analysis: https://araucarianitrogenados.com.br/acesso-a-informacao/acoes-e-programas/programas-finalisticos -> /workspace/catalog/.pages/araucarianitrogenados_com_br_acesso-a-informacao_acoes-e-programas_programas-finalisticos--91eea552
2026-06-30 22:20:19 | INFO | Loading: https://araucarianitrogenados.com.br/acesso-a-informacao/acoes-e-programas/programas-finalisticos
2026-06-30 22:20:19 | INFO | Phase 0A: Triggering lazy-loaded content...
2026-06-30 22:20:20 | INFO | Phase 0A: Triggering lazy-loaded content...
2026-06-30 22:20:20 | INFO | [20/60] Processing: https://araucarianitrogenados.com.br/acesso-a-informacao/acoes-e-programas/recursos-financeiros-renuncia-de-receitas
2026-06-30 22:20:20 | INFO | Generated slug: araucarianitrogenados_com_br_acesso-a-informacao_acoes-e-programas_recursos-financeiros-renuncia-de-receitas--63c47957
2026-06-30 22:20:20 | INFO | Starting analysis: https://araucarianitrogenados.com.br/acesso-a-informacao/acoes-e-programas/recursos-financeiros-renuncia-de-receitas -> /workspace/catalog/.pages/araucarianitrogenados_com_br_acesso-a-informacao_acoes-e-programas_recursos-financeiros-renuncia-de-receitas--63c47957
2026-06-30 22:20:20 | INFO | Loading: https://araucarianitrogenados.com.br/acesso-a-informacao/acoes-e-programas/recursos-financeiros-renuncia-de-receitas
2026-06-30 22:20:21 | INFO | Lazy-load scroll complete
2026-06-30 22:20:21 | INFO | Phase 0B: Cleaning up overlays...
2026-06-30 22:20:21 | INFO | Phase 0A: Triggering lazy-loaded content...
2026-06-30 22:20:21 | INFO | Lazy-load scroll complete
2026-06-30 22:20:21 | INFO | Phase 0B: Cleaning up overlays...
2026-06-30 22:20:22 | INFO | Lazy-load scroll complete
2026-06-30 22:20:22 | INFO | Phase 0B: Cleaning up overlays...
2026-06-30 22:20:22 | INFO | Phase 0A: Triggering lazy-loaded content...
2026-06-30 22:20:24 | INFO | Phase 0A: Triggering lazy-loaded content...
2026-06-30 22:20:24 | INFO | Lazy-load scroll complete
2026-06-30 22:20:24 | INFO | Phase 0B: Cleaning up overlays...
2026-06-30 22:20:25 | INFO | Lazy-load scroll complete
2026-06-30 22:20:25 | INFO | Phase 0B: Cleaning up overlays...
2026-06-30 22:21:22 | INFO | Removed 3 elements: overlay, popup
📐 Detecting header/footer for this page...
2026-06-30 22:21:22 | INFO | Template - Reused saved footer selector on current page
2026-06-30 22:21:22 | INFO | Header: complex complexity, 3 features
2026-06-30 22:21:22 | INFO | Footer: simple complexity, 0 features
2026-06-30 22:21:22 | INFO | Phase 2: Identifying main content area...
2026-06-30 22:21:22 | INFO | Main content: #main-content
2026-06-30 22:21:22 | INFO | Phase 3: Detecting blocks...
2026-06-30 22:21:22 | INFO | Phase 4: Capturing block screenshots...
2026-06-30 22:21:23 | INFO | Removed 3 elements: overlay, popup
📐 Detecting header/footer for this page...
2026-06-30 22:21:23 | INFO | Template - Reused saved footer selector on current page
2026-06-30 22:21:23 | INFO | Header: complex complexity, 3 features
2026-06-30 22:21:23 | INFO | Footer: simple complexity, 0 features
2026-06-30 22:21:23 | INFO | Phase 2: Identifying main content area...
2026-06-30 22:21:23 | INFO | Main content: #main-content
2026-06-30 22:21:23 | INFO | Phase 3: Detecting blocks...
2026-06-30 22:21:23 | INFO | Phase 4: Capturing block screenshots...
2026-06-30 22:21:23 | INFO | Captured 3 block screenshots
2026-06-30 22:21:23 | INFO | Detected 3 blocks
2026-06-30 22:21:23 | INFO | Generating fingerprints for template discovery...
2026-06-30 22:21:23 | INFO | Removed 3 elements: overlay, popup
📐 Detecting header/footer for this page...
2026-06-30 22:21:23 | INFO | Template - Reused saved footer selector on current page
2026-06-30 22:21:23 | INFO | Header: complex complexity, 3 features
2026-06-30 22:21:23 | INFO | Footer: simple complexity, 0 features
2026-06-30 22:21:23 | INFO | Phase 2: Identifying main content area...
2026-06-30 22:21:24 | INFO | Main content: #main-content
2026-06-30 22:21:24 | INFO | Captured 2 block screenshots
2026-06-30 22:21:24 | INFO | Detected 2 blocks
2026-06-30 22:21:24 | INFO | Generating fingerprints for template discovery...
2026-06-30 22:21:24 | INFO | Phase 3: Detecting blocks...
2026-06-30 22:21:24 | INFO | Phase 4: Capturing block screenshots...
2026-06-30 22:21:24 | INFO | Captured 2 block screenshots
2026-06-30 22:21:24 | INFO | Detected 2 blocks
2026-06-30 22:21:24 | INFO | Generating fingerprints for template discovery...
2026-06-30 22:21:25 | INFO | Removed 3 elements: overlay, popup
📐 Detecting header/footer for this page...
2026-06-30 22:21:25 | INFO | Template - Reused saved footer selector on current page
2026-06-30 22:21:25 | INFO | Header: complex complexity, 3 features
2026-06-30 22:21:25 | INFO | Footer: simple complexity, 0 features
2026-06-30 22:21:25 | INFO | Phase 2: Identifying main content area...
2026-06-30 22:21:25 | INFO | Main content: #main-content
2026-06-30 22:21:25 | INFO | Phase 3: Detecting blocks...
2026-06-30 22:21:25 | INFO | Phase 4: Capturing block screenshots...
2026-06-30 22:21:25 | INFO |    Top-section: 7 rows via title+container
2026-06-30 22:21:25 | INFO |    Body start: y=175 (start row 7 via below-title+container)
2026-06-30 22:21:25 | INFO | URL Pattern: /acesso-a-informacao/transparencia-e-prestacao-de-contas
2026-06-30 22:21:25 | INFO | Page catalog complete: /workspace/catalog/.pages/araucarianitrogenados_com_br_acesso-a-informacao_transparencia-e-prestacao-de-contas--d636289a/page-catalog.json
2026-06-30 22:21:25 | INFO | SUCCESS: https://araucarianitrogenados.com.br/acesso-a-informacao/transparencia-e-prestacao-de-contas
2026-06-30 22:21:26 | INFO | Captured 2 block screenshots
2026-06-30 22:21:26 | INFO | Detected 2 blocks
2026-06-30 22:21:26 | INFO | Generating fingerprints for template discovery...
2026-06-30 22:21:26 | INFO |    Top-section: 7 rows via title+container
2026-06-30 22:21:26 | INFO |    Body start: y=175 (start row 7 via below-title+container)
2026-06-30 22:21:26 | INFO | URL Pattern: /acesso-a-informacao/acoes-e-programas/carta-de-servicos
2026-06-30 22:21:26 | INFO | Page catalog complete: /workspace/catalog/.pages/araucarianitrogenados_com_br_acesso-a-informacao_acoes-e-programas_carta-de-servicos--74750780/page-catalog.json
2026-06-30 22:21:26 | INFO | SUCCESS: https://araucarianitrogenados.com.br/acesso-a-informacao/acoes-e-programas/carta-de-servicos
2026-06-30 22:21:26 | INFO | Removed 3 elements: overlay, popup
📐 Detecting header/footer for this page...
2026-06-30 22:21:26 | INFO | Template - Reused saved footer selector on current page
2026-06-30 22:21:26 | INFO | Header: complex complexity, 3 features
2026-06-30 22:21:26 | INFO | Footer: simple complexity, 0 features
2026-06-30 22:21:26 | INFO | Phase 2: Identifying main content area...
2026-06-30 22:21:26 | INFO | Main content: #main-content
2026-06-30 22:21:27 | INFO | Phase 3: Detecting blocks...
2026-06-30 22:21:27 | INFO |    Top-section: 7 rows via title+container
2026-06-30 22:21:27 | INFO |    Body start: y=175 (start row 7 via below-title+container)
2026-06-30 22:21:27 | INFO | URL Pattern: /acesso-a-informacao/acoes-e-programas/governanca
2026-06-30 22:21:27 | INFO | Page catalog complete: /workspace/catalog/.pages/araucarianitrogenados_com_br_acesso-a-informacao_acoes-e-programas_governanca--dd749547/page-catalog.json
2026-06-30 22:21:27 | INFO | Phase 4: Capturing block screenshots...
2026-06-30 22:21:27 | INFO | SUCCESS: https://araucarianitrogenados.com.br/acesso-a-informacao/acoes-e-programas/governanca
2026-06-30 22:21:27 | INFO | [21/60] Processing: https://araucarianitrogenados.com.br/acesso-a-informacao/auditorias/acoes-de-supervisao-controle-e-correicao
2026-06-30 22:21:27 | INFO | Generated slug: araucarianitrogenados_com_br_acesso-a-informacao_auditorias_acoes-de-supervisao-controle-e-correicao--f0beb852
2026-06-30 22:21:27 | INFO | Starting analysis: https://araucarianitrogenados.com.br/acesso-a-informacao/auditorias/acoes-de-supervisao-controle-e-correicao -> /workspace/catalog/.pages/araucarianitrogenados_com_br_acesso-a-informacao_auditorias_acoes-de-supervisao-controle-e-correicao--f0beb852
2026-06-30 22:21:27 | INFO | Loading: https://araucarianitrogenados.com.br/acesso-a-informacao/auditorias/acoes-de-supervisao-controle-e-correicao
2026-06-30 22:21:27 | INFO | Captured 2 block screenshots
2026-06-30 22:21:27 | INFO | Detected 2 blocks
2026-06-30 22:21:27 | INFO | Generating fingerprints for template discovery...
2026-06-30 22:21:27 | INFO | [22/60] Processing: https://araucarianitrogenados.com.br/acesso-a-informacao/auditorias/demonstracoes-financeiras
2026-06-30 22:21:27 | INFO | Generated slug: araucarianitrogenados_com_br_acesso-a-informacao_auditorias_demonstracoes-financeiras--fb12725c
2026-06-30 22:21:27 | INFO | Starting analysis: https://araucarianitrogenados.com.br/acesso-a-informacao/auditorias/demonstracoes-financeiras -> /workspace/catalog/.pages/araucarianitrogenados_com_br_acesso-a-informacao_auditorias_demonstracoes-financeiras--fb12725c
2026-06-30 22:21:27 | INFO | Loading: https://araucarianitrogenados.com.br/acesso-a-informacao/auditorias/demonstracoes-financeiras
2026-06-30 22:21:28 | INFO |    Top-section: 7 rows via title+container
2026-06-30 22:21:28 | INFO |    Body start: y=175 (start row 7 via below-title+container)
2026-06-30 22:21:28 | INFO | URL Pattern: /acesso-a-informacao/acoes-e-programas/programas-finalisticos
2026-06-30 22:21:28 | INFO | Page catalog complete: /workspace/catalog/.pages/araucarianitrogenados_com_br_acesso-a-informacao_acoes-e-programas_programas-finalisticos--91eea552/page-catalog.json
2026-06-30 22:21:28 | INFO | SUCCESS: https://araucarianitrogenados.com.br/acesso-a-informacao/acoes-e-programas/programas-finalisticos
2026-06-30 22:21:28 | INFO | [23/60] Processing: https://araucarianitrogenados.com.br/acesso-a-informacao/auditorias/prestacao-de-contas
2026-06-30 22:21:28 | INFO | Generated slug: araucarianitrogenados_com_br_acesso-a-informacao_auditorias_prestacao-de-contas--6e36bb34
2026-06-30 22:21:28 | INFO | Starting analysis: https://araucarianitrogenados.com.br/acesso-a-informacao/auditorias/prestacao-de-contas -> /workspace/catalog/.pages/araucarianitrogenados_com_br_acesso-a-informacao_auditorias_prestacao-de-contas--6e36bb34
2026-06-30 22:21:28 | INFO | Loading: https://araucarianitrogenados.com.br/acesso-a-informacao/auditorias/prestacao-de-contas
2026-06-30 22:21:29 | INFO |    Top-section: 6 rows via title+container
2026-06-30 22:21:29 | INFO |    Body start: y=150 (start row 6 via below-title+container)
2026-06-30 22:21:29 | INFO | URL Pattern: /acesso-a-informacao/acoes-e-programas/recursos-financeiros-renuncia-de-receitas
2026-06-30 22:21:29 | INFO | Page catalog complete: /workspace/catalog/.pages/araucarianitrogenados_com_br_acesso-a-informacao_acoes-e-programas_recursos-financeiros-renuncia-de-receitas--63c47957/page-catalog.json
2026-06-30 22:21:29 | INFO | SUCCESS: https://araucarianitrogenados.com.br/acesso-a-informacao/acoes-e-programas/recursos-financeiros-renuncia-de-receitas
2026-06-30 22:21:29 | INFO | PROGRESS: 20/60 analyzed (33% checklist complete) | 20 ok, 0 failed, 0 skipped | ~10 min remaining
2026-06-30 22:21:30 | INFO | [24/60] Processing: https://araucarianitrogenados.com.br/acesso-a-informacao/auditorias/relatorios-da-cgu
2026-06-30 22:21:30 | INFO | Generated slug: araucarianitrogenados_com_br_acesso-a-informacao_auditorias_relatorios-da-cgu--5d62c54a
2026-06-30 22:21:30 | INFO | Starting analysis: https://araucarianitrogenados.com.br/acesso-a-informacao/auditorias/relatorios-da-cgu -> /workspace/catalog/.pages/araucarianitrogenados_com_br_acesso-a-informacao_auditorias_relatorios-da-cgu--5d62c54a
2026-06-30 22:21:30 | INFO | Loading: https://araucarianitrogenados.com.br/acesso-a-informacao/auditorias/relatorios-da-cgu
2026-06-30 22:21:30 | INFO | Phase 0A: Triggering lazy-loaded content...
2026-06-30 22:21:31 | INFO | Phase 0A: Triggering lazy-loaded content...
2026-06-30 22:21:31 | INFO | [25/60] Processing: https://araucarianitrogenados.com.br/acesso-a-informacao/institucional/agenda-de-autoridades
2026-06-30 22:21:31 | INFO | Generated slug: araucarianitrogenados_com_br_acesso-a-informacao_institucional_agenda-de-autoridades--8f092a9e
2026-06-30 22:21:31 | INFO | Starting analysis: https://araucarianitrogenados.com.br/acesso-a-informacao/institucional/agenda-de-autoridades -> /workspace/catalog/.pages/araucarianitrogenados_com_br_acesso-a-informacao_institucional_agenda-de-autoridades--8f092a9e
2026-06-30 22:21:31 | INFO | Loading: https://araucarianitrogenados.com.br/acesso-a-informacao/institucional/agenda-de-autoridades
2026-06-30 22:21:31 | INFO | Phase 0A: Triggering lazy-loaded content...
2026-06-30 22:21:32 | INFO | Lazy-load scroll complete
2026-06-30 22:21:32 | INFO | Phase 0B: Cleaning up overlays...
2026-06-30 22:21:32 | INFO | Lazy-load scroll complete
2026-06-30 22:21:32 | INFO | Phase 0B: Cleaning up overlays...
2026-06-30 22:21:33 | INFO | Lazy-load scroll complete
2026-06-30 22:21:33 | INFO | Phase 0B: Cleaning up overlays...
2026-06-30 22:21:33 | INFO | Phase 0A: Triggering lazy-loaded content...
2026-06-30 22:21:34 | INFO | Lazy-load scroll complete
2026-06-30 22:21:34 | INFO | Phase 0B: Cleaning up overlays...
2026-06-30 22:21:34 | INFO | Phase 0A: Triggering lazy-loaded content...
2026-06-30 22:21:36 | INFO | Lazy-load scroll complete
2026-06-30 22:21:36 | INFO | Phase 0B: Cleaning up overlays...
2026-06-30 22:22:33 | INFO | Removed 3 elements: overlay, popup
📐 Detecting header/footer for this page...
2026-06-30 22:22:33 | INFO | Template - Reused saved footer selector on current page
2026-06-30 22:22:33 | INFO | Header: complex complexity, 3 features
2026-06-30 22:22:33 | INFO | Footer: simple complexity, 0 features
2026-06-30 22:22:33 | INFO | Phase 2: Identifying main content area...
2026-06-30 22:22:33 | INFO | Main content: #main-content
2026-06-30 22:22:33 | INFO | Phase 3: Detecting blocks...
2026-06-30 22:22:33 | WARNING | Blocks - 50% of blocks are unknown - site uses non-EDS patterns
2026-06-30 22:22:33 | INFO | Phase 4: Capturing block screenshots...
2026-06-30 22:22:33 | INFO | Removed 3 elements: overlay, popup
📐 Detecting header/footer for this page...
2026-06-30 22:22:33 | INFO | Template - Reused saved footer selector on current page
2026-06-30 22:22:33 | INFO | Header: complex complexity, 3 features
2026-06-30 22:22:33 | INFO | Footer: simple complexity, 0 features
2026-06-30 22:22:33 | INFO | Phase 2: Identifying main content area...
2026-06-30 22:22:33 | INFO | Main content: #main-content
2026-06-30 22:22:34 | INFO | Phase 3: Detecting blocks...
2026-06-30 22:22:34 | WARNING | Blocks - 50% of blocks are unknown - site uses non-EDS patterns
2026-06-30 22:22:34 | INFO | Phase 4: Capturing block screenshots...
2026-06-30 22:22:34 | INFO | Captured 2 block screenshots
2026-06-30 22:22:34 | INFO | Detected 2 blocks
2026-06-30 22:22:34 | INFO | Generating fingerprints for template discovery...
2026-06-30 22:22:34 | INFO | Removed 3 elements: overlay, popup
📐 Detecting header/footer for this page...
2026-06-30 22:22:34 | INFO | Template - Reused saved footer selector on current page
2026-06-30 22:22:34 | INFO | Header: complex complexity, 3 features
2026-06-30 22:22:34 | INFO | Footer: simple complexity, 0 features
2026-06-30 22:22:34 | INFO | Phase 2: Identifying main content area...
2026-06-30 22:22:34 | INFO | Main content: #main-content
2026-06-30 22:22:34 | INFO | Captured 2 block screenshots
2026-06-30 22:22:34 | INFO | Detected 2 blocks
2026-06-30 22:22:34 | INFO | Generating fingerprints for template discovery...
2026-06-30 22:22:34 | INFO | Phase 3: Detecting blocks...
2026-06-30 22:22:34 | INFO | Phase 4: Capturing block screenshots...
2026-06-30 22:22:35 | INFO | Captured 2 block screenshots
2026-06-30 22:22:35 | INFO | Detected 2 blocks
2026-06-30 22:22:35 | INFO | Generating fingerprints for template discovery...
2026-06-30 22:22:36 | INFO | Removed 3 elements: overlay, popup
📐 Detecting header/footer for this page...
2026-06-30 22:22:36 | INFO | Template - Reused saved footer selector on current page
2026-06-30 22:22:36 | INFO | Header: complex complexity, 3 features
2026-06-30 22:22:36 | INFO | Footer: simple complexity, 0 features
2026-06-30 22:22:36 | INFO | Phase 2: Identifying main content area...
2026-06-30 22:22:36 | INFO | Main content: #main-content
2026-06-30 22:22:36 | INFO | Phase 3: Detecting blocks...
2026-06-30 22:22:36 | WARNING | Blocks - 50% of blocks are unknown - site uses non-EDS patterns
2026-06-30 22:22:36 | INFO | Phase 4: Capturing block screenshots...
2026-06-30 22:22:36 | INFO |    Top-section: 7 rows via title+container
2026-06-30 22:22:36 | INFO |    Body start: y=175 (start row 7 via below-title+container)
2026-06-30 22:22:36 | INFO | URL Pattern: /acesso-a-informacao/auditorias/acoes-de-supervisao-controle-e-correicao
2026-06-30 22:22:36 | INFO | Page catalog complete: /workspace/catalog/.pages/araucarianitrogenados_com_br_acesso-a-informacao_auditorias_acoes-de-supervisao-controle-e-correicao--f0beb852/page-catalog.json
2026-06-30 22:22:36 | INFO | SUCCESS: https://araucarianitrogenados.com.br/acesso-a-informacao/auditorias/acoes-de-supervisao-controle-e-correicao
2026-06-30 22:22:36 | INFO | Captured 2 block screenshots
2026-06-30 22:22:36 | INFO | Detected 2 blocks
2026-06-30 22:22:36 | INFO | Generating fingerprints for template discovery...
2026-06-30 22:22:36 | INFO |    Top-section: 7 rows via title+container
2026-06-30 22:22:36 | INFO |    Body start: y=175 (start row 7 via below-title+container)
2026-06-30 22:22:36 | INFO | URL Pattern: /acesso-a-informacao/auditorias/demonstracoes-financeiras
2026-06-30 22:22:36 | INFO | Page catalog complete: /workspace/catalog/.pages/araucarianitrogenados_com_br_acesso-a-informacao_auditorias_demonstracoes-financeiras--fb12725c/page-catalog.json
2026-06-30 22:22:36 | INFO | SUCCESS: https://araucarianitrogenados.com.br/acesso-a-informacao/auditorias/demonstracoes-financeiras
2026-06-30 22:22:37 | INFO |    Top-section: 7 rows via title+container
2026-06-30 22:22:37 | INFO |    Body start: y=175 (start row 7 via below-title+container)
2026-06-30 22:22:37 | INFO | URL Pattern: /acesso-a-informacao/auditorias/prestacao-de-contas
2026-06-30 22:22:37 | INFO | Page catalog complete: /workspace/catalog/.pages/araucarianitrogenados_com_br_acesso-a-informacao_auditorias_prestacao-de-contas--6e36bb34/page-catalog.json
2026-06-30 22:22:37 | INFO | SUCCESS: https://araucarianitrogenados.com.br/acesso-a-informacao/auditorias/prestacao-de-contas
2026-06-30 22:22:37 | INFO | Removed 3 elements: overlay, popup
📐 Detecting header/footer for this page...
2026-06-30 22:22:37 | INFO | Template - Reused saved footer selector on current page
2026-06-30 22:22:37 | INFO | Header: complex complexity, 3 features
2026-06-30 22:22:37 | INFO | Footer: simple complexity, 0 features
2026-06-30 22:22:37 | INFO | Phase 2: Identifying main content area...
2026-06-30 22:22:37 | INFO | Main content: #main-content
2026-06-30 22:22:37 | INFO | [26/60] Processing: https://araucarianitrogenados.com.br/acesso-a-informacao/institucional/atas
2026-06-30 22:22:37 | INFO | Generated slug: araucarianitrogenados_com_br_acesso-a-informacao_institucional_atas--43dce29a
2026-06-30 22:22:37 | INFO | Starting analysis: https://araucarianitrogenados.com.br/acesso-a-informacao/institucional/atas -> /workspace/catalog/.pages/araucarianitrogenados_com_br_acesso-a-informacao_institucional_atas--43dce29a
2026-06-30 22:22:37 | INFO | Loading: https://araucarianitrogenados.com.br/acesso-a-informacao/institucional/atas
2026-06-30 22:22:38 | INFO | Phase 3: Detecting blocks...
2026-06-30 22:22:38 | INFO | Phase 4: Capturing block screenshots...
2026-06-30 22:22:38 | INFO | [27/60] Processing: https://araucarianitrogenados.com.br/acesso-a-informacao/institucional/atos-normativos
2026-06-30 22:22:38 | INFO | Generated slug: araucarianitrogenados_com_br_acesso-a-informacao_institucional_atos-normativos--9f609fd5
2026-06-30 22:22:38 | INFO | Starting analysis: https://araucarianitrogenados.com.br/acesso-a-informacao/institucional/atos-normativos -> /workspace/catalog/.pages/araucarianitrogenados_com_br_acesso-a-informacao_institucional_atos-normativos--9f609fd5
2026-06-30 22:22:38 | INFO | Loading: https://araucarianitrogenados.com.br/acesso-a-informacao/institucional/atos-normativos
2026-06-30 22:22:38 | INFO | Captured 4 block screenshots
2026-06-30 22:22:38 | INFO | Detected 4 blocks
2026-06-30 22:22:38 | INFO | Generating fingerprints for template discovery...
2026-06-30 22:22:39 | INFO |    Top-section: 5 rows via title+container
2026-06-30 22:22:39 | INFO |    Body start: y=125 (start row 5 via below-title+container)
2026-06-30 22:22:39 | INFO | URL Pattern: /acesso-a-informacao/auditorias/relatorios-da-cgu
2026-06-30 22:22:39 | INFO | Page catalog complete: /workspace/catalog/.pages/araucarianitrogenados_com_br_acesso-a-informacao_auditorias_relatorios-da-cgu--5d62c54a/page-catalog.json
2026-06-30 22:22:39 | INFO | SUCCESS: https://araucarianitrogenados.com.br/acesso-a-informacao/auditorias/relatorios-da-cgu
2026-06-30 22:22:39 | INFO | [28/60] Processing: https://araucarianitrogenados.com.br/acesso-a-informacao/institucional/horario-de-atendimento
2026-06-30 22:22:39 | INFO | Generated slug: araucarianitrogenados_com_br_acesso-a-informacao_institucional_horario-de-atendimento--c7a1dc41
2026-06-30 22:22:39 | INFO | Starting analysis: https://araucarianitrogenados.com.br/acesso-a-informacao/institucional/horario-de-atendimento -> /workspace/catalog/.pages/araucarianitrogenados_com_br_acesso-a-informacao_institucional_horario-de-atendimento--c7a1dc41
2026-06-30 22:22:39 | INFO | Loading: https://araucarianitrogenados.com.br/acesso-a-informacao/institucional/horario-de-atendimento
2026-06-30 22:22:40 | INFO | [29/60] Processing: https://araucarianitrogenados.com.br/acesso-a-informacao/institucional/hospitalidades
2026-06-30 22:22:40 | INFO | Generated slug: araucarianitrogenados_com_br_acesso-a-informacao_institucional_hospitalidades--129ed09e
2026-06-30 22:22:40 | INFO | Starting analysis: https://araucarianitrogenados.com.br/acesso-a-informacao/institucional/hospitalidades -> /workspace/catalog/.pages/araucarianitrogenados_com_br_acesso-a-informacao_institucional_hospitalidades--129ed09e
2026-06-30 22:22:40 | INFO | Loading: https://araucarianitrogenados.com.br/acesso-a-informacao/institucional/hospitalidades
2026-06-30 22:22:41 | INFO | Phase 0A: Triggering lazy-loaded content...
2026-06-30 22:22:41 | INFO |    Top-section: 7 rows via title+container
2026-06-30 22:22:41 | INFO |    Body start: y=175 (start row 7 via below-title+container)
2026-06-30 22:22:41 | INFO | URL Pattern: /acesso-a-informacao/institucional/agenda-de-autoridades
2026-06-30 22:22:41 | INFO | Page catalog complete: /workspace/catalog/.pages/araucarianitrogenados_com_br_acesso-a-informacao_institucional_agenda-de-autoridades--8f092a9e/page-catalog.json
2026-06-30 22:22:41 | INFO | SUCCESS: https://araucarianitrogenados.com.br/acesso-a-informacao/institucional/agenda-de-autoridades
2026-06-30 22:22:41 | INFO | PROGRESS: 25/60 analyzed (42% checklist complete) | 25 ok, 0 failed, 0 skipped | ~9 min remaining
2026-06-30 22:22:41 | INFO | Phase 0A: Triggering lazy-loaded content...
2026-06-30 22:22:42 | INFO | Phase 0A: Triggering lazy-loaded content...
2026-06-30 22:22:42 | INFO | Lazy-load scroll complete
2026-06-30 22:22:42 | INFO | Phase 0B: Cleaning up overlays...
2026-06-30 22:22:42 | INFO | [30/60] Processing: https://araucarianitrogenados.com.br/acesso-a-informacao/institucional/presentes
2026-06-30 22:22:42 | INFO | Generated slug: araucarianitrogenados_com_br_acesso-a-informacao_institucional_presentes--aaa9e333
2026-06-30 22:22:42 | INFO | Starting analysis: https://araucarianitrogenados.com.br/acesso-a-informacao/institucional/presentes -> /workspace/catalog/.pages/araucarianitrogenados_com_br_acesso-a-informacao_institucional_presentes--aaa9e333
2026-06-30 22:22:42 | INFO | Loading: https://araucarianitrogenados.com.br/acesso-a-informacao/institucional/presentes
2026-06-30 22:22:43 | INFO | Lazy-load scroll complete
2026-06-30 22:22:43 | INFO | Phase 0B: Cleaning up overlays...
2026-06-30 22:22:43 | INFO | Lazy-load scroll complete
2026-06-30 22:22:43 | INFO | Phase 0B: Cleaning up overlays...
2026-06-30 22:22:43 | INFO | Phase 0A: Triggering lazy-loaded content...
2026-06-30 22:22:45 | INFO | Lazy-load scroll complete
2026-06-30 22:22:45 | INFO | Phase 0B: Cleaning up overlays...
2026-06-30 22:22:46 | INFO | Phase 0A: Triggering lazy-loaded content...
2026-06-30 22:22:47 | INFO | Lazy-load scroll complete
2026-06-30 22:22:47 | INFO | Phase 0B: Cleaning up overlays...
2026-06-30 22:23:43 | INFO | Removed 3 elements: overlay, popup
📐 Detecting header/footer for this page...
2026-06-30 22:23:44 | INFO | Template - Reused saved footer selector on current page
2026-06-30 22:23:44 | INFO | Header: complex complexity, 3 features
2026-06-30 22:23:44 | INFO | Footer: simple complexity, 0 features
2026-06-30 22:23:44 | INFO | Phase 2: Identifying main content area...
2026-06-30 22:23:44 | INFO | Main content: #main-content
2026-06-30 22:23:44 | INFO | Phase 3: Detecting blocks...
2026-06-30 22:23:44 | WARNING | Blocks - 67% of blocks are unknown - site uses non-EDS patterns
2026-06-30 22:23:44 | INFO | Phase 4: Capturing block screenshots...
2026-06-30 22:23:44 | INFO | Removed 3 elements: overlay, popup
📐 Detecting header/footer for this page...
2026-06-30 22:23:44 | INFO | Template - Reused saved footer selector on current page
2026-06-30 22:23:44 | INFO | Header: complex complexity, 3 features
2026-06-30 22:23:44 | INFO | Footer: simple complexity, 0 features
2026-06-30 22:23:44 | INFO | Phase 2: Identifying main content area...
2026-06-30 22:23:44 | INFO | Main content: #main-content
2026-06-30 22:23:44 | INFO | Phase 3: Detecting blocks...
2026-06-30 22:23:44 | WARNING | Blocks - 50% of blocks are unknown - site uses non-EDS patterns
2026-06-30 22:23:44 | INFO | Phase 4: Capturing block screenshots...
2026-06-30 22:23:44 | INFO | Captured 3 block screenshots
2026-06-30 22:23:44 | INFO | Detected 3 blocks
2026-06-30 22:23:44 | INFO | Generating fingerprints for template discovery...
2026-06-30 22:23:45 | INFO | Removed 3 elements: overlay, popup
📐 Detecting header/footer for this page...
2026-06-30 22:23:45 | INFO | Template - Reused saved footer selector on current page
2026-06-30 22:23:45 | INFO | Header: complex complexity, 3 features
2026-06-30 22:23:45 | INFO | Footer: simple complexity, 0 features
2026-06-30 22:23:45 | INFO | Phase 2: Identifying main content area...
2026-06-30 22:23:45 | INFO | Main content: #main-content
2026-06-30 22:23:45 | INFO | Phase 3: Detecting blocks...
2026-06-30 22:23:45 | INFO | Phase 4: Capturing block screenshots...
2026-06-30 22:23:45 | INFO | Captured 2 block screenshots
2026-06-30 22:23:45 | INFO | Detected 2 blocks
2026-06-30 22:23:45 | INFO | Generating fingerprints for template discovery...
2026-06-30 22:23:45 | INFO | Captured 2 block screenshots
2026-06-30 22:23:45 | INFO | Detected 2 blocks
2026-06-30 22:23:45 | INFO | Generating fingerprints for template discovery...
2026-06-30 22:23:46 | INFO | Removed 3 elements: overlay, popup
📐 Detecting header/footer for this page...
2026-06-30 22:23:46 | INFO | Template - Reused saved footer selector on current page
2026-06-30 22:23:46 | INFO | Header: complex complexity, 3 features
2026-06-30 22:23:46 | INFO | Footer: simple complexity, 0 features
2026-06-30 22:23:46 | INFO | Phase 2: Identifying main content area...
2026-06-30 22:23:46 | INFO | Main content: #main-content
2026-06-30 22:23:46 | INFO | Phase 3: Detecting blocks...
2026-06-30 22:23:46 | WARNING | Blocks - 67% of blocks are unknown - site uses non-EDS patterns
2026-06-30 22:23:46 | INFO | Phase 4: Capturing block screenshots...
2026-06-30 22:23:47 | INFO |    Top-section: 7 rows via title+container
2026-06-30 22:23:47 | INFO |    Body start: y=175 (start row 7 via below-title+container)
2026-06-30 22:23:47 | INFO | URL Pattern: /acesso-a-informacao/institucional/atas
2026-06-30 22:23:47 | INFO | Page catalog complete: /workspace/catalog/.pages/araucarianitrogenados_com_br_acesso-a-informacao_institucional_atas--43dce29a/page-catalog.json
2026-06-30 22:23:47 | INFO | SUCCESS: https://araucarianitrogenados.com.br/acesso-a-informacao/institucional/atas
2026-06-30 22:23:47 | INFO | Captured 3 block screenshots
2026-06-30 22:23:47 | INFO | Detected 3 blocks
2026-06-30 22:23:47 | INFO | Generating fingerprints for template discovery...
2026-06-30 22:23:47 | INFO |    Top-section: 7 rows via title+container
2026-06-30 22:23:47 | INFO |    Body start: y=175 (start row 7 via below-title+container)
2026-06-30 22:23:47 | INFO | URL Pattern: /acesso-a-informacao/institucional/atos-normativos
2026-06-30 22:23:47 | INFO | Page catalog complete: /workspace/catalog/.pages/araucarianitrogenados_com_br_acesso-a-informacao_institucional_atos-normativos--9f609fd5/page-catalog.json
2026-06-30 22:23:47 | INFO | SUCCESS: https://araucarianitrogenados.com.br/acesso-a-informacao/institucional/atos-normativos
2026-06-30 22:23:48 | INFO |    Top-section: 7 rows via title+container
2026-06-30 22:23:48 | INFO |    Body start: y=175 (start row 7 via below-title+container)
2026-06-30 22:23:48 | INFO | URL Pattern: /acesso-a-informacao/institucional/horario-de-atendimento
2026-06-30 22:23:48 | INFO | Page catalog complete: /workspace/catalog/.pages/araucarianitrogenados_com_br_acesso-a-informacao_institucional_horario-de-atendimento--c7a1dc41/page-catalog.json
2026-06-30 22:23:48 | INFO | SUCCESS: https://araucarianitrogenados.com.br/acesso-a-informacao/institucional/horario-de-atendimento
2026-06-30 22:23:48 | INFO | [31/60] Processing: https://araucarianitrogenados.com.br/acesso-a-informacao/institucional/sobre
2026-06-30 22:23:48 | INFO | Generated slug: araucarianitrogenados_com_br_acesso-a-informacao_institucional_sobre--f4f527a9
2026-06-30 22:23:48 | INFO | Starting analysis: https://araucarianitrogenados.com.br/acesso-a-informacao/institucional/sobre -> /workspace/catalog/.pages/araucarianitrogenados_com_br_acesso-a-informacao_institucional_sobre--f4f527a9
2026-06-30 22:23:48 | INFO | Loading: https://araucarianitrogenados.com.br/acesso-a-informacao/institucional/sobre
2026-06-30 22:23:48 | INFO | Removed 3 elements: overlay, popup
📐 Detecting header/footer for this page...
2026-06-30 22:23:48 | INFO | Template - Reused saved footer selector on current page
2026-06-30 22:23:48 | INFO | Header: complex complexity, 3 features
2026-06-30 22:23:48 | INFO | Footer: simple complexity, 0 features
2026-06-30 22:23:48 | INFO | Phase 2: Identifying main content area...
2026-06-30 22:23:48 | INFO | Main content: #main-content
2026-06-30 22:23:48 | INFO | Phase 3: Detecting blocks...
2026-06-30 22:23:48 | WARNING | Blocks - 67% of blocks are unknown - site uses non-EDS patterns
2026-06-30 22:23:48 | INFO | Phase 4: Capturing block screenshots...
2026-06-30 22:23:49 | INFO | [32/60] Processing: https://araucarianitrogenados.com.br/acesso-a-informacao/licitacoes-e-contratos/aditivos
2026-06-30 22:23:49 | INFO | Generated slug: araucarianitrogenados_com_br_acesso-a-informacao_licitacoes-e-contratos_aditivos--7b119300
2026-06-30 22:23:49 | INFO | Starting analysis: https://araucarianitrogenados.com.br/acesso-a-informacao/licitacoes-e-contratos/aditivos -> /workspace/catalog/.pages/araucarianitrogenados_com_br_acesso-a-informacao_licitacoes-e-contratos_aditivos--7b119300
2026-06-30 22:23:49 | INFO | Loading: https://araucarianitrogenados.com.br/acesso-a-informacao/licitacoes-e-contratos/aditivos
2026-06-30 22:23:49 | INFO | Captured 3 block screenshots
2026-06-30 22:23:49 | INFO | Detected 3 blocks
2026-06-30 22:23:49 | INFO | Generating fingerprints for template discovery...
2026-06-30 22:23:49 | INFO | [33/60] Processing: https://araucarianitrogenados.com.br/acesso-a-informacao/licitacoes-e-contratos/contratos
2026-06-30 22:23:49 | INFO | Generated slug: araucarianitrogenados_com_br_acesso-a-informacao_licitacoes-e-contratos_contratos--a31c6613
2026-06-30 22:23:49 | INFO | Starting analysis: https://araucarianitrogenados.com.br/acesso-a-informacao/licitacoes-e-contratos/contratos -> /workspace/catalog/.pages/araucarianitrogenados_com_br_acesso-a-informacao_licitacoes-e-contratos_contratos--a31c6613
2026-06-30 22:23:49 | INFO | Loading: https://araucarianitrogenados.com.br/acesso-a-informacao/licitacoes-e-contratos/contratos
2026-06-30 22:23:49 | INFO |    Top-section: 7 rows via title+container
2026-06-30 22:23:49 | INFO |    Body start: y=175 (start row 7 via below-title+container)
2026-06-30 22:23:49 | INFO | URL Pattern: /acesso-a-informacao/institucional/hospitalidades
2026-06-30 22:23:49 | INFO | Page catalog complete: /workspace/catalog/.pages/araucarianitrogenados_com_br_acesso-a-informacao_institucional_hospitalidades--129ed09e/page-catalog.json
2026-06-30 22:23:49 | INFO | SUCCESS: https://araucarianitrogenados.com.br/acesso-a-informacao/institucional/hospitalidades
2026-06-30 22:23:51 | INFO | [34/60] Processing: https://araucarianitrogenados.com.br/acesso-a-informacao/licitacoes-e-contratos/contratos-de-transferencia-de-tecnologia
2026-06-30 22:23:51 | INFO | Generated slug: araucarianitrogenados_com_br_acesso-a-informacao_licitacoes-e-contratos_contratos-de-transferencia-de-tecnologia--41828ec6
2026-06-30 22:23:51 | INFO | Starting analysis: https://araucarianitrogenados.com.br/acesso-a-informacao/licitacoes-e-contratos/contratos-de-transferencia-de-tecnologia -> /workspace/catalog/.pages/araucarianitrogenados_com_br_acesso-a-informacao_licitacoes-e-contratos_contratos-de-transferencia-de-tecnologia--41828ec6
2026-06-30 22:23:51 | INFO | Loading: https://araucarianitrogenados.com.br/acesso-a-informacao/licitacoes-e-contratos/contratos-de-transferencia-de-tecnologia
2026-06-30 22:23:51 | INFO |    Top-section: 7 rows via title+container
2026-06-30 22:23:51 | INFO |    Body start: y=175 (start row 7 via below-title+container)
2026-06-30 22:23:51 | INFO | URL Pattern: /acesso-a-informacao/institucional/presentes
2026-06-30 22:23:51 | INFO | Page catalog complete: /workspace/catalog/.pages/araucarianitrogenados_com_br_acesso-a-informacao_institucional_presentes--aaa9e333/page-catalog.json
2026-06-30 22:23:51 | INFO | SUCCESS: https://araucarianitrogenados.com.br/acesso-a-informacao/institucional/presentes
2026-06-30 22:23:51 | INFO | PROGRESS: 30/60 analyzed (50% checklist complete) | 30 ok, 0 failed, 0 skipped | ~8 min remaining
2026-06-30 22:23:51 | INFO | Phase 0A: Triggering lazy-loaded content...
2026-06-30 22:23:52 | INFO | Phase 0A: Triggering lazy-loaded content...
2026-06-30 22:23:52 | INFO | Phase 0A: Triggering lazy-loaded content...
2026-06-30 22:23:53 | INFO | Lazy-load scroll complete
2026-06-30 22:23:53 | INFO | Phase 0B: Cleaning up overlays...
2026-06-30 22:23:53 | INFO | [35/60] Processing: https://araucarianitrogenados.com.br/acesso-a-informacao/licitacoes-e-contratos/licitacoes
2026-06-30 22:23:53 | INFO | Generated slug: araucarianitrogenados_com_br_acesso-a-informacao_licitacoes-e-contratos_licitacoes--0c47cca7
2026-06-30 22:23:53 | INFO | Starting analysis: https://araucarianitrogenados.com.br/acesso-a-informacao/licitacoes-e-contratos/licitacoes -> /workspace/catalog/.pages/araucarianitrogenados_com_br_acesso-a-informacao_licitacoes-e-contratos_licitacoes--0c47cca7
2026-06-30 22:23:53 | INFO | Loading: https://araucarianitrogenados.com.br/acesso-a-informacao/licitacoes-e-contratos/licitacoes
2026-06-30 22:23:53 | INFO | Lazy-load scroll complete
2026-06-30 22:23:53 | INFO | Phase 0B: Cleaning up overlays...
2026-06-30 22:23:54 | INFO | Lazy-load scroll complete
2026-06-30 22:23:54 | INFO | Phase 0B: Cleaning up overlays...
2026-06-30 22:23:54 | INFO | Phase 0A: Triggering lazy-loaded content...
2026-06-30 22:23:56 | INFO | Lazy-load scroll complete
2026-06-30 22:23:56 | INFO | Phase 0B: Cleaning up overlays...
2026-06-30 22:23:56 | INFO | Phase 0A: Triggering lazy-loaded content...
2026-06-30 22:23:58 | INFO | Lazy-load scroll complete
2026-06-30 22:23:58 | INFO | Phase 0B: Cleaning up overlays...
2026-06-30 22:24:25 | INFO | Removed 3 elements: overlay, popup
📐 Detecting header/footer for this page...
2026-06-30 22:24:25 | INFO | Template - Reused saved footer selector on current page
2026-06-30 22:24:25 | INFO | Header: complex complexity, 3 features
2026-06-30 22:24:25 | INFO | Footer: simple complexity, 0 features
2026-06-30 22:24:25 | INFO | Phase 2: Identifying main content area...
2026-06-30 22:24:25 | INFO | Main content: #main-content
2026-06-30 22:24:25 | INFO | Phase 3: Detecting blocks...
2026-06-30 22:24:25 | INFO | Phase 4: Capturing block screenshots...
2026-06-30 22:24:25 | INFO | Removed 3 elements: overlay, popup
📐 Detecting header/footer for this page...
2026-06-30 22:24:25 | INFO | Template - Reused saved footer selector on current page
2026-06-30 22:24:25 | INFO | Header: complex complexity, 3 features
2026-06-30 22:24:25 | INFO | Footer: simple complexity, 0 features
2026-06-30 22:24:25 | INFO | Phase 2: Identifying main content area...
2026-06-30 22:24:25 | INFO | Main content: #main-content
2026-06-30 22:24:25 | INFO | Phase 3: Detecting blocks...
2026-06-30 22:24:25 | INFO | Phase 4: Capturing block screenshots...
2026-06-30 22:24:26 | INFO | Captured 3 block screenshots
2026-06-30 22:24:26 | INFO | Detected 3 blocks
2026-06-30 22:24:26 | INFO | Generating fingerprints for template discovery...
2026-06-30 22:24:26 | INFO | Captured 3 block screenshots
2026-06-30 22:24:26 | INFO | Detected 3 blocks
2026-06-30 22:24:26 | INFO | Generating fingerprints for template discovery...
2026-06-30 22:24:28 | INFO |    Top-section: 5 rows via title+container
2026-06-30 22:24:28 | INFO |    Body start: y=125 (start row 5 via below-title+container)
2026-06-30 22:24:28 | INFO | URL Pattern: /acesso-a-informacao/licitacoes-e-contratos/aditivos
2026-06-30 22:24:28 | INFO | Page catalog complete: /workspace/catalog/.pages/araucarianitrogenados_com_br_acesso-a-informacao_licitacoes-e-contratos_aditivos--7b119300/page-catalog.json
2026-06-30 22:24:28 | INFO | SUCCESS: https://araucarianitrogenados.com.br/acesso-a-informacao/licitacoes-e-contratos/aditivos
2026-06-30 22:24:28 | INFO |    Top-section: 7 rows via title+container
2026-06-30 22:24:29 | INFO |    Body start: y=175 (start row 7 via below-title+container)
2026-06-30 22:24:29 | INFO | URL Pattern: /acesso-a-informacao/licitacoes-e-contratos/contratos
2026-06-30 22:24:29 | INFO | Page catalog complete: /workspace/catalog/.pages/araucarianitrogenados_com_br_acesso-a-informacao_licitacoes-e-contratos_contratos--a31c6613/page-catalog.json
2026-06-30 22:24:29 | INFO | SUCCESS: https://araucarianitrogenados.com.br/acesso-a-informacao/licitacoes-e-contratos/contratos
2026-06-30 22:24:29 | INFO | [36/60] Processing: https://araucarianitrogenados.com.br/acesso-a-informacao/licitacoes-e-contratos/patrocinios
2026-06-30 22:24:29 | INFO | Generated slug: araucarianitrogenados_com_br_acesso-a-informacao_licitacoes-e-contratos_patrocinios--0be79ddf
2026-06-30 22:24:29 | INFO | Starting analysis: https://araucarianitrogenados.com.br/acesso-a-informacao/licitacoes-e-contratos/patrocinios -> /workspace/catalog/.pages/araucarianitrogenados_com_br_acesso-a-informacao_licitacoes-e-contratos_patrocinios--0be79ddf
2026-06-30 22:24:29 | INFO | Loading: https://araucarianitrogenados.com.br/acesso-a-informacao/licitacoes-e-contratos/patrocinios
2026-06-30 22:24:30 | INFO | [37/60] Processing: https://araucarianitrogenados.com.br/acesso-a-informacao/participacao-social/audiencias-publicas
2026-06-30 22:24:30 | INFO | Generated slug: araucarianitrogenados_com_br_acesso-a-informacao_participacao-social_audiencias-publicas--9a2fec36
2026-06-30 22:24:30 | INFO | Starting analysis: https://araucarianitrogenados.com.br/acesso-a-informacao/participacao-social/audiencias-publicas -> /workspace/catalog/.pages/araucarianitrogenados_com_br_acesso-a-informacao_participacao-social_audiencias-publicas--9a2fec36
2026-06-30 22:24:30 | INFO | Loading: https://araucarianitrogenados.com.br/acesso-a-informacao/participacao-social/audiencias-publicas
2026-06-30 22:24:33 | INFO | Phase 0A: Triggering lazy-loaded content...
2026-06-30 22:24:33 | INFO | Phase 0A: Triggering lazy-loaded content...
2026-06-30 22:24:34 | INFO | Lazy-load scroll complete
2026-06-30 22:24:34 | INFO | Phase 0B: Cleaning up overlays...
2026-06-30 22:24:35 | INFO | Lazy-load scroll complete
2026-06-30 22:24:35 | INFO | Phase 0B: Cleaning up overlays...
2026-06-30 22:24:54 | INFO | Removed 3 elements: overlay, popup
📐 Detecting header/footer for this page...
2026-06-30 22:24:54 | INFO | Template - Reused saved footer selector on current page
2026-06-30 22:24:54 | INFO | Header: complex complexity, 3 features
2026-06-30 22:24:54 | INFO | Footer: simple complexity, 0 features
2026-06-30 22:24:54 | INFO | Phase 2: Identifying main content area...
2026-06-30 22:24:54 | INFO | Main content: #main-content
2026-06-30 22:24:54 | INFO | Phase 3: Detecting blocks...
2026-06-30 22:24:54 | WARNING | Blocks - 50% of blocks are unknown - site uses non-EDS patterns
2026-06-30 22:24:54 | INFO | Phase 4: Capturing block screenshots...
2026-06-30 22:24:55 | INFO | Captured 2 block screenshots
2026-06-30 22:24:55 | INFO | Detected 2 blocks
2026-06-30 22:24:55 | INFO | Generating fingerprints for template discovery...
2026-06-30 22:24:57 | INFO | Removed 3 elements: overlay, popup
📐 Detecting header/footer for this page...
2026-06-30 22:24:57 | INFO | Template - Reused saved footer selector on current page
2026-06-30 22:24:57 | INFO | Header: complex complexity, 3 features
2026-06-30 22:24:57 | INFO | Footer: simple complexity, 0 features
2026-06-30 22:24:57 | INFO | Phase 2: Identifying main content area...
2026-06-30 22:24:57 | INFO | Main content: #main-content
2026-06-30 22:24:57 | INFO | Phase 3: Detecting blocks...
2026-06-30 22:24:57 | INFO | Phase 4: Capturing block screenshots...
2026-06-30 22:24:57 | INFO |    Top-section: 7 rows via title+container
2026-06-30 22:24:57 | INFO |    Body start: y=175 (start row 7 via below-title+container)
2026-06-30 22:24:57 | INFO | URL Pattern: /acesso-a-informacao/institucional/sobre
2026-06-30 22:24:57 | INFO | Page catalog complete: /workspace/catalog/.pages/araucarianitrogenados_com_br_acesso-a-informacao_institucional_sobre--f4f527a9/page-catalog.json
2026-06-30 22:24:57 | INFO | SUCCESS: https://araucarianitrogenados.com.br/acesso-a-informacao/institucional/sobre
2026-06-30 22:24:58 | INFO | Captured 2 block screenshots
2026-06-30 22:24:58 | INFO | Detected 2 blocks
2026-06-30 22:24:58 | INFO | Generating fingerprints for template discovery...
2026-06-30 22:24:59 | INFO | [38/60] Processing: https://araucarianitrogenados.com.br/acesso-a-informacao/participacao-social/conferencias
2026-06-30 22:24:59 | INFO | Generated slug: araucarianitrogenados_com_br_acesso-a-informacao_participacao-social_conferencias--ede3243e
2026-06-30 22:24:59 | INFO | Starting analysis: https://araucarianitrogenados.com.br/acesso-a-informacao/participacao-social/conferencias -> /workspace/catalog/.pages/araucarianitrogenados_com_br_acesso-a-informacao_participacao-social_conferencias--ede3243e
2026-06-30 22:24:59 | INFO | Loading: https://araucarianitrogenados.com.br/acesso-a-informacao/participacao-social/conferencias
2026-06-30 22:24:59 | INFO | Removed 3 elements: overlay, popup
📐 Detecting header/footer for this page...
2026-06-30 22:24:59 | INFO | Template - Reused saved footer selector on current page
2026-06-30 22:24:59 | INFO | Header: complex complexity, 3 features
2026-06-30 22:24:59 | INFO | Footer: simple complexity, 0 features
2026-06-30 22:24:59 | INFO | Phase 2: Identifying main content area...
2026-06-30 22:24:59 | INFO | Main content: #main-content
2026-06-30 22:24:59 | INFO | Phase 3: Detecting blocks...
2026-06-30 22:24:59 | WARNING | Blocks - 50% of blocks are unknown - site uses non-EDS patterns
2026-06-30 22:24:59 | INFO | Phase 4: Capturing block screenshots...
2026-06-30 22:25:00 | INFO | Captured 2 block screenshots
2026-06-30 22:25:00 | INFO | Detected 2 blocks
2026-06-30 22:25:00 | INFO | Generating fingerprints for template discovery...
2026-06-30 22:25:00 | INFO |    Top-section: 7 rows via title+container
2026-06-30 22:25:00 | INFO |    Body start: y=175 (start row 7 via below-title+container)
2026-06-30 22:25:00 | INFO | URL Pattern: /acesso-a-informacao/licitacoes-e-contratos/contratos-de-transferencia-de-tecnologia
2026-06-30 22:25:00 | INFO | Page catalog complete: /workspace/catalog/.pages/araucarianitrogenados_com_br_acesso-a-informacao_licitacoes-e-contratos_contratos-de-transferencia-de-tecnologia--41828ec6/page-catalog.json
2026-06-30 22:25:00 | INFO | SUCCESS: https://araucarianitrogenados.com.br/acesso-a-informacao/licitacoes-e-contratos/contratos-de-transferencia-de-tecnologia
2026-06-30 22:25:02 | INFO | [39/60] Processing: https://araucarianitrogenados.com.br/acesso-a-informacao/participacao-social/conselhos-e-orgaos-colegiados
2026-06-30 22:25:02 | INFO | Generated slug: araucarianitrogenados_com_br_acesso-a-informacao_participacao-social_conselhos-e-orgaos-colegiados--08b2c794
2026-06-30 22:25:02 | INFO | Starting analysis: https://araucarianitrogenados.com.br/acesso-a-informacao/participacao-social/conselhos-e-orgaos-colegiados -> /workspace/catalog/.pages/araucarianitrogenados_com_br_acesso-a-informacao_participacao-social_conselhos-e-orgaos-colegiados--08b2c794
2026-06-30 22:25:02 | INFO | Loading: https://araucarianitrogenados.com.br/acesso-a-informacao/participacao-social/conselhos-e-orgaos-colegiados
2026-06-30 22:25:02 | INFO |    Top-section: 7 rows via title+container
2026-06-30 22:25:02 | INFO |    Body start: y=175 (start row 7 via below-title+container)
2026-06-30 22:25:02 | INFO | URL Pattern: /acesso-a-informacao/licitacoes-e-contratos/licitacoes
2026-06-30 22:25:02 | INFO | Page catalog complete: /workspace/catalog/.pages/araucarianitrogenados_com_br_acesso-a-informacao_licitacoes-e-contratos_licitacoes--0c47cca7/page-catalog.json
2026-06-30 22:25:02 | INFO | SUCCESS: https://araucarianitrogenados.com.br/acesso-a-informacao/licitacoes-e-contratos/licitacoes
2026-06-30 22:25:02 | INFO | PROGRESS: 35/60 analyzed (58% checklist complete) | 35 ok, 0 failed, 0 skipped | ~6 min remaining
2026-06-30 22:25:02 | INFO | Phase 0A: Triggering lazy-loaded content...
2026-06-30 22:25:04 | INFO | [40/60] Processing: https://araucarianitrogenados.com.br/acesso-a-informacao/participacao-social/editais-de-chamamento-publico
2026-06-30 22:25:04 | INFO | Generated slug: araucarianitrogenados_com_br_acesso-a-informacao_participacao-social_editais-de-chamamento-publico--981a54c9
2026-06-30 22:25:04 | INFO | Starting analysis: https://araucarianitrogenados.com.br/acesso-a-informacao/participacao-social/editais-de-chamamento-publico -> /workspace/catalog/.pages/araucarianitrogenados_com_br_acesso-a-informacao_participacao-social_editais-de-chamamento-publico--981a54c9
2026-06-30 22:25:04 | INFO | Loading: https://araucarianitrogenados.com.br/acesso-a-informacao/participacao-social/editais-de-chamamento-publico
2026-06-30 22:25:04 | INFO | Lazy-load scroll complete
2026-06-30 22:25:04 | INFO | Phase 0B: Cleaning up overlays...
2026-06-30 22:25:05 | INFO | Phase 0A: Triggering lazy-loaded content...
2026-06-30 22:25:06 | INFO | Lazy-load scroll complete
2026-06-30 22:25:06 | INFO | Phase 0B: Cleaning up overlays...
2026-06-30 22:25:07 | INFO | Phase 0A: Triggering lazy-loaded content...
2026-06-30 22:25:08 | INFO | Lazy-load scroll complete
2026-06-30 22:25:08 | INFO | Phase 0B: Cleaning up overlays...
2026-06-30 22:25:36 | INFO | Removed 3 elements: overlay, popup
📐 Detecting header/footer for this page...
2026-06-30 22:25:36 | INFO | Template - Reused saved footer selector on current page
2026-06-30 22:25:36 | INFO | Header: complex complexity, 3 features
2026-06-30 22:25:36 | INFO | Footer: simple complexity, 0 features
2026-06-30 22:25:36 | INFO | Phase 2: Identifying main content area...
2026-06-30 22:25:36 | INFO | Main content: #main-content
2026-06-30 22:25:36 | INFO | Phase 3: Detecting blocks...
2026-06-30 22:25:36 | WARNING | Blocks - 50% of blocks are unknown - site uses non-EDS patterns
2026-06-30 22:25:36 | INFO | Phase 4: Capturing block screenshots...
2026-06-30 22:25:36 | INFO | Removed 3 elements: overlay, popup
📐 Detecting header/footer for this page...
2026-06-30 22:25:36 | INFO | Template - Reused saved footer selector on current page
2026-06-30 22:25:36 | INFO | Header: complex complexity, 3 features
2026-06-30 22:25:36 | INFO | Footer: simple complexity, 0 features
2026-06-30 22:25:36 | INFO | Phase 2: Identifying main content area...
2026-06-30 22:25:36 | INFO | Main content: #main-content
2026-06-30 22:25:36 | INFO | Phase 3: Detecting blocks...
2026-06-30 22:25:36 | WARNING | Blocks - 50% of blocks are unknown - site uses non-EDS patterns
2026-06-30 22:25:36 | INFO | Phase 4: Capturing block screenshots...
2026-06-30 22:25:36 | INFO | Captured 2 block screenshots
2026-06-30 22:25:36 | INFO | Detected 2 blocks
2026-06-30 22:25:36 | INFO | Generating fingerprints for template discovery...
2026-06-30 22:25:37 | INFO | Captured 2 block screenshots
2026-06-30 22:25:37 | INFO | Detected 2 blocks
2026-06-30 22:25:37 | INFO | Generating fingerprints for template discovery...
2026-06-30 22:25:39 | INFO |    Top-section: 7 rows via title+container
2026-06-30 22:25:39 | INFO |    Body start: y=175 (start row 7 via below-title+container)
2026-06-30 22:25:39 | INFO | URL Pattern: /acesso-a-informacao/licitacoes-e-contratos/patrocinios
2026-06-30 22:25:39 | INFO | Page catalog complete: /workspace/catalog/.pages/araucarianitrogenados_com_br_acesso-a-informacao_licitacoes-e-contratos_patrocinios--0be79ddf/page-catalog.json
2026-06-30 22:25:39 | INFO | SUCCESS: https://araucarianitrogenados.com.br/acesso-a-informacao/licitacoes-e-contratos/patrocinios
2026-06-30 22:25:39 | INFO |    Top-section: 7 rows via title+container
2026-06-30 22:25:39 | INFO |    Body start: y=175 (start row 7 via below-title+container)
2026-06-30 22:25:39 | INFO | URL Pattern: /acesso-a-informacao/participacao-social/audiencias-publicas
2026-06-30 22:25:39 | INFO | Page catalog complete: /workspace/catalog/.pages/araucarianitrogenados_com_br_acesso-a-informacao_participacao-social_audiencias-publicas--9a2fec36/page-catalog.json
2026-06-30 22:25:39 | INFO | SUCCESS: https://araucarianitrogenados.com.br/acesso-a-informacao/participacao-social/audiencias-publicas
2026-06-30 22:25:40 | INFO | [41/60] Processing: https://araucarianitrogenados.com.br/acesso-a-informacao/participacao-social/outras-acoes
2026-06-30 22:25:40 | INFO | Generated slug: araucarianitrogenados_com_br_acesso-a-informacao_participacao-social_outras-acoes--9fdadea1
2026-06-30 22:25:40 | INFO | Starting analysis: https://araucarianitrogenados.com.br/acesso-a-informacao/participacao-social/outras-acoes -> /workspace/catalog/.pages/araucarianitrogenados_com_br_acesso-a-informacao_participacao-social_outras-acoes--9fdadea1
2026-06-30 22:25:40 | INFO | Loading: https://araucarianitrogenados.com.br/acesso-a-informacao/participacao-social/outras-acoes
2026-06-30 22:25:41 | INFO | [42/60] Processing: https://araucarianitrogenados.com.br/acesso-a-informacao/participacao-social/ouvidoria
2026-06-30 22:25:41 | INFO | Generated slug: araucarianitrogenados_com_br_acesso-a-informacao_participacao-social_ouvidoria--5a2e90f1
2026-06-30 22:25:41 | INFO | Starting analysis: https://araucarianitrogenados.com.br/acesso-a-informacao/participacao-social/ouvidoria -> /workspace/catalog/.pages/araucarianitrogenados_com_br_acesso-a-informacao_participacao-social_ouvidoria--5a2e90f1
2026-06-30 22:25:41 | INFO | Loading: https://araucarianitrogenados.com.br/acesso-a-informacao/participacao-social/ouvidoria
2026-06-30 22:25:44 | INFO | Phase 0A: Triggering lazy-loaded content...
2026-06-30 22:25:44 | INFO | Phase 0A: Triggering lazy-loaded content...
2026-06-30 22:25:45 | INFO | Lazy-load scroll complete
2026-06-30 22:25:45 | INFO | Phase 0B: Cleaning up overlays...
2026-06-30 22:25:46 | INFO | Lazy-load scroll complete
2026-06-30 22:25:46 | INFO | Phase 0B: Cleaning up overlays...
2026-06-30 22:26:05 | INFO | Removed 3 elements: overlay, popup
📐 Detecting header/footer for this page...
2026-06-30 22:26:05 | INFO | Template - Reused saved footer selector on current page
2026-06-30 22:26:05 | INFO | Header: complex complexity, 3 features
2026-06-30 22:26:05 | INFO | Footer: simple complexity, 0 features
2026-06-30 22:26:05 | INFO | Phase 2: Identifying main content area...
2026-06-30 22:26:05 | INFO | Main content: #main-content
2026-06-30 22:26:05 | INFO | Phase 3: Detecting blocks...
2026-06-30 22:26:05 | INFO | Phase 4: Capturing block screenshots...
2026-06-30 22:26:06 | INFO | Captured 2 block screenshots
2026-06-30 22:26:06 | INFO | Detected 2 blocks
2026-06-30 22:26:06 | INFO | Generating fingerprints for template discovery...
2026-06-30 22:26:08 | INFO | Removed 3 elements: overlay, popup
📐 Detecting header/footer for this page...
2026-06-30 22:26:08 | INFO | Template - Reused saved footer selector on current page
2026-06-30 22:26:08 | INFO | Header: complex complexity, 3 features
2026-06-30 22:26:08 | INFO | Footer: simple complexity, 0 features
2026-06-30 22:26:08 | INFO | Phase 2: Identifying main content area...
2026-06-30 22:26:08 | INFO | Main content: #main-content
2026-06-30 22:26:08 | INFO | Phase 3: Detecting blocks...
2026-06-30 22:26:08 | WARNING | Blocks - 50% of blocks are unknown - site uses non-EDS patterns
2026-06-30 22:26:08 | INFO | Phase 4: Capturing block screenshots...
2026-06-30 22:26:08 | INFO |    Top-section: 7 rows via title+container
2026-06-30 22:26:08 | INFO |    Body start: y=175 (start row 7 via below-title+container)
2026-06-30 22:26:08 | INFO | URL Pattern: /acesso-a-informacao/participacao-social/conferencias
2026-06-30 22:26:08 | INFO | Page catalog complete: /workspace/catalog/.pages/araucarianitrogenados_com_br_acesso-a-informacao_participacao-social_conferencias--ede3243e/page-catalog.json
2026-06-30 22:26:08 | INFO | SUCCESS: https://araucarianitrogenados.com.br/acesso-a-informacao/participacao-social/conferencias
2026-06-30 22:26:09 | INFO | Captured 2 block screenshots
2026-06-30 22:26:09 | INFO | Detected 2 blocks
2026-06-30 22:26:09 | INFO | Generating fingerprints for template discovery...
2026-06-30 22:26:10 | INFO | Removed 3 elements: overlay, popup
📐 Detecting header/footer for this page...
2026-06-30 22:26:10 | INFO | Template - Reused saved footer selector on current page
2026-06-30 22:26:10 | INFO | Header: complex complexity, 3 features
2026-06-30 22:26:10 | INFO | Footer: simple complexity, 0 features
2026-06-30 22:26:10 | INFO | Phase 2: Identifying main content area...
2026-06-30 22:26:10 | INFO | Main content: #main-content
2026-06-30 22:26:10 | INFO | Phase 3: Detecting blocks...
2026-06-30 22:26:10 | INFO | [43/60] Processing: https://araucarianitrogenados.com.br/acesso-a-informacao/receitas-e-despesas/alienacao-de-bens-imoveis
2026-06-30 22:26:10 | INFO | Generated slug: araucarianitrogenados_com_br_acesso-a-informacao_receitas-e-despesas_alienacao-de-bens-imoveis--c26af8e9
2026-06-30 22:26:10 | INFO | Starting analysis: https://araucarianitrogenados.com.br/acesso-a-informacao/receitas-e-despesas/alienacao-de-bens-imoveis -> /workspace/catalog/.pages/araucarianitrogenados_com_br_acesso-a-informacao_receitas-e-despesas_alienacao-de-bens-imoveis--c26af8e9
2026-06-30 22:26:10 | WARNING | Blocks - 50% of blocks are unknown - site uses non-EDS patterns
2026-06-30 22:26:10 | INFO | Phase 4: Capturing block screenshots...
2026-06-30 22:26:10 | INFO | Loading: https://araucarianitrogenados.com.br/acesso-a-informacao/receitas-e-despesas/alienacao-de-bens-imoveis
2026-06-30 22:26:10 | INFO | Captured 2 block screenshots
2026-06-30 22:26:10 | INFO | Detected 2 blocks
2026-06-30 22:26:10 | INFO | Generating fingerprints for template discovery...
2026-06-30 22:26:11 | INFO |    Top-section: 5 rows via title+container
2026-06-30 22:26:11 | INFO |    Body start: y=125 (start row 5 via below-title+container)
2026-06-30 22:26:11 | INFO | URL Pattern: /acesso-a-informacao/participacao-social/conselhos-e-orgaos-colegiados
2026-06-30 22:26:11 | INFO | Page catalog complete: /workspace/catalog/.pages/araucarianitrogenados_com_br_acesso-a-informacao_participacao-social_conselhos-e-orgaos-colegiados--08b2c794/page-catalog.json
2026-06-30 22:26:11 | INFO | SUCCESS: https://araucarianitrogenados.com.br/acesso-a-informacao/participacao-social/conselhos-e-orgaos-colegiados
2026-06-30 22:26:12 | INFO | [44/60] Processing: https://araucarianitrogenados.com.br/acesso-a-informacao/receitas-e-despesas/aquisicao-de-bens
2026-06-30 22:26:12 | INFO | Generated slug: araucarianitrogenados_com_br_acesso-a-informacao_receitas-e-despesas_aquisicao-de-bens--b7495bd7
2026-06-30 22:26:12 | INFO | Starting analysis: https://araucarianitrogenados.com.br/acesso-a-informacao/receitas-e-despesas/aquisicao-de-bens -> /workspace/catalog/.pages/araucarianitrogenados_com_br_acesso-a-informacao_receitas-e-despesas_aquisicao-de-bens--b7495bd7
2026-06-30 22:26:13 | INFO | Loading: https://araucarianitrogenados.com.br/acesso-a-informacao/receitas-e-despesas/aquisicao-de-bens
2026-06-30 22:26:13 | INFO |    Top-section: 5 rows via title+container
2026-06-30 22:26:13 | INFO |    Body start: y=125 (start row 5 via below-title+container)
2026-06-30 22:26:13 | INFO | URL Pattern: /acesso-a-informacao/participacao-social/editais-de-chamamento-publico
2026-06-30 22:26:13 | INFO | Page catalog complete: /workspace/catalog/.pages/araucarianitrogenados_com_br_acesso-a-informacao_participacao-social_editais-de-chamamento-publico--981a54c9/page-catalog.json
2026-06-30 22:26:13 | INFO | SUCCESS: https://araucarianitrogenados.com.br/acesso-a-informacao/participacao-social/editais-de-chamamento-publico
2026-06-30 22:26:13 | INFO | PROGRESS: 40/60 analyzed (67% checklist complete) | 40 ok, 0 failed, 0 skipped | ~5 min remaining
2026-06-30 22:26:13 | INFO | Phase 0A: Triggering lazy-loaded content...
2026-06-30 22:26:14 | INFO | [45/60] Processing: https://araucarianitrogenados.com.br/acesso-a-informacao/receitas-e-despesas/diarias-e-passagens
2026-06-30 22:26:14 | INFO | Generated slug: araucarianitrogenados_com_br_acesso-a-informacao_receitas-e-despesas_diarias-e-passagens--5163d449
2026-06-30 22:26:14 | INFO | Starting analysis: https://araucarianitrogenados.com.br/acesso-a-informacao/receitas-e-despesas/diarias-e-passagens -> /workspace/catalog/.pages/araucarianitrogenados_com_br_acesso-a-informacao_receitas-e-despesas_diarias-e-passagens--5163d449
2026-06-30 22:26:14 | INFO | Loading: https://araucarianitrogenados.com.br/acesso-a-informacao/receitas-e-despesas/diarias-e-passagens
2026-06-30 22:26:15 | INFO | Lazy-load scroll complete
2026-06-30 22:26:15 | INFO | Phase 0B: Cleaning up overlays...
2026-06-30 22:26:16 | INFO | Phase 0A: Triggering lazy-loaded content...
2026-06-30 22:26:17 | INFO | Lazy-load scroll complete
2026-06-30 22:26:17 | INFO | Phase 0B: Cleaning up overlays...
2026-06-30 22:26:18 | INFO | Phase 0A: Triggering lazy-loaded content...
2026-06-30 22:26:19 | INFO | Lazy-load scroll complete
2026-06-30 22:26:19 | INFO | Phase 0B: Cleaning up overlays...
2026-06-30 22:26:46 | INFO | Removed 3 elements: overlay, popup
📐 Detecting header/footer for this page...
2026-06-30 22:26:46 | INFO | Template - Reused saved footer selector on current page
2026-06-30 22:26:46 | INFO | Header: complex complexity, 3 features
2026-06-30 22:26:46 | INFO | Footer: simple complexity, 0 features
2026-06-30 22:26:46 | INFO | Phase 2: Identifying main content area...
2026-06-30 22:26:46 | INFO | Main content: #main-content
2026-06-30 22:26:47 | INFO | Phase 3: Detecting blocks...
2026-06-30 22:26:47 | WARNING | Blocks - 50% of blocks are unknown - site uses non-EDS patterns
2026-06-30 22:26:47 | INFO | Phase 4: Capturing block screenshots...
2026-06-30 22:26:47 | INFO | Removed 3 elements: overlay, popup
📐 Detecting header/footer for this page...
2026-06-30 22:26:47 | INFO | Template - Reused saved footer selector on current page
2026-06-30 22:26:47 | INFO | Header: complex complexity, 3 features
2026-06-30 22:26:47 | INFO | Footer: simple complexity, 0 features
2026-06-30 22:26:47 | INFO | Phase 2: Identifying main content area...
2026-06-30 22:26:47 | INFO | Main content: #main-content
2026-06-30 22:26:47 | INFO | Phase 3: Detecting blocks...
2026-06-30 22:26:47 | INFO | Phase 4: Capturing block screenshots...
2026-06-30 22:26:47 | INFO | Captured 2 block screenshots
2026-06-30 22:26:47 | INFO | Detected 2 blocks
2026-06-30 22:26:47 | INFO | Generating fingerprints for template discovery...
2026-06-30 22:26:48 | INFO | Captured 3 block screenshots
2026-06-30 22:26:48 | INFO | Detected 3 blocks
2026-06-30 22:26:48 | INFO | Generating fingerprints for template discovery...
2026-06-30 22:26:49 | INFO | Removed 3 elements: overlay, popup
📐 Detecting header/footer for this page...
2026-06-30 22:26:49 | INFO | Template - Reused saved footer selector on current page
2026-06-30 22:26:49 | INFO | Header: complex complexity, 3 features
2026-06-30 22:26:49 | INFO | Footer: simple complexity, 0 features
2026-06-30 22:26:49 | INFO | Phase 2: Identifying main content area...
2026-06-30 22:26:49 | INFO | Main content: #main-content
2026-06-30 22:26:49 | INFO | Phase 3: Detecting blocks...
2026-06-30 22:26:49 | INFO | Phase 4: Capturing block screenshots...
2026-06-30 22:26:49 | INFO |    Top-section: 5 rows via title+container
2026-06-30 22:26:49 | INFO |    Body start: y=125 (start row 5 via below-title+container)
2026-06-30 22:26:49 | INFO | URL Pattern: /acesso-a-informacao/participacao-social/outras-acoes
2026-06-30 22:26:49 | INFO | Page catalog complete: /workspace/catalog/.pages/araucarianitrogenados_com_br_acesso-a-informacao_participacao-social_outras-acoes--9fdadea1/page-catalog.json
2026-06-30 22:26:49 | INFO | SUCCESS: https://araucarianitrogenados.com.br/acesso-a-informacao/participacao-social/outras-acoes
2026-06-30 22:26:50 | INFO | Captured 3 block screenshots
2026-06-30 22:26:50 | INFO | Detected 3 blocks
2026-06-30 22:26:50 | INFO | Generating fingerprints for template discovery...
2026-06-30 22:26:50 | INFO |    Top-section: 7 rows via title+container
2026-06-30 22:26:50 | INFO |    Body start: y=175 (start row 7 via below-title+container)
2026-06-30 22:26:50 | INFO | URL Pattern: /acesso-a-informacao/participacao-social/ouvidoria
2026-06-30 22:26:50 | INFO | Page catalog complete: /workspace/catalog/.pages/araucarianitrogenados_com_br_acesso-a-informacao_participacao-social_ouvidoria--5a2e90f1/page-catalog.json
2026-06-30 22:26:50 | INFO | SUCCESS: https://araucarianitrogenados.com.br/acesso-a-informacao/participacao-social/ouvidoria
2026-06-30 22:26:51 | INFO | [46/60] Processing: https://araucarianitrogenados.com.br/acesso-a-informacao/receitas-e-despesas/orcamento-de-investimento
2026-06-30 22:26:51 | INFO | Generated slug: araucarianitrogenados_com_br_acesso-a-informacao_receitas-e-despesas_orcamento-de-investimento--08d2af87
2026-06-30 22:26:51 | INFO | Starting analysis: https://araucarianitrogenados.com.br/acesso-a-informacao/receitas-e-despesas/orcamento-de-investimento -> /workspace/catalog/.pages/araucarianitrogenados_com_br_acesso-a-informacao_receitas-e-despesas_orcamento-de-investimento--08d2af87
2026-06-30 22:26:51 | INFO | Loading: https://araucarianitrogenados.com.br/acesso-a-informacao/receitas-e-despesas/orcamento-de-investimento
2026-06-30 22:26:52 | INFO | [47/60] Processing: https://araucarianitrogenados.com.br/acesso-a-informacao/receitas-e-despesas/politica-de-dividendos
2026-06-30 22:26:52 | INFO | Generated slug: araucarianitrogenados_com_br_acesso-a-informacao_receitas-e-despesas_politica-de-dividendos--9ea072bf
2026-06-30 22:26:52 | INFO | Starting analysis: https://araucarianitrogenados.com.br/acesso-a-informacao/receitas-e-despesas/politica-de-dividendos -> /workspace/catalog/.pages/araucarianitrogenados_com_br_acesso-a-informacao_receitas-e-despesas_politica-de-dividendos--9ea072bf
2026-06-30 22:26:52 | INFO | Loading: https://araucarianitrogenados.com.br/acesso-a-informacao/receitas-e-despesas/politica-de-dividendos
2026-06-30 22:26:52 | INFO |    Top-section: 7 rows via title+container
2026-06-30 22:26:52 | INFO |    Body start: y=175 (start row 7 via below-title+container)
2026-06-30 22:26:52 | INFO | URL Pattern: /acesso-a-informacao/receitas-e-despesas/aquisicao-de-bens
2026-06-30 22:26:52 | INFO | Page catalog complete: /workspace/catalog/.pages/araucarianitrogenados_com_br_acesso-a-informacao_receitas-e-despesas_aquisicao-de-bens--b7495bd7/page-catalog.json
2026-06-30 22:26:52 | INFO | SUCCESS: https://araucarianitrogenados.com.br/acesso-a-informacao/receitas-e-despesas/aquisicao-de-bens
2026-06-30 22:26:53 | INFO | [48/60] Processing: https://araucarianitrogenados.com.br/acesso-a-informacao/receitas-e-despesas/politica-de-transacoes-com-partes-relacionadas
2026-06-30 22:26:53 | INFO | Generated slug: araucarianitrogenados_com_br_acesso-a-informacao_receitas-e-despesas_politica-de-transacoes-com-partes-relacionadas--fb1b0251
2026-06-30 22:26:53 | INFO | Starting analysis: https://araucarianitrogenados.com.br/acesso-a-informacao/receitas-e-despesas/politica-de-transacoes-com-partes-relacionadas -> /workspace/catalog/.pages/araucarianitrogenados_com_br_acesso-a-informacao_receitas-e-despesas_politica-de-transacoes-com-partes-relacionadas--fb1b0251
2026-06-30 22:26:53 | INFO | Loading: https://araucarianitrogenados.com.br/acesso-a-informacao/receitas-e-despesas/politica-de-transacoes-com-partes-relacionadas
2026-06-30 22:26:54 | INFO | Phase 0A: Triggering lazy-loaded content...
2026-06-30 22:26:55 | INFO | Phase 0A: Triggering lazy-loaded content...
2026-06-30 22:26:56 | INFO | Lazy-load scroll complete
2026-06-30 22:26:56 | INFO | Phase 0B: Cleaning up overlays...
2026-06-30 22:26:56 | INFO | Lazy-load scroll complete
2026-06-30 22:26:56 | INFO | Phase 0B: Cleaning up overlays...
2026-06-30 22:26:57 | INFO | Phase 0A: Triggering lazy-loaded content...
2026-06-30 22:26:58 | INFO | Lazy-load scroll complete
2026-06-30 22:26:58 | INFO | Phase 0B: Cleaning up overlays...
2026-06-30 22:27:16 | INFO | Removed 3 elements: overlay, popup
📐 Detecting header/footer for this page...
2026-06-30 22:27:16 | INFO | Template - Reused saved footer selector on current page
2026-06-30 22:27:16 | INFO | Header: complex complexity, 3 features
2026-06-30 22:27:16 | INFO | Footer: simple complexity, 0 features
2026-06-30 22:27:16 | INFO | Phase 2: Identifying main content area...
2026-06-30 22:27:16 | INFO | Main content: #main-content
2026-06-30 22:27:16 | INFO | Phase 3: Detecting blocks...
2026-06-30 22:27:16 | WARNING | Blocks - 50% of blocks are unknown - site uses non-EDS patterns
2026-06-30 22:27:16 | INFO | Phase 4: Capturing block screenshots...
2026-06-30 22:27:17 | INFO | Captured 2 block screenshots
2026-06-30 22:27:17 | INFO | Detected 2 blocks
2026-06-30 22:27:17 | INFO | Generating fingerprints for template discovery...
2026-06-30 22:27:19 | INFO |    Top-section: 5 rows via title+container
2026-06-30 22:27:19 | INFO |    Body start: y=125 (start row 5 via below-title+container)
2026-06-30 22:27:19 | INFO | URL Pattern: /acesso-a-informacao/receitas-e-despesas/alienacao-de-bens-imoveis
2026-06-30 22:27:19 | INFO | Page catalog complete: /workspace/catalog/.pages/araucarianitrogenados_com_br_acesso-a-informacao_receitas-e-despesas_alienacao-de-bens-imoveis--c26af8e9/page-catalog.json
2026-06-30 22:27:19 | INFO | SUCCESS: https://araucarianitrogenados.com.br/acesso-a-informacao/receitas-e-despesas/alienacao-de-bens-imoveis
2026-06-30 22:27:21 | INFO | Removed 3 elements: overlay, popup
📐 Detecting header/footer for this page...
2026-06-30 22:27:21 | INFO | Template - Reused saved footer selector on current page
2026-06-30 22:27:21 | INFO | Header: complex complexity, 3 features
2026-06-30 22:27:21 | INFO | Footer: simple complexity, 0 features
2026-06-30 22:27:21 | INFO | Phase 2: Identifying main content area...
2026-06-30 22:27:21 | INFO | Main content: #main-content
2026-06-30 22:27:21 | INFO | Phase 3: Detecting blocks...
2026-06-30 22:27:21 | INFO | [49/60] Processing: https://araucarianitrogenados.com.br/acesso-a-informacao/receitas-e-despesas/publicidade
2026-06-30 22:27:21 | INFO | Generated slug: araucarianitrogenados_com_br_acesso-a-informacao_receitas-e-despesas_publicidade--0863fbd7
2026-06-30 22:27:21 | INFO | Starting analysis: https://araucarianitrogenados.com.br/acesso-a-informacao/receitas-e-despesas/publicidade -> /workspace/catalog/.pages/araucarianitrogenados_com_br_acesso-a-informacao_receitas-e-despesas_publicidade--0863fbd7
2026-06-30 22:27:21 | INFO | Phase 4: Capturing block screenshots...
2026-06-30 22:27:21 | INFO | Loading: https://araucarianitrogenados.com.br/acesso-a-informacao/receitas-e-despesas/publicidade
2026-06-30 22:27:21 | INFO | Captured 2 block screenshots
2026-06-30 22:27:21 | INFO | Detected 2 blocks
2026-06-30 22:27:21 | INFO | Generating fingerprints for template discovery...
2026-06-30 22:27:24 | INFO |    Top-section: 7 rows via title+container
2026-06-30 22:27:24 | INFO |    Body start: y=175 (start row 7 via below-title+container)
2026-06-30 22:27:24 | INFO | URL Pattern: /acesso-a-informacao/receitas-e-despesas/diarias-e-passagens
2026-06-30 22:27:24 | INFO | Page catalog complete: /workspace/catalog/.pages/araucarianitrogenados_com_br_acesso-a-informacao_receitas-e-despesas_diarias-e-passagens--5163d449/page-catalog.json
2026-06-30 22:27:24 | INFO | SUCCESS: https://araucarianitrogenados.com.br/acesso-a-informacao/receitas-e-despesas/diarias-e-passagens
2026-06-30 22:27:24 | INFO | PROGRESS: 45/60 analyzed (75% checklist complete) | 45 ok, 0 failed, 0 skipped | ~4 min remaining
2026-06-30 22:27:25 | INFO | [50/60] Processing: https://araucarianitrogenados.com.br/acesso-a-informacao/receitas-e-despesas/receitas
2026-06-30 22:27:25 | INFO | Generated slug: araucarianitrogenados_com_br_acesso-a-informacao_receitas-e-despesas_receitas--58c9b1c3
2026-06-30 22:27:25 | INFO | Starting analysis: https://araucarianitrogenados.com.br/acesso-a-informacao/receitas-e-despesas/receitas -> /workspace/catalog/.pages/araucarianitrogenados_com_br_acesso-a-informacao_receitas-e-despesas_receitas--58c9b1c3
2026-06-30 22:27:25 | INFO | Loading: https://araucarianitrogenados.com.br/acesso-a-informacao/receitas-e-despesas/receitas
2026-06-30 22:27:26 | INFO | Phase 0A: Triggering lazy-loaded content...
2026-06-30 22:27:27 | INFO | Lazy-load scroll complete
2026-06-30 22:27:27 | INFO | Phase 0B: Cleaning up overlays...
2026-06-30 22:27:29 | INFO | Phase 0A: Triggering lazy-loaded content...
2026-06-30 22:27:30 | INFO | Lazy-load scroll complete
2026-06-30 22:27:30 | INFO | Phase 0B: Cleaning up overlays...
2026-06-30 22:27:57 | INFO | Removed 3 elements: overlay, popup
📐 Detecting header/footer for this page...
2026-06-30 22:27:57 | INFO | Template - Reused saved footer selector on current page
2026-06-30 22:27:57 | INFO | Header: complex complexity, 3 features
2026-06-30 22:27:57 | INFO | Footer: simple complexity, 0 features
2026-06-30 22:27:57 | INFO | Phase 2: Identifying main content area...
2026-06-30 22:27:57 | INFO | Main content: #main-content
2026-06-30 22:27:57 | INFO | Phase 3: Detecting blocks...
2026-06-30 22:27:57 | INFO | Phase 4: Capturing block screenshots...
2026-06-30 22:27:58 | INFO | Removed 3 elements: overlay, popup
📐 Detecting header/footer for this page...
2026-06-30 22:27:58 | INFO | Template - Reused saved footer selector on current page
2026-06-30 22:27:58 | INFO | Header: complex complexity, 3 features
2026-06-30 22:27:58 | INFO | Footer: simple complexity, 0 features
2026-06-30 22:27:58 | INFO | Phase 2: Identifying main content area...
2026-06-30 22:27:58 | INFO | Main content: #main-content
2026-06-30 22:27:58 | INFO | Phase 3: Detecting blocks...
2026-06-30 22:27:58 | WARNING | Blocks - 50% of blocks are unknown - site uses non-EDS patterns
2026-06-30 22:27:58 | INFO | Phase 4: Capturing block screenshots...
2026-06-30 22:27:58 | INFO | Captured 2 block screenshots
2026-06-30 22:27:58 | INFO | Detected 2 blocks
2026-06-30 22:27:58 | INFO | Generating fingerprints for template discovery...
2026-06-30 22:27:59 | INFO | Captured 2 block screenshots
2026-06-30 22:27:59 | INFO | Detected 2 blocks
2026-06-30 22:27:59 | INFO | Generating fingerprints for template discovery...
2026-06-30 22:27:59 | INFO | Removed 3 elements: overlay, popup
📐 Detecting header/footer for this page...
2026-06-30 22:28:00 | INFO | Template - Reused saved footer selector on current page
2026-06-30 22:28:00 | INFO | Header: complex complexity, 3 features
2026-06-30 22:28:00 | INFO | Footer: simple complexity, 0 features
2026-06-30 22:28:00 | INFO | Phase 2: Identifying main content area...
2026-06-30 22:28:00 | INFO | Main content: #main-content
2026-06-30 22:28:00 | INFO | Phase 3: Detecting blocks...
2026-06-30 22:28:00 | WARNING | Blocks - 50% of blocks are unknown - site uses non-EDS patterns
2026-06-30 22:28:00 | INFO | Phase 4: Capturing block screenshots...
2026-06-30 22:28:00 | INFO |    Top-section: 5 rows via title+container
2026-06-30 22:28:00 | INFO |    Body start: y=125 (start row 5 via below-title+container)
2026-06-30 22:28:00 | INFO | URL Pattern: /acesso-a-informacao/receitas-e-despesas/orcamento-de-investimento
2026-06-30 22:28:00 | INFO | Page catalog complete: /workspace/catalog/.pages/araucarianitrogenados_com_br_acesso-a-informacao_receitas-e-despesas_orcamento-de-investimento--08d2af87/page-catalog.json
2026-06-30 22:28:00 | INFO | SUCCESS: https://araucarianitrogenados.com.br/acesso-a-informacao/receitas-e-despesas/orcamento-de-investimento
2026-06-30 22:28:00 | INFO | Captured 2 block screenshots
2026-06-30 22:28:00 | INFO | Detected 2 blocks
2026-06-30 22:28:00 | INFO | Generating fingerprints for template discovery...
2026-06-30 22:28:01 | INFO |    Top-section: 7 rows via title+container
2026-06-30 22:28:01 | INFO |    Body start: y=175 (start row 7 via below-title+container)
2026-06-30 22:28:01 | INFO | URL Pattern: /acesso-a-informacao/receitas-e-despesas/politica-de-dividendos
2026-06-30 22:28:01 | INFO | Page catalog complete: /workspace/catalog/.pages/araucarianitrogenados_com_br_acesso-a-informacao_receitas-e-despesas_politica-de-dividendos--9ea072bf/page-catalog.json
2026-06-30 22:28:01 | INFO | SUCCESS: https://araucarianitrogenados.com.br/acesso-a-informacao/receitas-e-despesas/politica-de-dividendos
2026-06-30 22:28:02 | INFO | [51/60] Processing: https://araucarianitrogenados.com.br/acesso-a-informacao/servico-de-informacao-ao-cidadao-sic/balcoes-de-atendimento
2026-06-30 22:28:02 | INFO | Generated slug: araucarianitrogenados_com_br_acesso-a-informacao_servico-de-informacao-ao-cidadao-sic_balcoes-de-atendimento--1ce2a4ca
2026-06-30 22:28:02 | INFO | Starting analysis: https://araucarianitrogenados.com.br/acesso-a-informacao/servico-de-informacao-ao-cidadao-sic/balcoes-de-atendimento -> /workspace/catalog/.pages/araucarianitrogenados_com_br_acesso-a-informacao_servico-de-informacao-ao-cidadao-sic_balcoes-de-atendimento--1ce2a4ca
2026-06-30 22:28:02 | INFO | Loading: https://araucarianitrogenados.com.br/acesso-a-informacao/servico-de-informacao-ao-cidadao-sic/balcoes-de-atendimento
2026-06-30 22:28:02 | INFO | [52/60] Processing: https://araucarianitrogenados.com.br/acesso-a-informacao/servico-de-informacao-ao-cidadao-sic/estatisticas-do-sic
2026-06-30 22:28:02 | INFO | Generated slug: araucarianitrogenados_com_br_acesso-a-informacao_servico-de-informacao-ao-cidadao-sic_estatisticas-do-sic--6229c834
2026-06-30 22:28:02 | INFO | Starting analysis: https://araucarianitrogenados.com.br/acesso-a-informacao/servico-de-informacao-ao-cidadao-sic/estatisticas-do-sic -> /workspace/catalog/.pages/araucarianitrogenados_com_br_acesso-a-informacao_servico-de-informacao-ao-cidadao-sic_estatisticas-do-sic--6229c834
2026-06-30 22:28:02 | INFO | Loading: https://araucarianitrogenados.com.br/acesso-a-informacao/servico-de-informacao-ao-cidadao-sic/estatisticas-do-sic
2026-06-30 22:28:03 | INFO |    Top-section: 7 rows via title+container
2026-06-30 22:28:03 | INFO |    Body start: y=175 (start row 7 via below-title+container)
2026-06-30 22:28:03 | INFO | URL Pattern: /acesso-a-informacao/receitas-e-despesas/politica-de-transacoes-com-partes-relacionadas
2026-06-30 22:28:03 | INFO | Page catalog complete: /workspace/catalog/.pages/araucarianitrogenados_com_br_acesso-a-informacao_receitas-e-despesas_politica-de-transacoes-com-partes-relacionadas--fb1b0251/page-catalog.json
2026-06-30 22:28:03 | INFO | SUCCESS: https://araucarianitrogenados.com.br/acesso-a-informacao/receitas-e-despesas/politica-de-transacoes-com-partes-relacionadas
2026-06-30 22:28:04 | INFO | [53/60] Processing: https://araucarianitrogenados.com.br/institucional
2026-06-30 22:28:04 | INFO | Generated slug: araucarianitrogenados_com_br_institucional--38b958b0
2026-06-30 22:28:04 | INFO | Starting analysis: https://araucarianitrogenados.com.br/institucional -> /workspace/catalog/.pages/araucarianitrogenados_com_br_institucional--38b958b0
2026-06-30 22:28:04 | INFO | Loading: https://araucarianitrogenados.com.br/institucional
2026-06-30 22:28:06 | INFO | Phase 0A: Triggering lazy-loaded content...
2026-06-30 22:28:06 | INFO | Phase 0A: Triggering lazy-loaded content...
2026-06-30 22:28:07 | INFO | Lazy-load scroll complete
2026-06-30 22:28:07 | INFO | Phase 0B: Cleaning up overlays...
2026-06-30 22:28:08 | INFO | Lazy-load scroll complete
2026-06-30 22:28:08 | INFO | Phase 0B: Cleaning up overlays...
2026-06-30 22:28:08 | INFO | Phase 0A: Triggering lazy-loaded content...
2026-06-30 22:28:11 | INFO | Lazy-load scroll complete
2026-06-30 22:28:11 | INFO | Phase 0B: Cleaning up overlays...
2026-06-30 22:28:28 | INFO | Removed 3 elements: overlay, popup
📐 Detecting header/footer for this page...
2026-06-30 22:28:28 | INFO | Template - Reused saved footer selector on current page
2026-06-30 22:28:28 | INFO | Header: complex complexity, 3 features
2026-06-30 22:28:28 | INFO | Footer: simple complexity, 0 features
2026-06-30 22:28:28 | INFO | Phase 2: Identifying main content area...
2026-06-30 22:28:28 | INFO | Main content: #main-content
2026-06-30 22:28:29 | INFO | Phase 3: Detecting blocks...
2026-06-30 22:28:29 | WARNING | Blocks - 50% of blocks are unknown - site uses non-EDS patterns
2026-06-30 22:28:29 | INFO | Phase 4: Capturing block screenshots...
2026-06-30 22:28:29 | INFO | Captured 2 block screenshots
2026-06-30 22:28:29 | INFO | Detected 2 blocks
2026-06-30 22:28:29 | INFO | Generating fingerprints for template discovery...
2026-06-30 22:28:31 | INFO | Removed 3 elements: overlay, popup
📐 Detecting header/footer for this page...
2026-06-30 22:28:31 | INFO | Template - Reused saved footer selector on current page
2026-06-30 22:28:31 | INFO | Header: complex complexity, 3 features
2026-06-30 22:28:31 | INFO | Footer: simple complexity, 0 features
2026-06-30 22:28:31 | INFO | Phase 2: Identifying main content area...
2026-06-30 22:28:31 | INFO | Main content: #main-content
2026-06-30 22:28:31 | INFO | Phase 3: Detecting blocks...
2026-06-30 22:28:31 | INFO | Phase 4: Capturing block screenshots...
2026-06-30 22:28:32 | INFO |    Top-section: 7 rows via title+container
2026-06-30 22:28:32 | INFO |    Body start: y=175 (start row 7 via below-title+container)
2026-06-30 22:28:32 | INFO | URL Pattern: /acesso-a-informacao/receitas-e-despesas/publicidade
2026-06-30 22:28:32 | INFO | Page catalog complete: /workspace/catalog/.pages/araucarianitrogenados_com_br_acesso-a-informacao_receitas-e-despesas_publicidade--0863fbd7/page-catalog.json
2026-06-30 22:28:32 | INFO | SUCCESS: https://araucarianitrogenados.com.br/acesso-a-informacao/receitas-e-despesas/publicidade
2026-06-30 22:28:32 | INFO | Captured 2 block screenshots
2026-06-30 22:28:32 | INFO | Detected 2 blocks
2026-06-30 22:28:32 | INFO | Generating fingerprints for template discovery...
2026-06-30 22:28:33 | INFO | [54/60] Processing: https://araucarianitrogenados.com.br/institucional/auditoria
2026-06-30 22:28:33 | INFO | Generated slug: araucarianitrogenados_com_br_institucional_auditoria--e5d8f0c4
2026-06-30 22:28:33 | INFO | Starting analysis: https://araucarianitrogenados.com.br/institucional/auditoria -> /workspace/catalog/.pages/araucarianitrogenados_com_br_institucional_auditoria--e5d8f0c4
2026-06-30 22:28:33 | INFO | Loading: https://araucarianitrogenados.com.br/institucional/auditoria
2026-06-30 22:28:34 | INFO |    Top-section: 7 rows via title+container
2026-06-30 22:28:34 | INFO |    Body start: y=175 (start row 7 via below-title+container)
2026-06-30 22:28:34 | INFO | URL Pattern: /acesso-a-informacao/receitas-e-despesas/receitas
2026-06-30 22:28:34 | INFO | Page catalog complete: /workspace/catalog/.pages/araucarianitrogenados_com_br_acesso-a-informacao_receitas-e-despesas_receitas--58c9b1c3/page-catalog.json
2026-06-30 22:28:34 | INFO | SUCCESS: https://araucarianitrogenados.com.br/acesso-a-informacao/receitas-e-despesas/receitas
2026-06-30 22:28:34 | INFO | PROGRESS: 50/60 analyzed (83% checklist complete) | 50 ok, 0 failed, 0 skipped | ~3 min remaining
2026-06-30 22:28:36 | INFO | [55/60] Processing: https://araucarianitrogenados.com.br/institucional/licitacoes-contratos-e-aquisicao-de-bens
2026-06-30 22:28:36 | INFO | Generated slug: araucarianitrogenados_com_br_institucional_licitacoes-contratos-e-aquisicao-de-bens--68e745e3
2026-06-30 22:28:36 | INFO | Starting analysis: https://araucarianitrogenados.com.br/institucional/licitacoes-contratos-e-aquisicao-de-bens -> /workspace/catalog/.pages/araucarianitrogenados_com_br_institucional_licitacoes-contratos-e-aquisicao-de-bens--68e745e3
2026-06-30 22:28:36 | INFO | Loading: https://araucarianitrogenados.com.br/institucional/licitacoes-contratos-e-aquisicao-de-bens
2026-06-30 22:28:37 | INFO | Phase 0A: Triggering lazy-loaded content...
2026-06-30 22:28:39 | INFO | Lazy-load scroll complete
2026-06-30 22:28:39 | INFO | Phase 0B: Cleaning up overlays...
2026-06-30 22:28:40 | INFO | Phase 0A: Triggering lazy-loaded content...
2026-06-30 22:28:42 | INFO | Lazy-load scroll complete
2026-06-30 22:28:42 | INFO | Phase 0B: Cleaning up overlays...
2026-06-30 22:29:09 | INFO | Removed 3 elements: overlay, popup
📐 Detecting header/footer for this page...
2026-06-30 22:29:09 | INFO | Template - Reused saved footer selector on current page
2026-06-30 22:29:09 | INFO | Header: complex complexity, 3 features
2026-06-30 22:29:09 | INFO | Footer: simple complexity, 0 features
2026-06-30 22:29:09 | INFO | Phase 2: Identifying main content area...
2026-06-30 22:29:09 | INFO | Main content: #main-content
2026-06-30 22:29:09 | INFO | Phase 3: Detecting blocks...
2026-06-30 22:29:09 | INFO | Phase 4: Capturing block screenshots...
2026-06-30 22:29:09 | INFO | Removed 3 elements: overlay, popup
📐 Detecting header/footer for this page...
2026-06-30 22:29:09 | INFO | Template - Reused saved footer selector on current page
2026-06-30 22:29:09 | INFO | Header: complex complexity, 3 features
2026-06-30 22:29:09 | INFO | Footer: simple complexity, 0 features
2026-06-30 22:29:09 | INFO | Phase 2: Identifying main content area...
2026-06-30 22:29:09 | INFO | Main content: #main-content
2026-06-30 22:29:09 | INFO | Phase 3: Detecting blocks...
2026-06-30 22:29:09 | INFO | Phase 4: Capturing block screenshots...
2026-06-30 22:29:10 | INFO | Captured 2 block screenshots
2026-06-30 22:29:10 | INFO | Detected 2 blocks
2026-06-30 22:29:10 | INFO | Generating fingerprints for template discovery...
2026-06-30 22:29:10 | INFO | Captured 1 block screenshots
2026-06-30 22:29:10 | INFO | Detected 1 blocks
2026-06-30 22:29:10 | INFO | Generating fingerprints for template discovery...
2026-06-30 22:29:12 | INFO |    Top-section: 5 rows via title+container
2026-06-30 22:29:12 | INFO |    Body start: y=125 (start row 5 via below-title+container)
2026-06-30 22:29:12 | INFO | URL Pattern: /acesso-a-informacao/servico-de-informacao-ao-cidadao-sic/balcoes-de-atendimento
2026-06-30 22:29:12 | INFO | Page catalog complete: /workspace/catalog/.pages/araucarianitrogenados_com_br_acesso-a-informacao_servico-de-informacao-ao-cidadao-sic_balcoes-de-atendimento--1ce2a4ca/page-catalog.json
2026-06-30 22:29:12 | INFO | SUCCESS: https://araucarianitrogenados.com.br/acesso-a-informacao/servico-de-informacao-ao-cidadao-sic/balcoes-de-atendimento
2026-06-30 22:29:12 | INFO | Removed 3 elements: overlay, popup
📐 Detecting header/footer for this page...
2026-06-30 22:29:12 | INFO | Template - Reused saved header selector on current page
2026-06-30 22:29:12 | INFO | Template - Reused saved footer selector on current page
2026-06-30 22:29:12 | INFO | Header: complex complexity, 3 features
2026-06-30 22:29:12 | INFO | Footer: simple complexity, 0 features
2026-06-30 22:29:12 | INFO | Phase 2: Identifying main content area...
2026-06-30 22:29:12 | INFO | Main content: #main-content
2026-06-30 22:29:12 | INFO | Phase 3: Detecting blocks...
2026-06-30 22:29:12 | INFO | Phase 4: Capturing block screenshots...
2026-06-30 22:29:12 | INFO |    Top-section: 5 rows via title+container
2026-06-30 22:29:12 | INFO |    Body start: y=125 (start row 5 via below-title+container)
2026-06-30 22:29:12 | INFO | URL Pattern: /acesso-a-informacao/servico-de-informacao-ao-cidadao-sic/estatisticas-do-sic
2026-06-30 22:29:12 | INFO | Page catalog complete: /workspace/catalog/.pages/araucarianitrogenados_com_br_acesso-a-informacao_servico-de-informacao-ao-cidadao-sic_estatisticas-do-sic--6229c834/page-catalog.json
2026-06-30 22:29:12 | INFO | SUCCESS: https://araucarianitrogenados.com.br/acesso-a-informacao/servico-de-informacao-ao-cidadao-sic/estatisticas-do-sic
2026-06-30 22:29:13 | INFO | Captured 7 block screenshots
2026-06-30 22:29:13 | INFO | Detected 7 blocks
2026-06-30 22:29:13 | INFO | Generating fingerprints for template discovery...
2026-06-30 22:29:13 | INFO | [56/60] Processing: https://araucarianitrogenados.com.br/institucional/orgaos-estatutarios
2026-06-30 22:29:13 | INFO | Generated slug: araucarianitrogenados_com_br_institucional_orgaos-estatutarios--4138a81c
2026-06-30 22:29:13 | INFO | Starting analysis: https://araucarianitrogenados.com.br/institucional/orgaos-estatutarios -> /workspace/catalog/.pages/araucarianitrogenados_com_br_institucional_orgaos-estatutarios--4138a81c
2026-06-30 22:29:13 | INFO | Loading: https://araucarianitrogenados.com.br/institucional/orgaos-estatutarios
2026-06-30 22:29:14 | INFO | [57/60] Processing: https://araucarianitrogenados.com.br/institucional/relatorios-anuais-e-informacoes-financeiras
2026-06-30 22:29:14 | INFO | Generated slug: araucarianitrogenados_com_br_institucional_relatorios-anuais-e-informacoes-financeiras--40686108
2026-06-30 22:29:14 | INFO | Starting analysis: https://araucarianitrogenados.com.br/institucional/relatorios-anuais-e-informacoes-financeiras -> /workspace/catalog/.pages/araucarianitrogenados_com_br_institucional_relatorios-anuais-e-informacoes-financeiras--40686108
2026-06-30 22:29:14 | INFO | Loading: https://araucarianitrogenados.com.br/institucional/relatorios-anuais-e-informacoes-financeiras
2026-06-30 22:29:15 | INFO |    Top-section: 7 rows via title+container
2026-06-30 22:29:15 | INFO |    Body start: y=175 (start row 7 via below-title+container)
2026-06-30 22:29:15 | INFO | URL Pattern: /institucional
2026-06-30 22:29:15 | INFO | Page catalog complete: /workspace/catalog/.pages/araucarianitrogenados_com_br_institucional--38b958b0/page-catalog.json
2026-06-30 22:29:15 | INFO | SUCCESS: https://araucarianitrogenados.com.br/institucional
2026-06-30 22:29:17 | INFO | [58/60] Processing: https://araucarianitrogenados.com.br/cartas-de-governanca-e-politicas-publicas
2026-06-30 22:29:17 | INFO | Generated slug: araucarianitrogenados_com_br_cartas-de-governanca-e-politicas-publicas--5b7fb70e
2026-06-30 22:29:17 | INFO | Starting analysis: https://araucarianitrogenados.com.br/cartas-de-governanca-e-politicas-publicas -> /workspace/catalog/.pages/araucarianitrogenados_com_br_cartas-de-governanca-e-politicas-publicas--5b7fb70e
2026-06-30 22:29:17 | INFO | Loading: https://araucarianitrogenados.com.br/cartas-de-governanca-e-politicas-publicas
2026-06-30 22:29:19 | INFO | Phase 0A: Triggering lazy-loaded content...
2026-06-30 22:29:21 | INFO | Lazy-load scroll complete
2026-06-30 22:29:21 | INFO | Phase 0B: Cleaning up overlays...
2026-06-30 22:29:21 | INFO | Phase 0A: Triggering lazy-loaded content...
2026-06-30 22:29:22 | INFO | Lazy-load scroll complete
2026-06-30 22:29:22 | INFO | Phase 0B: Cleaning up overlays...
2026-06-30 22:29:25 | INFO | Phase 0A: Triggering lazy-loaded content...
2026-06-30 22:29:27 | INFO | Lazy-load scroll complete
2026-06-30 22:29:27 | INFO | Phase 0B: Cleaning up overlays...
2026-06-30 22:29:40 | INFO | Removed 3 elements: overlay, popup
📐 Detecting header/footer for this page...
2026-06-30 22:29:40 | INFO | Template - Reused saved header selector on current page
2026-06-30 22:29:40 | INFO | Template - Reused saved footer selector on current page
2026-06-30 22:29:40 | INFO | Header: complex complexity, 3 features
2026-06-30 22:29:40 | INFO | Footer: simple complexity, 0 features
2026-06-30 22:29:40 | INFO | Phase 2: Identifying main content area...
2026-06-30 22:29:40 | INFO | Main content: #main-content
2026-06-30 22:29:40 | INFO | Phase 3: Detecting blocks...
2026-06-30 22:29:40 | INFO | Phase 4: Capturing block screenshots...
2026-06-30 22:29:41 | INFO | Captured 4 block screenshots
2026-06-30 22:29:41 | INFO | Detected 4 blocks
2026-06-30 22:29:41 | INFO | Generating fingerprints for template discovery...
2026-06-30 22:29:43 | INFO | Removed 3 elements: overlay, popup
📐 Detecting header/footer for this page...
2026-06-30 22:29:43 | INFO | Template - Reused saved header selector on current page
2026-06-30 22:29:43 | INFO | Template - Reused saved footer selector on current page
2026-06-30 22:29:43 | INFO | Header: complex complexity, 3 features
2026-06-30 22:29:43 | INFO | Footer: simple complexity, 0 features
2026-06-30 22:29:43 | INFO | Phase 2: Identifying main content area...
2026-06-30 22:29:43 | INFO | Main content: #main-content
2026-06-30 22:29:43 | INFO | Phase 3: Detecting blocks...
2026-06-30 22:29:43 | INFO | Phase 4: Capturing block screenshots...
2026-06-30 22:29:43 | INFO |    Top-section: 7 rows via title+container
2026-06-30 22:29:43 | INFO |    Body start: y=175 (start row 7 via below-title+container)
2026-06-30 22:29:43 | INFO | URL Pattern: /institucional/auditoria
2026-06-30 22:29:43 | INFO | Page catalog complete: /workspace/catalog/.pages/araucarianitrogenados_com_br_institucional_auditoria--e5d8f0c4/page-catalog.json
2026-06-30 22:29:43 | INFO | SUCCESS: https://araucarianitrogenados.com.br/institucional/auditoria
2026-06-30 22:29:44 | INFO | Captured 4 block screenshots
2026-06-30 22:29:44 | INFO | Detected 4 blocks
2026-06-30 22:29:44 | INFO | Generating fingerprints for template discovery...
2026-06-30 22:29:45 | INFO | [59/60] Processing: https://araucarianitrogenados.com.br/demonstrativos-de-quadro-de-pessoal-e-acordos-coletivos
2026-06-30 22:29:45 | INFO | Generated slug: araucarianitrogenados_com_br_demonstrativos-de-quadro-de-pessoal-e-acordos-coletivos--a014367c
2026-06-30 22:29:45 | INFO | Starting analysis: https://araucarianitrogenados.com.br/demonstrativos-de-quadro-de-pessoal-e-acordos-coletivos -> /workspace/catalog/.pages/araucarianitrogenados_com_br_demonstrativos-de-quadro-de-pessoal-e-acordos-coletivos--a014367c
2026-06-30 22:29:45 | INFO | Loading: https://araucarianitrogenados.com.br/demonstrativos-de-quadro-de-pessoal-e-acordos-coletivos
2026-06-30 22:29:46 | INFO |    Top-section: 9 rows via title+container
2026-06-30 22:29:46 | INFO |    Body start: y=225 (start row 9 via below-title+container)
2026-06-30 22:29:46 | INFO | URL Pattern: /institucional/licitacoes-contratos-e-aquisicao-de-bens
2026-06-30 22:29:46 | INFO | Page catalog complete: /workspace/catalog/.pages/araucarianitrogenados_com_br_institucional_licitacoes-contratos-e-aquisicao-de-bens--68e745e3/page-catalog.json
2026-06-30 22:29:46 | INFO | SUCCESS: https://araucarianitrogenados.com.br/institucional/licitacoes-contratos-e-aquisicao-de-bens
2026-06-30 22:29:46 | INFO | PROGRESS: 55/60 analyzed (92% checklist complete) | 55 ok, 0 failed, 0 skipped | ~2 min remaining
2026-06-30 22:29:48 | INFO | [60/60] Processing: https://araucarianitrogenados.com.br/outras-informacoes
2026-06-30 22:29:48 | INFO | Generated slug: araucarianitrogenados_com_br_outras-informacoes--e39dfff1
2026-06-30 22:29:48 | INFO | Starting analysis: https://araucarianitrogenados.com.br/outras-informacoes -> /workspace/catalog/.pages/araucarianitrogenados_com_br_outras-informacoes--e39dfff1
2026-06-30 22:29:48 | INFO | Loading: https://araucarianitrogenados.com.br/outras-informacoes
2026-06-30 22:29:48 | INFO | Phase 0A: Triggering lazy-loaded content...
2026-06-30 22:29:50 | INFO | Lazy-load scroll complete
2026-06-30 22:29:50 | INFO | Phase 0B: Cleaning up overlays...
2026-06-30 22:29:51 | INFO | Phase 0A: Triggering lazy-loaded content...
2026-06-30 22:29:53 | INFO | Lazy-load scroll complete
2026-06-30 22:29:53 | INFO | Phase 0B: Cleaning up overlays...
2026-06-30 22:30:22 | INFO | Removed 3 elements: overlay, popup
📐 Detecting header/footer for this page...
2026-06-30 22:30:22 | INFO | Template - Reused saved header selector on current page
2026-06-30 22:30:22 | INFO | Template - Reused saved footer selector on current page
2026-06-30 22:30:22 | INFO | Header: complex complexity, 3 features
2026-06-30 22:30:22 | INFO | Footer: simple complexity, 0 features
2026-06-30 22:30:22 | INFO | Phase 2: Identifying main content area...
2026-06-30 22:30:22 | INFO | Main content: #main-content
2026-06-30 22:30:22 | INFO | Phase 3: Detecting blocks...
2026-06-30 22:30:22 | INFO | Phase 4: Capturing block screenshots...
2026-06-30 22:30:23 | INFO | Captured 7 block screenshots
2026-06-30 22:30:23 | INFO | Detected 7 blocks
2026-06-30 22:30:23 | INFO | Generating fingerprints for template discovery...
2026-06-30 22:30:24 | INFO | Removed 3 elements: overlay, popup
📐 Detecting header/footer for this page...
2026-06-30 22:30:24 | INFO | Template - Reused saved header selector on current page
2026-06-30 22:30:24 | INFO | Template - Reused saved footer selector on current page
2026-06-30 22:30:24 | INFO | Header: complex complexity, 3 features
2026-06-30 22:30:24 | INFO | Footer: simple complexity, 0 features
2026-06-30 22:30:24 | INFO | Phase 2: Identifying main content area...
2026-06-30 22:30:24 | INFO | Main content: #main-content
2026-06-30 22:30:24 | INFO | Phase 3: Detecting blocks...
2026-06-30 22:30:24 | INFO | Phase 4: Capturing block screenshots...
2026-06-30 22:30:25 | INFO | Captured 6 block screenshots
2026-06-30 22:30:25 | INFO | Detected 6 blocks
2026-06-30 22:30:25 | INFO | Generating fingerprints for template discovery...
2026-06-30 22:30:25 | INFO |    Top-section: 9 rows via title+container
2026-06-30 22:30:25 | INFO |    Body start: y=225 (start row 9 via below-title+container)
2026-06-30 22:30:25 | INFO | URL Pattern: /institucional/relatorios-anuais-e-informacoes-financeiras
2026-06-30 22:30:25 | INFO | Page catalog complete: /workspace/catalog/.pages/araucarianitrogenados_com_br_institucional_relatorios-anuais-e-informacoes-financeiras--40686108/page-catalog.json
2026-06-30 22:30:25 | INFO | SUCCESS: https://araucarianitrogenados.com.br/institucional/relatorios-anuais-e-informacoes-financeiras
2026-06-30 22:30:27 | INFO |    Top-section: 8 rows via title+container
2026-06-30 22:30:27 | INFO |    Body start: y=200 (start row 8 via below-title+container)
2026-06-30 22:30:27 | INFO | URL Pattern: /cartas-de-governanca-e-politicas-publicas
2026-06-30 22:30:27 | INFO | Page catalog complete: /workspace/catalog/.pages/araucarianitrogenados_com_br_cartas-de-governanca-e-politicas-publicas--5b7fb70e/page-catalog.json
2026-06-30 22:30:27 | INFO | SUCCESS: https://araucarianitrogenados.com.br/cartas-de-governanca-e-politicas-publicas
2026-06-30 22:30:27 | INFO | Worker 2 finished
2026-06-30 22:30:28 | INFO | Removed 3 elements: overlay, popup
📐 Detecting header/footer for this page...
2026-06-30 22:30:28 | INFO | Template - Reused saved header selector on current page
2026-06-30 22:30:28 | INFO | Template - Reused saved footer selector on current page
2026-06-30 22:30:28 | INFO | Header: complex complexity, 3 features
2026-06-30 22:30:28 | INFO | Footer: simple complexity, 0 features
2026-06-30 22:30:28 | INFO | Phase 2: Identifying main content area...
2026-06-30 22:30:28 | INFO | Main content: #main-content
2026-06-30 22:30:28 | INFO | Phase 3: Detecting blocks...
2026-06-30 22:30:28 | INFO | Phase 4: Capturing block screenshots...
2026-06-30 22:30:29 | INFO | Worker 3 finished
2026-06-30 22:30:29 | INFO | Captured 7 block screenshots
2026-06-30 22:30:29 | INFO | Detected 7 blocks
2026-06-30 22:30:29 | INFO | Generating fingerprints for template discovery...
2026-06-30 22:30:32 | INFO |    Top-section: 7 rows via title+container
2026-06-30 22:30:32 | INFO |    Body start: y=175 (start row 7 via below-title+container)
2026-06-30 22:30:32 | INFO | URL Pattern: /institucional/orgaos-estatutarios
2026-06-30 22:30:32 | INFO | Page catalog complete: /workspace/catalog/.pages/araucarianitrogenados_com_br_institucional_orgaos-estatutarios--4138a81c/page-catalog.json
2026-06-30 22:30:32 | INFO | SUCCESS: https://araucarianitrogenados.com.br/institucional/orgaos-estatutarios
2026-06-30 22:30:33 | INFO | Worker 0 finished
2026-06-30 22:30:51 | INFO | Removed 3 elements: overlay, popup
📐 Detecting header/footer for this page...
2026-06-30 22:30:51 | INFO | Template - Reused saved header selector on current page
2026-06-30 22:30:51 | INFO | Template - Reused saved footer selector on current page
2026-06-30 22:30:51 | INFO | Header: complex complexity, 3 features
2026-06-30 22:30:51 | INFO | Footer: simple complexity, 0 features
2026-06-30 22:30:51 | INFO | Phase 2: Identifying main content area...
2026-06-30 22:30:51 | INFO | Main content: #main-content
2026-06-30 22:30:51 | INFO | Phase 3: Detecting blocks...
2026-06-30 22:30:51 | INFO | Phase 4: Capturing block screenshots...
2026-06-30 22:30:52 | INFO | Captured 4 block screenshots
2026-06-30 22:30:52 | INFO | Detected 4 blocks
2026-06-30 22:30:52 | INFO | Generating fingerprints for template discovery...
2026-06-30 22:30:54 | INFO | Removed 3 elements: overlay, popup
📐 Detecting header/footer for this page...
2026-06-30 22:30:54 | INFO |    Top-section: 8 rows via title+container
2026-06-30 22:30:54 | INFO |    Body start: y=200 (start row 8 via below-title+container)
2026-06-30 22:30:54 | INFO | URL Pattern: /demonstrativos-de-quadro-de-pessoal-e-acordos-coletivos
2026-06-30 22:30:54 | INFO | Page catalog complete: /workspace/catalog/.pages/araucarianitrogenados_com_br_demonstrativos-de-quadro-de-pessoal-e-acordos-coletivos--a014367c/page-catalog.json
2026-06-30 22:30:54 | INFO | Template - Reused saved header selector on current page
2026-06-30 22:30:54 | INFO | Template - Reused saved footer selector on current page
2026-06-30 22:30:54 | INFO | Header: complex complexity, 3 features
2026-06-30 22:30:54 | INFO | Footer: simple complexity, 0 features
2026-06-30 22:30:54 | INFO | Phase 2: Identifying main content area...
2026-06-30 22:30:54 | INFO | Main content: #main-content
2026-06-30 22:30:54 | INFO | SUCCESS: https://araucarianitrogenados.com.br/demonstrativos-de-quadro-de-pessoal-e-acordos-coletivos
2026-06-30 22:30:54 | INFO | Phase 3: Detecting blocks...
2026-06-30 22:30:54 | INFO | Phase 4: Capturing block screenshots...
2026-06-30 22:30:55 | INFO | Captured 5 block screenshots
2026-06-30 22:30:55 | INFO | Detected 5 blocks
2026-06-30 22:30:55 | INFO | Generating fingerprints for template discovery...
2026-06-30 22:30:56 | INFO | Worker 1 finished
2026-06-30 22:30:58 | INFO |    Top-section: 7 rows via title+container
2026-06-30 22:30:58 | INFO |    Body start: y=175 (start row 7 via below-title+container)
2026-06-30 22:30:58 | INFO | URL Pattern: /outras-informacoes
2026-06-30 22:30:58 | INFO | Page catalog complete: /workspace/catalog/.pages/araucarianitrogenados_com_br_outras-informacoes--e39dfff1/page-catalog.json
2026-06-30 22:30:58 | INFO | SUCCESS: https://araucarianitrogenados.com.br/outras-informacoes
2026-06-30 22:30:58 | INFO | PROGRESS: 60/60 analyzed (100% checklist complete) | 60 ok, 0 failed, 0 skipped | ~0 min remaining
2026-06-30 22:30:58 | INFO | Worker 4 finished
2026-06-30 22:30:58 | INFO | PROGRESS: 60/60 analyzed (100% checklist complete) | 60 ok, 0 failed, 0 skipped | ~0 min remaining
2026-06-30 22:30:58 | INFO | ================================================================================
2026-06-30 22:30:58 | INFO | BATCH ANALYSIS COMPLETED
2026-06-30 22:30:58 | INFO | ================================================================================
2026-06-30 22:30:58 | INFO | Total URLs: 60
2026-06-30 22:30:58 | INFO | Attempt successes: 60
2026-06-30 22:30:58 | INFO | Attempt failures: 0
2026-06-30 22:30:58 | INFO | Skipped: 0
2026-06-30 22:30:58 | INFO | Checklist final status: 60 analyzed, 0 failed, 0 marked
2026-06-30 22:30:58 | INFO | Workers: 5
2026-06-30 22:30:58 | INFO | ================================================================================
2026-06-30 22:30:58 | INFO | Session state: ANALYZING → TEMPLATING
2026-06-30T22:31:27.112Z | INFO | Consolidating fingerprints from page catalogs...
2026-06-30T22:31:27.129Z | INFO | consolidate-fingerprints - Consolidated 60 fingerprints
2026-06-30 22:31:41 | INFO | Agent 4 Started - Catalog blocks with similarity
2026-06-30 22:31:41 | INFO | Agent 4 Progress - Starting representative pass with 10 page(s) and 47 block occurrence(s)
2026-06-30 22:31:41 | INFO | Agent 4 Progress - representative: 10/10 page(s), 47/47 block occurrence(s), 19 unique signatures, 20 variants (18 new, 29 reused)
2026-06-30 22:31:41 | INFO | Agent 4 Progress - Starting backfill pass with 50 page(s) and 129 block occurrence(s)
2026-06-30 22:31:41 | INFO | Agent 4 Progress - backfill: 25/50 page(s), 57/129 block occurrence(s), 19 unique signatures, 20 variants (18 new, 86 reused)
2026-06-30 22:31:41 | INFO | Agent 4 Progress - backfill: 50/50 page(s), 129/129 block occurrence(s), 22 unique signatures, 23 variants (21 new, 155 reused)
2026-06-30 22:31:41 | INFO | Agent 4 Completed - Cataloged 23 block variants (21 new, 155 reused)
2026-06-30 22:31:41 | INFO | Agent 2 Started - Generate summary.json
2026-06-30 22:31:41 | INFO | Session state set to INACTIVE
2026-06-30 22:31:41 | INFO | Agent 2 Completed - Summary generated successfully
