2026-06-30 21:27:39 | INFO | Setting up catalog project for: https://termoba.com.br/
2026-06-30 21:27:39 | INFO | Project root: /workspace
2026-06-30 21:27:39 | INFO | Creating catalog folder: /workspace/catalog
2026-06-30 21:27:39 | INFO | Plugin root: /home/node/.excat-marketplaces/excat-marketplace/excat
2026-06-30 21:27:39 | INFO | Config file created: /workspace/catalog/.catalog-config.json
2026-06-30 21:27:39 | INFO | Log file initialized: /workspace/catalog/catalog.log
2026-06-30 21:27:39 | INFO | Session initialized: DISCOVERY
2026-06-30 21:27:39 | INFO | Catalog project setup complete
2026-06-30 21:27:39 | INFO | Catalog folder: /workspace/catalog
2026-06-30 21:27:39 | INFO | Config file: /workspace/catalog/.catalog-config.json
2026-06-30 21:27:39 | INFO | Log file: /workspace/catalog/catalog.log
2026-06-30 21:27:39 | INFO | Session: /workspace/catalog/.catalog_session (DISCOVERY)
2026-06-30 21:28:16 | INFO | Creating sample URLs...
2026-06-30 21:28:16 | INFO | Total URLs in grouped data: 60
2026-06-30 21:28:16 | INFO | Total URLs (60) <= 1000, using ALL URLs
2026-06-30 21:28:16 | INFO | Created urls-sample.json with 60 URLs
2026-06-30 21:28:16 | INFO | Validating urls-sample.json against schema...
✅ VALIDATION PASSED: urls-sample.json matches schema
2026-06-30 21:28:16 | INFO | Schema validation passed
2026-06-30 21:28:16 | INFO | Sample creation complete - urls-sample.json with 60 URLs
2026-06-30 21:28:16 | INFO | Checklist not found, looking for URLs source file...
2026-06-30 21:28:16 | INFO | Validating urls-sample.json against urls-sample.schema.json...
✅ VALIDATION PASSED: urls-sample.json matches schema
2026-06-30 21:28:16 | INFO | Creating checklist from: /workspace/catalog/urls-sample.json
2026-06-30 21:28:16 | INFO | Created urls-checklist.json with 60 URLs
2026-06-30 21:28:16 | INFO | Session state: ANALYZING
2026-06-30 21:28:16 | INFO | ================================================================================
2026-06-30 21:28:16 | INFO | BATCH ANALYSIS STARTED
2026-06-30 21:28:16 | INFO | Catalog: /workspace/catalog
2026-06-30 21:28:16 | INFO | Delay: 1500ms between requests
2026-06-30 21:28:16 | INFO | Workers: 5
2026-06-30 21:28:16 | INFO | Identity profiles: 13 available (workers cycle through them deterministically)
2026-06-30 21:28:16 | INFO | Scheduling: shared queue; each worker pulls the next pending URL as soon as it finishes.
2026-06-30 21:28:16 | INFO | Adaptive backoff: enabled (bot/WAF detection reduces active workers before aborting)
2026-06-30 21:28:16 | INFO | ================================================================================
2026-06-30 21:28:16 | INFO | Found 60 URLs to process (5 workers)
2026-06-30 21:28:16 | INFO | AGENT_RELAY: Share ETA and PROGRESS/HEARTBEAT lines with the user at least every 60 seconds.
2026-06-30 21:28:16 | INFO | Created .pages directory: /workspace/catalog/.pages
2026-06-30 21:28:16 | INFO | Pages to analyze: 60
2026-06-30 21:28:16 | INFO | Processing speed baseline: ~50 pages/minute (5 workers)
2026-06-30 21:28:16 | INFO | Estimated analysis time: ~2 min
2026-06-30 21:28:16 | INFO | Worker 0 started (profile 0: Windows)
2026-06-30 21:28:16 | INFO | Launching stealth browser...
2026-06-30 21:28:16 | INFO | [1/60] Processing: https://termoba.com.br/
2026-06-30 21:28:16 | INFO | Generated slug: termoba_com_br--ce5ea398
2026-06-30 21:28:16 | INFO | Starting analysis: https://termoba.com.br/ -> /workspace/catalog/.pages/termoba_com_br--ce5ea398
2026-06-30 21:28:16 | INFO | Loading: https://termoba.com.br/
2026-06-30 21:28:18 | INFO | Worker 1 started (profile 1: Windows)
2026-06-30 21:28:18 | INFO | Launching stealth browser...
2026-06-30 21:28:18 | INFO | [2/60] Processing: https://termoba.com.br/acesso-a-informacao
2026-06-30 21:28:18 | INFO | Generated slug: termoba_com_br_acesso-a-informacao--1a8946ff
2026-06-30 21:28:18 | INFO | Starting analysis: https://termoba.com.br/acesso-a-informacao -> /workspace/catalog/.pages/termoba_com_br_acesso-a-informacao--1a8946ff
2026-06-30 21:28:18 | INFO | Loading: https://termoba.com.br/acesso-a-informacao
2026-06-30 21:28:19 | INFO | Worker 2 started (profile 2: Windows)
2026-06-30 21:28:19 | INFO | Launching stealth browser...
2026-06-30 21:28:19 | INFO | [3/60] Processing: https://termoba.com.br/acesso-a-informacao/acoes-e-programas
2026-06-30 21:28:19 | INFO | Generated slug: termoba_com_br_acesso-a-informacao_acoes-e-programas--376ae200
2026-06-30 21:28:19 | INFO | Starting analysis: https://termoba.com.br/acesso-a-informacao/acoes-e-programas -> /workspace/catalog/.pages/termoba_com_br_acesso-a-informacao_acoes-e-programas--376ae200
2026-06-30 21:28:19 | INFO | Loading: https://termoba.com.br/acesso-a-informacao/acoes-e-programas
2026-06-30 21:28:21 | INFO | Worker 3 started (profile 3: Windows)
2026-06-30 21:28:21 | INFO | Launching stealth browser...
2026-06-30 21:28:21 | INFO | [4/60] Processing: https://termoba.com.br/acesso-a-informacao/auditorias
2026-06-30 21:28:21 | INFO | Generated slug: termoba_com_br_acesso-a-informacao_auditorias--2a4f5c99
2026-06-30 21:28:21 | INFO | Starting analysis: https://termoba.com.br/acesso-a-informacao/auditorias -> /workspace/catalog/.pages/termoba_com_br_acesso-a-informacao_auditorias--2a4f5c99
2026-06-30 21:28:21 | INFO | Loading: https://termoba.com.br/acesso-a-informacao/auditorias
2026-06-30 21:28:22 | INFO | Worker 4 started (profile 4: macOS)
2026-06-30 21:28:22 | INFO | Launching stealth browser...
2026-06-30 21:28:22 | INFO | [5/60] Processing: https://termoba.com.br/acesso-a-informacao/convenios-e-transferencias
2026-06-30 21:28:22 | INFO | Generated slug: termoba_com_br_acesso-a-informacao_convenios-e-transferencias--8c7a688d
2026-06-30 21:28:22 | INFO | Starting analysis: https://termoba.com.br/acesso-a-informacao/convenios-e-transferencias -> /workspace/catalog/.pages/termoba_com_br_acesso-a-informacao_convenios-e-transferencias--8c7a688d
2026-06-30 21:28:22 | INFO | Loading: https://termoba.com.br/acesso-a-informacao/convenios-e-transferencias
2026-06-30 21:28:23 | INFO | Phase 0A: Triggering lazy-loaded content...
2026-06-30 21:28:24 | INFO | Phase 0A: Triggering lazy-loaded content...
2026-06-30 21:28:25 | INFO | Phase 0A: Triggering lazy-loaded content...
2026-06-30 21:28:25 | INFO | Lazy-load scroll complete
2026-06-30 21:28:25 | INFO | Phase 0B: Cleaning up overlays...
2026-06-30 21:28:26 | INFO | Lazy-load scroll complete
2026-06-30 21:28:26 | INFO | Phase 0B: Cleaning up overlays...
2026-06-30 21:28:27 | INFO | Lazy-load scroll complete
2026-06-30 21:28:27 | INFO | Phase 0B: Cleaning up overlays...
2026-06-30 21:28:27 | INFO | Phase 0A: Triggering lazy-loaded content...
2026-06-30 21:28:28 | INFO | Phase 0A: Triggering lazy-loaded content...
2026-06-30 21:28:28 | INFO | Lazy-load scroll complete
2026-06-30 21:28:28 | INFO | Phase 0B: Cleaning up overlays...
2026-06-30 21:28:30 | INFO | Lazy-load scroll complete
2026-06-30 21:28:30 | INFO | Phase 0B: Cleaning up overlays...
2026-06-30 21:29:27 | INFO | Removed 3 elements: overlay, popup
📐 Detecting header/footer for this page...
2026-06-30 21:29:27 | INFO | Removed 3 elements: overlay, popup
📐 Detecting header/footer for this page...
2026-06-30 21:29:27 | INFO | Header: complex complexity, 3 features
2026-06-30 21:29:27 | INFO | Footer: simple complexity, 0 features
2026-06-30 21:29:27 | INFO | Phase 2: Identifying main content area...
2026-06-30 21:29:27 | INFO | Main content: #main-content
   ✅ Saved global header: div.lfr-layout-structure-item-top-menu---empresas.lfr-layout-structure-item-eb47e215-41bd-9837-d3bf-3c048eb74887
   ✅ Saved global footer: #ec-footer
2026-06-30 21:29:27 | INFO | Header: complex complexity, 3 features
2026-06-30 21:29:27 | INFO | Footer: simple complexity, 0 features
2026-06-30 21:29:27 | INFO | Phase 2: Identifying main content area...
2026-06-30 21:29:27 | INFO | Main content: #main-content
2026-06-30 21:29:27 | INFO | Phase 3: Detecting blocks...
2026-06-30 21:29:27 | WARNING | Blocks - 50% of blocks are unknown - site uses non-EDS patterns
2026-06-30 21:29:27 | INFO | Phase 4: Capturing block screenshots...
2026-06-30 21:29:27 | INFO | Phase 3: Detecting blocks...
2026-06-30 21:29:27 | INFO | Phase 4: Capturing block screenshots...
2026-06-30 21:29:28 | INFO | Captured 4 block screenshots
2026-06-30 21:29:28 | INFO | Detected 4 blocks
2026-06-30 21:29:28 | INFO | Generating fingerprints for template discovery...
2026-06-30 21:29:28 | INFO | Removed 3 elements: overlay, popup
📐 Detecting header/footer for this page...
2026-06-30 21:29:28 | INFO | Template - Reused saved footer selector on current page
2026-06-30 21:29:28 | INFO | Header: complex complexity, 3 features
2026-06-30 21:29:28 | INFO | Footer: simple complexity, 0 features
2026-06-30 21:29:28 | INFO | Phase 2: Identifying main content area...
2026-06-30 21:29:28 | INFO | Main content: #main-content
2026-06-30 21:29:28 | INFO | Phase 3: Detecting blocks...
2026-06-30 21:29:28 | INFO | Phase 4: Capturing block screenshots...
2026-06-30 21:29:29 | INFO | Captured 2 block screenshots
2026-06-30 21:29:29 | INFO | Detected 2 blocks
2026-06-30 21:29:29 | INFO | Generating fingerprints for template discovery...
2026-06-30 21:29:29 | INFO | Captured 2 block screenshots
2026-06-30 21:29:29 | INFO | Detected 2 blocks
2026-06-30 21:29:29 | INFO | Generating fingerprints for template discovery...
2026-06-30 21:29:30 | INFO | Removed 3 elements: overlay, popup
📐 Detecting header/footer for this page...
2026-06-30 21:29:30 | INFO | Template - Reused saved footer selector on current page
2026-06-30 21:29:30 | INFO | Header: complex complexity, 3 features
2026-06-30 21:29:30 | INFO | Footer: simple complexity, 0 features
2026-06-30 21:29:30 | INFO | Phase 2: Identifying main content area...
2026-06-30 21:29:30 | INFO | Main content: #main-content
2026-06-30 21:29:30 | INFO | Phase 3: Detecting blocks...
2026-06-30 21:29:30 | INFO | Phase 4: Capturing block screenshots...
2026-06-30 21:29:30 | INFO |    Top-section: 7 rows via title+container
2026-06-30 21:29:30 | INFO |    Body start: y=175 (start row 7 via below-title+container)
2026-06-30 21:29:30 | INFO | URL Pattern: /acesso-a-informacao
2026-06-30 21:29:30 | INFO | Page catalog complete: /workspace/catalog/.pages/termoba_com_br_acesso-a-informacao--1a8946ff/page-catalog.json
2026-06-30 21:29:30 | INFO | SUCCESS: https://termoba.com.br/acesso-a-informacao
2026-06-30 21:29:30 | INFO | Created header-global metadata (selector: div.lfr-layout-structure-item-top-menu---empresas.lfr-layout-structure-item-eb47e215-41bd-9837-d3bf-3c048eb74887)
2026-06-30 21:29:30 | INFO | Created footer-global metadata (selector: #ec-footer)
2026-06-30 21:29:30 | INFO | Captured 2 block screenshots
2026-06-30 21:29:30 | INFO | Detected 2 blocks
2026-06-30 21:29:30 | INFO | Generating fingerprints for template discovery...
2026-06-30 21:29:31 | INFO | Removed 3 elements: overlay, popup
📐 Detecting header/footer for this page...
2026-06-30 21:29:31 | INFO | Template - Reused saved footer selector on current page
2026-06-30 21:29:31 | INFO | Header: complex complexity, 3 features
2026-06-30 21:29:31 | INFO | Footer: simple complexity, 0 features
2026-06-30 21:29:31 | INFO | Phase 2: Identifying main content area...
2026-06-30 21:29:31 | INFO | Main content: #main-content
2026-06-30 21:29:31 | INFO | Phase 3: Detecting blocks...
2026-06-30 21:29:31 | INFO | Phase 4: Capturing block screenshots...
2026-06-30 21:29:31 | INFO |    Top-section: 7 rows via title+container
2026-06-30 21:29:31 | INFO |    Body start: y=175 (start row 7 via below-title+container)
2026-06-30 21:29:31 | INFO | URL Pattern: /acesso-a-informacao/acoes-e-programas
2026-06-30 21:29:31 | INFO | Page catalog complete: /workspace/catalog/.pages/termoba_com_br_acesso-a-informacao_acoes-e-programas--376ae200/page-catalog.json
2026-06-30 21:29:31 | INFO | SUCCESS: https://termoba.com.br/acesso-a-informacao/acoes-e-programas
2026-06-30 21:29:32 | INFO |    Top-section: 12 rows via title+container
2026-06-30 21:29:32 | INFO |    Body start: y=300 (start row 12 via below-title+container)
2026-06-30 21:29:32 | INFO | URL Pattern: /
2026-06-30 21:29:32 | INFO | Page catalog complete: /workspace/catalog/.pages/termoba_com_br--ce5ea398/page-catalog.json
2026-06-30 21:29:32 | INFO | SUCCESS: https://termoba.com.br/
2026-06-30 21:29:32 | INFO | [6/60] Processing: https://termoba.com.br/acesso-a-informacao/dados-abertos
2026-06-30 21:29:32 | INFO | Generated slug: termoba_com_br_acesso-a-informacao_dados-abertos--8ce5628d
2026-06-30 21:29:32 | INFO | Starting analysis: https://termoba.com.br/acesso-a-informacao/dados-abertos -> /workspace/catalog/.pages/termoba_com_br_acesso-a-informacao_dados-abertos--8ce5628d
2026-06-30 21:29:32 | INFO | Loading: https://termoba.com.br/acesso-a-informacao/dados-abertos
2026-06-30 21:29:32 | INFO | Captured 3 block screenshots
2026-06-30 21:29:32 | INFO | Detected 3 blocks
2026-06-30 21:29:32 | INFO | Generating fingerprints for template discovery...
2026-06-30 21:29:33 | INFO |    Top-section: 7 rows via title+container
2026-06-30 21:29:33 | INFO |    Body start: y=175 (start row 7 via below-title+container)
2026-06-30 21:29:33 | INFO | URL Pattern: /acesso-a-informacao/auditorias
2026-06-30 21:29:33 | INFO | Page catalog complete: /workspace/catalog/.pages/termoba_com_br_acesso-a-informacao_auditorias--2a4f5c99/page-catalog.json
2026-06-30 21:29:33 | INFO | SUCCESS: https://termoba.com.br/acesso-a-informacao/auditorias
2026-06-30 21:29:33 | INFO | [7/60] Processing: https://termoba.com.br/acesso-a-informacao/empregados-publicos
2026-06-30 21:29:33 | INFO | Generated slug: termoba_com_br_acesso-a-informacao_empregados-publicos--115eb13e
2026-06-30 21:29:33 | INFO | Starting analysis: https://termoba.com.br/acesso-a-informacao/empregados-publicos -> /workspace/catalog/.pages/termoba_com_br_acesso-a-informacao_empregados-publicos--115eb13e
2026-06-30 21:29:33 | INFO | Loading: https://termoba.com.br/acesso-a-informacao/empregados-publicos
2026-06-30 21:29:33 | INFO | [8/60] Processing: https://termoba.com.br/acesso-a-informacao/informacoes-classificadas
2026-06-30 21:29:33 | INFO | Generated slug: termoba_com_br_acesso-a-informacao_informacoes-classificadas--0e77c49e
2026-06-30 21:29:33 | INFO | Starting analysis: https://termoba.com.br/acesso-a-informacao/informacoes-classificadas -> /workspace/catalog/.pages/termoba_com_br_acesso-a-informacao_informacoes-classificadas--0e77c49e
2026-06-30 21:29:33 | INFO | Loading: https://termoba.com.br/acesso-a-informacao/informacoes-classificadas
2026-06-30 21:29:34 | INFO |    Top-section: 7 rows via title+container
2026-06-30 21:29:34 | INFO |    Body start: y=175 (start row 7 via below-title+container)
2026-06-30 21:29:34 | INFO | URL Pattern: /acesso-a-informacao/convenios-e-transferencias
2026-06-30 21:29:34 | INFO | Page catalog complete: /workspace/catalog/.pages/termoba_com_br_acesso-a-informacao_convenios-e-transferencias--8c7a688d/page-catalog.json
2026-06-30 21:29:34 | INFO | [9/60] Processing: https://termoba.com.br/acesso-a-informacao/institucional
2026-06-30 21:29:34 | INFO | Generated slug: termoba_com_br_acesso-a-informacao_institucional--08d6edca
2026-06-30 21:29:34 | INFO | Starting analysis: https://termoba.com.br/acesso-a-informacao/institucional -> /workspace/catalog/.pages/termoba_com_br_acesso-a-informacao_institucional--08d6edca
2026-06-30 21:29:34 | INFO | SUCCESS: https://termoba.com.br/acesso-a-informacao/convenios-e-transferencias
2026-06-30 21:29:34 | INFO | PROGRESS: 5/60 analyzed (8% checklist complete) | 5 ok, 0 failed, 0 skipped | ~15 min remaining
2026-06-30 21:29:34 | INFO | Loading: https://termoba.com.br/acesso-a-informacao/institucional
2026-06-30 21:29:35 | INFO | Phase 0A: Triggering lazy-loaded content...
2026-06-30 21:29:36 | INFO | [10/60] Processing: https://termoba.com.br/acesso-a-informacao/licitacoes-e-contratos
2026-06-30 21:29:36 | INFO | Generated slug: termoba_com_br_acesso-a-informacao_licitacoes-e-contratos--29f6d31c
2026-06-30 21:29:36 | INFO | Starting analysis: https://termoba.com.br/acesso-a-informacao/licitacoes-e-contratos -> /workspace/catalog/.pages/termoba_com_br_acesso-a-informacao_licitacoes-e-contratos--29f6d31c
2026-06-30 21:29:36 | INFO | Loading: https://termoba.com.br/acesso-a-informacao/licitacoes-e-contratos
2026-06-30 21:29:36 | INFO | Phase 0A: Triggering lazy-loaded content...
2026-06-30 21:29:37 | INFO | Phase 0A: Triggering lazy-loaded content...
2026-06-30 21:29:37 | INFO | Lazy-load scroll complete
2026-06-30 21:29:37 | INFO | Phase 0B: Cleaning up overlays...
2026-06-30 21:29:38 | INFO | Lazy-load scroll complete
2026-06-30 21:29:38 | INFO | Phase 0B: Cleaning up overlays...
2026-06-30 21:29:38 | INFO | Phase 0A: Triggering lazy-loaded content...
2026-06-30 21:29:38 | INFO | Lazy-load scroll complete
2026-06-30 21:29:38 | INFO | Phase 0B: Cleaning up overlays...
2026-06-30 21:29:39 | INFO | Phase 0A: Triggering lazy-loaded content...
2026-06-30 21:29:39 | INFO | Lazy-load scroll complete
2026-06-30 21:29:39 | INFO | Phase 0B: Cleaning up overlays...
2026-06-30 21:29:40 | INFO | Lazy-load scroll complete
2026-06-30 21:29:40 | INFO | Phase 0B: Cleaning up overlays...
2026-06-30 21:30:38 | INFO | Removed 3 elements: overlay, popup
📐 Detecting header/footer for this page...
2026-06-30 21:30:38 | INFO | Template - Reused saved footer selector on current page
2026-06-30 21:30:38 | INFO | Header: complex complexity, 3 features
2026-06-30 21:30:38 | INFO | Footer: simple complexity, 0 features
2026-06-30 21:30:38 | INFO | Phase 2: Identifying main content area...
2026-06-30 21:30:38 | INFO | Main content: #main-content
2026-06-30 21:30:38 | INFO | Phase 3: Detecting blocks...
2026-06-30 21:30:38 | INFO | Phase 4: Capturing block screenshots...
2026-06-30 21:30:39 | INFO | Captured 2 block screenshots
2026-06-30 21:30:39 | INFO | Detected 2 blocks
2026-06-30 21:30:39 | INFO | Generating fingerprints for template discovery...
2026-06-30 21:30:39 | INFO | Removed 3 elements: overlay, popup
📐 Detecting header/footer for this page...
2026-06-30 21:30:39 | INFO | Template - Reused saved footer selector on current page
2026-06-30 21:30:39 | INFO | Header: complex complexity, 3 features
2026-06-30 21:30:39 | INFO | Footer: simple complexity, 0 features
2026-06-30 21:30:39 | INFO | Phase 2: Identifying main content area...
2026-06-30 21:30:39 | INFO | Main content: #main-content
2026-06-30 21:30:39 | INFO | Phase 3: Detecting blocks...
2026-06-30 21:30:39 | INFO | Phase 4: Capturing block screenshots...
2026-06-30 21:30:39 | INFO | Removed 3 elements: overlay, popup
📐 Detecting header/footer for this page...
2026-06-30 21:30:39 | INFO | Template - Reused saved footer selector on current page
2026-06-30 21:30:39 | INFO | Header: complex complexity, 3 features
2026-06-30 21:30:39 | INFO | Footer: simple complexity, 0 features
2026-06-30 21:30:39 | INFO | Phase 2: Identifying main content area...
2026-06-30 21:30:39 | INFO | Main content: #main-content
2026-06-30 21:30:39 | INFO | Phase 3: Detecting blocks...
2026-06-30 21:30:39 | INFO | Phase 4: Capturing block screenshots...
2026-06-30 21:30:40 | INFO | Captured 3 block screenshots
2026-06-30 21:30:40 | INFO | Detected 3 blocks
2026-06-30 21:30:40 | INFO | Generating fingerprints for template discovery...
2026-06-30 21:30:40 | INFO | Captured 2 block screenshots
2026-06-30 21:30:40 | INFO | Detected 2 blocks
2026-06-30 21:30:40 | INFO | Generating fingerprints for template discovery...
2026-06-30 21:30:40 | INFO | Removed 3 elements: overlay, popup
📐 Detecting header/footer for this page...
2026-06-30 21:30:41 | INFO | Template - Reused saved footer selector on current page
2026-06-30 21:30:41 | INFO | Header: complex complexity, 3 features
2026-06-30 21:30:41 | INFO | Footer: simple complexity, 0 features
2026-06-30 21:30:41 | INFO | Phase 2: Identifying main content area...
2026-06-30 21:30:41 | INFO | Main content: #main-content
2026-06-30 21:30:41 | INFO | Phase 3: Detecting blocks...
2026-06-30 21:30:41 | WARNING | Blocks - 78% of blocks are unknown - site uses non-EDS patterns
2026-06-30 21:30:41 | INFO | Phase 4: Capturing block screenshots...
2026-06-30 21:30:41 | INFO |    Top-section: 7 rows via title+container
2026-06-30 21:30:41 | INFO |    Body start: y=175 (start row 7 via below-title+container)
2026-06-30 21:30:41 | INFO | URL Pattern: /acesso-a-informacao/dados-abertos
2026-06-30 21:30:41 | INFO | Page catalog complete: /workspace/catalog/.pages/termoba_com_br_acesso-a-informacao_dados-abertos--8ce5628d/page-catalog.json
2026-06-30 21:30:41 | INFO | SUCCESS: https://termoba.com.br/acesso-a-informacao/dados-abertos
2026-06-30 21:30:42 | INFO | Removed 3 elements: overlay, popup
📐 Detecting header/footer for this page...
2026-06-30 21:30:42 | INFO | Captured 9 block screenshots
2026-06-30 21:30:42 | INFO | Detected 9 blocks
2026-06-30 21:30:42 | INFO | Generating fingerprints for template discovery...
2026-06-30 21:30:42 | INFO | Template - Reused saved footer selector on current page
2026-06-30 21:30:42 | INFO | Header: complex complexity, 3 features
2026-06-30 21:30:42 | INFO | Footer: simple complexity, 0 features
2026-06-30 21:30:42 | INFO | Phase 2: Identifying main content area...
2026-06-30 21:30:42 | INFO | Main content: #main-content
2026-06-30 21:30:42 | INFO |    Top-section: 7 rows via title+container
2026-06-30 21:30:42 | INFO |    Body start: y=175 (start row 7 via below-title+container)
2026-06-30 21:30:42 | INFO | URL Pattern: /acesso-a-informacao/empregados-publicos
2026-06-30 21:30:42 | INFO | Page catalog complete: /workspace/catalog/.pages/termoba_com_br_acesso-a-informacao_empregados-publicos--115eb13e/page-catalog.json
2026-06-30 21:30:42 | INFO | SUCCESS: https://termoba.com.br/acesso-a-informacao/empregados-publicos
2026-06-30 21:30:42 | INFO | Phase 3: Detecting blocks...
2026-06-30 21:30:42 | INFO | Phase 4: Capturing block screenshots...
2026-06-30 21:30:42 | INFO |    Top-section: 7 rows via title+container
2026-06-30 21:30:42 | INFO |    Body start: y=175 (start row 7 via below-title+container)
2026-06-30 21:30:42 | INFO | URL Pattern: /acesso-a-informacao/informacoes-classificadas
2026-06-30 21:30:42 | INFO | Page catalog complete: /workspace/catalog/.pages/termoba_com_br_acesso-a-informacao_informacoes-classificadas--0e77c49e/page-catalog.json
2026-06-30 21:30:42 | INFO | SUCCESS: https://termoba.com.br/acesso-a-informacao/informacoes-classificadas
2026-06-30 21:30:43 | INFO | [11/60] Processing: https://termoba.com.br/acesso-a-informacao/participacao-social
2026-06-30 21:30:43 | INFO | Generated slug: termoba_com_br_acesso-a-informacao_participacao-social--f02ff766
2026-06-30 21:30:43 | INFO | Starting analysis: https://termoba.com.br/acesso-a-informacao/participacao-social -> /workspace/catalog/.pages/termoba_com_br_acesso-a-informacao_participacao-social--f02ff766
2026-06-30 21:30:43 | INFO | Loading: https://termoba.com.br/acesso-a-informacao/participacao-social
2026-06-30 21:30:43 | INFO | Captured 2 block screenshots
2026-06-30 21:30:43 | INFO | Detected 2 blocks
2026-06-30 21:30:43 | INFO | Generating fingerprints for template discovery...
2026-06-30 21:30:43 | INFO | [12/60] Processing: https://termoba.com.br/acesso-a-informacao/perguntas-frequentes
2026-06-30 21:30:43 | INFO | Generated slug: termoba_com_br_acesso-a-informacao_perguntas-frequentes--f7a084df
2026-06-30 21:30:43 | INFO | Starting analysis: https://termoba.com.br/acesso-a-informacao/perguntas-frequentes -> /workspace/catalog/.pages/termoba_com_br_acesso-a-informacao_perguntas-frequentes--f7a084df
2026-06-30 21:30:43 | INFO | Loading: https://termoba.com.br/acesso-a-informacao/perguntas-frequentes
2026-06-30 21:30:44 | INFO | [13/60] Processing: https://termoba.com.br/acesso-a-informacao/receitas-e-despesas
2026-06-30 21:30:44 | INFO | Generated slug: termoba_com_br_acesso-a-informacao_receitas-e-despesas--a8f76f97
2026-06-30 21:30:44 | INFO | Starting analysis: https://termoba.com.br/acesso-a-informacao/receitas-e-despesas -> /workspace/catalog/.pages/termoba_com_br_acesso-a-informacao_receitas-e-despesas--a8f76f97
2026-06-30 21:30:44 | INFO | Loading: https://termoba.com.br/acesso-a-informacao/receitas-e-despesas
2026-06-30 21:30:44 | INFO |    Top-section: 13 rows via title
2026-06-30 21:30:44 | INFO |    Body start: y=325 (start row 13 via below-title)
2026-06-30 21:30:44 | INFO | URL Pattern: /acesso-a-informacao/institucional
2026-06-30 21:30:44 | INFO | Page catalog complete: /workspace/catalog/.pages/termoba_com_br_acesso-a-informacao_institucional--08d6edca/page-catalog.json
2026-06-30 21:30:44 | INFO | SUCCESS: https://termoba.com.br/acesso-a-informacao/institucional
2026-06-30 21:30:45 | INFO |    Top-section: 7 rows via title+container
2026-06-30 21:30:45 | INFO |    Body start: y=175 (start row 7 via below-title+container)
2026-06-30 21:30:45 | INFO | URL Pattern: /acesso-a-informacao/licitacoes-e-contratos
2026-06-30 21:30:45 | INFO | Page catalog complete: /workspace/catalog/.pages/termoba_com_br_acesso-a-informacao_licitacoes-e-contratos--29f6d31c/page-catalog.json
2026-06-30 21:30:45 | INFO | SUCCESS: https://termoba.com.br/acesso-a-informacao/licitacoes-e-contratos
2026-06-30 21:30:45 | INFO | PROGRESS: 10/60 analyzed (17% checklist complete) | 10 ok, 0 failed, 0 skipped | ~13 min remaining
2026-06-30 21:30:46 | INFO | [14/60] Processing: https://termoba.com.br/acesso-a-informacao/sancoes-administrativas
2026-06-30 21:30:46 | INFO | Generated slug: termoba_com_br_acesso-a-informacao_sancoes-administrativas--d8bdc3f3
2026-06-30 21:30:46 | INFO | Starting analysis: https://termoba.com.br/acesso-a-informacao/sancoes-administrativas -> /workspace/catalog/.pages/termoba_com_br_acesso-a-informacao_sancoes-administrativas--d8bdc3f3
2026-06-30 21:30:46 | INFO | Loading: https://termoba.com.br/acesso-a-informacao/sancoes-administrativas
2026-06-30 21:30:46 | INFO | Phase 0A: Triggering lazy-loaded content...
2026-06-30 21:30:46 | INFO | [15/60] Processing: https://termoba.com.br/acesso-a-informacao/servico-de-informacao-ao-cidadao-sic
2026-06-30 21:30:46 | INFO | Generated slug: termoba_com_br_acesso-a-informacao_servico-de-informacao-ao-cidadao-sic--ef01c653
2026-06-30 21:30:46 | INFO | Starting analysis: https://termoba.com.br/acesso-a-informacao/servico-de-informacao-ao-cidadao-sic -> /workspace/catalog/.pages/termoba_com_br_acesso-a-informacao_servico-de-informacao-ao-cidadao-sic--ef01c653
2026-06-30 21:30:46 | INFO | Loading: https://termoba.com.br/acesso-a-informacao/servico-de-informacao-ao-cidadao-sic
2026-06-30 21:30:47 | INFO | Phase 0A: Triggering lazy-loaded content...
2026-06-30 21:30:47 | INFO | Phase 0A: Triggering lazy-loaded content...
2026-06-30 21:30:47 | INFO | Lazy-load scroll complete
2026-06-30 21:30:47 | INFO | Phase 0B: Cleaning up overlays...
2026-06-30 21:30:48 | INFO | Lazy-load scroll complete
2026-06-30 21:30:48 | INFO | Phase 0B: Cleaning up overlays...
2026-06-30 21:30:49 | INFO | Lazy-load scroll complete
2026-06-30 21:30:49 | INFO | Phase 0B: Cleaning up overlays...
2026-06-30 21:30:49 | INFO | Phase 0A: Triggering lazy-loaded content...
2026-06-30 21:30:50 | INFO | Phase 0A: Triggering lazy-loaded content...
2026-06-30 21:30:50 | INFO | Lazy-load scroll complete
2026-06-30 21:30:50 | INFO | Phase 0B: Cleaning up overlays...
2026-06-30 21:30:52 | INFO | Lazy-load scroll complete
2026-06-30 21:30:52 | INFO | Phase 0B: Cleaning up overlays...
2026-06-30 21:31:49 | INFO | Removed 3 elements: overlay, popup
📐 Detecting header/footer for this page...
2026-06-30 21:31:49 | INFO | Template - Reused saved footer selector on current page
2026-06-30 21:31:49 | INFO | Header: complex complexity, 3 features
2026-06-30 21:31:49 | INFO | Footer: simple complexity, 0 features
2026-06-30 21:31:49 | INFO | Phase 2: Identifying main content area...
2026-06-30 21:31:49 | INFO | Main content: #main-content
2026-06-30 21:31:49 | INFO | Phase 3: Detecting blocks...
2026-06-30 21:31:49 | WARNING | Blocks - 50% of blocks are unknown - site uses non-EDS patterns
2026-06-30 21:31:49 | INFO | Phase 4: Capturing block screenshots...
2026-06-30 21:31:50 | INFO | Captured 2 block screenshots
2026-06-30 21:31:50 | INFO | Detected 2 blocks
2026-06-30 21:31:50 | INFO | Generating fingerprints for template discovery...
2026-06-30 21:31:50 | INFO | Removed 3 elements: overlay, popup
📐 Detecting header/footer for this page...
2026-06-30 21:31:50 | INFO | Template - Reused saved footer selector on current page
2026-06-30 21:31:50 | INFO | Header: complex complexity, 3 features
2026-06-30 21:31:50 | INFO | Footer: simple complexity, 0 features
2026-06-30 21:31:50 | INFO | Phase 2: Identifying main content area...
2026-06-30 21:31:50 | INFO | Main content: #main-content
2026-06-30 21:31:50 | INFO | Phase 3: Detecting blocks...
2026-06-30 21:31:50 | INFO | Phase 4: Capturing block screenshots...
2026-06-30 21:31:50 | WARNING | Screenshots - Block not visible: unknown-367a09fc
2026-06-30 21:31:50 | INFO | Removed 3 elements: overlay, popup
📐 Detecting header/footer for this page...
2026-06-30 21:31:50 | INFO | Template - Reused saved footer selector on current page
2026-06-30 21:31:50 | INFO | Header: complex complexity, 3 features
2026-06-30 21:31:50 | INFO | Footer: simple complexity, 0 features
2026-06-30 21:31:50 | INFO | Phase 2: Identifying main content area...
2026-06-30 21:31:50 | INFO | Main content: #main-content
2026-06-30 21:31:50 | INFO | Phase 3: Detecting blocks...
2026-06-30 21:31:50 | INFO | Phase 4: Capturing block screenshots...
2026-06-30 21:31:50 | INFO | Captured 2 block screenshots
2026-06-30 21:31:50 | INFO | Detected 3 blocks
2026-06-30 21:31:50 | INFO | Generating fingerprints for template discovery...
2026-06-30 21:31:51 | INFO | Captured 2 block screenshots
2026-06-30 21:31:51 | INFO | Detected 2 blocks
2026-06-30 21:31:51 | INFO | Generating fingerprints for template discovery...
2026-06-30 21:31:52 | INFO | Removed 3 elements: overlay, popup
📐 Detecting header/footer for this page...
2026-06-30 21:31:52 | INFO | Template - Reused saved footer selector on current page
2026-06-30 21:31:52 | INFO | Header: complex complexity, 3 features
2026-06-30 21:31:52 | INFO | Footer: simple complexity, 0 features
2026-06-30 21:31:52 | INFO | Phase 2: Identifying main content area...
2026-06-30 21:31:52 | INFO | Main content: #main-content
2026-06-30 21:31:52 | INFO |    Top-section: 7 rows via title+container
2026-06-30 21:31:52 | INFO |    Body start: y=175 (start row 7 via below-title+container)
2026-06-30 21:31:52 | INFO | URL Pattern: /acesso-a-informacao/participacao-social
2026-06-30 21:31:52 | INFO | Page catalog complete: /workspace/catalog/.pages/termoba_com_br_acesso-a-informacao_participacao-social--f02ff766/page-catalog.json
2026-06-30 21:31:52 | INFO | SUCCESS: https://termoba.com.br/acesso-a-informacao/participacao-social
2026-06-30 21:31:52 | INFO | Phase 3: Detecting blocks...
2026-06-30 21:31:52 | INFO | Phase 4: Capturing block screenshots...
2026-06-30 21:31:53 | INFO | Captured 3 block screenshots
2026-06-30 21:31:53 | INFO | Detected 3 blocks
2026-06-30 21:31:53 | INFO | Generating fingerprints for template discovery...
2026-06-30 21:31:53 | INFO |    Top-section: 7 rows via title+container
2026-06-30 21:31:53 | INFO |    Body start: y=175 (start row 7 via below-title+container)
2026-06-30 21:31:53 | INFO | URL Pattern: /acesso-a-informacao/perguntas-frequentes
2026-06-30 21:31:53 | INFO | Page catalog complete: /workspace/catalog/.pages/termoba_com_br_acesso-a-informacao_perguntas-frequentes--f7a084df/page-catalog.json
2026-06-30 21:31:53 | INFO | SUCCESS: https://termoba.com.br/acesso-a-informacao/perguntas-frequentes
2026-06-30 21:31:53 | INFO | Removed 3 elements: overlay, popup
📐 Detecting header/footer for this page...
2026-06-30 21:31:53 | INFO | Template - Reused saved footer selector on current page
2026-06-30 21:31:53 | INFO | Header: complex complexity, 3 features
2026-06-30 21:31:53 | INFO | Footer: simple complexity, 0 features
2026-06-30 21:31:53 | INFO | Phase 2: Identifying main content area...
2026-06-30 21:31:53 | INFO | Main content: #main-content
2026-06-30 21:31:53 | INFO | Phase 3: Detecting blocks...
2026-06-30 21:31:53 | WARNING | Blocks - 71% of blocks are unknown - site uses non-EDS patterns
2026-06-30 21:31:53 | INFO | Phase 4: Capturing block screenshots...
2026-06-30 21:31:53 | INFO |    Top-section: 7 rows via title+container
2026-06-30 21:31:53 | INFO |    Body start: y=175 (start row 7 via below-title+container)
2026-06-30 21:31:53 | INFO | URL Pattern: /acesso-a-informacao/receitas-e-despesas
2026-06-30 21:31:53 | INFO | Page catalog complete: /workspace/catalog/.pages/termoba_com_br_acesso-a-informacao_receitas-e-despesas--a8f76f97/page-catalog.json
2026-06-30 21:31:53 | INFO | SUCCESS: https://termoba.com.br/acesso-a-informacao/receitas-e-despesas
2026-06-30 21:31:53 | INFO | [16/60] Processing: https://termoba.com.br/acesso-a-informacao/transparencia-e-prestacao-de-contas
2026-06-30 21:31:53 | INFO | Generated slug: termoba_com_br_acesso-a-informacao_transparencia-e-prestacao-de-contas--39844cdb
2026-06-30 21:31:53 | INFO | Starting analysis: https://termoba.com.br/acesso-a-informacao/transparencia-e-prestacao-de-contas -> /workspace/catalog/.pages/termoba_com_br_acesso-a-informacao_transparencia-e-prestacao-de-contas--39844cdb
2026-06-30 21:31:53 | INFO | Loading: https://termoba.com.br/acesso-a-informacao/transparencia-e-prestacao-de-contas
2026-06-30 21:31:54 | INFO | Captured 7 block screenshots
2026-06-30 21:31:54 | INFO | Detected 7 blocks
2026-06-30 21:31:54 | INFO | Generating fingerprints for template discovery...
2026-06-30 21:31:54 | INFO | [17/60] Processing: https://termoba.com.br/acesso-a-informacao/acoes-e-programas/carta-de-servicos
2026-06-30 21:31:54 | INFO | Generated slug: termoba_com_br_acesso-a-informacao_acoes-e-programas_carta-de-servicos--1768f65a
2026-06-30 21:31:54 | INFO | Starting analysis: https://termoba.com.br/acesso-a-informacao/acoes-e-programas/carta-de-servicos -> /workspace/catalog/.pages/termoba_com_br_acesso-a-informacao_acoes-e-programas_carta-de-servicos--1768f65a
2026-06-30 21:31:54 | INFO | Loading: https://termoba.com.br/acesso-a-informacao/acoes-e-programas/carta-de-servicos
2026-06-30 21:31:55 | INFO | [18/60] Processing: https://termoba.com.br/acesso-a-informacao/acoes-e-programas/governanca
2026-06-30 21:31:55 | INFO | Generated slug: termoba_com_br_acesso-a-informacao_acoes-e-programas_governanca--93882f4e
2026-06-30 21:31:55 | INFO | Starting analysis: https://termoba.com.br/acesso-a-informacao/acoes-e-programas/governanca -> /workspace/catalog/.pages/termoba_com_br_acesso-a-informacao_acoes-e-programas_governanca--93882f4e
2026-06-30 21:31:55 | INFO | Loading: https://termoba.com.br/acesso-a-informacao/acoes-e-programas/governanca
2026-06-30 21:31:55 | INFO |    Top-section: 7 rows via title+container
2026-06-30 21:31:55 | INFO |    Body start: y=175 (start row 7 via below-title+container)
2026-06-30 21:31:55 | INFO | URL Pattern: /acesso-a-informacao/sancoes-administrativas
2026-06-30 21:31:55 | INFO | Page catalog complete: /workspace/catalog/.pages/termoba_com_br_acesso-a-informacao_sancoes-administrativas--d8bdc3f3/page-catalog.json
2026-06-30 21:31:55 | INFO | SUCCESS: https://termoba.com.br/acesso-a-informacao/sancoes-administrativas
2026-06-30 21:31:56 | INFO |    Top-section: 7 rows via title+container
2026-06-30 21:31:56 | INFO |    Body start: y=175 (start row 7 via below-title+container)
2026-06-30 21:31:56 | INFO | URL Pattern: /acesso-a-informacao/servico-de-informacao-ao-cidadao-sic
2026-06-30 21:31:56 | INFO | Page catalog complete: /workspace/catalog/.pages/termoba_com_br_acesso-a-informacao_servico-de-informacao-ao-cidadao-sic--ef01c653/page-catalog.json
2026-06-30 21:31:56 | INFO | SUCCESS: https://termoba.com.br/acesso-a-informacao/servico-de-informacao-ao-cidadao-sic
2026-06-30 21:31:56 | INFO | PROGRESS: 15/60 analyzed (25% checklist complete) | 15 ok, 0 failed, 0 skipped | ~11 min remaining
2026-06-30 21:31:56 | INFO | [19/60] Processing: https://termoba.com.br/acesso-a-informacao/acoes-e-programas/programas-finalisticos
2026-06-30 21:31:56 | INFO | Generated slug: termoba_com_br_acesso-a-informacao_acoes-e-programas_programas-finalisticos--39d38876
2026-06-30 21:31:56 | INFO | Starting analysis: https://termoba.com.br/acesso-a-informacao/acoes-e-programas/programas-finalisticos -> /workspace/catalog/.pages/termoba_com_br_acesso-a-informacao_acoes-e-programas_programas-finalisticos--39d38876
2026-06-30 21:31:56 | INFO | Loading: https://termoba.com.br/acesso-a-informacao/acoes-e-programas/programas-finalisticos
2026-06-30 21:31:57 | INFO | Phase 0A: Triggering lazy-loaded content...
2026-06-30 21:31:57 | INFO | Phase 0A: Triggering lazy-loaded content...
2026-06-30 21:31:58 | INFO | [20/60] Processing: https://termoba.com.br/acesso-a-informacao/acoes-e-programas/recursos-financeiros-renuncia-de-receitas
2026-06-30 21:31:58 | INFO | Generated slug: termoba_com_br_acesso-a-informacao_acoes-e-programas_recursos-financeiros-renuncia-de-receitas--83c5510f
2026-06-30 21:31:58 | INFO | Starting analysis: https://termoba.com.br/acesso-a-informacao/acoes-e-programas/recursos-financeiros-renuncia-de-receitas -> /workspace/catalog/.pages/termoba_com_br_acesso-a-informacao_acoes-e-programas_recursos-financeiros-renuncia-de-receitas--83c5510f
2026-06-30 21:31:58 | INFO | Loading: https://termoba.com.br/acesso-a-informacao/acoes-e-programas/recursos-financeiros-renuncia-de-receitas
2026-06-30 21:31:58 | INFO | Phase 0A: Triggering lazy-loaded content...
2026-06-30 21:31:58 | INFO | Lazy-load scroll complete
2026-06-30 21:31:58 | INFO | Phase 0B: Cleaning up overlays...
2026-06-30 21:31:59 | INFO | Lazy-load scroll complete
2026-06-30 21:31:59 | INFO | Phase 0B: Cleaning up overlays...
2026-06-30 21:31:59 | INFO | Lazy-load scroll complete
2026-06-30 21:31:59 | INFO | Phase 0B: Cleaning up overlays...
2026-06-30 21:32:00 | INFO | Phase 0A: Triggering lazy-loaded content...
2026-06-30 21:32:01 | INFO | Phase 0A: Triggering lazy-loaded content...
2026-06-30 21:32:01 | INFO | Lazy-load scroll complete
2026-06-30 21:32:01 | INFO | Phase 0B: Cleaning up overlays...
2026-06-30 21:32:03 | INFO | Lazy-load scroll complete
2026-06-30 21:32:03 | INFO | Phase 0B: Cleaning up overlays...
2026-06-30 21:32:59 | INFO | Removed 3 elements: overlay, popup
📐 Detecting header/footer for this page...
2026-06-30 21:32:59 | INFO | Template - Reused saved footer selector on current page
2026-06-30 21:32:59 | INFO | Header: complex complexity, 3 features
2026-06-30 21:32:59 | INFO | Footer: simple complexity, 0 features
2026-06-30 21:32:59 | INFO | Phase 2: Identifying main content area...
2026-06-30 21:32:59 | INFO | Main content: #main-content
2026-06-30 21:33:00 | INFO | Phase 3: Detecting blocks...
2026-06-30 21:33:00 | INFO | Phase 4: Capturing block screenshots...
2026-06-30 21:33:00 | INFO | Removed 3 elements: overlay, popup
📐 Detecting header/footer for this page...
2026-06-30 21:33:00 | INFO | Template - Reused saved footer selector on current page
2026-06-30 21:33:00 | INFO | Header: complex complexity, 3 features
2026-06-30 21:33:00 | INFO | Footer: simple complexity, 0 features
2026-06-30 21:33:00 | INFO | Phase 2: Identifying main content area...
2026-06-30 21:33:00 | INFO | Main content: #main-content
2026-06-30 21:33:00 | INFO | Captured 3 block screenshots
2026-06-30 21:33:00 | INFO | Detected 3 blocks
2026-06-30 21:33:00 | INFO | Generating fingerprints for template discovery...
2026-06-30 21:33:00 | INFO | Phase 3: Detecting blocks...
2026-06-30 21:33:00 | INFO | Phase 4: Capturing block screenshots...
2026-06-30 21:33:01 | INFO | Removed 3 elements: overlay, popup
📐 Detecting header/footer for this page...
2026-06-30 21:33:01 | INFO | Template - Reused saved footer selector on current page
2026-06-30 21:33:01 | INFO | Header: complex complexity, 3 features
2026-06-30 21:33:01 | INFO | Footer: simple complexity, 0 features
2026-06-30 21:33:01 | INFO | Phase 2: Identifying main content area...
2026-06-30 21:33:01 | INFO | Main content: #main-content
2026-06-30 21:33:01 | INFO | Phase 3: Detecting blocks...
2026-06-30 21:33:01 | INFO | Phase 4: Capturing block screenshots...
2026-06-30 21:33:01 | INFO | Captured 3 block screenshots
2026-06-30 21:33:01 | INFO | Detected 3 blocks
2026-06-30 21:33:01 | INFO | Generating fingerprints for template discovery...
2026-06-30 21:33:02 | INFO | Captured 3 block screenshots
2026-06-30 21:33:02 | INFO | Detected 3 blocks
2026-06-30 21:33:02 | INFO | Generating fingerprints for template discovery...
2026-06-30 21:33:02 | INFO | Removed 3 elements: overlay, popup
📐 Detecting header/footer for this page...
2026-06-30 21:33:02 | INFO | Template - Reused saved footer selector on current page
2026-06-30 21:33:02 | INFO | Header: complex complexity, 3 features
2026-06-30 21:33:02 | INFO | Footer: simple complexity, 0 features
2026-06-30 21:33:02 | INFO | Phase 2: Identifying main content area...
2026-06-30 21:33:02 | INFO | Main content: #main-content
2026-06-30 21:33:03 | INFO | Phase 3: Detecting blocks...
2026-06-30 21:33:03 | INFO | Phase 4: Capturing block screenshots...
2026-06-30 21:33:03 | INFO |    Top-section: 7 rows via title+container
2026-06-30 21:33:03 | INFO |    Body start: y=175 (start row 7 via below-title+container)
2026-06-30 21:33:03 | INFO | URL Pattern: /acesso-a-informacao/transparencia-e-prestacao-de-contas
2026-06-30 21:33:03 | INFO | Page catalog complete: /workspace/catalog/.pages/termoba_com_br_acesso-a-informacao_transparencia-e-prestacao-de-contas--39844cdb/page-catalog.json
2026-06-30 21:33:03 | INFO | SUCCESS: https://termoba.com.br/acesso-a-informacao/transparencia-e-prestacao-de-contas
2026-06-30 21:33:03 | INFO | Captured 2 block screenshots
2026-06-30 21:33:03 | INFO | Detected 2 blocks
2026-06-30 21:33:03 | INFO | Generating fingerprints for template discovery...
2026-06-30 21:33:03 | INFO |    Top-section: 7 rows via title+container
2026-06-30 21:33:03 | INFO |    Body start: y=175 (start row 7 via below-title+container)
2026-06-30 21:33:03 | INFO | URL Pattern: /acesso-a-informacao/acoes-e-programas/carta-de-servicos
2026-06-30 21:33:03 | INFO | Page catalog complete: /workspace/catalog/.pages/termoba_com_br_acesso-a-informacao_acoes-e-programas_carta-de-servicos--1768f65a/page-catalog.json
2026-06-30 21:33:03 | INFO | SUCCESS: https://termoba.com.br/acesso-a-informacao/acoes-e-programas/carta-de-servicos
2026-06-30 21:33:04 | INFO | Removed 3 elements: overlay, popup
📐 Detecting header/footer for this page...
2026-06-30 21:33:04 | INFO | Template - Reused saved footer selector on current page
2026-06-30 21:33:04 | INFO | Header: complex complexity, 3 features
2026-06-30 21:33:04 | INFO | Footer: simple complexity, 0 features
2026-06-30 21:33:04 | INFO | Phase 2: Identifying main content area...
2026-06-30 21:33:04 | INFO | Main content: #main-content
2026-06-30 21:33:04 | INFO |    Top-section: 7 rows via title+container
2026-06-30 21:33:04 | INFO |    Body start: y=175 (start row 7 via below-title+container)
2026-06-30 21:33:04 | INFO | URL Pattern: /acesso-a-informacao/acoes-e-programas/governanca
2026-06-30 21:33:04 | INFO | Page catalog complete: /workspace/catalog/.pages/termoba_com_br_acesso-a-informacao_acoes-e-programas_governanca--93882f4e/page-catalog.json
2026-06-30 21:33:04 | INFO | SUCCESS: https://termoba.com.br/acesso-a-informacao/acoes-e-programas/governanca
2026-06-30 21:33:04 | INFO | Phase 3: Detecting blocks...
2026-06-30 21:33:04 | INFO | Phase 4: Capturing block screenshots...
2026-06-30 21:33:04 | INFO | [21/60] Processing: https://termoba.com.br/acesso-a-informacao/auditorias/acoes-de-supervisao-controle-e-correicao
2026-06-30 21:33:04 | INFO | Generated slug: termoba_com_br_acesso-a-informacao_auditorias_acoes-de-supervisao-controle-e-correicao--d2134481
2026-06-30 21:33:04 | INFO | Starting analysis: https://termoba.com.br/acesso-a-informacao/auditorias/acoes-de-supervisao-controle-e-correicao -> /workspace/catalog/.pages/termoba_com_br_acesso-a-informacao_auditorias_acoes-de-supervisao-controle-e-correicao--d2134481
2026-06-30 21:33:04 | INFO | Loading: https://termoba.com.br/acesso-a-informacao/auditorias/acoes-de-supervisao-controle-e-correicao
2026-06-30 21:33:05 | INFO | Captured 3 block screenshots
2026-06-30 21:33:05 | INFO | Detected 3 blocks
2026-06-30 21:33:05 | INFO | Generating fingerprints for template discovery...
2026-06-30 21:33:05 | INFO | [22/60] Processing: https://termoba.com.br/acesso-a-informacao/auditorias/demonstracoes-financeiras
2026-06-30 21:33:05 | INFO | Generated slug: termoba_com_br_acesso-a-informacao_auditorias_demonstracoes-financeiras--ce51309f
2026-06-30 21:33:05 | INFO | Starting analysis: https://termoba.com.br/acesso-a-informacao/auditorias/demonstracoes-financeiras -> /workspace/catalog/.pages/termoba_com_br_acesso-a-informacao_auditorias_demonstracoes-financeiras--ce51309f
2026-06-30 21:33:05 | INFO | Loading: https://termoba.com.br/acesso-a-informacao/auditorias/demonstracoes-financeiras
2026-06-30 21:33:05 | INFO |    Top-section: 7 rows via title+container
2026-06-30 21:33:05 | INFO |    Body start: y=175 (start row 7 via below-title+container)
2026-06-30 21:33:05 | INFO | URL Pattern: /acesso-a-informacao/acoes-e-programas/programas-finalisticos
2026-06-30 21:33:05 | INFO | Page catalog complete: /workspace/catalog/.pages/termoba_com_br_acesso-a-informacao_acoes-e-programas_programas-finalisticos--39d38876/page-catalog.json
2026-06-30 21:33:05 | INFO | SUCCESS: https://termoba.com.br/acesso-a-informacao/acoes-e-programas/programas-finalisticos
2026-06-30 21:33:06 | INFO | [23/60] Processing: https://termoba.com.br/acesso-a-informacao/auditorias/prestacao-de-contas
2026-06-30 21:33:06 | INFO | Generated slug: termoba_com_br_acesso-a-informacao_auditorias_prestacao-de-contas--c6b16ad2
2026-06-30 21:33:06 | INFO | Starting analysis: https://termoba.com.br/acesso-a-informacao/auditorias/prestacao-de-contas -> /workspace/catalog/.pages/termoba_com_br_acesso-a-informacao_auditorias_prestacao-de-contas--c6b16ad2
2026-06-30 21:33:06 | INFO | Loading: https://termoba.com.br/acesso-a-informacao/auditorias/prestacao-de-contas
2026-06-30 21:33:07 | INFO | [24/60] Processing: https://termoba.com.br/acesso-a-informacao/auditorias/relatorios-da-cgu
2026-06-30 21:33:07 | INFO | Generated slug: termoba_com_br_acesso-a-informacao_auditorias_relatorios-da-cgu--79bf27f0
2026-06-30 21:33:07 | INFO | Starting analysis: https://termoba.com.br/acesso-a-informacao/auditorias/relatorios-da-cgu -> /workspace/catalog/.pages/termoba_com_br_acesso-a-informacao_auditorias_relatorios-da-cgu--79bf27f0
2026-06-30 21:33:07 | INFO |    Top-section: 8 rows via title+container
2026-06-30 21:33:07 | INFO |    Body start: y=200 (start row 8 via below-title+container)
2026-06-30 21:33:07 | INFO | URL Pattern: /acesso-a-informacao/acoes-e-programas/recursos-financeiros-renuncia-de-receitas
2026-06-30 21:33:07 | INFO | Page catalog complete: /workspace/catalog/.pages/termoba_com_br_acesso-a-informacao_acoes-e-programas_recursos-financeiros-renuncia-de-receitas--83c5510f/page-catalog.json
2026-06-30 21:33:07 | INFO | SUCCESS: https://termoba.com.br/acesso-a-informacao/acoes-e-programas/recursos-financeiros-renuncia-de-receitas
2026-06-30 21:33:07 | INFO | PROGRESS: 20/60 analyzed (33% checklist complete) | 20 ok, 0 failed, 0 skipped | ~10 min remaining
2026-06-30 21:33:07 | INFO | Loading: https://termoba.com.br/acesso-a-informacao/auditorias/relatorios-da-cgu
2026-06-30 21:33:07 | INFO | Phase 0A: Triggering lazy-loaded content...
2026-06-30 21:33:08 | INFO | Phase 0A: Triggering lazy-loaded content...
2026-06-30 21:33:08 | INFO | [25/60] Processing: https://termoba.com.br/acesso-a-informacao/institucional/agenda-de-autoridades
2026-06-30 21:33:08 | INFO | Generated slug: termoba_com_br_acesso-a-informacao_institucional_agenda-de-autoridades--3b04afc2
2026-06-30 21:33:08 | INFO | Starting analysis: https://termoba.com.br/acesso-a-informacao/institucional/agenda-de-autoridades -> /workspace/catalog/.pages/termoba_com_br_acesso-a-informacao_institucional_agenda-de-autoridades--3b04afc2
2026-06-30 21:33:09 | INFO | Loading: https://termoba.com.br/acesso-a-informacao/institucional/agenda-de-autoridades
2026-06-30 21:33:09 | INFO | Phase 0A: Triggering lazy-loaded content...
2026-06-30 21:33:09 | INFO | Lazy-load scroll complete
2026-06-30 21:33:09 | INFO | Phase 0B: Cleaning up overlays...
2026-06-30 21:33:10 | INFO | Lazy-load scroll complete
2026-06-30 21:33:10 | INFO | Phase 0B: Cleaning up overlays...
2026-06-30 21:33:10 | INFO | Lazy-load scroll complete
2026-06-30 21:33:10 | INFO | Phase 0B: Cleaning up overlays...
2026-06-30 21:33:10 | INFO | Phase 0A: Triggering lazy-loaded content...
2026-06-30 21:33:12 | INFO | Lazy-load scroll complete
2026-06-30 21:33:12 | INFO | Phase 0B: Cleaning up overlays...
2026-06-30 21:33:12 | INFO | Phase 0A: Triggering lazy-loaded content...
2026-06-30 21:33:13 | INFO | Lazy-load scroll complete
2026-06-30 21:33:13 | INFO | Phase 0B: Cleaning up overlays...
2026-06-30 21:34:10 | INFO | Removed 3 elements: overlay, popup
📐 Detecting header/footer for this page...
2026-06-30 21:34:10 | INFO | Template - Reused saved footer selector on current page
2026-06-30 21:34:10 | INFO | Header: complex complexity, 3 features
2026-06-30 21:34:10 | INFO | Footer: simple complexity, 0 features
2026-06-30 21:34:10 | INFO | Phase 2: Identifying main content area...
2026-06-30 21:34:10 | INFO | Main content: #main-content
2026-06-30 21:34:10 | INFO | Phase 3: Detecting blocks...
2026-06-30 21:34:10 | WARNING | Blocks - 50% of blocks are unknown - site uses non-EDS patterns
2026-06-30 21:34:10 | INFO | Phase 4: Capturing block screenshots...
2026-06-30 21:34:11 | INFO | Removed 3 elements: overlay, popup
📐 Detecting header/footer for this page...
2026-06-30 21:34:11 | INFO | Template - Reused saved footer selector on current page
2026-06-30 21:34:11 | INFO | Header: complex complexity, 3 features
2026-06-30 21:34:11 | INFO | Footer: simple complexity, 0 features
2026-06-30 21:34:11 | INFO | Phase 2: Identifying main content area...
2026-06-30 21:34:11 | INFO | Main content: #main-content
2026-06-30 21:34:11 | INFO | Captured 2 block screenshots
2026-06-30 21:34:11 | INFO | Detected 2 blocks
2026-06-30 21:34:11 | INFO | Generating fingerprints for template discovery...
2026-06-30 21:34:11 | INFO | Phase 3: Detecting blocks...
2026-06-30 21:34:11 | WARNING | Blocks - 50% of blocks are unknown - site uses non-EDS patterns
2026-06-30 21:34:11 | INFO | Phase 4: Capturing block screenshots...
2026-06-30 21:34:12 | INFO | Removed 3 elements: overlay, popup
📐 Detecting header/footer for this page...
2026-06-30 21:34:12 | INFO | Template - Reused saved footer selector on current page
2026-06-30 21:34:12 | INFO | Header: complex complexity, 3 features
2026-06-30 21:34:12 | INFO | Footer: simple complexity, 0 features
2026-06-30 21:34:12 | INFO | Phase 2: Identifying main content area...
2026-06-30 21:34:12 | INFO | Main content: #main-content
2026-06-30 21:34:12 | INFO | Phase 3: Detecting blocks...
2026-06-30 21:34:12 | INFO | Captured 2 block screenshots
2026-06-30 21:34:12 | INFO | Detected 2 blocks
2026-06-30 21:34:12 | INFO | Generating fingerprints for template discovery...
2026-06-30 21:34:12 | INFO | Phase 4: Capturing block screenshots...
2026-06-30 21:34:12 | INFO | Captured 2 block screenshots
2026-06-30 21:34:12 | INFO | Detected 2 blocks
2026-06-30 21:34:12 | INFO | Generating fingerprints for template discovery...
2026-06-30 21:34:13 | INFO | Removed 3 elements: overlay, popup
📐 Detecting header/footer for this page...
2026-06-30 21:34:13 | INFO | Template - Reused saved footer selector on current page
2026-06-30 21:34:13 | INFO | Header: complex complexity, 3 features
2026-06-30 21:34:13 | INFO | Footer: simple complexity, 0 features
2026-06-30 21:34:13 | INFO | Phase 2: Identifying main content area...
2026-06-30 21:34:13 | INFO | Main content: #main-content
2026-06-30 21:34:13 | INFO | Phase 3: Detecting blocks...
2026-06-30 21:34:13 | WARNING | Blocks - 50% of blocks are unknown - site uses non-EDS patterns
2026-06-30 21:34:13 | INFO | Phase 4: Capturing block screenshots...
2026-06-30 21:34:13 | INFO |    Top-section: 9 rows via title+container
2026-06-30 21:34:13 | INFO |    Body start: y=225 (start row 9 via below-title+container)
2026-06-30 21:34:13 | INFO | URL Pattern: /acesso-a-informacao/auditorias/acoes-de-supervisao-controle-e-correicao
2026-06-30 21:34:13 | INFO | Page catalog complete: /workspace/catalog/.pages/termoba_com_br_acesso-a-informacao_auditorias_acoes-de-supervisao-controle-e-correicao--d2134481/page-catalog.json
2026-06-30 21:34:13 | INFO | SUCCESS: https://termoba.com.br/acesso-a-informacao/auditorias/acoes-de-supervisao-controle-e-correicao
2026-06-30 21:34:14 | INFO | Captured 2 block screenshots
2026-06-30 21:34:14 | INFO | Detected 2 blocks
2026-06-30 21:34:14 | INFO | Generating fingerprints for template discovery...
2026-06-30 21:34:14 | INFO |    Top-section: 7 rows via title+container
2026-06-30 21:34:14 | INFO |    Body start: y=175 (start row 7 via below-title+container)
2026-06-30 21:34:14 | INFO | URL Pattern: /acesso-a-informacao/auditorias/demonstracoes-financeiras
2026-06-30 21:34:14 | INFO | Page catalog complete: /workspace/catalog/.pages/termoba_com_br_acesso-a-informacao_auditorias_demonstracoes-financeiras--ce51309f/page-catalog.json
2026-06-30 21:34:14 | INFO | SUCCESS: https://termoba.com.br/acesso-a-informacao/auditorias/demonstracoes-financeiras
2026-06-30 21:34:15 | INFO |    Top-section: 10 rows via title+container
2026-06-30 21:34:15 | INFO |    Body start: y=250 (start row 10 via below-title+container)
2026-06-30 21:34:15 | INFO | URL Pattern: /acesso-a-informacao/auditorias/prestacao-de-contas
2026-06-30 21:34:15 | INFO | Page catalog complete: /workspace/catalog/.pages/termoba_com_br_acesso-a-informacao_auditorias_prestacao-de-contas--c6b16ad2/page-catalog.json
2026-06-30 21:34:15 | INFO | SUCCESS: https://termoba.com.br/acesso-a-informacao/auditorias/prestacao-de-contas
2026-06-30 21:34:15 | INFO | Removed 3 elements: overlay, popup
📐 Detecting header/footer for this page...
2026-06-30 21:34:15 | INFO | [26/60] Processing: https://termoba.com.br/acesso-a-informacao/institucional/atas
2026-06-30 21:34:15 | INFO | Generated slug: termoba_com_br_acesso-a-informacao_institucional_atas--7eea90c0
2026-06-30 21:34:15 | INFO | Starting analysis: https://termoba.com.br/acesso-a-informacao/institucional/atas -> /workspace/catalog/.pages/termoba_com_br_acesso-a-informacao_institucional_atas--7eea90c0
2026-06-30 21:34:15 | INFO | Template - Reused saved footer selector on current page
2026-06-30 21:34:15 | INFO | Header: complex complexity, 3 features
2026-06-30 21:34:15 | INFO | Footer: simple complexity, 0 features
2026-06-30 21:34:15 | INFO | Phase 2: Identifying main content area...
2026-06-30 21:34:15 | INFO | Main content: #main-content
2026-06-30 21:34:15 | INFO | Loading: https://termoba.com.br/acesso-a-informacao/institucional/atas
2026-06-30 21:34:15 | INFO | Phase 3: Detecting blocks...
2026-06-30 21:34:15 | INFO | Phase 4: Capturing block screenshots...
2026-06-30 21:34:15 | INFO | [27/60] Processing: https://termoba.com.br/acesso-a-informacao/institucional/atos-normativos
2026-06-30 21:34:15 | INFO | Generated slug: termoba_com_br_acesso-a-informacao_institucional_atos-normativos--9c60097d
2026-06-30 21:34:15 | INFO | Starting analysis: https://termoba.com.br/acesso-a-informacao/institucional/atos-normativos -> /workspace/catalog/.pages/termoba_com_br_acesso-a-informacao_institucional_atos-normativos--9c60097d
2026-06-30 21:34:15 | INFO | Loading: https://termoba.com.br/acesso-a-informacao/institucional/atos-normativos
2026-06-30 21:34:16 | INFO | Captured 3 block screenshots
2026-06-30 21:34:16 | INFO | Detected 3 blocks
2026-06-30 21:34:16 | INFO | Generating fingerprints for template discovery...
2026-06-30 21:34:16 | INFO |    Top-section: 7 rows via title+container
2026-06-30 21:34:16 | INFO |    Body start: y=175 (start row 7 via below-title+container)
2026-06-30 21:34:16 | INFO | URL Pattern: /acesso-a-informacao/auditorias/relatorios-da-cgu
2026-06-30 21:34:16 | INFO | Page catalog complete: /workspace/catalog/.pages/termoba_com_br_acesso-a-informacao_auditorias_relatorios-da-cgu--79bf27f0/page-catalog.json
2026-06-30 21:34:16 | INFO | SUCCESS: https://termoba.com.br/acesso-a-informacao/auditorias/relatorios-da-cgu
2026-06-30 21:34:16 | INFO | [28/60] Processing: https://termoba.com.br/acesso-a-informacao/institucional/horario-de-atendimento
2026-06-30 21:34:16 | INFO | Generated slug: termoba_com_br_acesso-a-informacao_institucional_horario-de-atendimento--2901799d
2026-06-30 21:34:16 | INFO | Starting analysis: https://termoba.com.br/acesso-a-informacao/institucional/horario-de-atendimento -> /workspace/catalog/.pages/termoba_com_br_acesso-a-informacao_institucional_horario-de-atendimento--2901799d
2026-06-30 21:34:16 | INFO | Loading: https://termoba.com.br/acesso-a-informacao/institucional/horario-de-atendimento
2026-06-30 21:34:18 | INFO | [29/60] Processing: https://termoba.com.br/acesso-a-informacao/institucional/hospitalidades
2026-06-30 21:34:18 | INFO | Generated slug: termoba_com_br_acesso-a-informacao_institucional_hospitalidades--7f0a7771
2026-06-30 21:34:18 | INFO | Starting analysis: https://termoba.com.br/acesso-a-informacao/institucional/hospitalidades -> /workspace/catalog/.pages/termoba_com_br_acesso-a-informacao_institucional_hospitalidades--7f0a7771
2026-06-30 21:34:18 | INFO | Loading: https://termoba.com.br/acesso-a-informacao/institucional/hospitalidades
2026-06-30 21:34:18 | INFO |    Top-section: 7 rows via title+container
2026-06-30 21:34:18 | INFO |    Body start: y=175 (start row 7 via below-title+container)
2026-06-30 21:34:18 | INFO | URL Pattern: /acesso-a-informacao/institucional/agenda-de-autoridades
2026-06-30 21:34:18 | INFO | Page catalog complete: /workspace/catalog/.pages/termoba_com_br_acesso-a-informacao_institucional_agenda-de-autoridades--3b04afc2/page-catalog.json
2026-06-30 21:34:18 | INFO | SUCCESS: https://termoba.com.br/acesso-a-informacao/institucional/agenda-de-autoridades
2026-06-30 21:34:18 | INFO | PROGRESS: 25/60 analyzed (42% checklist complete) | 25 ok, 0 failed, 0 skipped | ~9 min remaining
2026-06-30 21:34:18 | INFO | Phase 0A: Triggering lazy-loaded content...
2026-06-30 21:34:19 | INFO | Phase 0A: Triggering lazy-loaded content...
2026-06-30 21:34:19 | INFO | [30/60] Processing: https://termoba.com.br/acesso-a-informacao/institucional/presentes
2026-06-30 21:34:19 | INFO | Generated slug: termoba_com_br_acesso-a-informacao_institucional_presentes--565c5be9
2026-06-30 21:34:19 | INFO | Starting analysis: https://termoba.com.br/acesso-a-informacao/institucional/presentes -> /workspace/catalog/.pages/termoba_com_br_acesso-a-informacao_institucional_presentes--565c5be9
2026-06-30 21:34:19 | INFO | Loading: https://termoba.com.br/acesso-a-informacao/institucional/presentes
2026-06-30 21:34:19 | INFO | Lazy-load scroll complete
2026-06-30 21:34:19 | INFO | Phase 0B: Cleaning up overlays...
2026-06-30 21:34:19 | INFO | Phase 0A: Triggering lazy-loaded content...
2026-06-30 21:34:20 | INFO | Lazy-load scroll complete
2026-06-30 21:34:20 | INFO | Phase 0B: Cleaning up overlays...
2026-06-30 21:34:21 | INFO | Phase 0A: Triggering lazy-loaded content...
2026-06-30 21:34:21 | INFO | Lazy-load scroll complete
2026-06-30 21:34:21 | INFO | Phase 0B: Cleaning up overlays...
2026-06-30 21:34:22 | INFO | Lazy-load scroll complete
2026-06-30 21:34:22 | INFO | Phase 0B: Cleaning up overlays...
2026-06-30 21:34:23 | INFO | Phase 0A: Triggering lazy-loaded content...
2026-06-30 21:34:24 | INFO | Lazy-load scroll complete
2026-06-30 21:34:24 | INFO | Phase 0B: Cleaning up overlays...
2026-06-30 21:35:21 | INFO | Removed 3 elements: overlay, popup
📐 Detecting header/footer for this page...
2026-06-30 21:35:21 | INFO | Template - Reused saved footer selector on current page
2026-06-30 21:35:21 | INFO | Header: complex complexity, 3 features
2026-06-30 21:35:21 | INFO | Footer: simple complexity, 0 features
2026-06-30 21:35:21 | INFO | Phase 2: Identifying main content area...
2026-06-30 21:35:21 | INFO | Main content: #main-content
2026-06-30 21:35:21 | INFO | Phase 3: Detecting blocks...
2026-06-30 21:35:21 | WARNING | Blocks - 50% of blocks are unknown - site uses non-EDS patterns
2026-06-30 21:35:21 | INFO | Phase 4: Capturing block screenshots...
2026-06-30 21:35:21 | INFO | Removed 3 elements: overlay, popup
📐 Detecting header/footer for this page...
2026-06-30 21:35:22 | INFO | Template - Reused saved footer selector on current page
2026-06-30 21:35:22 | INFO | Header: complex complexity, 3 features
2026-06-30 21:35:22 | INFO | Footer: simple complexity, 0 features
2026-06-30 21:35:22 | INFO | Phase 2: Identifying main content area...
2026-06-30 21:35:22 | INFO | Main content: #main-content
2026-06-30 21:35:22 | INFO | Captured 2 block screenshots
2026-06-30 21:35:22 | INFO | Detected 2 blocks
2026-06-30 21:35:22 | INFO | Generating fingerprints for template discovery...
2026-06-30 21:35:22 | INFO | Phase 3: Detecting blocks...
2026-06-30 21:35:22 | WARNING | Blocks - 50% of blocks are unknown - site uses non-EDS patterns
2026-06-30 21:35:22 | INFO | Phase 4: Capturing block screenshots...
2026-06-30 21:35:22 | INFO | Removed 3 elements: overlay, popup
📐 Detecting header/footer for this page...
2026-06-30 21:35:22 | INFO | Template - Reused saved footer selector on current page
2026-06-30 21:35:22 | INFO | Header: complex complexity, 3 features
2026-06-30 21:35:22 | INFO | Footer: simple complexity, 0 features
2026-06-30 21:35:22 | INFO | Phase 2: Identifying main content area...
2026-06-30 21:35:22 | INFO | Main content: #main-content
2026-06-30 21:35:22 | INFO | Captured 2 block screenshots
2026-06-30 21:35:22 | INFO | Detected 2 blocks
2026-06-30 21:35:22 | INFO | Generating fingerprints for template discovery...
2026-06-30 21:35:22 | INFO | Phase 3: Detecting blocks...
2026-06-30 21:35:22 | INFO | Phase 4: Capturing block screenshots...
2026-06-30 21:35:23 | INFO | Captured 2 block screenshots
2026-06-30 21:35:23 | INFO | Detected 2 blocks
2026-06-30 21:35:23 | INFO | Generating fingerprints for template discovery...
2026-06-30 21:35:24 | INFO | Removed 3 elements: overlay, popup
📐 Detecting header/footer for this page...
2026-06-30 21:35:24 | INFO | Template - Reused saved footer selector on current page
2026-06-30 21:35:24 | INFO | Header: complex complexity, 3 features
2026-06-30 21:35:24 | INFO | Footer: simple complexity, 0 features
2026-06-30 21:35:24 | INFO | Phase 2: Identifying main content area...
2026-06-30 21:35:24 | INFO | Main content: #main-content
2026-06-30 21:35:24 | INFO | Phase 3: Detecting blocks...
2026-06-30 21:35:24 | WARNING | Blocks - 67% of blocks are unknown - site uses non-EDS patterns
2026-06-30 21:35:24 | INFO | Phase 4: Capturing block screenshots...
2026-06-30 21:35:24 | INFO |    Top-section: 7 rows via title+container
2026-06-30 21:35:24 | INFO |    Body start: y=175 (start row 7 via below-title+container)
2026-06-30 21:35:24 | INFO | URL Pattern: /acesso-a-informacao/institucional/atas
2026-06-30 21:35:24 | INFO | Page catalog complete: /workspace/catalog/.pages/termoba_com_br_acesso-a-informacao_institucional_atas--7eea90c0/page-catalog.json
2026-06-30 21:35:24 | INFO | SUCCESS: https://termoba.com.br/acesso-a-informacao/institucional/atas
2026-06-30 21:35:25 | INFO | Captured 3 block screenshots
2026-06-30 21:35:25 | INFO | Detected 3 blocks
2026-06-30 21:35:25 | INFO | Generating fingerprints for template discovery...
2026-06-30 21:35:25 | INFO |    Top-section: 7 rows via title+container
2026-06-30 21:35:25 | INFO |    Body start: y=175 (start row 7 via below-title+container)
2026-06-30 21:35:25 | INFO | URL Pattern: /acesso-a-informacao/institucional/atos-normativos
2026-06-30 21:35:25 | INFO | Page catalog complete: /workspace/catalog/.pages/termoba_com_br_acesso-a-informacao_institucional_atos-normativos--9c60097d/page-catalog.json
2026-06-30 21:35:25 | INFO | SUCCESS: https://termoba.com.br/acesso-a-informacao/institucional/atos-normativos
2026-06-30 21:35:25 | INFO |    Top-section: 7 rows via title+container
2026-06-30 21:35:25 | INFO |    Body start: y=175 (start row 7 via below-title+container)
2026-06-30 21:35:25 | INFO | URL Pattern: /acesso-a-informacao/institucional/horario-de-atendimento
2026-06-30 21:35:25 | INFO | Page catalog complete: /workspace/catalog/.pages/termoba_com_br_acesso-a-informacao_institucional_horario-de-atendimento--2901799d/page-catalog.json
2026-06-30 21:35:25 | INFO | SUCCESS: https://termoba.com.br/acesso-a-informacao/institucional/horario-de-atendimento
2026-06-30 21:35:25 | INFO | [31/60] Processing: https://termoba.com.br/acesso-a-informacao/institucional/sobre
2026-06-30 21:35:25 | INFO | Generated slug: termoba_com_br_acesso-a-informacao_institucional_sobre--5f7b8f14
2026-06-30 21:35:25 | INFO | Starting analysis: https://termoba.com.br/acesso-a-informacao/institucional/sobre -> /workspace/catalog/.pages/termoba_com_br_acesso-a-informacao_institucional_sobre--5f7b8f14
2026-06-30 21:35:25 | INFO | Loading: https://termoba.com.br/acesso-a-informacao/institucional/sobre
2026-06-30 21:35:25 | INFO | Removed 3 elements: overlay, popup
📐 Detecting header/footer for this page...
2026-06-30 21:35:26 | INFO | Template - Reused saved footer selector on current page
2026-06-30 21:35:26 | INFO | Header: complex complexity, 3 features
2026-06-30 21:35:26 | INFO | Footer: simple complexity, 0 features
2026-06-30 21:35:26 | INFO | Phase 2: Identifying main content area...
2026-06-30 21:35:26 | INFO | Main content: #main-content
2026-06-30 21:35:26 | INFO | Phase 3: Detecting blocks...
2026-06-30 21:35:26 | WARNING | Blocks - 67% of blocks are unknown - site uses non-EDS patterns
2026-06-30 21:35:26 | INFO | Phase 4: Capturing block screenshots...
2026-06-30 21:35:26 | INFO | [32/60] Processing: https://termoba.com.br/acesso-a-informacao/licitacoes-e-contratos/aditivos
2026-06-30 21:35:26 | INFO | Generated slug: termoba_com_br_acesso-a-informacao_licitacoes-e-contratos_aditivos--322f8145
2026-06-30 21:35:26 | INFO | Starting analysis: https://termoba.com.br/acesso-a-informacao/licitacoes-e-contratos/aditivos -> /workspace/catalog/.pages/termoba_com_br_acesso-a-informacao_licitacoes-e-contratos_aditivos--322f8145
2026-06-30 21:35:26 | INFO | Loading: https://termoba.com.br/acesso-a-informacao/licitacoes-e-contratos/aditivos
2026-06-30 21:35:26 | INFO | Captured 3 block screenshots
2026-06-30 21:35:26 | INFO | Detected 3 blocks
2026-06-30 21:35:26 | INFO | Generating fingerprints for template discovery...
2026-06-30 21:35:27 | INFO |    Top-section: 7 rows via title+container
2026-06-30 21:35:27 | INFO |    Body start: y=175 (start row 7 via below-title+container)
2026-06-30 21:35:27 | INFO | URL Pattern: /acesso-a-informacao/institucional/hospitalidades
2026-06-30 21:35:27 | INFO | Page catalog complete: /workspace/catalog/.pages/termoba_com_br_acesso-a-informacao_institucional_hospitalidades--7f0a7771/page-catalog.json
2026-06-30 21:35:27 | INFO | SUCCESS: https://termoba.com.br/acesso-a-informacao/institucional/hospitalidades
2026-06-30 21:35:27 | INFO | [33/60] Processing: https://termoba.com.br/acesso-a-informacao/licitacoes-e-contratos/contratos
2026-06-30 21:35:27 | INFO | Generated slug: termoba_com_br_acesso-a-informacao_licitacoes-e-contratos_contratos--cc114b76
2026-06-30 21:35:27 | INFO | Starting analysis: https://termoba.com.br/acesso-a-informacao/licitacoes-e-contratos/contratos -> /workspace/catalog/.pages/termoba_com_br_acesso-a-informacao_licitacoes-e-contratos_contratos--cc114b76
2026-06-30 21:35:27 | INFO | Loading: https://termoba.com.br/acesso-a-informacao/licitacoes-e-contratos/contratos
2026-06-30 21:35:28 | INFO | [34/60] Processing: https://termoba.com.br/acesso-a-informacao/licitacoes-e-contratos/contratos-de-transferencia-de-tecnologia
2026-06-30 21:35:28 | INFO | Generated slug: termoba_com_br_acesso-a-informacao_licitacoes-e-contratos_contratos-de-transferencia-de-tecnologia--4fa5f32d
2026-06-30 21:35:28 | INFO | Starting analysis: https://termoba.com.br/acesso-a-informacao/licitacoes-e-contratos/contratos-de-transferencia-de-tecnologia -> /workspace/catalog/.pages/termoba_com_br_acesso-a-informacao_licitacoes-e-contratos_contratos-de-transferencia-de-tecnologia--4fa5f32d
2026-06-30 21:35:28 | INFO | Loading: https://termoba.com.br/acesso-a-informacao/licitacoes-e-contratos/contratos-de-transferencia-de-tecnologia
2026-06-30 21:35:29 | INFO |    Top-section: 7 rows via title+container
2026-06-30 21:35:29 | INFO |    Body start: y=175 (start row 7 via below-title+container)
2026-06-30 21:35:29 | INFO | URL Pattern: /acesso-a-informacao/institucional/presentes
2026-06-30 21:35:29 | INFO | Page catalog complete: /workspace/catalog/.pages/termoba_com_br_acesso-a-informacao_institucional_presentes--565c5be9/page-catalog.json
2026-06-30 21:35:29 | INFO | SUCCESS: https://termoba.com.br/acesso-a-informacao/institucional/presentes
2026-06-30 21:35:29 | INFO | PROGRESS: 30/60 analyzed (50% checklist complete) | 30 ok, 0 failed, 0 skipped | ~8 min remaining
2026-06-30 21:35:29 | INFO | Phase 0A: Triggering lazy-loaded content...
2026-06-30 21:35:29 | INFO | Phase 0A: Triggering lazy-loaded content...
2026-06-30 21:35:30 | INFO | [35/60] Processing: https://termoba.com.br/acesso-a-informacao/licitacoes-e-contratos/licitacoes
2026-06-30 21:35:30 | INFO | Generated slug: termoba_com_br_acesso-a-informacao_licitacoes-e-contratos_licitacoes--08be12ae
2026-06-30 21:35:30 | INFO | Starting analysis: https://termoba.com.br/acesso-a-informacao/licitacoes-e-contratos/licitacoes -> /workspace/catalog/.pages/termoba_com_br_acesso-a-informacao_licitacoes-e-contratos_licitacoes--08be12ae
2026-06-30 21:35:30 | INFO | Lazy-load scroll complete
2026-06-30 21:35:30 | INFO | Phase 0B: Cleaning up overlays...
2026-06-30 21:35:30 | INFO | Loading: https://termoba.com.br/acesso-a-informacao/licitacoes-e-contratos/licitacoes
2026-06-30 21:35:30 | INFO | Phase 0A: Triggering lazy-loaded content...
2026-06-30 21:35:31 | INFO | Lazy-load scroll complete
2026-06-30 21:35:31 | INFO | Phase 0B: Cleaning up overlays...
2026-06-30 21:35:32 | INFO | Phase 0A: Triggering lazy-loaded content...
2026-06-30 21:35:32 | INFO | Lazy-load scroll complete
2026-06-30 21:35:32 | INFO | Phase 0B: Cleaning up overlays...
2026-06-30 21:35:33 | INFO | Lazy-load scroll complete
2026-06-30 21:35:33 | INFO | Phase 0B: Cleaning up overlays...
2026-06-30 21:35:33 | INFO | Phase 0A: Triggering lazy-loaded content...
2026-06-30 21:35:35 | INFO | Lazy-load scroll complete
2026-06-30 21:35:35 | INFO | Phase 0B: Cleaning up overlays...
2026-06-30 21:36:02 | INFO | Removed 3 elements: overlay, popup
📐 Detecting header/footer for this page...
2026-06-30 21:36:02 | INFO | Template - Reused saved footer selector on current page
2026-06-30 21:36:02 | INFO | Header: complex complexity, 3 features
2026-06-30 21:36:02 | INFO | Footer: simple complexity, 0 features
2026-06-30 21:36:02 | INFO | Phase 2: Identifying main content area...
2026-06-30 21:36:02 | INFO | Main content: #main-content
2026-06-30 21:36:02 | INFO | Phase 3: Detecting blocks...
2026-06-30 21:36:02 | INFO | Phase 4: Capturing block screenshots...
2026-06-30 21:36:03 | INFO | Captured 3 block screenshots
2026-06-30 21:36:03 | INFO | Detected 3 blocks
2026-06-30 21:36:03 | INFO | Generating fingerprints for template discovery...
2026-06-30 21:36:05 | INFO |    Top-section: 7 rows via title+container
2026-06-30 21:36:05 | INFO |    Body start: y=175 (start row 7 via below-title+container)
2026-06-30 21:36:05 | INFO | URL Pattern: /acesso-a-informacao/licitacoes-e-contratos/aditivos
2026-06-30 21:36:05 | INFO | Page catalog complete: /workspace/catalog/.pages/termoba_com_br_acesso-a-informacao_licitacoes-e-contratos_aditivos--322f8145/page-catalog.json
2026-06-30 21:36:05 | INFO | SUCCESS: https://termoba.com.br/acesso-a-informacao/licitacoes-e-contratos/aditivos
2026-06-30 21:36:07 | INFO | [36/60] Processing: https://termoba.com.br/acesso-a-informacao/licitacoes-e-contratos/patrocinios
2026-06-30 21:36:07 | INFO | Generated slug: termoba_com_br_acesso-a-informacao_licitacoes-e-contratos_patrocinios--e68aa3db
2026-06-30 21:36:07 | INFO | Starting analysis: https://termoba.com.br/acesso-a-informacao/licitacoes-e-contratos/patrocinios -> /workspace/catalog/.pages/termoba_com_br_acesso-a-informacao_licitacoes-e-contratos_patrocinios--e68aa3db
2026-06-30 21:36:07 | INFO | Loading: https://termoba.com.br/acesso-a-informacao/licitacoes-e-contratos/patrocinios
2026-06-30 21:36:10 | INFO | Phase 0A: Triggering lazy-loaded content...
2026-06-30 21:36:12 | INFO | Lazy-load scroll complete
2026-06-30 21:36:12 | INFO | Phase 0B: Cleaning up overlays...
2026-06-30 21:36:31 | INFO | Removed 3 elements: overlay, popup
📐 Detecting header/footer for this page...
2026-06-30 21:36:31 | INFO | Template - Reused saved footer selector on current page
2026-06-30 21:36:31 | INFO | Header: complex complexity, 3 features
2026-06-30 21:36:31 | INFO | Footer: simple complexity, 0 features
2026-06-30 21:36:31 | INFO | Phase 2: Identifying main content area...
2026-06-30 21:36:31 | INFO | Main content: #main-content
2026-06-30 21:36:32 | INFO | Phase 3: Detecting blocks...
2026-06-30 21:36:32 | WARNING | Blocks - 50% of blocks are unknown - site uses non-EDS patterns
2026-06-30 21:36:32 | INFO | Phase 4: Capturing block screenshots...
2026-06-30 21:36:32 | INFO | Captured 2 block screenshots
2026-06-30 21:36:32 | INFO | Detected 2 blocks
2026-06-30 21:36:32 | INFO | Generating fingerprints for template discovery...
2026-06-30 21:36:33 | INFO | Removed 3 elements: overlay, popup
📐 Detecting header/footer for this page...
2026-06-30 21:36:33 | INFO | Template - Reused saved footer selector on current page
2026-06-30 21:36:33 | INFO | Header: complex complexity, 3 features
2026-06-30 21:36:33 | INFO | Footer: simple complexity, 0 features
2026-06-30 21:36:33 | INFO | Phase 2: Identifying main content area...
2026-06-30 21:36:33 | INFO | Main content: #main-content
2026-06-30 21:36:33 | INFO | Phase 3: Detecting blocks...
2026-06-30 21:36:33 | INFO | Phase 4: Capturing block screenshots...
2026-06-30 21:36:34 | INFO | Captured 3 block screenshots
2026-06-30 21:36:34 | INFO | Detected 3 blocks
2026-06-30 21:36:34 | INFO | Generating fingerprints for template discovery...
2026-06-30 21:36:34 | INFO | Removed 3 elements: overlay, popup
📐 Detecting header/footer for this page...
2026-06-30 21:36:34 | INFO | Template - Reused saved footer selector on current page
2026-06-30 21:36:34 | INFO | Header: complex complexity, 3 features
2026-06-30 21:36:34 | INFO | Footer: simple complexity, 0 features
2026-06-30 21:36:34 | INFO | Phase 2: Identifying main content area...
2026-06-30 21:36:34 | INFO | Main content: #main-content
2026-06-30 21:36:34 | INFO | Phase 3: Detecting blocks...
2026-06-30 21:36:34 | INFO | Phase 4: Capturing block screenshots...
2026-06-30 21:36:35 | INFO |    Top-section: 7 rows via title+container
2026-06-30 21:36:35 | INFO |    Body start: y=175 (start row 7 via below-title+container)
2026-06-30 21:36:35 | INFO | URL Pattern: /acesso-a-informacao/institucional/sobre
2026-06-30 21:36:35 | INFO | Page catalog complete: /workspace/catalog/.pages/termoba_com_br_acesso-a-informacao_institucional_sobre--5f7b8f14/page-catalog.json
2026-06-30 21:36:35 | INFO | SUCCESS: https://termoba.com.br/acesso-a-informacao/institucional/sobre
2026-06-30 21:36:35 | WARNING | Screenshots - Block not visible: unknown-367a09fc
2026-06-30 21:36:35 | INFO | Captured 2 block screenshots
2026-06-30 21:36:35 | INFO | Detected 3 blocks
2026-06-30 21:36:35 | INFO | Generating fingerprints for template discovery...
2026-06-30 21:36:36 | INFO | [37/60] Processing: https://termoba.com.br/acesso-a-informacao/participacao-social/audiencias-publicas
2026-06-30 21:36:36 | INFO | Generated slug: termoba_com_br_acesso-a-informacao_participacao-social_audiencias-publicas--469ab105
2026-06-30 21:36:36 | INFO | Starting analysis: https://termoba.com.br/acesso-a-informacao/participacao-social/audiencias-publicas -> /workspace/catalog/.pages/termoba_com_br_acesso-a-informacao_participacao-social_audiencias-publicas--469ab105
2026-06-30 21:36:36 | INFO | Loading: https://termoba.com.br/acesso-a-informacao/participacao-social/audiencias-publicas
2026-06-30 21:36:36 | INFO |    Top-section: 7 rows via title+container
2026-06-30 21:36:36 | INFO |    Body start: y=175 (start row 7 via below-title+container)
2026-06-30 21:36:36 | INFO | URL Pattern: /acesso-a-informacao/licitacoes-e-contratos/contratos
2026-06-30 21:36:36 | INFO | Page catalog complete: /workspace/catalog/.pages/termoba_com_br_acesso-a-informacao_licitacoes-e-contratos_contratos--cc114b76/page-catalog.json
2026-06-30 21:36:36 | INFO | SUCCESS: https://termoba.com.br/acesso-a-informacao/licitacoes-e-contratos/contratos
2026-06-30 21:36:36 | INFO | Removed 3 elements: overlay, popup
📐 Detecting header/footer for this page...
2026-06-30 21:36:36 | INFO | Template - Reused saved footer selector on current page
2026-06-30 21:36:36 | INFO | Header: complex complexity, 3 features
2026-06-30 21:36:36 | INFO | Footer: simple complexity, 0 features
2026-06-30 21:36:36 | INFO | Phase 2: Identifying main content area...
2026-06-30 21:36:36 | INFO | Main content: #main-content
2026-06-30 21:36:36 | INFO | Phase 3: Detecting blocks...
2026-06-30 21:36:36 | WARNING | Blocks - 50% of blocks are unknown - site uses non-EDS patterns
2026-06-30 21:36:36 | INFO | Phase 4: Capturing block screenshots...
2026-06-30 21:36:37 | INFO | Captured 4 block screenshots
2026-06-30 21:36:37 | INFO | Detected 4 blocks
2026-06-30 21:36:37 | INFO | Generating fingerprints for template discovery...
2026-06-30 21:36:37 | INFO |    Top-section: 9 rows via title+container
2026-06-30 21:36:37 | INFO |    Body start: y=225 (start row 9 via below-title+container)
2026-06-30 21:36:37 | INFO | URL Pattern: /acesso-a-informacao/licitacoes-e-contratos/contratos-de-transferencia-de-tecnologia
2026-06-30 21:36:37 | INFO | Page catalog complete: /workspace/catalog/.pages/termoba_com_br_acesso-a-informacao_licitacoes-e-contratos_contratos-de-transferencia-de-tecnologia--4fa5f32d/page-catalog.json
2026-06-30 21:36:37 | INFO | SUCCESS: https://termoba.com.br/acesso-a-informacao/licitacoes-e-contratos/contratos-de-transferencia-de-tecnologia
2026-06-30 21:36:38 | INFO | [38/60] Processing: https://termoba.com.br/acesso-a-informacao/participacao-social/conferencias
2026-06-30 21:36:38 | INFO | Generated slug: termoba_com_br_acesso-a-informacao_participacao-social_conferencias--33c2ddeb
2026-06-30 21:36:38 | INFO | Starting analysis: https://termoba.com.br/acesso-a-informacao/participacao-social/conferencias -> /workspace/catalog/.pages/termoba_com_br_acesso-a-informacao_participacao-social_conferencias--33c2ddeb
2026-06-30 21:36:38 | INFO | Loading: https://termoba.com.br/acesso-a-informacao/participacao-social/conferencias
2026-06-30 21:36:39 | INFO | [39/60] Processing: https://termoba.com.br/acesso-a-informacao/participacao-social/conselhos-e-orgaos-colegiados
2026-06-30 21:36:39 | INFO | Generated slug: termoba_com_br_acesso-a-informacao_participacao-social_conselhos-e-orgaos-colegiados--cd054890
2026-06-30 21:36:39 | INFO | Starting analysis: https://termoba.com.br/acesso-a-informacao/participacao-social/conselhos-e-orgaos-colegiados -> /workspace/catalog/.pages/termoba_com_br_acesso-a-informacao_participacao-social_conselhos-e-orgaos-colegiados--cd054890
2026-06-30 21:36:39 | INFO | Loading: https://termoba.com.br/acesso-a-informacao/participacao-social/conselhos-e-orgaos-colegiados
2026-06-30 21:36:39 | INFO |    Top-section: 7 rows via title+container
2026-06-30 21:36:39 | INFO |    Body start: y=175 (start row 7 via below-title+container)
2026-06-30 21:36:39 | INFO | URL Pattern: /acesso-a-informacao/licitacoes-e-contratos/licitacoes
2026-06-30 21:36:39 | INFO | Page catalog complete: /workspace/catalog/.pages/termoba_com_br_acesso-a-informacao_licitacoes-e-contratos_licitacoes--08be12ae/page-catalog.json
2026-06-30 21:36:39 | INFO | SUCCESS: https://termoba.com.br/acesso-a-informacao/licitacoes-e-contratos/licitacoes
2026-06-30 21:36:39 | INFO | PROGRESS: 35/60 analyzed (58% checklist complete) | 35 ok, 0 failed, 0 skipped | ~6 min remaining
2026-06-30 21:36:39 | INFO | Phase 0A: Triggering lazy-loaded content...
2026-06-30 21:36:41 | INFO | Lazy-load scroll complete
2026-06-30 21:36:41 | INFO | Phase 0B: Cleaning up overlays...
2026-06-30 21:36:41 | INFO | [40/60] Processing: https://termoba.com.br/acesso-a-informacao/participacao-social/editais-de-chamamento-publico
2026-06-30 21:36:41 | INFO | Generated slug: termoba_com_br_acesso-a-informacao_participacao-social_editais-de-chamamento-publico--a3872043
2026-06-30 21:36:41 | INFO | Starting analysis: https://termoba.com.br/acesso-a-informacao/participacao-social/editais-de-chamamento-publico -> /workspace/catalog/.pages/termoba_com_br_acesso-a-informacao_participacao-social_editais-de-chamamento-publico--a3872043
2026-06-30 21:36:41 | INFO | Loading: https://termoba.com.br/acesso-a-informacao/participacao-social/editais-de-chamamento-publico
2026-06-30 21:36:41 | INFO | Phase 0A: Triggering lazy-loaded content...
2026-06-30 21:36:42 | INFO | Phase 0A: Triggering lazy-loaded content...
2026-06-30 21:36:42 | INFO | Lazy-load scroll complete
2026-06-30 21:36:42 | INFO | Phase 0B: Cleaning up overlays...
2026-06-30 21:36:44 | INFO | Lazy-load scroll complete
2026-06-30 21:36:44 | INFO | Phase 0B: Cleaning up overlays...
2026-06-30 21:36:44 | INFO | Phase 0A: Triggering lazy-loaded content...
2026-06-30 21:36:46 | INFO | Lazy-load scroll complete
2026-06-30 21:36:46 | INFO | Phase 0B: Cleaning up overlays...
2026-06-30 21:37:13 | INFO | Removed 3 elements: overlay, popup
📐 Detecting header/footer for this page...
2026-06-30 21:37:13 | INFO | Template - Reused saved footer selector on current page
2026-06-30 21:37:13 | INFO | Header: complex complexity, 3 features
2026-06-30 21:37:13 | INFO | Footer: simple complexity, 0 features
2026-06-30 21:37:13 | INFO | Phase 2: Identifying main content area...
2026-06-30 21:37:13 | INFO | Main content: #main-content
2026-06-30 21:37:13 | INFO | Phase 3: Detecting blocks...
2026-06-30 21:37:13 | INFO | Phase 4: Capturing block screenshots...
2026-06-30 21:37:13 | WARNING | Screenshots - Block not visible: unknown-367a09fc
2026-06-30 21:37:14 | INFO | Captured 2 block screenshots
2026-06-30 21:37:14 | INFO | Detected 3 blocks
2026-06-30 21:37:14 | INFO | Generating fingerprints for template discovery...
2026-06-30 21:37:16 | INFO |    Top-section: 7 rows via title+container
2026-06-30 21:37:16 | INFO |    Body start: y=175 (start row 7 via below-title+container)
2026-06-30 21:37:16 | INFO | URL Pattern: /acesso-a-informacao/licitacoes-e-contratos/patrocinios
2026-06-30 21:37:16 | INFO | Page catalog complete: /workspace/catalog/.pages/termoba_com_br_acesso-a-informacao_licitacoes-e-contratos_patrocinios--e68aa3db/page-catalog.json
2026-06-30 21:37:16 | INFO | SUCCESS: https://termoba.com.br/acesso-a-informacao/licitacoes-e-contratos/patrocinios
2026-06-30 21:37:18 | INFO | [41/60] Processing: https://termoba.com.br/acesso-a-informacao/participacao-social/outras-acoes
2026-06-30 21:37:18 | INFO | Generated slug: termoba_com_br_acesso-a-informacao_participacao-social_outras-acoes--1cd79dff
2026-06-30 21:37:18 | INFO | Starting analysis: https://termoba.com.br/acesso-a-informacao/participacao-social/outras-acoes -> /workspace/catalog/.pages/termoba_com_br_acesso-a-informacao_participacao-social_outras-acoes--1cd79dff
2026-06-30 21:37:18 | INFO | Loading: https://termoba.com.br/acesso-a-informacao/participacao-social/outras-acoes
2026-06-30 21:37:21 | INFO | Phase 0A: Triggering lazy-loaded content...
2026-06-30 21:37:23 | INFO | Lazy-load scroll complete
2026-06-30 21:37:23 | INFO | Phase 0B: Cleaning up overlays...
2026-06-30 21:37:42 | INFO | Removed 3 elements: overlay, popup
📐 Detecting header/footer for this page...
2026-06-30 21:37:42 | INFO | Template - Reused saved footer selector on current page
2026-06-30 21:37:42 | INFO | Header: complex complexity, 3 features
2026-06-30 21:37:42 | INFO | Footer: simple complexity, 0 features
2026-06-30 21:37:42 | INFO | Phase 2: Identifying main content area...
2026-06-30 21:37:42 | INFO | Main content: #main-content
2026-06-30 21:37:42 | INFO | Phase 3: Detecting blocks...
2026-06-30 21:37:42 | WARNING | Blocks - 50% of blocks are unknown - site uses non-EDS patterns
2026-06-30 21:37:42 | INFO | Phase 4: Capturing block screenshots...
2026-06-30 21:37:43 | INFO | Captured 2 block screenshots
2026-06-30 21:37:43 | INFO | Detected 2 blocks
2026-06-30 21:37:43 | INFO | Generating fingerprints for template discovery...
2026-06-30 21:37:44 | INFO | Removed 3 elements: overlay, popup
📐 Detecting header/footer for this page...
2026-06-30 21:37:44 | INFO | Template - Reused saved footer selector on current page
2026-06-30 21:37:44 | INFO | Header: complex complexity, 3 features
2026-06-30 21:37:44 | INFO | Footer: simple complexity, 0 features
2026-06-30 21:37:44 | INFO | Phase 2: Identifying main content area...
2026-06-30 21:37:44 | INFO | Main content: #main-content
2026-06-30 21:37:44 | INFO | Phase 3: Detecting blocks...
2026-06-30 21:37:44 | WARNING | Blocks - 50% of blocks are unknown - site uses non-EDS patterns
2026-06-30 21:37:44 | INFO | Phase 4: Capturing block screenshots...
2026-06-30 21:37:45 | INFO | Captured 2 block screenshots
2026-06-30 21:37:45 | INFO | Detected 2 blocks
2026-06-30 21:37:45 | INFO | Generating fingerprints for template discovery...
2026-06-30 21:37:45 | INFO | Removed 3 elements: overlay, popup
📐 Detecting header/footer for this page...
2026-06-30 21:37:45 | INFO | Template - Reused saved footer selector on current page
2026-06-30 21:37:45 | INFO | Header: complex complexity, 3 features
2026-06-30 21:37:45 | INFO | Footer: simple complexity, 0 features
2026-06-30 21:37:45 | INFO | Phase 2: Identifying main content area...
2026-06-30 21:37:45 | INFO | Main content: #main-content
2026-06-30 21:37:45 | INFO | Phase 3: Detecting blocks...
2026-06-30 21:37:45 | WARNING | Blocks - 50% of blocks are unknown - site uses non-EDS patterns
2026-06-30 21:37:45 | INFO | Phase 4: Capturing block screenshots...
2026-06-30 21:37:45 | INFO |    Top-section: 7 rows via title+container
2026-06-30 21:37:45 | INFO |    Body start: y=175 (start row 7 via below-title+container)
2026-06-30 21:37:45 | INFO | URL Pattern: /acesso-a-informacao/participacao-social/audiencias-publicas
2026-06-30 21:37:45 | INFO | Page catalog complete: /workspace/catalog/.pages/termoba_com_br_acesso-a-informacao_participacao-social_audiencias-publicas--469ab105/page-catalog.json
2026-06-30 21:37:45 | INFO | SUCCESS: https://termoba.com.br/acesso-a-informacao/participacao-social/audiencias-publicas
2026-06-30 21:37:46 | INFO | Captured 2 block screenshots
2026-06-30 21:37:46 | INFO | Detected 2 blocks
2026-06-30 21:37:46 | INFO | Generating fingerprints for template discovery...
2026-06-30 21:37:47 | INFO | [42/60] Processing: https://termoba.com.br/acesso-a-informacao/participacao-social/ouvidoria
2026-06-30 21:37:47 | INFO | Generated slug: termoba_com_br_acesso-a-informacao_participacao-social_ouvidoria--519eb727
2026-06-30 21:37:47 | INFO | Starting analysis: https://termoba.com.br/acesso-a-informacao/participacao-social/ouvidoria -> /workspace/catalog/.pages/termoba_com_br_acesso-a-informacao_participacao-social_ouvidoria--519eb727
2026-06-30 21:37:47 | INFO | Loading: https://termoba.com.br/acesso-a-informacao/participacao-social/ouvidoria
2026-06-30 21:37:47 | INFO |    Top-section: 7 rows via title+container
2026-06-30 21:37:47 | INFO |    Body start: y=175 (start row 7 via below-title+container)
2026-06-30 21:37:47 | INFO | URL Pattern: /acesso-a-informacao/participacao-social/conferencias
2026-06-30 21:37:47 | INFO | Page catalog complete: /workspace/catalog/.pages/termoba_com_br_acesso-a-informacao_participacao-social_conferencias--33c2ddeb/page-catalog.json
2026-06-30 21:37:47 | INFO | SUCCESS: https://termoba.com.br/acesso-a-informacao/participacao-social/conferencias
2026-06-30 21:37:47 | INFO | Removed 3 elements: overlay, popup
📐 Detecting header/footer for this page...
2026-06-30 21:37:47 | INFO | Template - Reused saved footer selector on current page
2026-06-30 21:37:47 | INFO | Header: complex complexity, 3 features
2026-06-30 21:37:47 | INFO | Footer: simple complexity, 0 features
2026-06-30 21:37:47 | INFO | Phase 2: Identifying main content area...
2026-06-30 21:37:47 | INFO | Main content: #main-content
2026-06-30 21:37:47 | INFO | Phase 3: Detecting blocks...
2026-06-30 21:37:47 | WARNING | Blocks - 50% of blocks are unknown - site uses non-EDS patterns
2026-06-30 21:37:47 | INFO | Phase 4: Capturing block screenshots...
2026-06-30 21:37:48 | INFO | Captured 2 block screenshots
2026-06-30 21:37:48 | INFO | Detected 2 blocks
2026-06-30 21:37:48 | INFO | Generating fingerprints for template discovery...
2026-06-30 21:37:48 | INFO |    Top-section: 7 rows via title+container
2026-06-30 21:37:48 | INFO |    Body start: y=175 (start row 7 via below-title+container)
2026-06-30 21:37:48 | INFO | URL Pattern: /acesso-a-informacao/participacao-social/conselhos-e-orgaos-colegiados
2026-06-30 21:37:48 | INFO | Page catalog complete: /workspace/catalog/.pages/termoba_com_br_acesso-a-informacao_participacao-social_conselhos-e-orgaos-colegiados--cd054890/page-catalog.json
2026-06-30 21:37:48 | INFO | SUCCESS: https://termoba.com.br/acesso-a-informacao/participacao-social/conselhos-e-orgaos-colegiados
2026-06-30 21:37:48 | INFO | [43/60] Processing: https://termoba.com.br/acesso-a-informacao/receitas-e-despesas/alienacao-de-bens-imoveis
2026-06-30 21:37:48 | INFO | Generated slug: termoba_com_br_acesso-a-informacao_receitas-e-despesas_alienacao-de-bens-imoveis--d5bdefe5
2026-06-30 21:37:48 | INFO | Starting analysis: https://termoba.com.br/acesso-a-informacao/receitas-e-despesas/alienacao-de-bens-imoveis -> /workspace/catalog/.pages/termoba_com_br_acesso-a-informacao_receitas-e-despesas_alienacao-de-bens-imoveis--d5bdefe5
2026-06-30 21:37:48 | INFO | Loading: https://termoba.com.br/acesso-a-informacao/receitas-e-despesas/alienacao-de-bens-imoveis
2026-06-30 21:37:50 | INFO | [44/60] Processing: https://termoba.com.br/acesso-a-informacao/receitas-e-despesas/aquisicao-de-bens
2026-06-30 21:37:50 | INFO | Generated slug: termoba_com_br_acesso-a-informacao_receitas-e-despesas_aquisicao-de-bens--64438afe
2026-06-30 21:37:50 | INFO | Starting analysis: https://termoba.com.br/acesso-a-informacao/receitas-e-despesas/aquisicao-de-bens -> /workspace/catalog/.pages/termoba_com_br_acesso-a-informacao_receitas-e-despesas_aquisicao-de-bens--64438afe
2026-06-30 21:37:50 | INFO | Loading: https://termoba.com.br/acesso-a-informacao/receitas-e-despesas/aquisicao-de-bens
2026-06-30 21:37:50 | INFO | Phase 0A: Triggering lazy-loaded content...
2026-06-30 21:37:50 | INFO |    Top-section: 7 rows via title+container
2026-06-30 21:37:50 | INFO |    Body start: y=175 (start row 7 via below-title+container)
2026-06-30 21:37:50 | INFO | URL Pattern: /acesso-a-informacao/participacao-social/editais-de-chamamento-publico
2026-06-30 21:37:50 | INFO | Page catalog complete: /workspace/catalog/.pages/termoba_com_br_acesso-a-informacao_participacao-social_editais-de-chamamento-publico--a3872043/page-catalog.json
2026-06-30 21:37:50 | INFO | SUCCESS: https://termoba.com.br/acesso-a-informacao/participacao-social/editais-de-chamamento-publico
2026-06-30 21:37:50 | INFO | PROGRESS: 40/60 analyzed (67% checklist complete) | 40 ok, 0 failed, 0 skipped | ~5 min remaining
2026-06-30 21:37:52 | INFO | Lazy-load scroll complete
2026-06-30 21:37:52 | INFO | Phase 0B: Cleaning up overlays...
2026-06-30 21:37:52 | INFO | [45/60] Processing: https://termoba.com.br/acesso-a-informacao/receitas-e-despesas/diarias-e-passagens
2026-06-30 21:37:52 | INFO | Generated slug: termoba_com_br_acesso-a-informacao_receitas-e-despesas_diarias-e-passagens--98e22fc9
2026-06-30 21:37:52 | INFO | Starting analysis: https://termoba.com.br/acesso-a-informacao/receitas-e-despesas/diarias-e-passagens -> /workspace/catalog/.pages/termoba_com_br_acesso-a-informacao_receitas-e-despesas_diarias-e-passagens--98e22fc9
2026-06-30 21:37:52 | INFO | Loading: https://termoba.com.br/acesso-a-informacao/receitas-e-despesas/diarias-e-passagens
2026-06-30 21:37:52 | INFO | Phase 0A: Triggering lazy-loaded content...
2026-06-30 21:37:53 | INFO | Phase 0A: Triggering lazy-loaded content...
2026-06-30 21:37:53 | INFO | Lazy-load scroll complete
2026-06-30 21:37:53 | INFO | Phase 0B: Cleaning up overlays...
2026-06-30 21:37:54 | INFO | Lazy-load scroll complete
2026-06-30 21:37:54 | INFO | Phase 0B: Cleaning up overlays...
2026-06-30 21:37:55 | INFO | Phase 0A: Triggering lazy-loaded content...
2026-06-30 21:37:56 | INFO | Lazy-load scroll complete
2026-06-30 21:37:56 | INFO | Phase 0B: Cleaning up overlays...
2026-06-30 21:38:24 | INFO | Removed 3 elements: overlay, popup
📐 Detecting header/footer for this page...
2026-06-30 21:38:24 | INFO | Template - Reused saved footer selector on current page
2026-06-30 21:38:24 | INFO | Header: complex complexity, 3 features
2026-06-30 21:38:24 | INFO | Footer: simple complexity, 0 features
2026-06-30 21:38:24 | INFO | Phase 2: Identifying main content area...
2026-06-30 21:38:24 | INFO | Main content: #main-content
2026-06-30 21:38:24 | INFO | Phase 3: Detecting blocks...
2026-06-30 21:38:24 | INFO | Phase 4: Capturing block screenshots...
2026-06-30 21:38:25 | INFO | Captured 3 block screenshots
2026-06-30 21:38:25 | INFO | Detected 3 blocks
2026-06-30 21:38:25 | INFO | Generating fingerprints for template discovery...
2026-06-30 21:38:26 | INFO | Removed 3 elements: overlay, popup
📐 Detecting header/footer for this page...
2026-06-30 21:38:26 | INFO | Template - Reused saved footer selector on current page
2026-06-30 21:38:26 | INFO | Header: complex complexity, 3 features
2026-06-30 21:38:26 | INFO | Footer: simple complexity, 0 features
2026-06-30 21:38:26 | INFO | Phase 2: Identifying main content area...
2026-06-30 21:38:26 | INFO | Main content: #main-content
2026-06-30 21:38:26 | INFO | Phase 3: Detecting blocks...
2026-06-30 21:38:26 | INFO | Phase 4: Capturing block screenshots...
2026-06-30 21:38:26 | INFO | Captured 3 block screenshots
2026-06-30 21:38:26 | INFO | Detected 3 blocks
2026-06-30 21:38:26 | INFO | Generating fingerprints for template discovery...
2026-06-30 21:38:27 | INFO |    Top-section: 7 rows via title+container
2026-06-30 21:38:27 | INFO |    Body start: y=175 (start row 7 via below-title+container)
2026-06-30 21:38:27 | INFO | URL Pattern: /acesso-a-informacao/participacao-social/outras-acoes
2026-06-30 21:38:27 | INFO | Page catalog complete: /workspace/catalog/.pages/termoba_com_br_acesso-a-informacao_participacao-social_outras-acoes--1cd79dff/page-catalog.json
2026-06-30 21:38:27 | INFO | SUCCESS: https://termoba.com.br/acesso-a-informacao/participacao-social/outras-acoes
2026-06-30 21:38:29 | INFO | [46/60] Processing: https://termoba.com.br/acesso-a-informacao/receitas-e-despesas/orcamento-de-investimento
2026-06-30 21:38:29 | INFO | Generated slug: termoba_com_br_acesso-a-informacao_receitas-e-despesas_orcamento-de-investimento--9cd94ae6
2026-06-30 21:38:29 | INFO | Starting analysis: https://termoba.com.br/acesso-a-informacao/receitas-e-despesas/orcamento-de-investimento -> /workspace/catalog/.pages/termoba_com_br_acesso-a-informacao_receitas-e-despesas_orcamento-de-investimento--9cd94ae6
2026-06-30 21:38:29 | INFO | Loading: https://termoba.com.br/acesso-a-informacao/receitas-e-despesas/orcamento-de-investimento
2026-06-30 21:38:29 | INFO |    Top-section: 7 rows via title+container
2026-06-30 21:38:29 | INFO |    Body start: y=175 (start row 7 via below-title+container)
2026-06-30 21:38:29 | INFO | URL Pattern: /acesso-a-informacao/receitas-e-despesas/aquisicao-de-bens
2026-06-30 21:38:29 | INFO | Page catalog complete: /workspace/catalog/.pages/termoba_com_br_acesso-a-informacao_receitas-e-despesas_aquisicao-de-bens--64438afe/page-catalog.json
2026-06-30 21:38:29 | INFO | SUCCESS: https://termoba.com.br/acesso-a-informacao/receitas-e-despesas/aquisicao-de-bens
2026-06-30 21:38:30 | INFO | [47/60] Processing: https://termoba.com.br/acesso-a-informacao/receitas-e-despesas/politica-de-dividendos
2026-06-30 21:38:30 | INFO | Generated slug: termoba_com_br_acesso-a-informacao_receitas-e-despesas_politica-de-dividendos--c1d7da71
2026-06-30 21:38:30 | INFO | Starting analysis: https://termoba.com.br/acesso-a-informacao/receitas-e-despesas/politica-de-dividendos -> /workspace/catalog/.pages/termoba_com_br_acesso-a-informacao_receitas-e-despesas_politica-de-dividendos--c1d7da71
2026-06-30 21:38:30 | INFO | Loading: https://termoba.com.br/acesso-a-informacao/receitas-e-despesas/politica-de-dividendos
2026-06-30 21:38:32 | INFO | Phase 0A: Triggering lazy-loaded content...
2026-06-30 21:38:33 | INFO | Lazy-load scroll complete
2026-06-30 21:38:33 | INFO | Phase 0B: Cleaning up overlays...
2026-06-30 21:38:34 | INFO | Phase 0A: Triggering lazy-loaded content...
2026-06-30 21:38:35 | INFO | Lazy-load scroll complete
2026-06-30 21:38:35 | INFO | Phase 0B: Cleaning up overlays...
2026-06-30 21:38:53 | INFO | Removed 3 elements: overlay, popup
📐 Detecting header/footer for this page...
2026-06-30 21:38:53 | INFO | Template - Reused saved footer selector on current page
2026-06-30 21:38:53 | INFO | Header: complex complexity, 3 features
2026-06-30 21:38:53 | INFO | Footer: simple complexity, 0 features
2026-06-30 21:38:53 | INFO | Phase 2: Identifying main content area...
2026-06-30 21:38:53 | INFO | Main content: #main-content
2026-06-30 21:38:53 | INFO | Phase 3: Detecting blocks...
2026-06-30 21:38:53 | INFO | Phase 4: Capturing block screenshots...
2026-06-30 21:38:54 | INFO | Captured 3 block screenshots
2026-06-30 21:38:54 | INFO | Detected 3 blocks
2026-06-30 21:38:54 | INFO | Generating fingerprints for template discovery...
2026-06-30 21:38:55 | INFO | Removed 3 elements: overlay, popup
📐 Detecting header/footer for this page...
2026-06-30 21:38:55 | INFO | Template - Reused saved footer selector on current page
2026-06-30 21:38:55 | INFO | Header: complex complexity, 3 features
2026-06-30 21:38:55 | INFO | Footer: simple complexity, 0 features
2026-06-30 21:38:55 | INFO | Phase 2: Identifying main content area...
2026-06-30 21:38:55 | INFO | Main content: #main-content
2026-06-30 21:38:55 | INFO | Phase 3: Detecting blocks...
2026-06-30 21:38:55 | WARNING | Blocks - 50% of blocks are unknown - site uses non-EDS patterns
2026-06-30 21:38:55 | INFO | Phase 4: Capturing block screenshots...
2026-06-30 21:38:55 | INFO | Captured 2 block screenshots
2026-06-30 21:38:55 | INFO | Detected 2 blocks
2026-06-30 21:38:55 | INFO | Generating fingerprints for template discovery...
2026-06-30 21:38:56 | INFO |    Top-section: 7 rows via title+container
2026-06-30 21:38:56 | INFO |    Body start: y=175 (start row 7 via below-title+container)
2026-06-30 21:38:56 | INFO | URL Pattern: /acesso-a-informacao/participacao-social/ouvidoria
2026-06-30 21:38:56 | INFO | Page catalog complete: /workspace/catalog/.pages/termoba_com_br_acesso-a-informacao_participacao-social_ouvidoria--519eb727/page-catalog.json
2026-06-30 21:38:56 | INFO | SUCCESS: https://termoba.com.br/acesso-a-informacao/participacao-social/ouvidoria
2026-06-30 21:38:58 | INFO |    Top-section: 7 rows via title+container
2026-06-30 21:38:58 | INFO |    Body start: y=175 (start row 7 via below-title+container)
2026-06-30 21:38:58 | INFO | URL Pattern: /acesso-a-informacao/receitas-e-despesas/alienacao-de-bens-imoveis
2026-06-30 21:38:58 | INFO | Page catalog complete: /workspace/catalog/.pages/termoba_com_br_acesso-a-informacao_receitas-e-despesas_alienacao-de-bens-imoveis--d5bdefe5/page-catalog.json
2026-06-30 21:38:58 | INFO | SUCCESS: https://termoba.com.br/acesso-a-informacao/receitas-e-despesas/alienacao-de-bens-imoveis
2026-06-30 21:38:58 | INFO | [48/60] Processing: https://termoba.com.br/acesso-a-informacao/receitas-e-despesas/politica-de-transacoes-com-partes-relacionadas
2026-06-30 21:38:58 | INFO | Generated slug: termoba_com_br_acesso-a-informacao_receitas-e-despesas_politica-de-transacoes-com-partes-relacionadas--70d922e9
2026-06-30 21:38:58 | INFO | Starting analysis: https://termoba.com.br/acesso-a-informacao/receitas-e-despesas/politica-de-transacoes-com-partes-relacionadas -> /workspace/catalog/.pages/termoba_com_br_acesso-a-informacao_receitas-e-despesas_politica-de-transacoes-com-partes-relacionadas--70d922e9
2026-06-30 21:38:58 | INFO | Loading: https://termoba.com.br/acesso-a-informacao/receitas-e-despesas/politica-de-transacoes-com-partes-relacionadas
2026-06-30 21:38:58 | INFO | Removed 3 elements: overlay, popup
📐 Detecting header/footer for this page...
2026-06-30 21:38:58 | INFO | Template - Reused saved footer selector on current page
2026-06-30 21:38:58 | INFO | Header: complex complexity, 3 features
2026-06-30 21:38:58 | INFO | Footer: simple complexity, 0 features
2026-06-30 21:38:58 | INFO | Phase 2: Identifying main content area...
2026-06-30 21:38:58 | INFO | Main content: #main-content
2026-06-30 21:38:58 | INFO | Phase 3: Detecting blocks...
2026-06-30 21:38:58 | INFO | Phase 4: Capturing block screenshots...
2026-06-30 21:38:59 | INFO | Captured 3 block screenshots
2026-06-30 21:38:59 | INFO | Detected 3 blocks
2026-06-30 21:38:59 | INFO | Generating fingerprints for template discovery...
2026-06-30 21:38:59 | INFO | [49/60] Processing: https://termoba.com.br/acesso-a-informacao/receitas-e-despesas/publicidade
2026-06-30 21:38:59 | INFO | Generated slug: termoba_com_br_acesso-a-informacao_receitas-e-despesas_publicidade--ceea3368
2026-06-30 21:38:59 | INFO | Starting analysis: https://termoba.com.br/acesso-a-informacao/receitas-e-despesas/publicidade -> /workspace/catalog/.pages/termoba_com_br_acesso-a-informacao_receitas-e-despesas_publicidade--ceea3368
2026-06-30 21:38:59 | INFO | Loading: https://termoba.com.br/acesso-a-informacao/receitas-e-despesas/publicidade
2026-06-30 21:39:01 | INFO |    Top-section: 7 rows via title+container
2026-06-30 21:39:01 | INFO |    Body start: y=175 (start row 7 via below-title+container)
2026-06-30 21:39:01 | INFO | URL Pattern: /acesso-a-informacao/receitas-e-despesas/diarias-e-passagens
2026-06-30 21:39:01 | INFO | Page catalog complete: /workspace/catalog/.pages/termoba_com_br_acesso-a-informacao_receitas-e-despesas_diarias-e-passagens--98e22fc9/page-catalog.json
2026-06-30 21:39:01 | INFO | SUCCESS: https://termoba.com.br/acesso-a-informacao/receitas-e-despesas/diarias-e-passagens
2026-06-30 21:39:01 | INFO | PROGRESS: 45/60 analyzed (75% checklist complete) | 45 ok, 0 failed, 0 skipped | ~4 min remaining
2026-06-30 21:39:02 | INFO | Phase 0A: Triggering lazy-loaded content...
2026-06-30 21:39:02 | INFO | Phase 0A: Triggering lazy-loaded content...
2026-06-30 21:39:02 | INFO | [50/60] Processing: https://termoba.com.br/acesso-a-informacao/receitas-e-despesas/receitas
2026-06-30 21:39:02 | INFO | Generated slug: termoba_com_br_acesso-a-informacao_receitas-e-despesas_receitas--ae41bed9
2026-06-30 21:39:02 | INFO | Starting analysis: https://termoba.com.br/acesso-a-informacao/receitas-e-despesas/receitas -> /workspace/catalog/.pages/termoba_com_br_acesso-a-informacao_receitas-e-despesas_receitas--ae41bed9
2026-06-30 21:39:02 | INFO | Loading: https://termoba.com.br/acesso-a-informacao/receitas-e-despesas/receitas
2026-06-30 21:39:03 | INFO | Lazy-load scroll complete
2026-06-30 21:39:03 | INFO | Phase 0B: Cleaning up overlays...
2026-06-30 21:39:04 | INFO | Lazy-load scroll complete
2026-06-30 21:39:04 | INFO | Phase 0B: Cleaning up overlays...
2026-06-30 21:39:06 | INFO | Phase 0A: Triggering lazy-loaded content...
2026-06-30 21:39:08 | INFO | Lazy-load scroll complete
2026-06-30 21:39:08 | INFO | Phase 0B: Cleaning up overlays...
2026-06-30 21:39:35 | INFO | Removed 3 elements: overlay, popup
📐 Detecting header/footer for this page...
2026-06-30 21:39:35 | INFO | Template - Reused saved footer selector on current page
2026-06-30 21:39:35 | INFO | Header: complex complexity, 3 features
2026-06-30 21:39:35 | INFO | Footer: simple complexity, 0 features
2026-06-30 21:39:35 | INFO | Phase 2: Identifying main content area...
2026-06-30 21:39:35 | INFO | Main content: #main-content
2026-06-30 21:39:35 | INFO | Phase 3: Detecting blocks...
2026-06-30 21:39:35 | INFO | Phase 4: Capturing block screenshots...
2026-06-30 21:39:36 | INFO | Captured 2 block screenshots
2026-06-30 21:39:36 | INFO | Detected 2 blocks
2026-06-30 21:39:36 | INFO | Generating fingerprints for template discovery...
2026-06-30 21:39:36 | INFO | Removed 3 elements: overlay, popup
📐 Detecting header/footer for this page...
2026-06-30 21:39:36 | INFO | Template - Reused saved footer selector on current page
2026-06-30 21:39:36 | INFO | Header: complex complexity, 3 features
2026-06-30 21:39:36 | INFO | Footer: simple complexity, 0 features
2026-06-30 21:39:36 | INFO | Phase 2: Identifying main content area...
2026-06-30 21:39:36 | INFO | Main content: #main-content
2026-06-30 21:39:37 | INFO | Phase 3: Detecting blocks...
2026-06-30 21:39:37 | WARNING | Blocks - 50% of blocks are unknown - site uses non-EDS patterns
2026-06-30 21:39:37 | INFO | Phase 4: Capturing block screenshots...
2026-06-30 21:39:37 | INFO | Captured 2 block screenshots
2026-06-30 21:39:37 | INFO | Detected 2 blocks
2026-06-30 21:39:37 | INFO | Generating fingerprints for template discovery...
2026-06-30 21:39:38 | INFO |    Top-section: 7 rows via title+container
2026-06-30 21:39:38 | INFO |    Body start: y=175 (start row 7 via below-title+container)
2026-06-30 21:39:38 | INFO | URL Pattern: /acesso-a-informacao/receitas-e-despesas/orcamento-de-investimento
2026-06-30 21:39:38 | INFO | Page catalog complete: /workspace/catalog/.pages/termoba_com_br_acesso-a-informacao_receitas-e-despesas_orcamento-de-investimento--9cd94ae6/page-catalog.json
2026-06-30 21:39:38 | INFO | SUCCESS: https://termoba.com.br/acesso-a-informacao/receitas-e-despesas/orcamento-de-investimento
2026-06-30 21:39:39 | INFO | [51/60] Processing: https://termoba.com.br/acesso-a-informacao/servico-de-informacao-ao-cidadao-sic/balcoes-de-atendimento
2026-06-30 21:39:39 | INFO | Generated slug: termoba_com_br_acesso-a-informacao_servico-de-informacao-ao-cidadao-sic_balcoes-de-atendimento--800ef0ed
2026-06-30 21:39:39 | INFO | Starting analysis: https://termoba.com.br/acesso-a-informacao/servico-de-informacao-ao-cidadao-sic/balcoes-de-atendimento -> /workspace/catalog/.pages/termoba_com_br_acesso-a-informacao_servico-de-informacao-ao-cidadao-sic_balcoes-de-atendimento--800ef0ed
2026-06-30 21:39:39 | INFO | Loading: https://termoba.com.br/acesso-a-informacao/servico-de-informacao-ao-cidadao-sic/balcoes-de-atendimento
2026-06-30 21:39:39 | INFO |    Top-section: 7 rows via title+container
2026-06-30 21:39:39 | INFO |    Body start: y=175 (start row 7 via below-title+container)
2026-06-30 21:39:39 | INFO | URL Pattern: /acesso-a-informacao/receitas-e-despesas/politica-de-dividendos
2026-06-30 21:39:39 | INFO | Page catalog complete: /workspace/catalog/.pages/termoba_com_br_acesso-a-informacao_receitas-e-despesas_politica-de-dividendos--c1d7da71/page-catalog.json
2026-06-30 21:39:39 | INFO | SUCCESS: https://termoba.com.br/acesso-a-informacao/receitas-e-despesas/politica-de-dividendos
2026-06-30 21:39:41 | INFO | [52/60] Processing: https://termoba.com.br/acesso-a-informacao/servico-de-informacao-ao-cidadao-sic/estatisticas-do-sic
2026-06-30 21:39:41 | INFO | Generated slug: termoba_com_br_acesso-a-informacao_servico-de-informacao-ao-cidadao-sic_estatisticas-do-sic--0a388fdb
2026-06-30 21:39:41 | INFO | Starting analysis: https://termoba.com.br/acesso-a-informacao/servico-de-informacao-ao-cidadao-sic/estatisticas-do-sic -> /workspace/catalog/.pages/termoba_com_br_acesso-a-informacao_servico-de-informacao-ao-cidadao-sic_estatisticas-do-sic--0a388fdb
2026-06-30 21:39:41 | INFO | Loading: https://termoba.com.br/acesso-a-informacao/servico-de-informacao-ao-cidadao-sic/estatisticas-do-sic
2026-06-30 21:39:43 | INFO | Phase 0A: Triggering lazy-loaded content...
2026-06-30 21:39:44 | INFO | Lazy-load scroll complete
2026-06-30 21:39:44 | INFO | Phase 0B: Cleaning up overlays...
2026-06-30 21:39:44 | INFO | Phase 0A: Triggering lazy-loaded content...
2026-06-30 21:39:46 | INFO | Lazy-load scroll complete
2026-06-30 21:39:46 | INFO | Phase 0B: Cleaning up overlays...
2026-06-30 21:40:05 | INFO | Removed 3 elements: overlay, popup
📐 Detecting header/footer for this page...
2026-06-30 21:40:05 | INFO | Template - Reused saved footer selector on current page
2026-06-30 21:40:05 | INFO | Header: complex complexity, 3 features
2026-06-30 21:40:05 | INFO | Footer: simple complexity, 0 features
2026-06-30 21:40:05 | INFO | Phase 2: Identifying main content area...
2026-06-30 21:40:05 | INFO | Main content: #main-content
2026-06-30 21:40:05 | INFO | Phase 3: Detecting blocks...
2026-06-30 21:40:05 | WARNING | Blocks - 50% of blocks are unknown - site uses non-EDS patterns
2026-06-30 21:40:05 | INFO | Phase 4: Capturing block screenshots...
2026-06-30 21:40:05 | INFO | Removed 3 elements: overlay, popup
📐 Detecting header/footer for this page...
2026-06-30 21:40:05 | INFO | Template - Reused saved footer selector on current page
2026-06-30 21:40:05 | INFO | Header: complex complexity, 3 features
2026-06-30 21:40:05 | INFO | Footer: simple complexity, 0 features
2026-06-30 21:40:05 | INFO | Phase 2: Identifying main content area...
2026-06-30 21:40:05 | INFO | Main content: #main-content
2026-06-30 21:40:05 | INFO | Phase 3: Detecting blocks...
2026-06-30 21:40:05 | WARNING | Blocks - 50% of blocks are unknown - site uses non-EDS patterns
2026-06-30 21:40:05 | INFO | Phase 4: Capturing block screenshots...
2026-06-30 21:40:05 | INFO | Captured 2 block screenshots
2026-06-30 21:40:05 | INFO | Detected 2 blocks
2026-06-30 21:40:05 | INFO | Generating fingerprints for template discovery...
2026-06-30 21:40:06 | INFO | Captured 2 block screenshots
2026-06-30 21:40:06 | INFO | Detected 2 blocks
2026-06-30 21:40:06 | INFO | Generating fingerprints for template discovery...
2026-06-30 21:40:08 | INFO |    Top-section: 9 rows via title+container
2026-06-30 21:40:08 | INFO |    Body start: y=225 (start row 9 via below-title+container)
2026-06-30 21:40:08 | INFO | URL Pattern: /acesso-a-informacao/receitas-e-despesas/politica-de-transacoes-com-partes-relacionadas
2026-06-30 21:40:08 | INFO | Page catalog complete: /workspace/catalog/.pages/termoba_com_br_acesso-a-informacao_receitas-e-despesas_politica-de-transacoes-com-partes-relacionadas--70d922e9/page-catalog.json
2026-06-30 21:40:08 | INFO | SUCCESS: https://termoba.com.br/acesso-a-informacao/receitas-e-despesas/politica-de-transacoes-com-partes-relacionadas
2026-06-30 21:40:08 | INFO |    Top-section: 7 rows via title+container
2026-06-30 21:40:08 | INFO |    Body start: y=175 (start row 7 via below-title+container)
2026-06-30 21:40:08 | INFO | URL Pattern: /acesso-a-informacao/receitas-e-despesas/publicidade
2026-06-30 21:40:08 | INFO | Page catalog complete: /workspace/catalog/.pages/termoba_com_br_acesso-a-informacao_receitas-e-despesas_publicidade--ceea3368/page-catalog.json
2026-06-30 21:40:08 | INFO | SUCCESS: https://termoba.com.br/acesso-a-informacao/receitas-e-despesas/publicidade
2026-06-30 21:40:09 | INFO | Removed 3 elements: overlay, popup
📐 Detecting header/footer for this page...
2026-06-30 21:40:09 | INFO | Template - Reused saved footer selector on current page
2026-06-30 21:40:09 | INFO | Header: complex complexity, 3 features
2026-06-30 21:40:09 | INFO | Footer: simple complexity, 0 features
2026-06-30 21:40:09 | INFO | Phase 2: Identifying main content area...
2026-06-30 21:40:09 | INFO | Main content: #main-content
2026-06-30 21:40:09 | INFO | Phase 3: Detecting blocks...
2026-06-30 21:40:09 | INFO | Phase 4: Capturing block screenshots...
2026-06-30 21:40:09 | INFO | [53/60] Processing: https://termoba.com.br/institucional
2026-06-30 21:40:09 | INFO | Generated slug: termoba_com_br_institucional--6744f3ff
2026-06-30 21:40:09 | INFO | Starting analysis: https://termoba.com.br/institucional -> /workspace/catalog/.pages/termoba_com_br_institucional--6744f3ff
2026-06-30 21:40:09 | INFO | Loading: https://termoba.com.br/institucional
2026-06-30 21:40:10 | INFO | Captured 2 block screenshots
2026-06-30 21:40:10 | INFO | Detected 2 blocks
2026-06-30 21:40:10 | INFO | Generating fingerprints for template discovery...
2026-06-30 21:40:10 | INFO | [54/60] Processing: https://termoba.com.br/institucional/auditoria
2026-06-30 21:40:10 | INFO | Generated slug: termoba_com_br_institucional_auditoria--e76c782f
2026-06-30 21:40:10 | INFO | Starting analysis: https://termoba.com.br/institucional/auditoria -> /workspace/catalog/.pages/termoba_com_br_institucional_auditoria--e76c782f
2026-06-30 21:40:10 | INFO | Loading: https://termoba.com.br/institucional/auditoria
2026-06-30 21:40:12 | INFO |    Top-section: 7 rows via title+container
2026-06-30 21:40:12 | INFO |    Body start: y=175 (start row 7 via below-title+container)
2026-06-30 21:40:12 | INFO | URL Pattern: /acesso-a-informacao/receitas-e-despesas/receitas
2026-06-30 21:40:12 | INFO | Page catalog complete: /workspace/catalog/.pages/termoba_com_br_acesso-a-informacao_receitas-e-despesas_receitas--ae41bed9/page-catalog.json
2026-06-30 21:40:12 | INFO | SUCCESS: https://termoba.com.br/acesso-a-informacao/receitas-e-despesas/receitas
2026-06-30 21:40:12 | INFO | PROGRESS: 50/60 analyzed (83% checklist complete) | 50 ok, 0 failed, 0 skipped | ~3 min remaining
2026-06-30 21:40:13 | INFO | Phase 0A: Triggering lazy-loaded content...
2026-06-30 21:40:13 | INFO | [55/60] Processing: https://termoba.com.br/institucional/licitacoes-contratos-e-aquisicao-de-bens
2026-06-30 21:40:13 | INFO | Generated slug: termoba_com_br_institucional_licitacoes-contratos-e-aquisicao-de-bens--f404dbf1
2026-06-30 21:40:13 | INFO | Starting analysis: https://termoba.com.br/institucional/licitacoes-contratos-e-aquisicao-de-bens -> /workspace/catalog/.pages/termoba_com_br_institucional_licitacoes-contratos-e-aquisicao-de-bens--f404dbf1
2026-06-30 21:40:14 | INFO | Loading: https://termoba.com.br/institucional/licitacoes-contratos-e-aquisicao-de-bens
2026-06-30 21:40:15 | INFO | Phase 0A: Triggering lazy-loaded content...
2026-06-30 21:40:15 | INFO | Lazy-load scroll complete
2026-06-30 21:40:15 | INFO | Phase 0B: Cleaning up overlays...
2026-06-30 21:40:16 | INFO | Lazy-load scroll complete
2026-06-30 21:40:16 | INFO | Phase 0B: Cleaning up overlays...
2026-06-30 21:40:17 | INFO | Phase 0A: Triggering lazy-loaded content...
2026-06-30 21:40:18 | INFO | Lazy-load scroll complete
2026-06-30 21:40:18 | INFO | Phase 0B: Cleaning up overlays...
2026-06-30 21:40:46 | INFO | Removed 3 elements: overlay, popup
📐 Detecting header/footer for this page...
2026-06-30 21:40:46 | INFO | Template - Reused saved footer selector on current page
2026-06-30 21:40:46 | INFO | Header: complex complexity, 3 features
2026-06-30 21:40:46 | INFO | Footer: simple complexity, 0 features
2026-06-30 21:40:46 | INFO | Phase 2: Identifying main content area...
2026-06-30 21:40:46 | INFO | Main content: #main-content
2026-06-30 21:40:46 | INFO | Phase 3: Detecting blocks...
2026-06-30 21:40:46 | INFO | Phase 4: Capturing block screenshots...
2026-06-30 21:40:46 | INFO | Captured 2 block screenshots
2026-06-30 21:40:46 | INFO | Detected 2 blocks
2026-06-30 21:40:46 | INFO | Generating fingerprints for template discovery...
2026-06-30 21:40:47 | INFO | Removed 3 elements: overlay, popup
📐 Detecting header/footer for this page...
2026-06-30 21:40:47 | INFO | Template - Reused saved footer selector on current page
2026-06-30 21:40:47 | INFO | Header: complex complexity, 3 features
2026-06-30 21:40:47 | INFO | Footer: simple complexity, 0 features
2026-06-30 21:40:47 | INFO | Phase 2: Identifying main content area...
2026-06-30 21:40:47 | INFO | Main content: #main-content
2026-06-30 21:40:47 | INFO | Phase 3: Detecting blocks...
2026-06-30 21:40:47 | INFO | Phase 4: Capturing block screenshots...
2026-06-30 21:40:48 | INFO | Captured 2 block screenshots
2026-06-30 21:40:48 | INFO | Detected 2 blocks
2026-06-30 21:40:48 | INFO | Generating fingerprints for template discovery...
2026-06-30 21:40:49 | INFO |    Top-section: 7 rows via title+container
2026-06-30 21:40:49 | INFO |    Body start: y=175 (start row 7 via below-title+container)
2026-06-30 21:40:49 | INFO | URL Pattern: /acesso-a-informacao/servico-de-informacao-ao-cidadao-sic/balcoes-de-atendimento
2026-06-30 21:40:49 | INFO | Page catalog complete: /workspace/catalog/.pages/termoba_com_br_acesso-a-informacao_servico-de-informacao-ao-cidadao-sic_balcoes-de-atendimento--800ef0ed/page-catalog.json
2026-06-30 21:40:49 | INFO | SUCCESS: https://termoba.com.br/acesso-a-informacao/servico-de-informacao-ao-cidadao-sic/balcoes-de-atendimento
2026-06-30 21:40:50 | INFO | [56/60] Processing: https://termoba.com.br/institucional/orgaos-estatutarios
2026-06-30 21:40:50 | INFO | Generated slug: termoba_com_br_institucional_orgaos-estatutarios--57196900
2026-06-30 21:40:50 | INFO | Starting analysis: https://termoba.com.br/institucional/orgaos-estatutarios -> /workspace/catalog/.pages/termoba_com_br_institucional_orgaos-estatutarios--57196900
2026-06-30 21:40:50 | INFO |    Top-section: 7 rows via title+container
2026-06-30 21:40:50 | INFO |    Body start: y=175 (start row 7 via below-title+container)
2026-06-30 21:40:50 | INFO | URL Pattern: /acesso-a-informacao/servico-de-informacao-ao-cidadao-sic/estatisticas-do-sic
2026-06-30 21:40:50 | INFO | Page catalog complete: /workspace/catalog/.pages/termoba_com_br_acesso-a-informacao_servico-de-informacao-ao-cidadao-sic_estatisticas-do-sic--0a388fdb/page-catalog.json
2026-06-30 21:40:50 | INFO | SUCCESS: https://termoba.com.br/acesso-a-informacao/servico-de-informacao-ao-cidadao-sic/estatisticas-do-sic
2026-06-30 21:40:50 | INFO | Loading: https://termoba.com.br/institucional/orgaos-estatutarios
2026-06-30 21:40:52 | INFO | [57/60] Processing: https://termoba.com.br/institucional/relatorios-anuais-e-informacoes-financeiras
2026-06-30 21:40:52 | INFO | Generated slug: termoba_com_br_institucional_relatorios-anuais-e-informacoes-financeiras--ee94458e
2026-06-30 21:40:52 | INFO | Starting analysis: https://termoba.com.br/institucional/relatorios-anuais-e-informacoes-financeiras -> /workspace/catalog/.pages/termoba_com_br_institucional_relatorios-anuais-e-informacoes-financeiras--ee94458e
2026-06-30 21:40:52 | INFO | Loading: https://termoba.com.br/institucional/relatorios-anuais-e-informacoes-financeiras
2026-06-30 21:40:57 | INFO | Phase 0A: Triggering lazy-loaded content...
2026-06-30 21:40:57 | INFO | Phase 0A: Triggering lazy-loaded content...
2026-06-30 21:40:58 | INFO | Lazy-load scroll complete
2026-06-30 21:40:58 | INFO | Phase 0B: Cleaning up overlays...
2026-06-30 21:40:59 | INFO | Lazy-load scroll complete
2026-06-30 21:40:59 | INFO | Phase 0B: Cleaning up overlays...
2026-06-30 21:41:16 | INFO | Removed 3 elements: overlay, popup
📐 Detecting header/footer for this page...
2026-06-30 21:41:16 | INFO | Template - Reused saved header selector on current page
2026-06-30 21:41:16 | INFO | Template - Reused saved footer selector on current page
2026-06-30 21:41:16 | INFO | Header: complex complexity, 3 features
2026-06-30 21:41:16 | INFO | Footer: simple complexity, 0 features
2026-06-30 21:41:16 | INFO | Phase 2: Identifying main content area...
2026-06-30 21:41:16 | INFO | Main content: #main-content
2026-06-30 21:41:17 | INFO | Phase 3: Detecting blocks...
2026-06-30 21:41:17 | INFO | Phase 4: Capturing block screenshots...
2026-06-30 21:41:17 | INFO | Removed 3 elements: overlay, popup
📐 Detecting header/footer for this page...
2026-06-30 21:41:18 | INFO | Template - Reused saved header selector on current page
2026-06-30 21:41:18 | INFO | Template - Reused saved footer selector on current page
2026-06-30 21:41:18 | INFO | Header: complex complexity, 3 features
2026-06-30 21:41:18 | INFO | Footer: simple complexity, 0 features
2026-06-30 21:41:18 | INFO | Phase 2: Identifying main content area...
2026-06-30 21:41:18 | INFO | Main content: #main-content
2026-06-30 21:41:18 | INFO | Phase 3: Detecting blocks...
2026-06-30 21:41:18 | INFO | Phase 4: Capturing block screenshots...
2026-06-30 21:41:18 | INFO | Captured 7 block screenshots
2026-06-30 21:41:18 | INFO | Detected 7 blocks
2026-06-30 21:41:18 | INFO | Generating fingerprints for template discovery...
2026-06-30 21:41:18 | INFO | Captured 3 block screenshots
2026-06-30 21:41:18 | INFO | Detected 3 blocks
2026-06-30 21:41:18 | INFO | Generating fingerprints for template discovery...
2026-06-30 21:41:20 | INFO | Removed 3 elements: overlay, popup
📐 Detecting header/footer for this page...
2026-06-30 21:41:20 | INFO | Template - Reused saved header selector on current page
2026-06-30 21:41:20 | INFO | Template - Reused saved footer selector on current page
2026-06-30 21:41:20 | INFO | Header: complex complexity, 3 features
2026-06-30 21:41:20 | INFO | Footer: simple complexity, 0 features
2026-06-30 21:41:20 | INFO | Phase 2: Identifying main content area...
2026-06-30 21:41:20 | INFO | Main content: #main-content
2026-06-30 21:41:20 | INFO | Phase 3: Detecting blocks...
2026-06-30 21:41:20 | INFO | Phase 4: Capturing block screenshots...
2026-06-30 21:41:20 | INFO |    Top-section: 12 rows via title+container
2026-06-30 21:41:20 | INFO |    Body start: y=300 (start row 12 via below-title+container)
2026-06-30 21:41:20 | INFO | URL Pattern: /institucional
2026-06-30 21:41:20 | INFO | Page catalog complete: /workspace/catalog/.pages/termoba_com_br_institucional--6744f3ff/page-catalog.json
2026-06-30 21:41:20 | INFO | SUCCESS: https://termoba.com.br/institucional
2026-06-30 21:41:21 | INFO | Captured 4 block screenshots
2026-06-30 21:41:21 | INFO | Detected 4 blocks
2026-06-30 21:41:21 | INFO | Generating fingerprints for template discovery...
2026-06-30 21:41:21 | INFO |    Top-section: 7 rows via title+container
2026-06-30 21:41:21 | INFO |    Body start: y=175 (start row 7 via below-title+container)
2026-06-30 21:41:21 | INFO | URL Pattern: /institucional/auditoria
2026-06-30 21:41:21 | INFO | Page catalog complete: /workspace/catalog/.pages/termoba_com_br_institucional_auditoria--e76c782f/page-catalog.json
2026-06-30 21:41:21 | INFO | SUCCESS: https://termoba.com.br/institucional/auditoria
2026-06-30 21:41:22 | INFO | [58/60] Processing: https://termoba.com.br/cartas-de-governanca-e-politicas-publicas
2026-06-30 21:41:22 | INFO | Generated slug: termoba_com_br_cartas-de-governanca-e-politicas-publicas--b39fbd9f
2026-06-30 21:41:22 | INFO | Starting analysis: https://termoba.com.br/cartas-de-governanca-e-politicas-publicas -> /workspace/catalog/.pages/termoba_com_br_cartas-de-governanca-e-politicas-publicas--b39fbd9f
2026-06-30 21:41:22 | INFO | Loading: https://termoba.com.br/cartas-de-governanca-e-politicas-publicas
2026-06-30 21:41:22 | INFO | [59/60] Processing: https://termoba.com.br/demonstrativos-de-quadro-de-pessoal-e-acordos-coletivos
2026-06-30 21:41:22 | INFO | Generated slug: termoba_com_br_demonstrativos-de-quadro-de-pessoal-e-acordos-coletivos--c9325598
2026-06-30 21:41:22 | INFO | Starting analysis: https://termoba.com.br/demonstrativos-de-quadro-de-pessoal-e-acordos-coletivos -> /workspace/catalog/.pages/termoba_com_br_demonstrativos-de-quadro-de-pessoal-e-acordos-coletivos--c9325598
2026-06-30 21:41:22 | INFO | Loading: https://termoba.com.br/demonstrativos-de-quadro-de-pessoal-e-acordos-coletivos
2026-06-30 21:41:23 | INFO |    Top-section: 8 rows via title+container
2026-06-30 21:41:23 | INFO |    Body start: y=200 (start row 8 via below-title+container)
2026-06-30 21:41:23 | INFO | URL Pattern: /institucional/licitacoes-contratos-e-aquisicao-de-bens
2026-06-30 21:41:23 | INFO | Page catalog complete: /workspace/catalog/.pages/termoba_com_br_institucional_licitacoes-contratos-e-aquisicao-de-bens--f404dbf1/page-catalog.json
2026-06-30 21:41:23 | INFO | SUCCESS: https://termoba.com.br/institucional/licitacoes-contratos-e-aquisicao-de-bens
2026-06-30 21:41:23 | INFO | PROGRESS: 55/60 analyzed (92% checklist complete) | 55 ok, 0 failed, 0 skipped | ~2 min remaining
2026-06-30 21:41:24 | INFO | [60/60] Processing: https://termoba.com.br/outras-informacoes
2026-06-30 21:41:24 | INFO | Generated slug: termoba_com_br_outras-informacoes--2a2b0725
2026-06-30 21:41:24 | INFO | Starting analysis: https://termoba.com.br/outras-informacoes -> /workspace/catalog/.pages/termoba_com_br_outras-informacoes--2a2b0725
2026-06-30 21:41:24 | INFO | Loading: https://termoba.com.br/outras-informacoes
2026-06-30 21:41:25 | INFO | Phase 0A: Triggering lazy-loaded content...
2026-06-30 21:41:26 | INFO | Phase 0A: Triggering lazy-loaded content...
2026-06-30 21:41:27 | INFO | Lazy-load scroll complete
2026-06-30 21:41:27 | INFO | Phase 0B: Cleaning up overlays...
2026-06-30 21:41:27 | INFO | Lazy-load scroll complete
2026-06-30 21:41:27 | INFO | Phase 0B: Cleaning up overlays...
2026-06-30 21:41:28 | INFO | Phase 0A: Triggering lazy-loaded content...
2026-06-30 21:41:30 | INFO | Lazy-load scroll complete
2026-06-30 21:41:30 | INFO | Phase 0B: Cleaning up overlays...
2026-06-30 21:42:00 | INFO | Removed 3 elements: overlay, popup
📐 Detecting header/footer for this page...
2026-06-30 21:42:00 | INFO | Template - Reused saved header selector on current page
2026-06-30 21:42:00 | INFO | Template - Reused saved footer selector on current page
2026-06-30 21:42:00 | INFO | Header: complex complexity, 3 features
2026-06-30 21:42:00 | INFO | Footer: simple complexity, 0 features
2026-06-30 21:42:00 | INFO | Phase 2: Identifying main content area...
2026-06-30 21:42:00 | INFO | Main content: #main-content
2026-06-30 21:42:00 | INFO | Phase 3: Detecting blocks...
2026-06-30 21:42:00 | INFO | Phase 4: Capturing block screenshots...
2026-06-30 21:42:00 | INFO | Removed 3 elements: overlay, popup
📐 Detecting header/footer for this page...
2026-06-30 21:42:00 | INFO | Template - Reused saved header selector on current page
2026-06-30 21:42:00 | INFO | Template - Reused saved footer selector on current page
2026-06-30 21:42:00 | INFO | Header: complex complexity, 3 features
2026-06-30 21:42:00 | INFO | Footer: simple complexity, 0 features
2026-06-30 21:42:00 | INFO | Phase 2: Identifying main content area...
2026-06-30 21:42:00 | INFO | Main content: #main-content
2026-06-30 21:42:01 | INFO | Phase 3: Detecting blocks...
2026-06-30 21:42:01 | INFO | Phase 4: Capturing block screenshots...
2026-06-30 21:42:01 | INFO | Captured 7 block screenshots
2026-06-30 21:42:01 | INFO | Detected 7 blocks
2026-06-30 21:42:01 | INFO | Generating fingerprints for template discovery...
2026-06-30 21:42:02 | INFO | Captured 7 block screenshots
2026-06-30 21:42:02 | INFO | Detected 7 blocks
2026-06-30 21:42:02 | INFO | Generating fingerprints for template discovery...
2026-06-30 21:42:03 | INFO |    Top-section: 7 rows via title+container
2026-06-30 21:42:03 | INFO |    Body start: y=175 (start row 7 via below-title+container)
2026-06-30 21:42:03 | INFO | URL Pattern: /institucional/orgaos-estatutarios
2026-06-30 21:42:03 | INFO | Page catalog complete: /workspace/catalog/.pages/termoba_com_br_institucional_orgaos-estatutarios--57196900/page-catalog.json
2026-06-30 21:42:03 | INFO | SUCCESS: https://termoba.com.br/institucional/orgaos-estatutarios
2026-06-30 21:42:04 | INFO |    Top-section: 8 rows via title+container
2026-06-30 21:42:04 | INFO |    Body start: y=200 (start row 8 via below-title+container)
2026-06-30 21:42:04 | INFO | URL Pattern: /institucional/relatorios-anuais-e-informacoes-financeiras
2026-06-30 21:42:04 | INFO | Page catalog complete: /workspace/catalog/.pages/termoba_com_br_institucional_relatorios-anuais-e-informacoes-financeiras--ee94458e/page-catalog.json
2026-06-30 21:42:04 | INFO | SUCCESS: https://termoba.com.br/institucional/relatorios-anuais-e-informacoes-financeiras
2026-06-30 21:42:05 | INFO | Worker 2 finished
2026-06-30 21:42:06 | INFO | Worker 3 finished
2026-06-30 21:42:28 | INFO | Removed 3 elements: overlay, popup
📐 Detecting header/footer for this page...
2026-06-30 21:42:28 | INFO | Removed 3 elements: overlay, popup
📐 Detecting header/footer for this page...
2026-06-30 21:42:28 | INFO | Template - Reused saved header selector on current page
2026-06-30 21:42:28 | INFO | Template - Reused saved header selector on current page
2026-06-30 21:42:28 | INFO | Template - Reused saved footer selector on current page
2026-06-30 21:42:28 | INFO | Header: complex complexity, 3 features
2026-06-30 21:42:28 | INFO | Footer: simple complexity, 0 features
2026-06-30 21:42:28 | INFO | Phase 2: Identifying main content area...
2026-06-30 21:42:28 | INFO | Main content: #main-content
2026-06-30 21:42:28 | INFO | Template - Reused saved footer selector on current page
2026-06-30 21:42:28 | INFO | Header: complex complexity, 3 features
2026-06-30 21:42:28 | INFO | Footer: simple complexity, 0 features
2026-06-30 21:42:28 | INFO | Phase 2: Identifying main content area...
2026-06-30 21:42:28 | INFO | Main content: #main-content
2026-06-30 21:42:29 | INFO | Phase 3: Detecting blocks...
2026-06-30 21:42:29 | INFO | Phase 3: Detecting blocks...
2026-06-30 21:42:29 | INFO | Phase 4: Capturing block screenshots...
2026-06-30 21:42:29 | INFO | Phase 4: Capturing block screenshots...
2026-06-30 21:42:29 | INFO | Captured 4 block screenshots
2026-06-30 21:42:29 | INFO | Detected 4 blocks
2026-06-30 21:42:29 | INFO | Generating fingerprints for template discovery...
2026-06-30 21:42:30 | INFO | Captured 6 block screenshots
2026-06-30 21:42:30 | INFO | Detected 6 blocks
2026-06-30 21:42:30 | INFO | Generating fingerprints for template discovery...
2026-06-30 21:42:31 | INFO | Removed 3 elements: overlay, popup
📐 Detecting header/footer for this page...
2026-06-30 21:42:31 | INFO | Template - Reused saved header selector on current page
2026-06-30 21:42:31 | INFO | Template - Reused saved footer selector on current page
2026-06-30 21:42:31 | INFO | Header: complex complexity, 3 features
2026-06-30 21:42:31 | INFO | Footer: simple complexity, 0 features
2026-06-30 21:42:31 | INFO | Phase 2: Identifying main content area...
2026-06-30 21:42:31 | INFO | Main content: #main-content
2026-06-30 21:42:31 | INFO | Phase 3: Detecting blocks...
2026-06-30 21:42:31 | INFO | Phase 4: Capturing block screenshots...
2026-06-30 21:42:32 | INFO |    Top-section: 8 rows via title+container
2026-06-30 21:42:32 | INFO |    Body start: y=200 (start row 8 via below-title+container)
2026-06-30 21:42:32 | INFO | URL Pattern: /demonstrativos-de-quadro-de-pessoal-e-acordos-coletivos
2026-06-30 21:42:32 | INFO | Page catalog complete: /workspace/catalog/.pages/termoba_com_br_demonstrativos-de-quadro-de-pessoal-e-acordos-coletivos--c9325598/page-catalog.json
2026-06-30 21:42:32 | INFO | SUCCESS: https://termoba.com.br/demonstrativos-de-quadro-de-pessoal-e-acordos-coletivos
2026-06-30 21:42:32 | INFO |    Top-section: 8 rows via title+container
2026-06-30 21:42:32 | INFO |    Body start: y=200 (start row 8 via below-title+container)
2026-06-30 21:42:32 | INFO | URL Pattern: /cartas-de-governanca-e-politicas-publicas
2026-06-30 21:42:32 | INFO | Page catalog complete: /workspace/catalog/.pages/termoba_com_br_cartas-de-governanca-e-politicas-publicas--b39fbd9f/page-catalog.json
2026-06-30 21:42:32 | INFO | SUCCESS: https://termoba.com.br/cartas-de-governanca-e-politicas-publicas
2026-06-30 21:42:32 | INFO | Captured 3 block screenshots
2026-06-30 21:42:32 | INFO | Detected 3 blocks
2026-06-30 21:42:32 | INFO | Generating fingerprints for template discovery...
2026-06-30 21:42:33 | INFO | Worker 0 finished
2026-06-30 21:42:33 | INFO | Worker 1 finished
2026-06-30 21:42:34 | INFO |    Top-section: 7 rows via title+container
2026-06-30 21:42:34 | INFO |    Body start: y=175 (start row 7 via below-title+container)
2026-06-30 21:42:34 | INFO | URL Pattern: /outras-informacoes
2026-06-30 21:42:34 | INFO | Page catalog complete: /workspace/catalog/.pages/termoba_com_br_outras-informacoes--2a2b0725/page-catalog.json
2026-06-30 21:42:34 | INFO | SUCCESS: https://termoba.com.br/outras-informacoes
2026-06-30 21:42:34 | INFO | PROGRESS: 60/60 analyzed (100% checklist complete) | 60 ok, 0 failed, 0 skipped | ~0 min remaining
2026-06-30 21:42:34 | INFO | Worker 4 finished
2026-06-30 21:42:34 | INFO | PROGRESS: 60/60 analyzed (100% checklist complete) | 60 ok, 0 failed, 0 skipped | ~0 min remaining
2026-06-30 21:42:34 | INFO | ================================================================================
2026-06-30 21:42:34 | INFO | BATCH ANALYSIS COMPLETED
2026-06-30 21:42:34 | INFO | ================================================================================
2026-06-30 21:42:34 | INFO | Total URLs: 60
2026-06-30 21:42:34 | INFO | Attempt successes: 60
2026-06-30 21:42:34 | INFO | Attempt failures: 0
2026-06-30 21:42:34 | INFO | Skipped: 0
2026-06-30 21:42:34 | INFO | Checklist final status: 60 analyzed, 0 failed, 0 marked
2026-06-30 21:42:34 | INFO | Workers: 5
2026-06-30 21:42:34 | INFO | ================================================================================
2026-06-30 21:42:34 | INFO | Session state: ANALYZING → TEMPLATING
2026-06-30T21:43:03.470Z | INFO | Consolidating fingerprints from page catalogs...
2026-06-30T21:43:03.488Z | INFO | consolidate-fingerprints - Consolidated 60 fingerprints
2026-06-30 21:43:16 | INFO | Agent 4 Started - Catalog blocks with similarity
2026-06-30 21:43:16 | INFO | Agent 4 Progress - Starting representative pass with 9 page(s) and 34 block occurrence(s)
2026-06-30 21:43:16 | INFO | Agent 4 Progress - representative: 9/9 page(s), 34/34 block occurrence(s), 16 unique signatures, 18 variants (16 new, 18 reused)
2026-06-30 21:43:16 | INFO | Agent 4 Progress - Starting backfill pass with 51 page(s) and 146 block occurrence(s)
2026-06-30 21:43:16 | ERROR | Agent 4 - Block unknown from https://termoba.com.br/acesso-a-informacao/licitacoes-e-contratos/contratos-de-transferencia-de-tecnologia has no screenshot - cannot catalog without visual proof
2026-06-30 21:43:16 | ERROR | Agent 4 - Block unknown from https://termoba.com.br/acesso-a-informacao/licitacoes-e-contratos/patrocinios has no screenshot - cannot catalog without visual proof
2026-06-30 21:43:16 | INFO | Agent 4 Progress - backfill: 25/51 page(s), 65/146 block occurrence(s), 17 unique signatures, 19 variants (17 new, 82 reused)
2026-06-30 21:43:16 | ERROR | Agent 4 - Block unknown from https://termoba.com.br/acesso-a-informacao/perguntas-frequentes has no screenshot - cannot catalog without visual proof
2026-06-30 21:43:16 | INFO | Agent 4 Progress - backfill: 50/51 page(s), 136/146 block occurrence(s), 21 unique signatures, 23 variants (21 new, 149 reused)
2026-06-30 21:43:16 | INFO | Agent 4 Progress - backfill: 51/51 page(s), 143/146 block occurrence(s), 21 unique signatures, 23 variants (21 new, 156 reused)
2026-06-30 21:43:16 | INFO | Agent 4 Completed - Cataloged 23 block variants (21 new, 156 reused)
2026-06-30 21:43:16 | INFO | Agent 2 Started - Generate summary.json
2026-06-30 21:43:17 | INFO | Session state set to INACTIVE
2026-06-30 21:43:17 | INFO | Agent 2 Completed - Summary generated successfully
